# X,Y,Z,err,cx0,cy0,cx1,cy1,cx2,cy2,
2.599678242999973854e+00 -6.741038047762968972e+02 1.174341784856202651e+02 5.828060816062319294e-01 1.108655319148936229e+02 1.437067732831608737e+03 2.750035842293906967e+02 1.340027494908350263e+03 nan nan
9.531457434843067844e+00 -6.862022779165490647e+02 3.586475764372044637e+02 7.029992954550445816e-01 1.150217391304347814e+02 1.031968824940047853e+03 nan nan 9.569286640726329551e+02 9.289928151534944618e+02
1.058226866414213063e+01 -6.688610380035463550e+02 1.341545007680153105e+02 2.241638411112947815e-02 1.270046645138141344e+02 1.409065646908859208e+03 2.870170229612035087e+02 1.318993617869964055e+03 nan nan
5.935350379425512468e-01 -6.585606427937337912e+02 4.252740093504020820e+02 1.956351184628729034e-01 1.339865921787709624e+02 9.260234899328859228e+02 2.440349544072948333e+02 9.459855142443263958e+02 nan nan
1.843907746358930666e+01 -6.837628101150648945e+02 5.093584295868438403e+02 4.993732730686392118e-01 1.349778420038535671e+02 7.820130718954247868e+02 2.310611826697892184e+02 8.559047482837528378e+02 nan nan
1.188467895959891862e+01 -6.679620991163635608e+02 4.138313409876510036e+02 1.023927045551084429e-02 1.390042872454448002e+02 9.430609357997823281e+02 2.510100855745721162e+02 9.699930387409200421e+02 nan nan
3.198879927555192992e+01 -6.947257519203369611e+02 5.669200635488971329e+02 1.449244831446173665e-01 1.430874233128834305e+02 6.831001829826166158e+02 nan nan 1.004036887089518700e+03 5.269132297803963638e+02
9.987564090690163709e+00 -6.652146811214158788e+02 5.546894020583480369e+02 3.005267008081462521e-01 1.439675994108983730e+02 7.110729001584786602e+02 nan nan 9.449848883048620110e+02 5.560388080388080425e+02
4.837568705958583593e+01 -6.807915230951388139e+02 2.464943491061895600e+02 1.095589053905122456e-01 1.689715938979484520e+02 1.220033240997229996e+03 3.069798893916540692e+02 1.201967725668179582e+03 nan nan
6.460651440362630282e+00 -6.350325302131781200e+02 6.364241299285175728e+02 1.411718305853494337e-01 1.728388096714197104e+02 5.850090497737556916e+02 nan nan 9.200553592461719745e+02 4.090445182724252504e+02
3.738008516513637147e+01 -6.601830719266235974e+02 2.609223389228351380e+02 1.192154307049434793e-02 1.760182712579058375e+02 1.197099999999999909e+03 3.089968391939944468e+02 1.166965048543689363e+03 nan nan
4.565150416061824501e+01 -6.673690622265607999e+02 6.319310803309566609e+02 5.160920304844207607e-01 1.917041453719477602e+02 5.810308219178082254e+02 nan nan 1.010999493927125513e+03 4.121202209005947452e+02
6.244242714000953498e+01 -6.753036682993648583e+02 1.854453970260867663e+02 1.156062231634054083e-01 1.919237160120845829e+02 1.323111378205128176e+03 3.359648531535868869e+02 1.277994744386048751e+03 nan nan
4.341195069900528836e+01 -6.628931256775043721e+02 6.249777373693923437e+02 2.313819626931888362e-01 1.929974321349963304e+02 5.929543643607388503e+02 nan nan 1.004008788689338985e+03 4.270587343690792181e+02
6.887614815362724130e+01 -6.920920357863911931e+02 6.378294101636560072e+02 7.059713283365718350e-01 1.977968154294684950e+02 5.630284227381905566e+02 nan nan 1.069049029622063244e+03 3.959944727891156617e+02
6.513048909345664583e+01 -6.725902822982101270e+02 3.316947914809870213e+02 2.077392564832184624e-02 2.029360730593607229e+02 1.077026369168356950e+03 nan nan 1.048969002695417885e+03 9.850644521566682670e+02
3.868784062605087115e+01 -6.322360378939603152e+02 1.643381908627850692e+02 2.356054679709257971e-01 2.030179245283018759e+02 1.358973938223938148e+03 3.460044583147570165e+02 1.267020125223613604e+03 nan nan
6.783786103606202289e+01 -6.756607251719402711e+02 4.103379253553598005e+02 5.012073356665643770e-03 2.059609770628537433e+02 9.448640705363702637e+02 3.130203571428571649e+02 9.959650135869565020e+02 nan nan
2.986971063412127592e+01 -6.274804709230490971e+02 5.737279371573968092e+02 2.350842299269740795e-02 2.092407035175879457e+02 6.860355920602327160e+02 nan nan 9.570631644777986367e+02 5.320481355932203087e+02
5.588585337557690735e+01 -6.551974191847024258e+02 3.862117864954320794e+02 1.818035182623539137e-01 2.099614949037372469e+02 9.880387168141593293e+02 nan nan 1.020926470588235247e+03 8.830555253130103210e+02
3.743854719369531381e+01 -6.172115285927523018e+02 2.430472336810091463e+02 3.271886323061987678e-01 2.189259589652096452e+02 1.228947368421052715e+03 3.469845626072041114e+02 1.161018356643356583e+03 nan nan
4.971354352535129095e+01 -6.453065345745409331e+02 6.174272967590480903e+02 1.126484272310181722e-01 2.189995980707395518e+02 6.090957009345794404e+02 nan nan 1.003932232841007817e+03 4.470589836660616925e+02
6.781025489164963460e+01 -6.694666035251647145e+02 6.247054899850662650e+02 5.365655734502987606e-01 2.190449320794148491e+02 5.901228930432117750e+02 nan nan 1.052025027203482068e+03 4.278973471741637695e+02
1.649753606771028203e+01 -5.965127631573743656e+02 4.897326516238135810e+02 9.037112132477717955e-03 2.199785522788203878e+02 8.290121002592912873e+02 3.069805316360913707e+02 8.290365103766333732e+02 nan nan
2.483864911719451740e+01 -6.109643231754770341e+02 6.299324402309260904e+02 5.768955928906377428e-02 2.208770559210526301e+02 5.989281524926685734e+02 nan nan 9.380169811320754434e+02 4.310710102489019278e+02
6.093827982477638727e+01 -6.536212312364592663e+02 4.687553522960754435e+02 2.667735889031733754e-01 2.209375991538868220e+02 8.509471393034825724e+02 nan nan 1.029072104018912569e+03 7.269728023312287633e+02
2.285563271046390454e+01 -5.993380569858085209e+02 5.732077313358890933e+02 2.144858394248516653e-01 2.280580286168521411e+02 6.929750000000000227e+02 nan nan 9.271098484848484986e+02 5.400151915455746803e+02
3.344674893561093398e+01 -6.086919340261270008e+02 4.737015539931379635e+02 3.595988774381030373e-01 2.299773936170212778e+02 8.519593373493976287e+02 3.189972166998011858e+02 8.620054054054054404e+02 nan nan
1.975314208089883650e+01 -5.828234038435092543e+02 4.646517502267280975e+02 3.394137425695287757e-01 2.369821587867974984e+02 8.710452029520295127e+02 nan nan 9.110706233421750539e+02 7.460378850957534951e+02
5.788212067307890862e+01 -6.158147432662585743e+02 1.301638715417812762e+02 4.705805975491900162e-01 2.439915803108808348e+02 1.416038970076548367e+03 3.860083369899078320e+02 1.302981833910034538e+03 nan nan
8.620834306976937000e+01 -6.624907416527603345e+02 4.605856387496451134e+02 6.088310896918820436e-01 2.457925675675675734e+02 8.610903861955628145e+02 nan nan 1.079999441652707901e+03 7.429836065573770156e+02
8.079489179583239888e+01 -6.501036292246095627e+02 3.925858929897601115e+02 9.236861772360986655e-03 2.489047619047618980e+02 9.770506857483601379e+02 nan nan 1.062091635588705458e+03 8.731287964004499145e+02
6.934075607280558984e+01 -6.394449124913934384e+02 6.147929055968096463e+02 2.347085298422595945e-01 2.510164168451106264e+02 6.128722222222222626e+02 nan nan 1.035017563739376783e+03 4.559981378026070615e+02
4.144054921408442738e+01 -5.924811774218984510e+02 3.328448092883737672e+02 8.159016238130140097e-02 2.519605821710127316e+02 1.083036144578313269e+03 nan nan 9.549832672831352056e+02 9.920824149496885411e+02
1.021611856427127520e+02 -6.705532376495112885e+02 2.233948020830518431e+02 1.009631141038228874e-01 2.520955571227080441e+02 1.259036509040333840e+03 nan nan 1.113961064243997498e+03 1.193976595744680935e+03
4.974510008720267962e+01 -6.094647150788849785e+02 5.593878165131006881e+02 2.132439809686216270e-01 2.530239931448157620e+02 7.109963735267452876e+02 nan nan 9.810164765525981920e+02 5.659607451763140489e+02
3.677383816826229435e+01 -5.895352034231133302e+02 6.378346240056899887e+02 1.703413186248140532e-01 2.579621928166351381e+02 5.901134453781512548e+02 nan nan 9.460037515631513543e+02 4.241572139303482345e+02
8.329322858928470907e+01 -6.353437634856813929e+02 1.312231014849494102e+02 2.890651337432664780e-01 2.588656282998944107e+02 1.414834114081014150e+03 4.000130383247728219e+02 1.323037690457097142e+03 nan nan
4.233895228669510402e+01 -5.890401959497639837e+02 4.745170598765828345e+02 6.977537029353421405e-02 2.608287493513233244e+02 8.530013289036544393e+02 nan nan 9.549223859144807420e+02 7.279586085424922430e+02
2.704352752403957183e+01 -5.672436108832315540e+02 4.355619326380354437e+02 4.620296910871818374e-02 2.609783251231527288e+02 9.200436075322101033e+02 3.509969859343603389e+02 8.849441987070432560e+02 nan nan
1.029223997304442939e+01 -5.407790626083929055e+02 4.039760529330274608e+02 7.342001686005319439e-01 2.638830409356725113e+02 9.740468253968253975e+02 nan nan 8.689695189129636219e+02 8.660320035072336395e+02
1.107173580061419216e+02 -6.736099245483119375e+02 4.929363194671872748e+02 1.360032497279598518e-01 2.689698870765370202e+02 8.039773071104386872e+02 nan nan 1.131061162079510723e+03 6.809903897490656846e+02
9.974271351986394052e+01 -6.595646409542733863e+02 5.880880267008310511e+02 4.525123576899557631e-02 2.710291806958473444e+02 6.491289513296537734e+02 nan nan 1.102054845580404617e+03 5.040685591858596695e+02
1.122640194777869453e+02 -6.660590716907646538e+02 3.032288354309871465e+02 3.035493212664813062e-02 2.729931773879142156e+02 1.124031037827352066e+03 3.890267785771383160e+02 1.141004920049200564e+03 nan nan
9.330988273002544986e+01 -6.362465855818800264e+02 2.009470255790794511e+02 2.602591442629834453e-02 2.739546225614927835e+02 1.297894185437401802e+03 nan nan 1.074999636363636455e+03 1.238747739991390517e+03
1.063635613062158285e+02 -6.525044915799863929e+02 3.529338239155855490e+02 9.942064686996630180e-03 2.800434250764525927e+02 1.041871355060034375e+03 3.869743249225321051e+02 1.066980636237897670e+03 nan nan
9.246467499758483655e+01 -6.322192991064042644e+02 3.589757222083971442e+02 1.015570376885043327e-02 nan nan 3.860263374485596728e+02 1.042049467932125481e+03 1.070898681471200462e+03 9.400364464692482898e+02
8.287161145767178994e+01 -6.194612296466779071e+02 4.786310811652527946e+02 1.340996693037974641e-01 2.850232783705140491e+02 8.388740406320541751e+02 3.699846907532149203e+02 8.759882643607164709e+02 nan nan
7.117830542844016861e+01 -6.064430157517812177e+02 6.087474751104400639e+02 2.517486614060130412e-01 2.859724061810154581e+02 6.299322404371584980e+02 nan nan 1.017008311461067365e+03 4.770449146250928152e+02
4.583257422302822448e+01 -5.610788664441124638e+02 3.494299204847117153e+02 2.434575192476040942e-02 2.890412926391382484e+02 1.058870049504950430e+03 3.889937777777777796e+02 9.960004631773969095e+02 nan nan
6.752555528946048469e+01 -5.942336485633911707e+02 6.072484036188294567e+02 1.428249934666844106e-02 2.930035971223021534e+02 6.351068027210884566e+02 nan nan 1.002847194050033863e+03 4.831239892183288589e+02
9.345624424117465878e+01 -6.294798735544254669e+02 6.369744806056299922e+02 8.152709640621344511e-02 2.939235201676270322e+02 5.759722877358490223e+02 nan nan 1.070999528746465558e+03 4.208995535714285552e+02
8.010082283821255089e+01 -6.085847641657219356e+02 5.765562921613493472e+02 2.887872820988600653e-01 2.948198451794510788e+02 6.810667244367417652e+02 nan nan 1.033972233240777541e+03 5.370535568274734715e+02
1.315337545915993473e+02 -6.674219266433119628e+02 1.949956921068137490e+02 1.670877190970758083e-02 2.949067315490673309e+02 1.307102827763496180e+03 nan nan 1.164053885422575149e+03 1.248973936899862792e+03
2.606093322854089678e+01 -5.260067440411247617e+02 2.774390064822703152e+02 1.846536685510585807e-01 2.950523978685612860e+02 1.177957446808510667e+03 4.019320577899258069e+02 1.057992286926340057e+03 nan nan
1.499415098384544081e+02 -6.912067684197353401e+02 3.788139728625441194e+02 3.069295463657423229e-02 3.019662813102119685e+02 9.919930693069306926e+02 nan nan 1.212953904555314466e+03 8.968016098484848726e+02
7.493814086328040958e+01 -5.902836583774501378e+02 4.774158486052709236e+02 5.746176257484388386e-03 3.028988823842469174e+02 8.460107296137339290e+02 nan nan 1.013048037190082596e+03 7.249277638190955031e+02
9.408937878983807934e+01 -6.142128530137279085e+02 5.426806379789798029e+02 1.686759163850576060e-01 3.070431910569105867e+02 7.339799382716049649e+02 nan nan 1.062067046173307972e+03 5.999992937853107833e+02
1.610261657625802059e+02 -6.962329821272628578e+02 3.301877318758400861e+02 2.121984870746368608e-03 3.109372637944066469e+02 1.074022653721682900e+03 4.210156979210861437e+02 1.141977969762418979e+03 nan nan
2.648446376462785068e+01 -5.048312461859459859e+02 1.533552435717205356e+02 2.212987114233438690e-01 3.120633514986375872e+02 1.377104954367666323e+03 nan nan 8.750391349124613498e+02 1.332005031446540897e+03
1.593053313807574511e+02 -6.927416013404921387e+02 3.726847473281446810e+02 2.528966469182978294e-01 3.130793269230769056e+02 1.001784717607973448e+03 4.169887036040882435e+02 1.084029641185647506e+03 nan nan
3.018453357200190368e+01 -5.194941341016294700e+02 5.322037717208777394e+02 2.205734876965918106e-02 3.138074712643677913e+02 7.730246507806079990e+02 nan nan 8.920346020761245427e+02 6.360282909930715505e+02
2.770492654557950019e+01 -5.093912295960399206e+02 4.599788676419818216e+02 6.572511246896999004e-02 3.180412262156448264e+02 8.889739583333333712e+02 3.960461204557786346e+02 8.200169491525423382e+02 nan nan
1.302061201803394965e+02 -6.544654525053595080e+02 6.238149827934289533e+02 1.538886203323365509e-01 3.187153120790300704e+02 5.881079999999999472e+02 nan nan 1.152092212608158206e+03 4.421415635375792590e+02
1.156939332596030852e+02 -6.325208763305338380e+02 6.339961478190310800e+02 1.377188419618665671e-01 3.208982630272952861e+02 5.779969183359013414e+02 nan nan 1.111914066033468998e+03 4.280570071258907205e+02
3.692209522797405441e+01 -5.090779669189893184e+02 2.015787177498660299e+02 1.700772736061142154e-01 3.229885641677255421e+02 1.299909903201787074e+03 nan nan 8.960026041666666288e+02 1.242997180451127861e+03
9.932517773047661080e+01 -6.015909174188254838e+02 5.724077389095938315e+02 2.229423052617539314e-02 nan nan 3.939452324665090828e+02 7.449518125552608581e+02 1.063003095975232100e+03 5.489015486725663777e+02
4.254937754012818374e+01 -5.141706988870598707e+02 3.985500961832636904e+02 1.622186282320891570e-01 3.309411764705882320e+02 9.850501474926253422e+02 4.171292846497764799e+02 9.050032586558045296e+02 nan nan
2.348758384097131469e+01 -4.840643496908595580e+02 3.643934957587085819e+02 1.466798281199515816e-02 3.337899452463912553e+02 1.043067480719794276e+03 nan nan 8.590373528217620560e+02 9.470714285714285552e+02
2.031735146413823401e+01 -4.859213594933422087e+02 5.778839541378101785e+02 7.506032368598497539e-02 3.340373443983402240e+02 7.081381215469613153e+02 3.920589824403421630e+02 6.519063670411984504e+02 nan nan
1.844505361165468926e+01 -4.722276775649598335e+02 2.800805733676965588e+02 5.219235730387757760e-02 3.359590818363273570e+02 1.177002630194634321e+03 4.349770623742454632e+02 1.019969499796665332e+03 nan nan
9.223327343147681745e+01 -5.805738094057505805e+02 4.978123685586714942e+02 2.921950939325120289e-01 3.359667282809612061e+02 8.128871965730604643e+02 nan nan 1.037063044235457937e+03 6.910486257928118903e+02
1.100399679806417481e+02 -6.068088933013913220e+02 5.522931769290978536e+02 1.416416797636167457e-01 3.360178326474622850e+02 7.179727626459143721e+02 nan nan 1.085036091060522040e+03 5.859459298871063311e+02
6.333915819609654108e+01 -5.362021642149762783e+02 4.136034680297486830e+02 3.220934663540061527e-01 3.378002195389681788e+02 9.570599013389711445e+02 nan nan 9.590546837850689599e+02 8.520471491228070136e+02
1.027287014597839914e+02 -5.841944902556905390e+02 3.016943430783434223e+02 3.521553415532555596e-03 3.409606925596630731e+02 1.133077345309381144e+03 4.440426700464723240e+02 1.086961457009741707e+03 nan nan
1.416035570328786264e+02 -6.458963408919947824e+02 5.905730516632218041e+02 2.560151797673566182e-03 3.418221086855550652e+02 6.439517766497461935e+02 nan nan 1.166130394857667625e+03 5.079326923076923208e+02
1.564154079518578158e+02 -6.630873881052098113e+02 5.454872583146274110e+02 4.393909259406913320e-02 3.439730554143365566e+02 7.142036866359446776e+02 nan nan 1.203931275480489148e+03 5.889899812147776856e+02
1.441154077919021006e+02 -6.373542482407284524e+02 2.897675507118995597e+02 5.612161723684755410e-02 3.450170454545454390e+02 1.148040935672514706e+03 4.529969773299748113e+02 1.148991049229239252e+03 nan nan
1.744072996674602791e+02 -6.732422890811179741e+02 9.541974884863952866e+01 2.097563016476030051e-01 3.460440771349862530e+02 1.477965034965034874e+03 nan nan 1.244075353218210466e+03 1.439090179122915288e+03
6.295123507093730097e+01 -5.244442987511599767e+02 3.603150842485558201e+02 1.193577361528162795e-03 3.469661487236404014e+02 1.044213726974514202e+03 nan nan 9.510786440677966311e+02 9.510015071590053140e+02
1.241313961222192717e+02 -6.061051273200091600e+02 6.280455622331185168e+02 7.900868058154892487e-03 3.578967822816548505e+02 5.929268292682926358e+02 nan nan 1.109008705745792213e+03 4.480678391959799001e+02
1.456589596642873232e+02 -6.176146218622872084e+02 2.315556820913754734e+02 1.971714078571661782e-02 3.648978102189781225e+02 1.246933434190620346e+03 4.770059760956175410e+02 1.209009533366783671e+03 nan nan
1.710172555609477456e+02 -6.528240845875064906e+02 3.583905950861148426e+02 6.534897440883830066e-02 3.690192090395480022e+02 1.030019607843137237e+03 4.659720779220779150e+02 1.079990973565441664e+03 nan nan
1.829348550965758591e+02 -6.739434731378978540e+02 5.801720981229150311e+02 3.076890312708299713e-02 3.710978910922253817e+02 6.511625874125874134e+02 4.380102539062500000e+02 8.010040140491721559e+02 nan nan
1.804279187546390233e+02 -6.613341383326252299e+02 3.699885794146847502e+02 9.455072473931550037e-02 3.741591054313099107e+02 1.008926598263614892e+03 nan nan 1.245006030701754298e+03 9.198965714285714057e+02
6.024170738727498531e+00 -4.124794446512368040e+02 3.102805157492311992e+02 2.643081071471667029e-02 3.759668874172185156e+02 1.133924278846153811e+03 nan nan 7.890045310376076486e+02 1.052113079019073666e+03
1.812164302844115298e+02 -6.560037761099997624e+02 2.115963974274199018e+02 6.369482494293546293e-02 3.760201294033069530e+02 1.279006206361520526e+03 4.920165593376265178e+02 1.270962962962963047e+03 nan nan
1.655332359529299993e+02 -6.395345763157818055e+02 5.869475779828561599e+02 7.910906406851352102e-02 3.808812107367218687e+02 6.489574927953890437e+02 nan nan 1.203190836804240917e+03 5.191447895791583278e+02
1.293001973510226605e+02 -5.771815001835134353e+02 2.754599030580970407e+02 2.760404786992565751e-01 3.829114811568799155e+02 1.175902807775378051e+03 nan nan 1.098934278350515569e+03 1.104037447988904205e+03
1.429950271835181468e+02 -6.009579751049003562e+02 4.603172759908669605e+02 1.738614769668596349e-02 3.837959183673469283e+02 8.679330375151270118e+02 4.619863013698629857e+02 9.060602224779439666e+02 nan nan
1.191819660036532582e+02 -5.600239773080302257e+02 2.160371944612457469e+02 3.188205852501383233e-03 3.839927979834353664e+02 1.275017405719022008e+03 4.919746031746031463e+02 1.182018518518518476e+03 nan nan
2.083367944807147296e+02 -6.836266348242614868e+02 1.761752013145616331e+02 4.442297554874462782e-03 3.860556445156124710e+02 1.339186857562408250e+03 5.070477315689981310e+02 1.342858613217768152e+03 nan nan
6.506463228288718703e+00 -4.050828321128156517e+02 5.761192649832057668e+02 3.202516486728653744e-01 3.899851714550509882e+02 7.270009881422924991e+02 4.409970631424375824e+02 6.078819903126376403e+02 nan nan
1.063917336065738652e+02 -5.331781838490771861e+02 1.969377550040067604e+02 1.048447858413616152e-02 3.917690631808279136e+02 1.307032106499608517e+03 nan nan 1.031053926891060428e+03 1.250964788732394254e+03
1.026738350371656736e+02 -5.292207453706237175e+02 3.245534235385755437e+02 8.973516893510306847e-02 3.939271708683473321e+02 1.100058130699088224e+03 4.849650613786591293e+02 1.024007820136852388e+03 nan nan
7.366756968301309882e+01 -4.869422312976810758e+02 2.789241372706409265e+02 6.312122849524066416e-03 3.939316394434361541e+02 1.177004366812227090e+03 4.880226654578422654e+02 1.045988173455978995e+03 nan nan
1.466759275196446026e+02 -5.851645538975457157e+02 1.607628357363549583e+02 1.193961149485854578e-02 3.957995316159250478e+02 1.366121824480369469e+03 5.109669457910973733e+02 1.273993636363636369e+03 nan nan
1.746063349080430172e+01 -4.147314543645101708e+02 6.314300150358822066e+02 5.856557141479334233e-02 3.968992506244795777e+02 6.399390307451798208e+02 nan nan 8.120330697340043571e+02 4.840956052428681460e+02
9.318143992124090857e+01 -5.041555765039225889e+02 9.475434787586435448e+01 2.507480106247665930e-01 3.988974831184775667e+02 1.472927091327705284e+03 5.159926406926407481e+02 1.281972797927461215e+03 nan nan
1.621263419977065894e+02 -6.041981448610285952e+02 1.697859310729967603e+02 1.067447419629039829e-01 3.989507758159443824e+02 1.351077746478873223e+03 nan nan 1.173880689985625395e+03 1.298940081442699238e+03
2.094708708906180732e+02 -6.723022255965282739e+02 2.067051920987154574e+02 3.327103742708716894e-01 3.997634575569358049e+02 1.287075132978723332e+03 nan nan 1.304077506318449878e+03 1.226951456310679532e+03
1.570145354218251725e+02 -6.005849239322960784e+02 5.463300868099976242e+02 4.774555380383733311e-02 4.056776951672862310e+02 7.251581371545547654e+02 nan nan 1.161987005316007071e+03 6.029749642346208702e+02
2.301879097405725076e+02 -6.938826856596799644e+02 2.031963312307747174e+02 1.309888424528490303e-01 4.080074441687344802e+02 1.292039597737272061e+03 5.229811827956989418e+02 1.323895825354270301e+03 nan nan
1.909251109817990653e+02 -6.361196737402984809e+02 1.714791807409042406e+02 4.180827500665063035e-02 4.081142339075249197e+02 1.347922054915854687e+03 nan nan 1.245942204953861165e+03 1.294958041958042031e+03
4.370633466532494538e+01 -4.320032724431555380e+02 4.876167623902616697e+02 1.065357178346801048e-01 4.109560723514211986e+02 8.560000000000000000e+02 nan nan 8.650235448005232683e+02 7.360336826347305532e+02
2.472281530874580113e+01 -4.088221820662872688e+02 6.185989099719511159e+02 9.581741235129857814e-03 4.110221238938053148e+02 6.600109409190372389e+02 nan nan 8.210302923564635194e+02 5.090569877883310710e+02
4.239439163196599303e+00 -3.681323817460610712e+02 2.526235921074980695e+02 2.223414681826251307e-02 4.119612362493452338e+02 1.225001134429948934e+03 nan nan 7.620659767141008842e+02 1.158081623347013192e+03
2.184863286547110590e+02 -6.736455636558284823e+02 3.081701071625161603e+02 6.758132804515362690e-02 4.140416929879974646e+02 1.111987851662404182e+03 nan nan 1.320123020706455463e+03 1.036027993779160170e+03
1.608390030746362243e+02 -5.846698345171038227e+02 1.333890551408819363e+02 1.349216763152866379e-02 4.149607476635513876e+02 1.412008950366151339e+03 5.310168471720818388e+02 1.310990912845931462e+03 nan nan
1.098750736079916521e+02 -5.101836605909924174e+02 1.577932090196387662e+02 1.060759324714227823e-03 4.169535644211903218e+02 1.371023383768913391e+03 5.249553537646613677e+02 1.216960855528652246e+03 nan nan
7.854021936864496922e+01 -4.679399503094873580e+02 2.796048840458378777e+02 1.647409289973870705e-01 4.180121500264131100e+02 1.176943054816391623e+03 5.079857270294380100e+02 1.035029153169828760e+03 nan nan
1.978923641374844067e+02 -6.368208095188603011e+02 2.360032662524209854e+02 2.917231581126197154e-02 4.189986477349560232e+02 1.238051712089447847e+03 5.250191231343283107e+02 1.232972247497725220e+03 nan nan
1.004034203829344847e+02 -5.031264166621758704e+02 5.759961775469241729e+02 2.256288596090048199e-02 4.220217209690894151e+02 7.010094607379376157e+02 nan nan 1.002988275525158770e+03 5.679041464728055644e+02
1.577135407569839174e+02 -5.856509838486012995e+02 6.171331956032308881e+02 2.275599336202827755e-02 4.227511783189316361e+02 6.119712735397382630e+02 nan nan 1.153061999999999898e+03 4.779011948529411598e+02
2.321794187098809061e+02 -6.820179403911689633e+02 2.554166741758211572e+02 8.069957398143845148e-03 4.239171381031613919e+02 1.201931857488758169e+03 nan nan 1.350287845128530535e+03 1.135049796747967548e+03
1.092779594302069484e+02 -5.062500887281652808e+02 3.212109141562641526e+02 8.461288296819693966e-02 4.240761670761670530e+02 1.107111111111111086e+03 5.110329505741387948e+02 1.015984623270117936e+03 nan nan
8.872670755974750989e+01 -4.687382177930629155e+02 1.528712546931572547e+02 1.392108628887211152e-01 4.270232220609578917e+02 1.378805874840357546e+03 5.319996299037750305e+02 1.190038649025069617e+03 nan nan
1.410300397489221957e+01 -3.706137604083180577e+02 5.056266100970429989e+02 2.423770143582771805e-02 4.286365604701515508e+02 8.392533089913281401e+02 4.839620553359683868e+02 6.820032786885245741e+02 nan nan
1.341802022328214719e+02 -5.412578282274770345e+02 4.783668737970468214e+02 4.361993336791301912e-02 4.290009935419771523e+02 8.481394589552238585e+02 nan nan 1.084035247299602133e+03 7.380303249097472644e+02
1.133508323997289153e+02 -5.016821406880642371e+02 2.135334646427695588e+02 6.273742324952158445e-02 4.310260465116278965e+02 1.280907706945765995e+03 5.299264285714285734e+02 1.145998725302740695e+03 nan nan
1.907651787952013649e+02 -6.071928647334367497e+02 1.408868277908908340e+02 8.432381365466187773e-02 4.349887905604719549e+02 1.399932867132867159e+03 5.489946653734239135e+02 1.326958434026099667e+03 nan nan
1.710435009253129124e+01 -3.600838242219692233e+02 3.202598395453916282e+02 3.393775092694652912e-02 4.369198184568834904e+02 1.121958441558441564e+03 5.140447394296951416e+02 9.059795238095238119e+02 nan nan
1.725473943483663106e+02 -5.717260717070305418e+02 1.106999104489978407e+02 3.249756613295364666e-02 4.428103448275862206e+02 1.449989646772228980e+03 5.570304723209751501e+02 1.332987487487487442e+03 nan nan
7.158846989747028999e+01 -4.374695791573660699e+02 6.134472871615759004e+02 5.505425876703343158e-02 4.450396917148362377e+02 6.579337775926696850e+02 4.891083158630328285e+02 5.919956293706293309e+02 nan nan
1.798428819297614041e+02 -5.908631587359457171e+02 5.367142407154890407e+02 7.062463484608624831e-02 4.460395821880154017e+02 7.408998691099476446e+02 5.079968847352025136e+02 8.090241596638655892e+02 nan nan
4.928980094022517910e+00 -3.351497399986268420e+02 4.529754746366942300e+02 6.219708154237302278e-02 4.467912087912088168e+02 9.239881481481481842e+02 nan nan 7.479653401797176002e+02 8.119416091954022932e+02
6.297451709157521549e+01 -4.094486462212030347e+02 4.545769475390984553e+02 1.246552334486643494e-02 4.549959058341862601e+02 9.090293809024134362e+02 5.168942235558889706e+02 7.799467084639497898e+02 nan nan
1.303721603147170356e+02 -5.100825205111444802e+02 6.035851502242771858e+02 6.204100066930850338e-03 4.560232896652110526e+02 6.530025461489497047e+02 nan nan 1.057971520256718804e+03 5.200201058201058686e+02
1.878870282050982041e+02 -5.774807214246975491e+02 8.532346285547558296e+01 2.949752053193325368e-02 4.579456398640996326e+02 1.492985347985347971e+03 nan nan 1.199998133167392552e+03 1.455903479973736012e+03
1.213412577595244954e+02 -4.913915023829084703e+02 5.215293503915048632e+02 1.390213049670565096e-02 4.590224971878515134e+02 7.879500000000000455e+02 nan nan 1.031072156196943979e+03 6.699322947872977920e+02
8.359529298605201575e+01 -4.361298353883559571e+02 5.708884251605865074e+02 2.647589578303830710e-03 4.607213337870023793e+02 7.231664268585132049e+02 nan nan 9.349620630861039672e+02 5.918898230088495893e+02
1.807551935391122129e+02 -5.763613970803323809e+02 6.077840156827688816e+02 3.517258325103980732e-02 4.627236126224156578e+02 6.270954692556633745e+02 nan nan 1.185943086172344692e+03 5.000057319223985814e+02
2.171794530092672346e+02 -6.279749231709635069e+02 6.333185531605005281e+02 8.248646157515428234e-02 4.650452196382428838e+02 5.691803091013165385e+02 nan nan 1.283181089067117000e+03 4.430977353992848862e+02
2.159600997004426688e+02 -6.173978200676771166e+02 3.566162025589925406e+02 2.568672812036428832e-01 4.660065445026178281e+02 1.034912483912483822e+03 5.509441053646000910e+02 1.073025820730357736e+03 nan nan
2.077043628607252401e+02 -6.016941609679865905e+02 2.809026556389874258e+02 2.622634409490379095e-03 4.676673427991886456e+02 1.163959874608150358e+03 nan nan 1.249971962616822339e+03 1.093808917197452274e+03
2.308969599926986120e+02 -6.405384278719707254e+02 6.174713926989674064e+02 1.509538063666288066e-01 4.720450247636200061e+02 5.911241638795986546e+02 5.240343450479233525e+02 7.428783303730017451e+02 nan nan
1.014416401467801023e+02 -4.499854458250894709e+02 6.240863152088838888e+02 2.516013999687076452e-02 4.728506787330316570e+02 6.360288957688338769e+02 nan nan 9.730680791941646248e+02 4.968089471913891657e+02
2.614814758006190800e+02 -6.791568073740246518e+02 4.502306692355545010e+02 1.051417503216719312e-02 4.739528639618138186e+02 8.649701916252661249e+02 nan nan 1.397007053716766222e+03 7.721337792642140130e+02
2.181890344413183414e+01 -3.210490437238262302e+02 4.543253535979570756e+02 1.834447804263871634e-02 4.800042095416276879e+02 9.229399433427762460e+02 nan nan 7.689095989480605340e+02 8.130833992094861742e+02
1.988725376792952204e+02 -5.697400466943138326e+02 1.426387752236595929e+02 1.052711370590270288e-03 4.819838012958963418e+02 1.396983480176211515e+03 5.870080035571364760e+02 1.302001780151312914e+03 nan nan
1.291310536160798392e+02 -4.748407977075410145e+02 5.392741484845446394e+02 2.783798886967593644e-02 4.847818831942789188e+02 7.620765731614859533e+02 nan nan 1.034031738512553375e+03 6.428475836431226753e+02
2.090987752723736435e+02 -5.781726542513534923e+02 9.820581445600709003e+01 2.688136581435820321e-02 4.871452944413869091e+02 1.471902107409925293e+03 5.970016189962223052e+02 1.364008000000000038e+03 nan nan
7.105701931747672973e+01 -3.765923882320268490e+02 2.745810948867146521e+02 1.121486151353686539e-02 4.898397976391231055e+02 1.189975428145942033e+03 5.680528301886791951e+02 9.848160442600276383e+02 nan nan
2.740168090998306716e-01 -2.736477657538384847e+02 4.298684406935303741e+02 2.027226642207609689e-02 4.929185252617205037e+02 9.659345132743362683e+02 5.479968036529680830e+02 7.220338447653429057e+02 nan nan
7.652472138392383272e+01 -3.763151200230813060e+02 1.430991057747562820e+02 1.828736221440507292e-01 4.940871409921671216e+02 1.393859393579072503e+03 5.859308199121522875e+02 1.140858946608946553e+03 nan nan
1.199176339370092421e+02 -4.455583831972388111e+02 3.835555726954751776e+02 2.709457957939987068e-03 4.950375880971025708e+02 1.012966722129783648e+03 5.639679093912222925e+02 9.050103920642418416e+02 nan nan
2.747586675612066074e+02 -6.733875545968484175e+02 3.383398915821487662e+02 2.499473484808314994e-02 4.958408071748879138e+02 1.058023992322456706e+03 nan nan 1.416039999999999964e+03 9.820107526881720332e+02
2.793112004370694308e+02 -6.729726827089517656e+02 1.438440657422939353e+02 6.068655384961323812e-02 4.979165360501567648e+02 1.395971858134155809e+03 nan nan 1.425009478672985779e+03 1.345979617834394958e+03
8.284509867166116237e+01 -3.812408254643205510e+02 2.318879062252309780e+02 1.874710929656028535e-01 4.999074307304786089e+02 1.255992486851991089e+03 nan nan 9.009919999999999618e+02 1.195014492753623244e+03
1.195103035514384118e+02 -4.368464416681195530e+02 4.540526229760117758e+02 3.908013705308224089e-02 5.039831683168316658e+02 9.029958115183245582e+02 nan nan 9.949217391304347302e+02 8.000794602698650806e+02
2.008986681162568004e+02 -5.587958798773188391e+02 6.234727524003567396e+02 1.010700124366890329e-01 5.070422025723472643e+02 6.032434869739479382e+02 nan nan 1.207909830932999284e+03 4.790919753086419632e+02
2.314839566845757304e+02 -5.913057761805438304e+02 2.495012144668551173e+02 2.804221317334347572e-03 5.100191082802547839e+02 1.216991397849462373e+03 nan nan 1.283043431053202994e+03 1.153000623830318091e+03
1.446219760480202865e+02 -4.563969795308062203e+02 8.090880865566242619e+01 9.971692818664365521e-02 5.106635198921105712e+02 1.495106306306306351e+03 nan nan 1.047924688561721496e+03 1.461938829787233999e+03
1.605211101126268431e+02 -4.810319356359202629e+02 2.168732581134306656e+02 9.198652333141327242e-02 5.130363223609534771e+02 1.275948044366608201e+03 6.009878661087866476e+02 1.143001924001923953e+03 nan nan
1.975957956103919173e+02 -5.448787584713113574e+02 5.619148675906587869e+02 6.367852936836719546e-02 5.138615451388889142e+02 7.069967741935483900e+02 5.649865047233467976e+02 7.530129091747348866e+02 nan nan
7.880156878282545563e+01 -3.616459110403750401e+02 3.411790856906915792e+02 3.152945645243003872e-03 nan nan 5.819687609687609893e+02 8.979333818711321555e+02 8.839708829054477519e+02 1.005909131205673702e+03
2.570378004448355682e+02 -6.344779797978673059e+02 6.322750021971363594e+02 2.013317963933244220e-02 5.149568810636004628e+02 5.648767180341524181e+02 5.619721030042918528e+02 7.260038188761593574e+02 nan nan
1.367029492158031871e+02 -4.492161667696880158e+02 4.637542576778454304e+02 3.654214529477864577e-03 5.158713673177703640e+02 8.850577293136625485e+02 nan nan 1.030931929480901090e+03 7.819529269764634591e+02
9.019954300380375400e+01 -3.847426877397607541e+02 6.375358051559554724e+02 7.096275890189303326e-02 5.160275000000000318e+02 6.299920913884006950e+02 nan nan 9.170620620620620684e+02 4.899494479953515338e+02
6.094555929095326263e+01 -3.329501154477071054e+02 3.576425984685527055e+02 8.105253660345011942e-04 5.166889489953632619e+02 1.065971505376344112e+03 nan nan 8.390677966101694665e+02 9.799901768172887842e+02
7.615768140730895652e+01 -3.564501019496864274e+02 4.049789613718257897e+02 2.505706646458479535e-03 5.169838383838383606e+02 9.909853249475891062e+02 nan nan 8.771067366579177360e+02 8.958959999999999582e+02
2.159000810934534513e+02 -5.692067609650964641e+02 6.223258210092144509e+02 2.286643658518756062e-01 5.180595727198027589e+02 6.010573274121921941e+02 nan nan 1.240038049303322623e+03 4.800594752186589176e+02
2.278430000744012602e+02 -5.794035924625393363e+02 3.724397033075474610e+02 6.812419682197057291e-02 5.190179573512906472e+02 1.011994871794871756e+03 5.939750215331611116e+02 1.031856175972927304e+03 nan nan
2.226473157242232048e+01 -2.693476231873164011e+02 2.611968726354755290e+02 4.568342533532792488e-02 5.197789959607616765e+02 1.216097435897435844e+03 nan nan 7.420441910192445221e+02 1.150054988216810671e+03
1.367460854273465145e+02 -4.407762983890739292e+02 5.331657612661585972e+02 7.256789862300752625e-02 5.250666666666667197e+02 7.770305084745763224e+02 nan nan 1.026039691289966868e+03 6.619477257298030963e+02
2.385208868912174012e+02 -5.908247831872939742e+02 4.826852900565767186e+02 1.352688421110214735e-03 5.261050715845668719e+02 8.259584828293183136e+02 5.880159235668789961e+02 8.980241028387788447e+02 nan nan
1.360439100318500607e+02 -4.242031264615420127e+02 1.254197718814303784e+02 5.516043746342609577e-02 5.290378197997774805e+02 1.422938856015779038e+03 nan nan 1.014071814254859646e+03 1.382138631090487252e+03
6.232784231035142675e+00 -2.229263934131816143e+02 8.698541328002482942e+01 2.071201894169593660e-01 5.347831392124237482e+02 1.475120226308345082e+03 6.190025458248472887e+02 1.095004504504504439e+03 nan nan
2.911143602511475024e+02 -6.604765768975446463e+02 5.874610850581568684e+02 3.442691394650439218e-02 5.379761904761904816e+02 6.310092118730808579e+02 5.899312114989733118e+02 8.140932642487047133e+02 nan nan
1.379358135636633449e+02 -4.157152000010415804e+02 8.202653965943302694e+01 5.394218533217404188e-02 5.380012150668286495e+02 1.491963382408456027e+03 nan nan 1.012025658338960170e+03 1.458845512820512795e+03
1.872130943350287851e+02 -4.911007832942715368e+02 2.960067078551389841e+02 7.550615135993273604e-04 5.420457943925233621e+02 1.146950772200772235e+03 nan nan 1.140971163748712570e+03 1.076026580035440020e+03
1.529613895579036864e+02 -4.428369929125103681e+02 5.043706680215259439e+02 1.117163907770198916e-01 5.440011709601873235e+02 8.210220930232558203e+02 nan nan 1.054027363184079604e+03 7.130736543909348484e+02
2.783278597233143614e+02 -6.294106915639079034e+02 6.298795760752286697e+02 2.300323318973975795e-01 5.499715808170515174e+02 5.680385356454720522e+02 nan nan 1.386926333333333332e+03 4.560773342836778284e+02
3.006383287621459885e+02 -6.511543853496899601e+02 1.865074120333580368e+02 1.855918649404357801e-01 5.509716183574879551e+02 1.321894630872483276e+03 nan nan 1.444010496183206214e+03 1.267012927054478268e+03
2.389706030688566329e+02 -5.599368112865655576e+02 3.891290904539023927e+02 5.236818047060334824e-02 5.530123222748815124e+02 9.860060975609756042e+02 nan nan 1.272970754716981219e+03 9.028911819887429147e+02
2.545816802215148869e+02 -5.747617062824050436e+02 8.022019052560015950e+01 3.155983539216618006e-01 5.539221311475409948e+02 1.503050436469447050e+03 nan nan 1.310915158371040661e+03 1.464086001255492874e+03
4.966576324172213219e+01 -2.696640993942901900e+02 2.784190225155413145e+02 3.831278306622291907e-02 5.539733059548254914e+02 1.189963562753036513e+03 6.200046607975142479e+02 9.139781477627470849e+02 nan nan
7.402454926621417464e+00 -2.067702845984596820e+02 3.016120300328619805e+02 4.668810577347887181e-02 5.539836874051593441e+02 1.159822158820732284e+03 nan nan 6.880527650938610122e+02 1.086016183412002647e+03
2.664628070108446991e+02 -6.018385006237684820e+02 4.696818085460927819e+02 1.051065447305786216e-01 5.549424015619915735e+02 8.438510313216195300e+02 nan nan 1.348042796005706123e+03 7.520594177064765518e+02
1.084135858057040451e+02 -3.509585677794863159e+02 1.438756839397112230e+02 4.151509153752323822e-02 5.570727272727273203e+02 1.392990713871154867e+03 nan nan 9.258943427620632747e+02 1.349953107960741590e+03
9.710687569476404235e+01 -3.327546677731670002e+02 1.029685960926906745e+02 1.791030470124410079e-01 5.571015948021264421e+02 1.456000679347826008e+03 nan nan 8.969986604152712744e+02 1.420942165433759328e+03
1.335669964131772360e+02 -3.891022482897010377e+02 3.169981797112330355e+02 3.877534726774478462e-03 5.609664324746291868e+02 1.122033856317093296e+03 6.280260631001372076e+02 9.580318840579710695e+02 nan nan
6.124067370785807896e+01 -2.792528980557273144e+02 4.752181234807726469e+02 2.128979981483712647e-02 5.648879686137751150e+02 8.949624681933842112e+02 6.100172735760970681e+02 6.839666820916241932e+02 nan nan
2.676280643293062553e+02 -5.944640358293070221e+02 5.743660307120823063e+02 6.777373906132313011e-03 5.658913185378589787e+02 6.699387852702056989e+02 6.139779029462738436e+02 7.850297074954296477e+02 nan nan
9.051775214377742884e+01 -3.200800986208588483e+02 4.347636599622780977e+02 6.923515761629991938e-02 5.668364170337738415e+02 9.491149517684887087e+02 6.179548872180450871e+02 7.630225045372051227e+02 nan nan
3.067526000117698572e+02 -6.377847449151818182e+02 8.104209405429062940e+01 4.739367070070555910e-01 5.700339138405132644e+02 1.505041015625000000e+03 nan nan 1.444950473415877696e+03 1.463107117688512972e+03
6.539652179687418965e+00 -1.858854835323347743e+02 4.044097404087632981e+02 4.274442565365683261e-02 5.719825255522584939e+02 1.012032571032571013e+03 nan nan 6.780042392840319962e+02 9.169889233495790677e+02
4.456699023022997608e+01 -2.429669561681337484e+02 4.695275177437570164e+02 9.935869898934299171e-02 5.738541072816791484e+02 9.090531885268727592e+02 nan nan 7.670703324808183652e+02 8.020733056708160120e+02
3.229688100110492428e+02 -6.615160796215922119e+02 2.282333821839269490e+02 5.032743790374811371e-02 5.748190476190476375e+02 1.249025516403402207e+03 nan nan 1.489099385817978828e+03 1.189122413793103533e+03
1.484820134895678621e+02 -3.979863528985653716e+02 6.210927676506576063e+02 6.779915926844300167e-02 5.797484764542936091e+02 6.471368496079828674e+02 nan nan 1.020024584717607922e+03 5.210220082530948957e+02
9.580069205514226383e+01 -3.090787545134559196e+02 2.976068329908404166e+02 4.944841207787814552e-02 5.798012672811059929e+02 1.158012075471698154e+03 nan nan 8.829885000000000446e+02 1.086781709558823422e+03
2.393119964571756100e+02 -5.268346797037963825e+02 3.252500042058994723e+02 6.193054370629050981e-02 5.820872340425531775e+02 1.094914879792072725e+03 nan nan 1.250977346278317100e+03 1.022016058394160609e+03
2.715315690625078560e+02 -5.827800638430594518e+02 6.123592127160919745e+02 8.866457046022838129e-02 5.829316200091785731e+02 6.088876684972541398e+02 6.250457005411906266e+02 7.270121130551816577e+02 nan nan
2.496265052803024389e+02 -5.450639091525482627e+02 4.263275170332029802e+02 7.952461125113262710e-03 nan nan 6.430099178237461501e+02 9.470753872633390529e+02 1.280156233135455977e+03 8.391746562616127676e+02
1.322059386848463305e+02 -3.607793239496077717e+02 3.409682532371909360e+02 3.588594215775485485e-02 5.840497967479674344e+02 1.086997944501541724e+03 6.449853107344632690e+02 9.120308274743103993e+02 nan nan
1.108501698564594022e+02 -3.285720225026402659e+02 4.928822105833825731e+02 1.287927996249996210e-01 5.870293315143246673e+02 8.588871349644830389e+02 nan nan 9.190035799522672733e+02 7.520004428697963021e+02
1.196391263806255552e+02 -3.366538249167594472e+02 3.338910909221658585e+02 1.776163573108595073e-01 5.880085335018962951e+02 1.099995615637559467e+03 nan nan 9.370411016949152554e+02 1.022972800925925981e+03
3.027388209459498398e+02 -6.152107426288140459e+02 3.242977188548484833e+02 8.386583438153054348e-02 5.910122050447517950e+02 1.086806410797132003e+03 nan nan 1.419198551342138899e+03 1.016107993647432522e+03
1.450785196111467883e+02 -3.690698159310630899e+02 2.927055045595117235e+02 1.687528745933877111e-02 5.926883869099333424e+02 1.160998252512014005e+03 6.580207684319833561e+02 9.789958419958419427e+02 nan nan
2.039223685262923595e+02 -4.656427272576109431e+02 5.305097636322678909e+02 4.659850567605375998e-02 5.927395473724587873e+02 7.719754253308128682e+02 nan nan 1.151924743443557645e+03 6.669083573487031344e+02
3.295424894298001846e+02 -6.569685567900812657e+02 4.917337091807963247e+02 2.475545216294694484e-01 5.948463241806908854e+02 7.921131605184447153e+02 nan nan 1.493975981700343027e+03 7.058405655777669381e+02
1.678297449603676910e+02 -4.075994821914928252e+02 5.317179720451015328e+02 2.772722106305153256e-01 5.949560649474689171e+02 7.830363269424823329e+02 nan nan 1.057086380072318207e+03 6.740358069538142445e+02
6.619421991494861857e+01 -2.397645038316411501e+02 1.772656641824308394e+02 5.698433260070875570e-03 5.970699356913182783e+02 1.341958762886597924e+03 6.670314620604565334e+02 1.018970120788302552e+03 nan nan
2.545733592467720143e+02 -5.369366757760431028e+02 5.652461684294677298e+02 3.695332758875218004e-02 5.996995420922860376e+02 6.980878073256396874e+02 nan nan 1.282082840236686479e+03 5.941230200633580125e+02
9.573353448203296523e+01 -2.906436616301177196e+02 5.249321156476652277e+02 1.272773730958998498e-02 5.999745762711864927e+02 8.170240240240240155e+02 6.379466574298579644e+02 6.359468464894882800e+02 nan nan
3.548018984591562344e+02 -6.842902052796065391e+02 2.574948753869658731e+02 9.768495039504040967e-03 6.010229540918163593e+02 1.195981151832460682e+03 nan nan 1.559978026533996626e+03 1.133922570654277933e+03
2.457972346222284727e+02 -5.122286981092712495e+02 2.232789124536050736e+02 1.182321563007265319e-01 6.017810133954571938e+02 1.263998416468725281e+03 6.798962566844919593e+02 1.181044234952864372e+03 nan nan
3.415226099270761893e+02 -6.579475158759106534e+02 1.567126890989280525e+02 6.552647620636704862e-02 6.038878640776698603e+02 1.374116189427312747e+03 nan nan 1.517995963673057531e+03 1.321999001996008019e+03
2.475662639746462901e+02 -5.168894033677470361e+02 5.687686198328448199e+02 5.430580759597680718e-03 6.079700722394220520e+02 6.970226049515607656e+02 nan nan 1.256904299583911325e+03 5.920651530108588076e+02
2.150918843610031388e+02 -4.655661908452409534e+02 6.258753996026090363e+02 2.781380912254015694e-02 6.100379487179486659e+02 6.189926547743966694e+02 nan nan 1.169962500000000091e+03 5.019579409918392798e+02
1.741162158876334445e+02 -3.881015902091505723e+02 1.646551918425249141e+02 2.225140801764701956e-03 6.118637008991954644e+02 1.361110045146726861e+03 nan nan 1.055104237288135664e+03 1.313120423892100234e+03
1.533085450288886875e+02 -3.567206668584028080e+02 2.861594722729324758e+02 3.343771505878566624e-03 nan nan 6.770319792566983779e+02 9.819466254962505900e+02 1.002963795255930108e+03 1.104006202618883435e+03
3.013813932455647091e+02 -5.835598839054010796e+02 5.385687465538375136e+02 3.877494912344972566e-02 6.229498096227067663e+02 7.290055437100213567e+02 nan nan 1.392015995587424186e+03 6.348643457382953557e+02
1.531799692070272272e+02 -3.435861470069808661e+02 2.541585800157689619e+02 6.480116416884146302e-02 6.239814578005115209e+02 1.222032894736842081e+03 nan nan 9.950760064412238535e+02 1.160009844559585417e+03
1.157946631397271631e+02 -2.844825040472675823e+02 2.628858172311479962e+02 5.738803731587919371e-02 6.250280146163215704e+02 1.211774630541871829e+03 6.860233317778814808e+02 9.580127719962157471e+02 nan nan
2.924860562734877476e+02 -5.614056383990241557e+02 3.015589650051443869e+02 1.680873713798597402e-02 6.250768727510630924e+02 1.130057754704737135e+03 nan nan 1.362946045049764280e+03 1.062744010088272489e+03
2.088694393498772968e+02 -4.194649107468427474e+02 2.805777810230833325e+02 3.757359329590763408e-02 6.339837837837837924e+02 1.175916049382715983e+03 nan nan 1.130946198534983523e+03 1.110039313795568205e+03
2.865483199872659839e+02 -5.434813286050955412e+02 3.568285317787959343e+02 3.267371794799763807e-01 6.339963692946057563e+02 1.039070379436964458e+03 nan nan 1.340068493150684844e+03 9.658831596269884585e+02
2.886565461981255112e+02 -5.440077601222891417e+02 3.258122968593748396e+02 8.085258766712838385e-02 6.359118190212373065e+02 1.091001829268292795e+03 7.009469476744186522e+02 1.087174735249621790e+03 nan nan
3.653040048825380381e+02 -6.622577684843668067e+02 2.417014414339431596e+02 6.011431704150770050e-02 6.370523255813953938e+02 1.224904679376083095e+03 nan nan 1.559963111467522140e+03 1.164939316239316213e+03
4.061636931362846070e+01 -1.548583335221602511e+02 4.049370493600083591e+02 1.197398558866441878e-02 6.379456066945606381e+02 1.012926347760060708e+03 nan nan 7.179721492380451764e+02 9.220082330588979858e+02
2.093889930364824181e+02 -4.042646615013614451e+02 9.915878362139835644e+01 6.020498644561039780e-02 6.437623318385650464e+02 1.466027607361963192e+03 7.229467766116941903e+02 1.247968446601941650e+03 nan nan
2.292905407016908441e+02 -4.468330630167904474e+02 5.525669244098068020e+02 5.933883959869845626e-02 6.439502443358506980e+02 7.381738230729436054e+02 6.819615384615384528e+02 7.179897641299510269e+02 nan nan
3.115311934219919863e+02 -5.779136369231615618e+02 6.074409730845758304e+02 1.403261294758400834e-01 6.440182648401826100e+02 6.139411764705882888e+02 nan nan 1.403983814662012037e+03 5.148110808356040025e+02
2.079593797585521884e+02 -4.076214223556279990e+02 6.074529416731710398e+02 3.048619216454349912e-03 6.498513089005235770e+02 6.610225464190981484e+02 nan nan 1.121979377274565195e+03 5.480552971576227037e+02
1.967247803753337507e+02 -3.881176334456563382e+02 6.255156411608656981e+02 4.527902012289861805e-02 6.517524154589372074e+02 6.379940933254578113e+02 nan nan 1.092050789293067965e+03 5.210425833924768995e+02
2.900474489559105109e+02 -5.293071369599550735e+02 5.175379963245267163e+02 7.172381944487174477e-02 6.549662027833002185e+02 7.749980119284293778e+02 6.990075349838535885e+02 8.290015731515469497e+02 nan nan
1.738751688362806931e+02 -3.426636640959050055e+02 5.057449446890666991e+02 6.798291872351937271e-02 6.570438356164384004e+02 8.330443349753694520e+02 6.949452736318407915e+02 7.070749128919860595e+02 nan nan
3.448946959709449089e+01 -1.217611183691520296e+02 5.007200646976529015e+02 1.657868434251552614e-01 6.579765990639625670e+02 8.800429522081064988e+02 nan nan 6.940715355805243689e+02 7.710704293294742229e+02
1.411026472633039077e+02 -2.873184103367944999e+02 5.000271697581760577e+02 1.230830639663122936e-02 6.599569892473118671e+02 8.520497354497354081e+02 nan nan 9.449417040358744089e+02 7.500570749108204609e+02
4.515442459602332370e+00 -5.966092593693545609e+01 1.228359807080375958e+02 1.102167200339589648e-01 6.619768265207595732e+02 1.420035142767492971e+03 7.219346049046321241e+02 9.659040688058220212e+02 nan nan
2.556266020656617854e+02 -4.641671727896801940e+02 4.641302078510346973e+02 2.633280648083465014e-02 6.630045180722891018e+02 8.751089251439539112e+02 nan nan 1.235067906224737271e+03 7.869991869918699194e+02
9.035329585530642760e+01 -2.015312182532431109e+02 5.281816883277398347e+02 2.064079652279324217e-02 6.650238095238095184e+02 8.260207253886010221e+02 nan nan 8.199411050394656968e+02 7.159491740787801746e+02
1.741196267620576918e+02 -3.312614928054248367e+02 4.568038298593405671e+02 1.474398076351369699e-02 6.658424584952313126e+02 9.098503427265803793e+02 nan nan 1.022096459096459057e+03 8.171673710904480004e+02
3.095434588422029378e+02 -5.417053204378265718e+02 3.961837595744105442e+02 1.119334115396465254e-02 6.690226570545828508e+02 9.729811518324606823e+02 nan nan 1.376046469740633938e+03 8.969910122989592764e+02
1.729909414177442102e+02 -3.231096245322172535e+02 4.097469099777400743e+02 2.018924982269149418e-02 6.701355338834708846e+02 9.831189984512132014e+02 7.150010828370329818e+02 8.169744842562431586e+02 nan nan
1.535558571018218572e+02 -2.946236480465659042e+02 5.962055955189013048e+02 3.968407493259437646e-02 6.719655728886498309e+02 7.050962274466921826e+02 nan nan 9.690851192272864409e+02 5.891265873015872785e+02
3.994653291919046865e+02 -6.776482793960043409e+02 1.974318461325184728e+02 7.722339956229974656e-02 6.729068582020389613e+02 1.302088369730827935e+03 7.510044536817101744e+02 1.377036298234139849e+03 nan nan
1.800275504168336340e+02 -3.262651289963773706e+02 2.699459015563693924e+02 1.396329909330117688e-03 6.738778073848496888e+02 1.198124558749369726e+03 7.309770061004223862e+02 9.910210309278349996e+02 nan nan
9.630869092696084977e+01 -1.987231464433264705e+02 5.384923379539389998e+02 1.245232188511451003e-02 6.748336968375136848e+02 8.109960998439937612e+02 nan nan 8.279772348695169057e+02 7.001106612685559867e+02
2.511298971911689080e+02 -4.437698920302505030e+02 6.352305753123841896e+02 2.459179139915263768e-01 6.778951245177130431e+02 6.050995091477019514e+02 nan nan 1.214003553976010608e+03 4.958853922029121577e+02
3.398771312669369422e+02 -5.736909817724640561e+02 1.110378640110760244e+02 1.055867596612460463e-01 6.780263034288398103e+02 1.453006208213944547e+03 nan nan 1.451018749999999955e+03 1.405985835694051048e+03
3.553333738623205136e+02 -6.103331009679866384e+02 6.297562226960486669e+02 3.824979477970681940e-01 6.787356173238525798e+02 5.641832967032967190e+02 7.119138785625774517e+02 7.429768315591734336e+02 nan nan
3.594099461414179473e+02 -6.149222888623563676e+02 6.182529312141864466e+02 3.653174870347976333e-02 6.799584569732937780e+02 5.821153540175019998e+02 7.150033726812815758e+02 7.630186440677965720e+02 nan nan
1.638608147858535347e+02 -2.991156915815755610e+02 6.142847123948330363e+02 5.876860056977761815e-02 6.819540566959922216e+02 6.760217821782177907e+02 nan nan 9.879431000654021773e+02 5.590672268907562739e+02
2.001252931024427824e+02 -3.511160990859974618e+02 3.774964203271085808e+02 6.063425858587948025e-02 6.820100200400801214e+02 1.028963039014373635e+03 nan nan 1.075105061082024349e+03 9.500497076023391401e+02
6.523648490606113626e+01 -1.348467123629074536e+02 3.750484715327734193e+02 6.986198377556268602e-02 6.829082537517052742e+02 1.057017185821697012e+03 nan nan 7.470630816959669573e+02 9.741781234320120575e+02
2.145580852636464044e+02 -3.741298479744150995e+02 5.201224710085434708e+02 1.285947310652000609e-02 6.849523580365736279e+02 8.030767835550180962e+02 nan nan 1.112029342167534423e+03 7.049762027935851165e+02
1.313578002123435908e+02 -2.391347246356534129e+02 4.398189428086053567e+02 6.502076550185807713e-02 6.849758216849263590e+02 9.490927102803738080e+02 7.230410846343467028e+02 7.240290426676227753e+02 nan nan
5.293827159982018316e+01 -1.061789002762027252e+02 3.216220535139706271e+02 2.894340050969546746e-02 6.888084615384615290e+02 1.135981916817359888e+03 nan nan 7.141013986013986141e+02 1.063146353166986501e+03
7.353555751862165835e+01 -1.383122045237968791e+02 2.901828975024028523e+02 5.457539445257731910e-04 6.888135896289674065e+02 1.179023721665788116e+03 nan nan 7.609667943805874302e+02 1.112055596738324766e+03
2.663998820105445020e+02 -4.477729087451866121e+02 3.751789789683832055e+02 1.101011862254909768e-01 6.899516562220233027e+02 1.020088662009672248e+03 7.409962121212121247e+02 9.579890955740859226e+02 nan nan
2.854142552064801635e+02 -4.715695139558458209e+02 2.338537509575856745e+02 1.580466088229670260e-02 6.930587808417997167e+02 1.247819528619528683e+03 nan nan 1.288924162968939072e+03 1.189790875912408865e+03
5.436697844346719677e+01 -1.021100384097013887e+02 3.378958939117241584e+02 4.769775852010342543e-02 6.939756097560975832e+02 1.113000000000000000e+03 7.350157710280374204e+02 7.570226161369192823e+02 nan nan
1.557255651058561874e+01 -3.515863588175164978e+01 3.080794194064897056e+02 3.282624398620342943e-02 6.969025834230354803e+02 1.160052593659942431e+03 7.379947848761407840e+02 7.489717330861909659e+02 nan nan
3.856700101780479599e+02 -6.255064441476445154e+02 8.409038060100998280e+01 1.323696849362508421e-01 nan nan 7.799732709655863800e+02 1.473893962264151014e+03 1.565961740793878562e+03 1.454951734539969721e+03
3.034114221304523085e+02 -5.003578681329558435e+02 4.226297832421288945e+02 8.651254670875224012e-03 6.971843541540328033e+02 9.347995478522984740e+02 7.449955357142856656e+02 9.400163461538461434e+02 nan nan
1.707456281748605420e+02 -2.799794507812121651e+02 2.447569602156665383e+02 3.626657676140918746e-02 6.990210608424337124e+02 1.239034892942109536e+03 nan nan 9.870208791208791581e+02 1.179964548494983319e+03
3.551686124928708637e+02 -5.798722847064256030e+02 6.068080069047647385e+02 3.557041778469600263e-02 7.049109742441208937e+02 6.101600713012477399e+02 nan nan 1.476119145439605518e+03 5.200309568480299731e+02
8.240773420698393181e+01 -1.325493678209052177e+02 5.522258747917582014e+02 5.239163995331071189e-02 7.089638095238095730e+02 8.019970845481049082e+02 nan nan 7.741714390602055573e+02 6.899868119266054691e+02
2.284849942304977048e+02 -3.674069059881903172e+02 5.541930015916619823e+02 9.160865842348094729e-03 7.097530120481927725e+02 7.501223446105428820e+02 nan nan 1.130037109375000000e+03 6.499225251076039740e+02
4.296109472344419373e+02 -6.857975850211008719e+02 3.752294741811377321e+02 3.001489065599458050e-02 7.148211666084526996e+02 9.850362776025236826e+02 nan nan 1.682912966252220258e+03 9.199672571121845976e+02
2.703540877736031121e+02 -4.181436465345066154e+02 8.490674313540658602e+01 9.855179138563962757e-03 7.148291333743085261e+02 1.490915701415701506e+03 7.859582417582417975e+02 1.292003789929615550e+03 nan nan
1.206388714584890351e+02 -1.825708431873457869e+02 4.481552361343818802e+02 1.992708135858141730e-03 7.160340625000000045e+02 9.438730941704035331e+02 7.489997488068324856e+02 6.820630407911000930e+02 nan nan
1.686443368433076273e+02 -2.539805944069483985e+02 4.770073416959315296e+02 1.146818740697577201e-02 nan nan 7.539643173105279175e+02 6.949564912280701492e+02 9.700453648915187159e+02 7.961438848920863620e+02
4.198462598630161438e+02 -6.595291707573527447e+02 2.605247432479947065e+02 8.092148649551288153e-02 7.218307692307691923e+02 1.191012010443864256e+03 nan nan 1.646949352627570534e+03 1.131796819787985896e+03
1.119063998120155361e+02 -1.486652974441178685e+02 1.630740467213644251e+02 1.894902634474131542e-01 7.259821052631579050e+02 1.364014690451206661e+03 nan nan 8.249510703363914672e+02 1.319103804347826099e+03
2.793868151339335668e+02 -4.294779042281535339e+02 5.376977167667233743e+02 2.587866396875825731e-02 7.266398243045388199e+02 7.610372795969773279e+02 nan nan 1.250014598540145926e+03 6.689140540540540769e+02
2.318634160691083537e+02 -3.418901204850337194e+02 1.791420302296851901e+02 2.205426449310933512e-02 7.279249855741488773e+02 1.339057215511760887e+03 nan nan 1.119948060941828317e+03 1.289071895424836612e+03
2.833052099008938285e+02 -4.256488487134895990e+02 4.016100505665652918e+02 6.275170629496930330e-02 nan nan 7.759986270022883446e+02 9.159804147465438291e+02 1.254214689265536663e+03 9.030824453168816035e+02
1.716599632552865842e+02 -2.448666745690361495e+02 5.450569065935194430e+02 4.807141176446594333e-02 7.338955370279549015e+02 7.890807228915662108e+02 nan nan 9.700183196462413662e+02 6.861081081081081265e+02
2.459330974088289281e+02 -3.579795447113647242e+02 3.058644511017405421e+02 1.313327328772923366e-02 7.360491273432450043e+02 1.138958062183658740e+03 nan nan 1.152015075376884397e+03 1.072873208379272228e+03
7.894848048081625791e+01 -8.730015508097919508e+01 4.414809999449868201e+02 3.125835844569363475e-02 7.367359000337723955e+02 9.659811072056238572e+02 7.659225468577728861e+02 6.331187050359711748e+02 nan nan
4.028886576362031633e+02 -6.184380031374637383e+02 4.311698450560468245e+02 3.805813211470354673e-02 7.369219720496894297e+02 8.979953416149068062e+02 7.839863663307646675e+02 1.034012781497261130e+03 nan nan
1.124428731404190387e+02 -1.388189852026652318e+02 3.248599085024822557e+02 7.872710737735663655e-02 7.371000497760079497e+02 1.127884269662921270e+03 nan nan 8.220378494623655570e+02 1.056919814061592206e+03
3.362108969582722580e+02 -4.981600416069656490e+02 9.036190790327724187e+01 4.500037064847794976e-02 7.389473409801877324e+02 1.486129391100702605e+03 nan nan 1.389992530345471550e+03 1.442005612722170326e+03
2.388877137252792124e+02 -3.385359686874697331e+02 2.275295709719778756e+02 3.827815325170750606e-03 7.410027159152634795e+02 1.263116768123962402e+03 nan nan 1.129005211726384459e+03 1.207015601783060902e+03
1.816269122357241770e+02 -2.484863357077923922e+02 4.948204084765499147e+02 9.283606756378079417e-02 7.430074937552039955e+02 8.630118289353957834e+02 7.719613830264930812e+02 6.730029225523624063e+02 nan nan
4.845560025717290387e+01 -2.355303923792822829e+01 3.324217451885713217e+02 9.512909403059288671e-02 7.449576604103011732e+02 1.126072657743785840e+03 7.800131066241586950e+02 7.229696479158235434e+02 nan nan
1.716600238922094945e+02 -2.224219959048011219e+02 3.060760386718227437e+02 1.829759936096306966e-02 7.470358974358974820e+02 1.149083059596433486e+03 7.899400206825232544e+02 8.869535216303181642e+02 nan nan
1.846775707024851840e+02 -2.446555659786970125e+02 3.920066409206709181e+02 1.102290966670186612e-01 7.478583708555055409e+02 1.017809809060277075e+03 7.849175182481751563e+02 7.989184718393067897e+02 nan nan
3.861485630817156220e+02 -5.649708096080405539e+02 8.768657130055106563e+01 1.156781539889547017e-01 7.529235836627141225e+02 1.493906950028719166e+03 8.239560956487651993e+02 1.426007235338918463e+03 nan nan
4.417116521120409516e+02 -6.539627891900242957e+02 1.056598470057715815e+02 7.519721135192415640e-02 7.571074162679425399e+02 1.465859787234042642e+03 nan nan 1.679978800413650561e+03 1.415057721518987364e+03
4.682210998671042290e+01 2.288714305042633068e+00 9.718349884961061491e+01 9.762024501188954276e-03 7.579077691958200376e+02 1.455909510086455384e+03 8.070179640718563405e+02 9.718149224806201119e+02 nan nan
4.022440849870277191e+01 6.179879955855376750e+00 4.713547595584652186e+02 1.486756594477569617e-02 7.590091743119265857e+02 9.360739549839228175e+02 7.819587396849212837e+02 5.450175171363290474e+02 nan nan
1.624846815881548139e+02 -1.908580649901429069e+02 3.210723624525647324e+02 2.539294488906377288e-03 7.600800722456351650e+02 1.128952667167543268e+03 nan nan 9.259582784365393309e+02 1.059908108108108081e+03
2.044935307791904791e+02 -2.550093805999217125e+02 2.465267744467974182e+02 3.611896326552402163e-03 7.628565531475748003e+02 1.236973013493253347e+03 nan nan 1.026011627906976855e+03 1.178950757575757507e+03
1.901620929390700780e+02 -2.328290864634265063e+02 3.812370935963689362e+02 1.237222817084650608e-02 7.641011272141706741e+02 1.034944618133095219e+03 7.999461476939483191e+02 8.070574263379435251e+02 nan nan
2.938605317887946740e+02 -4.080068637237650364e+02 5.702901335390658915e+02 9.428124307274118876e-03 7.649723404255319110e+02 7.120041407867495309e+02 7.909913793103448825e+02 6.899095406360423794e+02 nan nan
2.500532760512624861e+02 -3.296876534796853093e+02 3.828615748992448289e+02 5.138067582865408350e-02 7.660247283626827084e+02 1.020815437688658903e+03 nan nan 1.141093319559228576e+03 9.460824125230202526e+02
2.045771890544978930e+02 -2.587328466842686794e+02 6.280355625346487614e+02 1.314154554775312234e-01 7.669565217391303804e+02 6.599420702754035801e+02 nan nan 1.029035790598290532e+03 5.501153846153846416e+02
4.256390328235254970e+02 -6.144786033768928064e+02 1.779923042141083727e+02 1.436632432003681070e-01 7.696364345114344587e+02 1.338047857793983667e+03 nan nan 1.620933497536945879e+03 1.284004651162790651e+03
5.050115662635759151e+01 1.559889890574540949e+01 3.500868911967047552e+02 2.862934305627707829e-02 7.759759217456734177e+02 1.104093800978792842e+03 nan nan 6.571507647487254644e+02 1.028996181586762759e+03
2.838338526748531763e+02 -3.753255852265352814e+02 4.611248862107573245e+02 2.235744072067565730e-02 7.760244857982370377e+02 8.909491193737768526e+02 8.089933333333333394e+02 8.110071556350626452e+02 nan nan
3.343410812859133330e+02 -4.528817085060782119e+02 1.501615292886539805e+02 2.479262919495740379e-04 7.760709534368071445e+02 1.385940528634361272e+03 8.349651302605210503e+02 1.257928334124347430e+03 nan nan
3.681329497999425939e+02 -5.137204416909653446e+02 3.820713056399521861e+02 9.908222722140250238e-02 7.768997477931903859e+02 9.969727414330218380e+02 nan nan 1.449963781749764848e+03 9.290421172453045529e+02
4.195793360185910501e+02 -6.029943966836905247e+02 5.127841383644077951e+02 1.316843397809271468e-02 7.770153188457427405e+02 7.589596452328160012e+02 nan nan 1.598013812154696097e+03 6.868666666666666742e+02
4.449464019347082058e+02 -6.387555250781307450e+02 2.218306105591925643e+02 3.064372729458610806e-02 7.779387755102040956e+02 1.259981280788177401e+03 nan nan 1.671052601156069386e+03 1.204065900846432896e+03
2.292556487319672271e+02 -2.839173979293554453e+02 5.533211056493626074e+02 1.494201653315695068e-03 7.780201409869083591e+02 7.659888663967611819e+02 8.009512915129150770e+02 6.288935483870967573e+02 nan nan
2.572327315571326949e+02 -3.257680323257112605e+02 3.482409560114004989e+02 4.137182956822184950e-04 7.781488188976377387e+02 1.074791408114558408e+03 nan nan 1.149956896551724185e+03 1.004951154529307246e+03
3.959261010190958814e+02 -5.490914696370572301e+02 1.143701426335608176e+02 8.674479105232518750e-02 7.818344632768361180e+02 1.447978586723768785e+03 nan nan 1.522998994974874449e+03 1.399053372434017547e+03
2.672142191005140717e+02 -3.327308310171526387e+02 1.680617134749433035e+02 2.285407500853131602e-01 7.827062301045930326e+02 1.357023184868822455e+03 nan nan 1.170048603026775254e+03 1.307860889395667073e+03
3.909955934275556615e+02 -5.466343382869608831e+02 4.455237463746576054e+02 2.380014701966833793e-03 7.828752869166029313e+02 8.850135181975736032e+02 nan nan 1.510005385996409359e+03 8.141677767205835607e+02
4.109798717613522854e+02 -5.723933188392730926e+02 1.251412171470766026e+02 4.529688099184216166e-02 7.839385518590997890e+02 1.429877297565822118e+03 nan nan 1.564863596491228009e+03 1.379848769574944072e+03
3.673296736452917344e+02 -5.002350724737965493e+02 2.541083798819596211e+02 1.556610442346807906e-02 7.849001440230437083e+02 1.212011036174126275e+03 nan nan 1.439935732647814802e+03 1.153946341463414683e+03
2.505415552756221587e+02 -3.016294636167037879e+02 2.149253842491890794e+02 5.094321369095779206e-02 7.860949691991786494e+02 1.283906991260923860e+03 nan nan 1.124981240981240944e+03 1.229964312832194310e+03
1.368118514597881870e+02 -1.109039162247684089e+02 2.416227414489502223e+02 7.374614962221194038e-03 7.869476309226932926e+02 1.249899588960657638e+03 8.269827956989247468e+02 8.930163934426229844e+02 nan nan
1.651214217005494049e+02 -1.608016952491895779e+02 4.190398987373060322e+02 1.305340514521885834e-02 7.880227703984819527e+02 9.869663608562691479e+02 8.169991873222267031e+02 7.170545045045045072e+02 nan nan
1.786183758322464143e+02 -1.830706841871511585e+02 6.216691691446544610e+02 1.946886425269479109e-02 7.917441960447119982e+02 6.859592843923503551e+02 nan nan 9.479466257668711933e+02 5.760764017252002986e+02
2.731754827989208820e+02 -3.359221689207830650e+02 4.407420151086498663e+02 4.778691077375766399e-02 7.930789373814042165e+02 9.287539987204094132e+02 nan nan 1.180930167597765376e+03 8.496534003091189788e+02
4.115262529224473838e+02 -5.726057314356744428e+02 5.890627715884608051e+02 1.435018733423812885e-02 7.930799194089993307e+02 6.360341968911917547e+02 8.200221843003413369e+02 7.928698151950718511e+02 nan nan
2.541264859904526361e+02 -3.042211364254188766e+02 5.055825286944779009e+02 1.430371420453605859e-02 7.939848006882707523e+02 8.339777640518839235e+02 nan nan 1.132011979166666606e+03 7.459679054054054177e+02
2.321191544881364166e+02 -2.632405042721682662e+02 5.000801912397234901e+02 2.024628614521237907e-02 7.970236130867709790e+02 8.499175334323922471e+02 nan nan 1.073945631067961131e+03 7.609440700808625024e+02
3.716134627114054183e+02 -4.941999604311308758e+02 4.177699031283672753e+02 4.239328893027149991e-02 7.991534113847395702e+02 9.398953678474114213e+02 nan nan 1.441039697542533077e+03 8.699588704726826336e+02
8.448724458575993879e+01 -1.695152665347109178e+00 4.002059551468524319e+02 1.127378618151704884e-02 8.050522658610271947e+02 1.032151104223169341e+03 8.299176178660050027e+02 6.420546569994422725e+02 nan nan
1.992912973527225802e+02 -1.959761941967111341e+02 4.862911762059068792e+02 8.455239410470046652e-03 8.060004110152075327e+02 8.819661716171617627e+02 nan nan 9.859741666666666333e+02 7.928733424782807333e+02
4.909545642884026506e+02 -6.884508278962616714e+02 4.425758918128562414e+02 7.955085687368439185e-02 8.078702101359702965e+02 8.610747404844290713e+02 nan nan 1.783011648745519778e+03 8.010163785259326232e+02
2.886613424064842093e+02 -3.351816146891229664e+02 1.277592005352947808e+02 1.411973329704936837e-02 8.090937124549459440e+02 1.420758010680907773e+03 nan nan 1.205189577349199908e+03 1.376105791962174862e+03
1.482166785010077206e+02 -1.031948401082852769e+02 4.339633576858308857e+02 5.500735692812584038e-02 8.100203539823008896e+02 9.720289592760180994e+02 nan nan 8.600575747828884232e+02 8.878165137614679452e+02
2.073628950174135070e+02 -2.038220689562417647e+02 6.390769752210535444e+02 3.565961430706734991e-02 8.129692857142856610e+02 6.540126689189189619e+02 nan nan 1.002995852773457727e+03 5.459456886898096855e+02
1.128969037127744883e+02 -3.233658903096921478e+01 1.729134683514026563e+02 8.070666629313155704e-02 8.139128847157015798e+02 1.350053007742704040e+03 nan nan 7.710047393364928894e+02 1.305013778100072614e+03
1.926312400303472145e+02 -1.719076416751845784e+02 5.035492744737194357e+02 8.170428804404725187e-02 8.159544701986754944e+02 8.600754815200416488e+02 nan nan 9.629879576107899766e+02 7.688838065194531737e+02
2.262509399557002894e+02 -2.219855286552052007e+02 2.513289849436910686e+02 7.134849621537880590e-03 8.169911041339612439e+02 1.230784496124030966e+03 nan nan 1.041100523560209467e+03 1.173199741156169011e+03
6.874067623398308058e+01 4.731890364520242542e+01 2.402834892421645065e+02 5.046442220431690551e-02 nan nan 8.510221073786965462e+02 7.971624466571835228e+02 6.700742342342342681e+02 1.201876730683340838e+03
3.327353067767117523e+02 -4.069174228522262524e+02 4.359259427370645312e+02 2.402271924719600465e-02 8.170560991519895424e+02 9.239843559032021858e+02 8.490029481132075944e+02 8.750174278846153584e+02 nan nan
2.103511880842125379e+02 -1.995860218248697890e+02 5.732418142880680989e+02 3.170249562116916192e-02 8.189030906233630276e+02 7.518434731246308047e+02 nan nan 1.005068172650262227e+03 6.529933230611196677e+02
3.911229062005563719e+02 -5.015160031517543189e+02 5.273263091335830950e+02 1.038439222533074913e-01 8.230534759358288284e+02 7.558846529814271662e+02 8.500167154199749575e+02 8.279824155483572667e+02 nan nan
1.715716559981148350e+02 -1.269082119111068607e+02 5.743617219747148965e+02 4.613341401536857900e-02 8.239938226744186522e+02 7.651723735408560287e+02 nan nan 9.080252336448597816e+02 6.629791288566243566e+02
1.246458305107391640e+00 1.708542887501921825e+02 2.923925633753993338e+02 2.085423418056703282e-02 8.248019230769231172e+02 1.192025652985074657e+03 8.510248021108179728e+02 6.658910569105690911e+02 nan nan
3.542496432388432481e+02 -4.321319891030340159e+02 4.391239793352914944e+02 6.609355921488849206e-02 nan nan 8.579630021141648513e+02 8.918660839160838805e+02 1.370023538065465345e+03 8.420696228760878057e+02
3.125249867323036028e+02 -3.597738828539448832e+02 4.804839779074817443e+02 6.395979804928637619e-04 8.280643288434741862e+02 8.609226399783608485e+02 nan nan 1.256912275449101799e+03 7.817819518170681476e+02
3.439369161407857405e+02 -4.140231569619799075e+02 5.457478532921895749e+02 2.552678455401573288e-02 8.287827846735024195e+02 7.459217495987159054e+02 nan nan 1.341001551991722636e+03 6.640381679389313376e+02
4.234809087799302461e+02 -5.403099355247388758e+02 1.106208084211904179e+02 2.204985798320890089e-01 8.300209863588667076e+02 1.454955301455301424e+03 nan nan 1.560153163152053367e+03 1.405114160948221979e+03
3.340089565893325130e+02 -3.928708071402247128e+02 5.385024314841016349e+02 6.055007656586929021e-02 8.319553917765709912e+02 7.620943668753009206e+02 8.548769230769230489e+02 7.340318701142513191e+02 nan nan
1.820185557721221414e+02 -1.301817012617763396e+02 4.729638530556547948e+02 6.148571023450826595e-03 8.330690087829360664e+02 9.109731299927378814e+02 nan nan 9.250159791898922776e+02 8.238346534653464914e+02
4.277141616277841507e+01 1.128344997456274683e+02 3.722201786408550106e+02 9.845837319530931220e-02 8.348449230769231235e+02 1.081057258064516191e+03 nan nan 6.060967254408060398e+02 1.004138505747126487e+03
1.208412613450110058e+02 -2.394752626737524892e+01 5.848819546039449051e+02 4.100967495846429001e-02 8.360139200718455186e+02 7.700386215092097473e+02 8.470368043087971728e+02 4.390212987012986900e+02 nan nan
3.253719387960001086e+02 -3.623073697583305375e+02 8.532153948826042722e+01 4.439502375002340323e-02 8.369591489361702088e+02 1.489896132596684993e+03 nan nan 1.279952162516382714e+03 1.447904490377761931e+03
3.020419743869634317e+02 -3.274534731093474988e+02 5.153589461731806978e+02 3.681216642398706107e-02 8.400428837787445673e+02 8.119438107308830013e+02 nan nan 1.220163724893487597e+03 7.290351254480286798e+02
1.396221547537458605e+02 -4.596828636331863294e+01 5.098002290349493819e+02 6.418625551718606936e-02 8.420667726550079806e+02 8.711233552631579187e+02 nan nan 8.200276094276093772e+02 7.770396716826265902e+02
2.896334079410764275e+02 -2.998008146849695663e+02 4.431998749530262103e+02 6.047938560281525266e-02 nan nan 8.699573233185387835e+02 7.928911834789515751e+02 1.184121516164994318e+03 8.520575673166202932e+02
3.306337546517328292e+02 -3.675788806456409361e+02 3.593359185659080026e+02 1.101470265804123244e-01 8.447425037481259551e+02 1.051042196531791888e+03 8.779031171019377098e+02 9.480540145985401068e+02 nan nan
3.705260474581152152e+02 -4.319407424032197014e+02 1.599999372207689703e+02 7.101406351290653896e-02 8.449662797125483849e+02 1.370061011040093035e+03 nan nan 1.397071599045346147e+03 1.320078691875319464e+03
3.612018137343960689e+02 -4.151847295644033125e+02 1.332518521933324678e+02 3.186079897884529222e-02 8.450219922380335902e+02 1.413964615384615399e+03 nan nan 1.371064774830351553e+03 1.366109221713538318e+03
5.021709807246696755e+02 -6.646452702925325866e+02 5.947810113504294804e+02 9.074411687707659158e-02 8.489563076923077460e+02 5.950759219088937471e+02 8.729980979553020006e+02 8.699813953488371681e+02 nan nan
1.436054497443286095e+02 -3.867903566337078303e+01 2.879605017721804074e+02 7.618180947072792156e-03 nan nan 8.779715843857634354e+02 8.039922297297297291e+02 8.210395003376097520e+02 1.124189792060491527e+03
2.798306029553619396e+02 -2.666075645090147646e+02 4.551922124975799306e+02 8.738779608295079576e-03 nan nan 8.800197758734343552e+02 7.569860594795538873e+02 1.149114640883977927e+03 8.369972617743702585e+02
2.128187146590185819e+02 -1.460343047922609117e+02 2.533225474143636120e+02 4.500785679472918410e-02 8.569619710765934997e+02 1.230955079474775403e+03 nan nan 9.790639018197207406e+02 1.173871508379888155e+03
1.349742649300488040e+02 -1.243577990106523323e+01 3.025720405309543821e+02 5.313884885608127773e-02 8.570150150150150239e+02 1.166988411724608113e+03 8.840775588048314830e+02 7.719314775160599993e+02 nan nan
3.668971327006441925e+02 -4.064417334747145674e+02 4.218362223769186699e+02 1.737249846411692208e-03 8.649517657192076285e+02 9.449118432769367928e+02 nan nan 1.372125745257452536e+03 8.760419274092615751e+02
3.558815989486456601e+02 -3.835030823131464786e+02 3.703199729118627488e+02 1.281430965593556570e-01 8.669879275653923969e+02 1.030960958535271857e+03 8.979199294532627391e+02 9.509387291981845465e+02 nan nan
3.866343573315981530e+02 -4.306177410457561336e+02 3.255914514771911286e+02 2.958818245081631937e-02 8.717154189390183774e+02 1.098064159292035356e+03 nan nan 1.420018885741265422e+03 1.036978703703703786e+03
2.381594825088444338e+02 -1.771251100311943105e+02 6.034847629875788471e+02 4.080790353071775400e-02 8.719284722222222399e+02 7.089730561970746976e+02 nan nan 1.034976975731176026e+03 6.119196141479100106e+02
4.255658155740546249e+02 -5.029657246052336745e+02 6.130619843510695546e+02 3.259018214246303113e-01 8.729642166344293628e+02 6.099249249249248805e+02 nan nan 1.529959899749373335e+03 5.369657747355320225e+02
2.687934687596836056e+02 -2.272871573952592996e+02 5.824467849719919741e+02 1.044917739174216348e-02 8.739616552771450415e+02 7.288762437810945585e+02 8.869437991757212103e+02 5.720000000000000000e+02 nan nan
3.928219803588992249e+02 -4.408197828870781336e+02 4.342958820798050397e+02 7.464861765071283128e-02 8.740008923259964604e+02 9.187987869198311728e+02 nan nan 1.435950642054574701e+03 8.511188508461235642e+02
3.085772874173878222e+02 -2.967894111274871989e+02 5.933392366099093351e+02 1.694075962745716368e-01 8.740111607142856656e+02 6.959875706214688762e+02 nan nan 1.210954987834549911e+03 6.079979852249831538e+02
2.605111108557704824e+02 -2.039458899685473341e+02 2.210203873717712497e+02 8.399084612280069417e-02 8.750163265306122184e+02 1.276989898989899075e+03 nan nan 1.083204164550533278e+03 1.224031347962382370e+03
1.969859291167421134e+02 -9.258308591239133989e+01 3.897646020886525093e+02 1.325167993513216014e-01 8.778965330444203801e+02 1.035052372150338897e+03 8.999507983056370222e+02 7.250997583707282956e+02 nan nan
2.435483784447384892e+02 -1.719927559121456113e+02 4.260124295592844987e+02 8.784894250247451963e-02 8.799414567733151671e+02 9.720381622823267662e+02 nan nan 1.039937461300309678e+03 8.960546546546546551e+02
4.755661835109345361e+02 -5.726106003559694955e+02 8.602190818772760394e+01 4.382480866739341119e-01 8.799959839357429701e+02 1.498980349344978094e+03 nan nan 1.667994468346650365e+03 1.448939678284182264e+03
4.007489982839938989e+02 -4.447524185697828898e+02 3.040129619954976192e+02 5.795958231676046069e-02 8.800194010965836924e+02 1.131925187032418989e+03 nan nan 1.452036635006784309e+03 1.072966062296606196e+03
1.023209796220136241e+02 7.984435010494193818e+01 1.896195201559023360e+02 2.998892012292984910e-02 8.801118513323983734e+02 1.327770717045942547e+03 9.089726500265534241e+02 8.450085149863759852e+02 nan nan
5.151232199244713001e+02 -6.507329925670110242e+02 6.395501149918882220e+02 5.426543904394304230e-01 8.819503916449085636e+02 5.189776915615906319e+02 nan nan 1.785965034965034874e+03 4.599990749306197699e+02
3.189143810757610140e+02 -2.980612884283044650e+02 4.074611021566071827e+02 8.156888556493109566e-02 8.840500305064063014e+02 9.828852952237683667e+02 nan nan 1.227934288537549492e+03 9.128854860186418136e+02
2.329593738198603035e+02 -1.369066554043226631e+02 8.643193913189865896e+01 5.533115489736097070e-02 8.869798545047565312e+02 1.479033018867924511e+03 nan nan 1.004130562060889929e+03 1.441977536231883960e+03
4.451901409746782861e+02 -5.095724782314592289e+02 8.238151107211980673e+01 2.629976504488889533e-01 8.879634858812073617e+02 1.502881379962192796e+03 9.359833766233766710e+02 1.413026666666666642e+03 nan nan
1.711956078649529331e+02 -2.953321568227539018e+01 1.542370529368775465e+02 3.801089336945261826e-02 nan nan 9.199457547169811278e+02 9.570046201232032672e+02 8.570328563857975723e+02 1.334084330484330394e+03
9.128323956036848585e+01 1.177504897933504253e+02 1.385127679891157868e+02 9.636040257489483091e-03 8.919442877291960485e+02 1.397996887159533117e+03 nan nan 6.729509202453987200e+02 1.359018570624648191e+03
3.372807683584567826e+02 -3.141407225901739366e+02 1.185661923846821963e+02 1.358616099831621606e-02 8.921012507444908124e+02 1.435934645669291285e+03 nan nan 1.267049284578696415e+03 1.390823644357596550e+03
2.556921523177778113e+02 -1.712165578821959002e+02 5.150211595966439972e+02 6.478274231537861638e-02 nan nan 9.119449231922068293e+02 6.259770843490980496e+02 1.057926528991263012e+03 7.550563968668407142e+02
3.876680102082052031e+02 -4.003106974819780248e+02 4.129350941641596364e+02 3.335893938867842690e-02 8.989949290060851581e+02 9.590021344717182501e+02 9.239993654822335429e+02 9.160173805090006454e+02 nan nan
2.447564415843385177e+02 -1.433589999567669793e+02 3.692551652967520681e+02 1.797331566447846890e-02 9.016811808118080762e+02 1.058997242140099388e+03 nan nan 1.026015760441292286e+03 9.899292307692307986e+02
4.512339770464432576e+00 2.787175023605200295e+02 5.583164818200397121e+02 9.450420881916901661e-02 9.018570605187319416e+02 8.539495174461767419e+02 9.070160919540229543e+02 3.208980281690140828e+02 nan nan
2.722844864953350097e+01 2.405070015853743541e+02 4.544711451174871968e+02 1.222243473907170044e-02 9.020430939226519058e+02 9.831394321766561006e+02 nan nan 5.361344243132671181e+02 8.959659006671608950e+02
4.200626270717067996e+02 -4.458382603280581975e+02 2.427133833949973791e+02 4.429634324809043899e-02 9.059663049685893839e+02 1.232938723941882472e+03 nan nan 1.483193640440277250e+03 1.178053248136315233e+03
3.958541129229051307e+02 -4.026755398102512231e+02 2.936974587424266474e+02 6.817271451328103804e-02 9.068773913043478387e+02 1.152004438526409331e+03 9.379991776315789593e+02 1.069945772058823422e+03 nan nan
4.203407186334545713e+02 -4.413426259556309788e+02 1.784444560217957871e+02 1.388115374245328382e-01 9.090189431704885692e+02 1.340003215434083586e+03 nan nan 1.480948035487959487e+03 1.287986629134412397e+03
4.754083203542748493e+02 -5.444544147466364166e+02 4.948020948181373342e+02 1.033269829464248443e-03 9.099848197343453649e+02 7.960096899224806748e+02 9.319147012578616796e+02 9.230134037367993187e+02 nan nan
3.978745292905653059e+02 -3.993836220910204702e+02 4.201047088136137404e+02 1.281359579646887056e-02 9.142341496142233837e+02 9.469874727668844798e+02 nan nan 1.414883505917159709e+03 8.817541350022351025e+02
1.924026782902482182e+02 -3.288517369396674184e+01 4.244778077182819516e+02 1.560647815690649198e-01 9.150099054479964025e+02 9.911296037296036729e+02 9.310056497175140748e+02 6.529869753979739926e+02 nan nan
9.680192860360710938e+01 1.413950375396268271e+02 4.277782099944231504e+02 2.525508336263577180e-01 9.179348837209302019e+02 1.007076923076923094e+03 nan nan 6.740969962453066273e+02 9.259923076923076906e+02
5.504741885722512507e+02 -6.675292094469143649e+02 5.402419048253273104e+02 4.732133512369406103e-02 9.207380706465605726e+02 6.860665965650192675e+02 9.410364909694066000e+02 9.640404929577464372e+02 nan nan
1.542819830546714570e+02 4.685617769292174017e+01 2.486830036775260453e+02 2.077104752110132263e-02 9.209725609756097811e+02 1.244957677165354426e+03 nan nan 7.969397511460380201e+02 1.189977093772369471e+03
1.418195857626185159e+02 6.541955958107060098e+01 5.938585117373240791e+02 6.427063208686283058e-02 9.230241730279898320e+02 7.699450199203187140e+02 nan nan 7.730283224400870949e+02 6.690583971002819226e+02
5.129218395906817705e+02 -5.884297654917828595e+02 1.131414040525455675e+02 7.253749898463506159e-03 9.239642525533890876e+02 1.452976964769647793e+03 nan nan 1.738989348370927246e+03 1.399936257309941539e+03
5.146615393405661507e+02 -5.904330630457371853e+02 2.516301570863978441e+02 3.242879637132010506e-03 9.270093984962405784e+02 1.209056744186046444e+03 nan nan 1.741220704151339987e+03 1.154991156032848949e+03
2.461424446033687730e+02 -1.071927268691110982e+02 1.902954661609859102e+02 9.508464097129590287e-03 9.270493545937737281e+02 1.324923780487804834e+03 nan nan 1.008236483516483531e+03 1.276164937192790831e+03
2.881719517010865843e+02 -1.848209369823761108e+02 4.571639985853481676e+02 1.056051749668258100e-01 9.290373015873016129e+02 9.219263074484944127e+02 nan nan 1.114041287188828164e+03 8.469938016528925573e+02
4.436123466055128688e+02 -4.610664394213207515e+02 5.127751597399583261e+02 5.639939248533468175e-02 9.318958333333333712e+02 7.831831831831831323e+02 9.489105960264901114e+02 8.380757990867580247e+02 nan nan
2.347026687525098865e+01 3.008890901061998306e+02 1.153762224750421836e+02 9.305805392847137092e-03 9.320778790389394999e+02 1.426918326693227073e+03 9.549713849675696338e+02 8.009010452961672399e+02 nan nan
5.133771376338197356e+00 3.397975695887275833e+02 2.256674625376356005e+02 4.332115869917251699e-02 9.368226779252111101e+02 1.285028346456692816e+03 nan nan 4.670113234253361725e+02 1.233917533432392247e+03
4.996315186133920747e+02 -5.543763150987182371e+02 4.997163691035102602e+02 1.367873122730583427e-03 9.380968137254901649e+02 7.839431524547803747e+02 9.570238435860753725e+02 9.300032912781130108e+02 nan nan
1.664208533463164486e+02 5.222015337822394798e+01 2.291122717112248495e+02 1.559829741989621904e-02 nan nan 9.609166409385612724e+02 8.301782570422535628e+02 8.120933929458519742e+02 1.220173525377228998e+03
5.746194565081776773e+02 -6.832449305092227405e+02 1.101342177222905718e+02 2.389762608216719486e-02 9.389336569579287470e+02 1.461093493367024621e+03 nan nan 1.917000813669650142e+03 1.404998293515358455e+03
9.573940148652529558e+01 1.760805497487652644e+02 3.999939653578213097e+02 1.879320486958233061e-02 9.389521791767554078e+02 1.047059590316573576e+03 9.509201680672268822e+02 5.630418875927889530e+02 nan nan
2.721653412743447120e+02 -1.430798500535271955e+02 5.398547467670200604e+02 1.812399276271741896e-02 9.396813067150635561e+02 8.060585774058577044e+02 nan nan 1.066946607341490562e+03 7.220635696821516376e+02
4.042774639354223041e+02 -3.659051162550321123e+02 2.411941901486075039e+02 9.935151170413776545e-02 9.469717348927874809e+02 1.239004844961240224e+03 nan nan 1.402896119402985050e+03 1.184934907466496497e+03
5.848042113706394218e+01 2.677939057376515848e+02 1.106133455067259206e+02 2.496170878360676887e-02 9.510778977006100376e+02 1.433853658536585272e+03 9.729240924092408704e+02 8.289684466019417641e+02 nan nan
4.279972666662921483e+02 -4.053698604837719017e+02 3.868918538080591247e+02 1.195161438458217963e-02 9.518579007199697344e+02 9.987860199714693863e+02 9.728960468521229359e+02 9.639204498125781129e+02 nan nan
3.771332014235662200e+02 -3.098913897538167816e+02 3.021611535764015457e+02 3.018066596358282352e-02 9.530974044097125670e+02 1.145060864618885034e+03 nan nan 1.324112586605080878e+03 1.087017081850533714e+03
1.923512887313875126e+02 2.891029852379025300e+01 2.160445422341850019e+02 1.906030990755364432e-02 9.549299758537426897e+02 1.290129962390305081e+03 9.761086594504579352e+02 8.628029473684210870e+02 nan nan
5.435303883116180259e+02 -6.093184347483836518e+02 2.823884968733160008e+02 4.236037902562184501e-03 9.560153468385512951e+02 1.152959128065395134e+03 nan nan 1.801252460419341105e+03 1.099957996768982184e+03
8.368549022870972465e+01 2.284778521224683629e+02 2.610503566830216755e+02 5.091852350689425426e-03 9.569348705501618042e+02 1.235015414258188912e+03 nan nan 6.189776733254993815e+02 1.179049773755656133e+03
5.102871310067732225e+02 -5.441582550522488191e+02 1.039664742588019237e+02 2.759774650837616972e-01 9.569986824769433724e+02 1.467918555835432471e+03 nan nan 1.699050396640223880e+03 1.416000000000000000e+03
4.587077914934092746e+02 -4.525918309591654634e+02 3.345686382735536313e+02 1.734634849852687705e-02 9.580391709844559500e+02 1.078972792607802830e+03 9.818549562682215992e+02 1.069153403643336560e+03 nan nan
4.550607608775250696e+02 -4.458708756465772467e+02 3.813828023672748486e+02 1.081420070058974447e-04 9.587409357909662049e+02 1.002047341115434506e+03 9.799801596351197759e+02 1.004026055705301019e+03 nan nan
4.914412672720550859e+02 -5.130298192424946819e+02 4.317787137235764021e+02 1.768136193744371948e-02 9.588820835718374838e+02 9.070401411557123765e+02 nan nan 1.641100161030595700e+03 8.499468131868131877e+02
5.616386032624252493e+02 -6.377317384649721816e+02 2.047130336702319937e+02 9.121151310691996694e-02 9.590591939546599178e+02 1.289794011544011482e+03 nan nan 1.854936716791979961e+03 1.235969875573018953e+03
4.289721069587230318e+02 -3.995718631758167589e+02 6.106372572311914837e+02 4.888083147964669695e-02 9.610304878048780211e+02 6.370041067761807199e+02 9.690549496644295004e+02 6.669088036117381080e+02 nan nan
3.958076231470810740e+02 -3.239922454110148919e+02 2.323824171305850257e+02 1.328531544917219143e-01 9.671940375224877471e+02 1.254964083175803353e+03 9.929386569872958717e+02 1.095938879456706218e+03 nan nan
5.329740275792997863e+02 -5.753760935725148329e+02 2.592894263855832264e+02 6.553171421735382030e-02 9.679042920572273943e+02 1.196129404968226481e+03 nan nan 1.757091020910209181e+03 1.143037338764426295e+03
1.880536009170998000e+02 5.200792444065128706e+01 5.952480765831866165e+02 2.830706415365090520e-03 9.699631949882536901e+02 7.630008554319931591e+02 nan nan 8.459178247734139404e+02 6.678835070508890794e+02
1.895781148369892435e+02 5.765209723004062425e+01 2.182079683567098414e+02 4.005587636028884457e-02 nan nan 9.899452823570676401e+02 8.450774767146485829e+02 8.432184162062615087e+02 1.237178571428571331e+03
5.754293019219464895e+02 -6.551056239661899099e+02 5.719543860218803957e+02 5.868731953537344170e-02 9.710513981358188857e+02 6.299387643521049540e+02 9.840950337216431762e+02 9.189332273449920194e+02 nan nan
1.113535885873281472e+02 1.972363109289117631e+02 4.716664873309774748e+02 1.267229227705549133e-02 9.716042349382404382e+02 9.530370203160271103e+02 9.779393779652082230e+02 4.749305794606999598e+02 nan nan
4.950512057692593544e+02 -4.975784516372797839e+02 8.165544944536691219e+01 1.363210173593475127e-02 9.719477351916376620e+02 1.505105204872646709e+03 nan nan 1.639121613832852972e+03 1.454005728835136779e+03
7.968992722706833831e+01 2.590320803008755774e+02 3.977166260254525127e+02 1.316792469946191091e-01 9.729463636363636851e+02 1.057083041958042031e+03 9.818985753052917289e+02 5.260666953528399290e+02 nan nan
5.726867875462587563e+02 -6.430647902326800249e+02 5.055893139636311844e+02 6.391000105294097205e-03 9.760227272727272521e+02 7.507804258023514876e+02 9.919823204419889180e+02 1.003040704070407060e+03 nan nan
4.852602261438548226e+02 -4.828605105349984683e+02 6.317556067006621561e+02 4.621601130001304347e-01 9.768378245957864010e+02 5.772034412955465541e+02 nan nan 1.606156279069767379e+03 5.168253470667264082e+02
3.571805067566668868e+02 -2.401734826885266898e+02 2.898349864347282505e+02 7.021839945155823604e-03 9.779651253918494831e+02 1.169147393364928803e+03 nan nan 1.250080398162327810e+03 1.112004511278195423e+03
4.537958771017039794e+02 -4.179173662559519471e+02 3.044925914171606678e+02 1.891707372864793180e-01 9.779732858414960219e+02 1.132022966507176989e+03 nan nan 1.514072418417523522e+03 1.075891018619934357e+03
2.758466258527621449e+02 -9.354713861525137020e+01 3.264960352813932332e+02 5.567515806656599467e-03 nan nan 9.929214446952595381e+02 8.199318407960198556e+02 1.045140259740259808e+03 1.063159054271896821e+03
6.014729211732590386e+01 3.083215859182257077e+02 1.755629442701911387e+02 2.588429877320275185e-02 9.790087209302325846e+02 1.349013765978367701e+03 9.950772805086818380e+02 7.421983948635634079e+02 nan nan
4.780796966781446713e+02 -4.604777953677168512e+02 3.210452510598876756e+02 7.026679818035473646e-02 9.799305431878896115e+02 1.100157671058223514e+03 nan nan 1.582045730965701750e+03 1.044967387109224319e+03
4.025033527234402868e+02 -3.224930631541628827e+02 3.969980682696192957e+02 1.963113846533522371e-03 9.800754892823858881e+02 9.929586935638808427e+02 nan nan 1.370016327699799376e+03 9.308920454545454959e+02
7.525520021484776834e+00 4.097797485058744087e+02 9.813361209344590463e+01 1.805188658806710852e-02 9.807174447174446641e+02 1.448038696537678106e+03 9.979864775725593518e+02 7.659658717105263577e+02 nan nan
2.840309712168614737e+02 -1.039974820012902512e+02 4.620738075560755647e+02 5.759568811567841728e-02 9.817245823389021098e+02 9.249963476990503750e+02 nan nan 1.062986052409129343e+03 8.508842049092849038e+02
2.514639864478050129e+02 -4.206362662812418307e+01 5.221073817220797082e+02 5.958577287250993448e-02 9.839888619854721128e+02 8.479768270944741744e+02 nan nan 9.830110974106041795e+02 7.660149659863945999e+02
4.320166363676545416e+02 -3.741875615626924514e+02 5.431873540700021294e+02 1.542009238224378853e-01 9.840362080315996991e+02 7.501362447172468819e+02 nan nan 1.448255169797002509e+03 6.841753610374299797e+02
4.203693473369774551e+02 -3.500830529857658462e+02 4.445329248485097082e+02 5.674212266868056825e-03 9.847442650807137170e+02 9.129644879053010982e+02 nan nan 1.415007481296758215e+03 8.499032815198618209e+02
5.846344661282391826e+02 -6.473198817052997356e+02 9.775954624924911229e+01 1.513452991235461620e-01 9.858297491039426177e+02 1.483102189781021934e+03 nan nan 1.901026041666666742e+03 1.426900638750887083e+03
3.041298131666328004e+02 -1.361681699897222302e+02 6.126219317232786352e+02 1.906299533524016543e-01 9.870227057710501413e+02 6.979859022556390755e+02 nan nan 1.110225709372313077e+03 6.121022797288970878e+02
3.450015898948434483e+02 -2.034704828736750244e+02 1.805093482125454614e+02 1.318222305902822140e-03 9.870310283687942956e+02 1.338979872881355959e+03 nan nan 1.209880070546737215e+03 1.289873281530185295e+03
2.863310896858234855e+02 -9.991308668100727175e+01 4.219980726276162386e+02 9.256750642386502720e-03 9.870366748166259185e+02 9.839807005003574432e+02 nan nan 1.064084543761638770e+03 9.139929211892401781e+02
4.915925092618053895e+02 -4.679821394414329347e+02 1.658891787000369504e+02 5.486886893303104251e-02 9.918141499472017131e+02 1.360986842105263122e+03 nan nan 1.610072440087145878e+03 1.309047253396337965e+03
4.255391356721661396e+02 -3.509323952431165594e+02 4.774475908134627957e+02 2.754100765891272055e-03 9.918231126854107060e+02 8.599273112208892371e+02 nan nan 1.423098558260458503e+03 7.959984555984556209e+02
4.626684337800490425e+02 -4.124897766729840782e+02 1.480215421455582714e+02 1.252558084931318927e-01 9.929886164623467266e+02 1.391064343163538979e+03 nan nan 1.525107747562852637e+03 1.340093049971280834e+03
6.688878426184967907e+01 3.189565966619917390e+02 2.289121110672919315e+02 1.058414438671625990e-01 9.937324873096446254e+02 1.280111888111888220e+03 nan nan 5.610643216080402453e+02 1.228948067632850325e+03
3.698155428164218392e+02 -2.477813689402966304e+02 6.176502593539636337e+02 1.538765321403624993e-02 9.938586269196025569e+02 6.632028677642060757e+02 9.971180936313791108e+02 5.610841457157516743e+02 nan nan
4.194306525181087864e+02 -3.356479543046473282e+02 4.188389883186277984e+02 2.338678949446612240e-02 9.940550322260783105e+02 9.559001584786053627e+02 1.007967299578059055e+03 8.791173898419104944e+02 nan nan
2.267813827100922026e+02 2.079568216823539828e+01 5.306498254216023724e+02 5.675463533333017889e-04 9.958691006233303824e+02 8.459243515850143922e+02 nan nan 9.160751059963658918e+02 7.620619777158774468e+02
3.240973651820470991e+02 -1.518938199632803787e+02 5.171546535059544567e+02 3.152731988552804482e-03 1.000744936491589442e+03 8.349548989113529842e+02 1.007043613707165150e+03 6.299918215613382699e+02 nan nan
6.115637878271571708e+02 -6.869224682247685223e+02 5.352166960263136843e+02 6.597232944640855912e-02 1.000782198952879526e+03 6.849219234746639131e+02 1.012955499580184664e+03 1.004041216879293415e+03 nan nan
5.730504874927036099e+02 -6.138651845953390875e+02 4.871653854643363388e+02 8.082952409956632028e-03 1.000918303571428623e+03 7.889682230869001387e+02 nan nan 1.846989569752281568e+03 7.419256689791873214e+02
2.773285647502739266e+02 -6.488743516449186188e+01 5.846154140465313276e+02 3.321512163411707332e-03 1.001861779722830079e+03 7.530534005037783345e+02 1.004049826187717258e+03 4.920603408567480415e+02 nan nan
3.894940910879758178e+01 3.830896977541682986e+02 3.446734792396251237e+02 7.799099738546480531e-02 1.002067028985507250e+03 1.134809707903780009e+03 nan nan 5.010648182840014897e+02 1.067826163301141378e+03
5.353546931354445633e+02 -5.407238984318512394e+02 4.784983786016587715e+02 1.070854317443722253e-02 1.003025901942645646e+03 8.200048076923077360e+02 nan nan 1.729259818731117775e+03 7.680823743185948160e+02
3.363548259525759931e+02 -1.722107172431366564e+02 6.316235462758590984e+02 4.185117379075387056e-02 1.003936018957345937e+03 6.600846905537458724e+02 1.004949975235265015e+03 4.970404157043880105e+02 nan nan
4.483110456571915847e+02 -3.770114496268517428e+02 6.130961350537937733e+02 4.304786170239388587e-02 1.005940815431828128e+03 6.360456011054812961e+02 nan nan 1.474040085898353709e+03 5.700291332847779131e+02
3.909570139446846611e+02 -2.653009597959699022e+02 3.256639248538837137e+02 1.218688649649877186e-02 1.005991975927783301e+03 1.111014184397163035e+03 nan nan 1.315979772439949329e+03 1.052901751713632848e+03
1.785684547791223906e+02 1.302924838468215682e+02 6.045440664304509255e+02 1.098545363903609684e-01 1.009909736842105303e+03 7.629628496503496535e+02 1.008815555555555534e+03 3.600656431974589964e+02 nan nan
6.195834027389144012e+02 -6.877361302752418624e+02 3.030727600253502487e+02 1.480210938205011040e-01 1.010005882352941171e+03 1.107003913894324796e+03 nan nan 1.987028712059064901e+03 1.057991843393148429e+03
5.133655536123648062e+02 -4.895192751622949459e+02 6.060052853219533517e+02 3.956516797813199038e-02 1.012783653846153811e+03 6.161554809843399880e+02 nan nan 1.654035761589404046e+03 5.608217126813290179e+02
3.933607181983378496e+02 -2.604829340111919578e+02 3.534850145946938369e+02 5.143817008994044926e-02 1.013162138084632488e+03 1.067902515723270426e+03 1.026996232733361239e+03 9.100510344827586096e+02 nan nan
3.883136895298030709e+02 -2.544570107389147609e+02 5.980799209936049010e+02 1.003391424127540177e-01 1.013823866348448632e+03 6.901963421194190005e+02 nan nan 1.303981213307240751e+03 6.168841346153845961e+02
5.119368074257011472e+02 -4.790194600147057713e+02 2.812174743999835869e+02 1.360440810992855770e-02 1.014835908364411239e+03 1.165035976015989263e+03 nan nan 1.647988101396792445e+03 1.111915451895043816e+03
9.260221066226326059e+01 3.100088847794345952e+02 8.452263703829694919e+01 1.753588447699302444e-01 1.016061411549037530e+03 1.467995150339476140e+03 1.031970260223048399e+03 8.439165568730786617e+02 nan nan
4.682131774313081110e+02 -3.935477170028595992e+02 2.341831441209546369e+02 9.518902944022461510e-02 1.016920887877063137e+03 1.248932599724896818e+03 nan nan 1.518975247524752376e+03 1.195896077081899421e+03
1.846515854388046876e+02 1.333248830020437197e+02 4.159981543534403272e+02 2.651913240809890791e-03 1.016976078799249535e+03 1.018971929824561357e+03 1.023082070047046500e+03 5.828445544554455182e+02 nan nan
5.865369535502075138e+01 3.707514027908770231e+02 3.797721703899387649e+02 2.584690627704494884e-02 1.017126287676459356e+03 1.088930710773357077e+03 nan nan 5.329513494318181301e+02 1.018075488069414291e+03
2.581993049211198468e+02 9.532151288647884302e-01 2.198860455838318444e+02 6.041010499539608766e-03 1.018062133645955441e+03 1.283922261484098954e+03 1.033037022292993697e+03 8.890499999999999545e+02 nan nan
3.401708180586848016e+02 -1.479987881250028465e+02 1.531996335680628647e+02 1.325450091239273043e-01 1.020181313131313118e+03 1.380923882681564237e+03 nan nan 1.170008302583025852e+03 1.334086170212765865e+03
3.807054332960906322e+02 -2.259787416406686020e+02 3.388275271534298554e+02 6.019655824236760065e-03 1.020963896848137551e+03 1.093922316384180704e+03 nan nan 1.276027528809218893e+03 1.035047791455466950e+03
3.055630682435509016e+02 -7.631491632334517305e+01 1.601273836147372833e+02 1.125222025896644926e-02 1.025098400000000083e+03 1.370052163364334774e+03 nan nan 1.079046765393608666e+03 1.323968137254901876e+03
4.626030126587132827e+02 -3.704238230329036696e+02 3.414074090906145784e+02 7.448573706949948581e-02 1.027863305613305556e+03 1.075039048200122124e+03 1.042035525321239675e+03 1.010094488188976356e+03 nan nan
2.341135280895969117e+02 5.800572817067271814e+01 3.947234794294804487e+02 4.266057978883969204e-02 1.028038961038961133e+03 1.040010526315789548e+03 nan nan 9.080405327156919384e+02 9.719430217669654439e+02
5.321902772687900551e+02 -5.006481296747564897e+02 2.901974132840505263e+02 6.141332260917142100e-02 1.028069188490138913e+03 1.147734130255564651e+03 1.045901803607214333e+03 1.179971472629144273e+03 nan nan
6.153603954795956952e+02 -6.579100113405542061e+02 2.906692699383897320e+02 8.191875047686886235e-02 nan nan 1.047937395192845088e+03 1.318015772870662431e+03 1.953912719690199538e+03 1.082912571793235429e+03
3.218703619498732564e+02 -1.017212908097659465e+02 4.221659771670352939e+02 4.857867755140190050e-03 1.031828196347031962e+03 9.820568685376662188e+02 1.039019422074846034e+03 7.210263582571275265e+02 nan nan
3.233026682307274768e+02 -1.003353840093907365e+02 3.489193379066698526e+02 4.143003492172417541e-03 1.033790070156502907e+03 1.090172361997746975e+03 nan nan 1.118164820675105375e+03 1.029112185686653675e+03
2.464660488255733810e+02 4.438934268325090926e+01 4.262837039163906070e+02 4.578831189898560639e-03 1.034729729729729797e+03 9.941564472497746010e+02 1.039977717391304395e+03 6.259310551558753559e+02 nan nan
1.369346608361412052e+02 2.568893413006521200e+02 9.708293688949778755e+01 1.147275433023324867e-02 1.035005376344086017e+03 1.453034065934065893e+03 1.048963358070500817e+03 8.659346660165772391e+02 nan nan
4.136497549001492757e+02 -2.694331369117834356e+02 4.651121396186876495e+02 1.116076453627790413e-02 1.035975059382422842e+03 8.919198473282442592e+02 1.042951760563380276e+03 7.809152744630071084e+02 nan nan
5.835812272601880295e+02 -5.817811005092711412e+02 8.579391944612190457e+01 4.303997543628334393e-02 1.038959770114942557e+03 1.502985573272589136e+03 nan nan 1.843036998436685735e+03 1.446880775812892125e+03
4.773061149282112297e+02 -3.844368289861675976e+02 3.935825602520598068e+02 1.621697050563071160e-02 1.039052166224580105e+03 9.880267441860464714e+02 1.049893956043955995e+03 9.568924731182795540e+02 nan nan
5.940235010796817505e+02 -6.072118384955259671e+02 6.313025411641751816e+02 2.306604060433183750e-02 1.040933281613653890e+03 5.349991922455573103e+02 1.043912513842746421e+03 8.090753424657534651e+02 nan nan
6.429703253302197936e+02 -6.922854478925776220e+02 8.310093853342036141e+01 5.352511297441929772e-01 1.041028211805555657e+03 1.512903667214012103e+03 1.068110039456378672e+03 1.619080568720379233e+03 nan nan
2.397581560636800475e+02 7.303302304567922931e+01 3.253607106506581204e+02 4.014570303976847804e-02 1.044046190761847583e+03 1.137952380952380963e+03 1.051914816492976797e+03 7.280424944812361900e+02 nan nan
5.486062508638160580e+02 -5.111453201625752740e+02 4.018367757651993770e+02 3.925697057188064221e-02 1.046002707581227469e+03 9.550292772186642196e+02 1.056972972972972912e+03 1.047813432835821004e+03 nan nan
1.117401748550545477e+02 3.246528071031309537e+02 1.059296159480310422e+02 2.111604291437596537e-02 nan nan 1.058952989690721552e+03 8.190082684824902799e+02 6.200323108384458237e+02 1.404895361380798249e+03
2.973761721382268775e+02 -3.543819869186694405e+01 5.486294643713761161e+02 2.393368589510531247e-02 1.046983640081799649e+03 8.080518962075848322e+02 nan nan 1.045864304235090685e+03 7.299762972453555676e+02
5.746382553450230262e+02 -5.565025206699210685e+02 2.784293290390038464e+02 2.378654441924653133e-03 1.047967117988394648e+03 1.163041420118343240e+03 nan nan 1.804921447484554392e+03 1.112084525357607390e+03
4.680730958707380296e+02 -3.542012201739926240e+02 5.725572622036236226e+02 1.219008363405535856e-03 1.050843728581219921e+03 7.040091353996737098e+02 1.053008403361344563e+03 7.029674647022712861e+02 nan nan
3.354475688420692450e+02 -9.708876444861759580e+01 2.685568243954291461e+02 3.414913806383909622e-02 1.050942158385093080e+03 1.209092812006319036e+03 1.061945378151260456e+03 9.049984871406959428e+02 nan nan
4.176296361528976036e+02 -2.539070075885633173e+02 3.161326586016771216e+02 4.899724129154271746e-02 1.051024748646558464e+03 1.126005672609400335e+03 nan nan 1.348162899262899373e+03 1.070157693643626317e+03
3.713570953687809606e+02 -1.646841227150125349e+02 3.129940667536094452e+02 2.869124487514983918e-02 1.051935875216637669e+03 1.138111986001749756e+03 1.061902693310164977e+03 8.990629722921914890e+02 nan nan
4.549742832302178499e+02 -3.263979081969132494e+02 4.854703568420569582e+02 4.613018239594635084e-02 1.051963792654337112e+03 8.490245746691871318e+02 nan nan 1.450099971354912668e+03 7.889953982300885400e+02
4.545933532302470326e+02 -3.203740816971569529e+02 1.571095409173453277e+02 1.515103725082627729e-02 1.051992810065907634e+03 1.375958306188925008e+03 nan nan 1.447982869379015028e+03 1.325976923076923185e+03
5.431447302409007989e+02 -4.876397855189272832e+02 1.263880352902147166e+02 2.689792287650490110e-02 1.053056846267918900e+03 1.429134940995382294e+03 nan nan 1.703997000599880039e+03 1.376034837235865325e+03
3.354820278498380048e+02 -9.541812260344759977e+01 4.283253464906696877e+02 1.993551522205369922e-02 1.053998072598779345e+03 9.730610837438423459e+02 nan nan 1.133047536732929984e+03 9.071684296175752706e+02
1.716664671190455920e+02 2.203540692451599625e+02 4.782365750459878768e+02 1.682156907306197463e-02 1.056961521644075219e+03 9.441928679055750990e+02 nan nan 7.480293333333332839e+02 8.660086505190311073e+02
4.487588276809402146e+02 -3.044449319929806279e+02 2.864392821604082542e+02 7.848474046452219577e-02 1.057025249169435256e+03 1.168920571882446438e+03 1.069099033816425163e+03 1.033817558299039774e+03 nan nan
3.042140251034961693e+02 -2.695311421895766557e+01 3.333180902453643739e+02 7.688174761959927495e-02 1.059012548262548307e+03 1.118870669745958367e+03 nan nan 1.050853311661926000e+03 1.058990498812351461e+03
5.433732659509083760e+02 -4.830657720436248042e+02 3.853513108091653407e+02 4.901595632353147186e-02 1.060064122137404638e+03 9.869720713731575188e+02 nan nan 1.697106648666891715e+03 9.360553330906443534e+02
4.944581805381763502e+02 -3.879506196435005450e+02 4.484658674168883863e+02 3.013582947370066836e-03 1.061882733148661146e+03 8.970603318250376788e+02 nan nan 1.552016090104585601e+03 8.419493355481727122e+02
6.574023743694212385e+01 4.395967396432017722e+02 3.213678378170293968e+02 1.270993771633112737e-02 1.064961423220973757e+03 1.166770733825445177e+03 nan nan 5.180897626112760008e+02 1.105035928143712681e+03
5.034638827737504698e+02 -4.025277662203058071e+02 6.118698334994611514e+02 7.032294007597632290e-02 1.065811618411284371e+03 6.271659263959390955e+02 nan nan 1.574187896001747959e+03 5.711510135135134760e+02
2.362636700010881725e+02 1.116514216234156436e+02 4.393947176108741814e+02 9.208543728888404778e-02 1.065909716251074769e+03 9.828904051172708023e+02 nan nan 8.860156431054460882e+02 9.118677900194426229e+02
7.932147202394224905e+01 4.168219163965318330e+02 2.041056920434494657e+02 2.590954813894090492e-02 1.066030751034890500e+03 1.314007432432432324e+03 nan nan 5.430413184772515933e+02 1.266948957189901193e+03
5.260054182040718160e+02 -4.397248952750443323e+02 2.933380041712504180e+02 7.360394578196003366e-03 1.066779085559076520e+03 1.146997208653175221e+03 nan nan 1.639010165864098553e+03 1.094969290898939107e+03
2.379351620611472811e+02 1.132624551865210805e+02 3.299565782871011947e+02 1.568351401368296011e-02 1.067855466916940486e+03 1.134064627813040943e+03 1.073047723532638429e+03 7.028900462962963047e+02 nan nan
5.214387046007392428e+02 -4.276934766852531880e+02 3.592053173789972789e+02 4.300098336429107257e-03 1.070035714285714221e+03 1.038055366269165233e+03 1.079023672883787640e+03 1.040886295180722982e+03 nan nan
9.089550675914429689e+01 4.062773949900076786e+02 3.351810117807969505e+02 7.988123125307902694e-02 1.073964152352501969e+03 1.147010439970171547e+03 nan nan 5.639902365752910782e+02 1.084224926563155577e+03
2.500585413248193447e+02 9.646599838125133886e+01 5.231706966060481818e+02 7.513312742492167517e-02 1.073967245989304729e+03 8.650404745289602033e+02 nan nan 9.129295837023914828e+02 7.870806087936865651e+02
2.041265654746582072e+02 1.901459167197036777e+02 4.911565299961022788e+02 2.122696781571922764e-01 1.076936332767402291e+03 9.220400348128807764e+02 nan nan 8.061012190616919497e+02 8.451456921587608804e+02
5.962818476027310908e+02 -5.645387914803482090e+02 5.993907309270815631e+02 1.154183632713541158e-01 1.078808298755186797e+03 6.010787689097547855e+02 1.078931800766283459e+03 8.279524286429644917e+02 nan nan
5.305088570948960296e+02 -4.351191339317670668e+02 6.298150262783502740e+02 4.489440951621823106e-01 1.080772252497729369e+03 5.869902707275804232e+02 nan nan 1.638020361990950278e+03 5.368739495798319012e+02
1.647306006734967188e+00 5.894937307547172622e+02 6.113872502524643551e+02 3.996686092053316347e-02 1.080875253036437243e+03 8.248233427362482644e+02 1.075927282104177493e+03 1.460905775075987947e+02 nan nan
5.430776597853885050e+02 -4.474731220483236029e+02 1.768364856362097441e+02 1.275885220777020837e-03 1.084972602739725971e+03 1.343020242914979690e+03 nan nan 1.671936657681940687e+03 1.290783333333333303e+03
4.955519445771161031e+02 -3.585006926796368703e+02 3.943724234056813884e+02 7.727068291425541816e-03 1.084992137449039092e+03 9.889091293322062484e+02 nan nan 1.533108980582524282e+03 9.350016846361186253e+02
6.157432173913665565e+02 -5.947562439524177762e+02 6.195256467545082160e+02 6.068699497175937818e-01 1.085002083333333303e+03 5.569317697228144652e+02 nan nan 1.893012484394506828e+03 5.210763052208835688e+02
1.621035906127689827e+02 2.917948048511420893e+02 2.257466187321448672e+02 4.180547894622727023e-02 1.086921366163621997e+03 1.283069387755102071e+03 1.091978968452679055e+03 7.180677267373380346e+02 nan nan
1.018330835688958587e+02 4.119238725191578396e+02 2.621554999716100269e+02 2.605457385586178480e-04 1.089014970059880170e+03 1.239990999999999985e+03 nan nan 5.760035087719297735e+02 1.186132098027495431e+03
6.576430619013482328e+02 -6.666356805060754596e+02 3.509610534518296276e+02 1.234423872235207095e-02 1.090084973595775409e+03 1.019962868117797711e+03 nan nan 2.025036507153428602e+03 9.770397350993378041e+02
5.055266884945008314e+02 -3.682951470427910294e+02 2.649029081649503610e+02 2.892622223279435467e-02 1.090698777506112492e+03 1.199113620807665939e+03 nan nan 1.556148936170212664e+03 1.147030467163168623e+03
6.060929636383144725e+02 -5.632841863102918296e+02 2.228922632462083300e+02 4.861622355258356232e-02 1.090896911898274311e+03 1.259919655667144980e+03 nan nan 1.859103538663171776e+03 1.208148648648648759e+03
4.220786901857973703e+02 -2.031020241637260710e+02 1.684869505611263776e+02 2.580424267198939275e-02 1.091961313868613161e+03 1.358080262080262173e+03 nan nan 1.323115363586659441e+03 1.309039999999999964e+03
2.424374691062174350e+02 1.444784995482341685e+02 2.230336240810241861e+02 1.512553119956724923e-01 1.091988600379987247e+03 1.282927259887005675e+03 1.097997995188452251e+03 8.089523076923077269e+02 nan nan
4.416827677363588123e+02 -2.415834028931313924e+02 3.611090673426932653e+02 1.121926069934148229e-02 1.093745267353038798e+03 1.056070688878883402e+03 nan nan 1.375171908506075852e+03 1.000085561497326239e+03
6.230167742294284494e+01 5.013094599733845484e+02 1.045816529537193844e+02 4.261369052301701432e-02 1.094839346494213714e+03 1.440013617021276559e+03 nan nan 4.900050547598988828e+02 1.405030881017257116e+03
2.210118061819040634e+02 1.855180316742780349e+02 5.668703835634825055e+02 4.097870313267829023e-02 1.095010140405616312e+03 8.191702284450994966e+02 nan nan 8.320317834020012242e+02 7.360357388316151628e+02
4.186378026919580293e+02 -1.896547430257437838e+02 8.098643480697494113e+01 4.821816714773931034e-01 1.095792491121258308e+03 1.494134628265237779e+03 nan nan 1.310072387344199342e+03 1.448012124711316346e+03
3.336150747811811357e+02 -2.544459093058308241e+01 4.455255410103355871e+02 7.780046595678396897e-03 1.098927327781983422e+03 9.558168421052631629e+02 nan nan 1.092124550898203552e+03 8.898885177453026927e+02
3.628094681868686280e+02 -8.071542529665676113e+01 5.293227110808198859e+02 3.177102891587189892e-02 1.100795069795069821e+03 8.251075994318181301e+02 nan nan 1.163947425474254715e+03 7.559616252821670059e+02
3.754827619489834660e+02 -1.023802719690577874e+02 3.573617370659162020e+02 4.428941691868047009e-02 1.101083530805687133e+03 1.075984246575342468e+03 1.103979198376458726e+03 8.129599542334095759e+02 nan nan
6.271833909646106804e+02 -5.909363254871714162e+02 1.472555625509303070e+02 9.128492287132158531e-03 1.101103297769156143e+03 1.393984401114206094e+03 nan nan 1.915983922829582070e+03 1.338740740740740648e+03
4.693951797443699547e+02 -2.851031848018112100e+02 4.287597029817798671e+02 1.455423230490657770e-02 1.101960994263862403e+03 9.439057613168723719e+02 1.103950276243093867e+03 8.509508771929824889e+02 nan nan
1.415583292304673648e+02 3.562081919967423005e+02 4.022666476106574578e+02 2.505305376462515707e-02 1.102891592920354014e+03 1.056887476160203505e+03 nan nan 6.518854489164086772e+02 9.879293067947837699e+02
1.940545782498629990e+02 2.571145242784222660e+02 2.707929618408996930e+02 1.125399296743712224e-01 1.103965209634255189e+03 1.222004616805170826e+03 nan nan 7.620682539682539982e+02 1.167985159817351587e+03
4.914777943847911388e+02 -3.197503032042347968e+02 3.144522204739849940e+02 4.635281155585732615e-02 1.106945791726105654e+03 1.121990692262943639e+03 1.112010984182776838e+03 1.021031314168377776e+03 nan nan
3.934049977909048721e+02 -1.319933929138787505e+02 5.865660578200604505e+02 2.522375741264296783e-02 1.107038426349496831e+03 7.300479323308270523e+02 nan nan 1.236976594768242421e+03 6.609795121951219699e+02
6.569534580830489858e+02 -6.428990407036709485e+02 2.858725778288252855e+02 5.234150735883377759e-02 1.107921875000000000e+03 1.141077351485148483e+03 nan nan 2.003960735171261376e+03 1.093903854674346576e+03
6.236027783313883219e+02 -5.781150777369717844e+02 5.472776371551756256e+02 9.769740432115724127e-03 1.109893824485373671e+03 6.860524861878452612e+02 1.108997310623039084e+03 9.180000000000000000e+02 nan nan
5.077177601239987439e+02 -3.450073313942797313e+02 1.427648039620929978e+02 2.891957385343303655e-02 1.109917586460632720e+03 1.400000000000000000e+03 nan nan 1.543939460892620446e+03 1.349036106750392491e+03
5.296792687687096759e+02 -3.937762317840789592e+02 5.534512237229926086e+02 6.468410500487901948e-04 1.109991699331334985e+03 7.219073490813648277e+02 1.107984447900466648e+03 7.679858490566037972e+02 nan nan
5.047019861783044803e+01 5.496479645118399731e+02 3.911722243880053611e+02 3.713309878796331419e-03 1.110699494949494920e+03 1.087028115015974436e+03 nan nan 4.619617537313432649e+02 1.018004708097928415e+03
5.677540939962967741e+02 -4.665644970093899815e+02 4.946241757329640905e+02 1.187987288925466262e-02 1.110796652719665190e+03 8.030536705737199554e+02 nan nan 1.719000000000000000e+03 7.568919198895027876e+02
3.987312136713326822e+02 -1.316020634462199155e+02 3.319751987404368379e+02 5.202153122701147492e-02 1.111803749622013811e+03 1.111022268615170560e+03 nan nan 1.245072892938496580e+03 1.055076612903225850e+03
2.764512907733765701e+02 1.047161168681813166e+02 5.621635870219506614e+02 6.553681728876364909e-02 1.112067460317460245e+03 8.110006501950584834e+02 nan nan 9.460815825375170789e+02 7.328029556650246832e+02
4.835074040588356183e+02 -2.977577153870234383e+02 3.670654435080663234e+02 5.785513935289280426e-04 1.112105446118192276e+03 1.039835394862036082e+03 1.114980797206866555e+03 9.399961779961779484e+02 nan nan
6.753508914042039351e+02 -6.747042100955941351e+02 4.340248009609607607e+02 2.199153191085456011e-02 1.113075044143613923e+03 8.659521868050408102e+02 1.115864100549882096e+03 1.158093306288032409e+03 nan nan
2.578888331423366367e+02 1.488073682247926968e+02 2.266516731098048183e+02 3.413835590724659252e-02 1.113789774895078153e+03 1.278037300177619954e+03 nan nan 8.979890387858347367e+02 1.228013489208633018e+03
3.205570031399204822e+02 2.467678355994127415e+01 3.191808040789865686e+02 5.445387235265937431e-02 1.113818281938325981e+03 1.142145552560646820e+03 nan nan 1.047102755905511913e+03 1.084966779279279308e+03
6.885706967943413019e+02 -6.954629539837233096e+02 1.617567606907433060e+02 1.486422062364107025e-02 1.114918741193048390e+03 1.366964078794901525e+03 nan nan 2.103092833876221448e+03 1.311014634146341450e+03
6.272865950354076858e+02 -5.801126656431349602e+02 6.073694308751059907e+02 4.006423116940129869e-01 1.115058403923316973e+03 5.800111940298507989e+02 1.110976137870083903e+03 8.359508928571428896e+02 nan nan
1.580632573452176359e+02 3.522799526347633332e+02 3.180135868120680129e+02 2.699817488335506770e-03 1.118918493535694097e+03 1.164984126984126988e+03 nan nan 6.750000000000000000e+02 1.105880616174582883e+03
4.854930076809088177e+02 -2.899948958403587085e+02 2.139178641856872787e+02 9.115479180318169367e-03 1.118960618846694842e+03 1.285139291736930772e+03 nan nan 1.472281273983115852e+03 1.234074156059767574e+03
4.355443629807249977e+02 -1.887353095246616022e+02 8.421877863176814571e+01 1.284939329156622664e-02 1.119731129476584101e+03 1.489027871621621671e+03 nan nan 1.334056535269709457e+03 1.442991655969191243e+03
2.482108399608845275e+02 1.748293963349084379e+02 4.061446248693920893e+02 1.319938630372589072e-01 1.119890486725663777e+03 1.033884353741496625e+03 1.118025454545454522e+03 5.890148016577857106e+02 nan nan
3.748252074076108329e+02 -7.539963925469976402e+01 6.167512467171532080e+02 4.256359728105933715e-02 1.120953211009174311e+03 6.972073394495413368e+02 nan nan 1.177932350390286274e+03 6.249485368314833522e+02
5.950802202777979346e+02 -5.050334232514381938e+02 6.219690454329141858e+02 7.819940923172284328e-03 1.123913043478260761e+03 5.768520930232558612e+02 1.119012048192771090e+03 7.589848331648129260e+02 nan nan
2.609403697335891934e+02 1.619274451857053521e+02 1.441357342097502965e+02 9.578982962475142762e-03 1.124970973782771580e+03 1.391953139643861277e+03 1.129018082191780877e+03 8.911013110846245127e+02 nan nan
6.347292197711761901e+02 -5.778889816728078586e+02 2.964661661517473590e+02 4.652498245373343222e-02 1.125051846032992898e+03 1.127990468625893527e+03 1.129905003166561073e+03 1.259150000000000091e+03 nan nan
6.042403266591754800e+02 -5.165633875615243369e+02 3.114158969643158912e+02 1.259766469671586564e-01 1.125938569989929420e+03 1.108008032128514060e+03 nan nan 1.815954630205096237e+03 1.059792311799252502e+03
5.652292531834550573e+02 -4.375373476662941243e+02 1.882050680679226389e+02 1.050868529269762160e-02 1.126038251366120221e+03 1.323989786443825551e+03 nan nan 1.697077555816686299e+03 1.271950233281492956e+03
2.494870996399593821e+02 1.859886277097906202e+02 1.704474359385787068e+02 7.389284958760475308e-02 1.126111634162743712e+03 1.355819838914794445e+03 nan nan 8.689711191335740068e+02 1.310937960042060922e+03
5.383910827623483328e+02 -3.837025464695681762e+02 4.229644235492956454e+02 1.848064741854901771e-02 1.128932506887052341e+03 9.369567282321900166e+02 nan nan 1.613981087470449211e+03 8.869431438127090814e+02
8.317605480480193592e+01 5.202111057817776327e+02 6.346414289611958566e+02 5.439984855108500206e-04 1.131897066392177067e+03 7.841343183344527006e+02 1.124045155221072491e+03 1.578316642823080542e+02 nan nan
1.607475781408888338e+02 3.659346470477889284e+02 5.901386452065529511e+02 5.797358936099570106e-03 1.131982202982203034e+03 8.159877693651718573e+02 1.124877732493516078e+03 2.790477922077922130e+02 nan nan
6.570576376242461265e+02 -6.119475277894918008e+02 2.495054770672844882e+02 1.275261224294438334e-01 1.132941260744985584e+03 1.209011834319526542e+03 nan nan 1.977290175171363217e+03 1.160034860557768980e+03
3.124411969703345093e+01 6.268513285605616829e+02 6.054800552614965454e+02 1.938408805010593539e-01 1.132959049959049935e+03 8.349974576271185924e+02 nan nan 4.151523592950539978e+02 7.420291044776118952e+02
3.673178338695215075e+02 -3.923457237542942266e+01 6.101519725068174012e+02 1.179040658012130288e-01 1.134878338278931778e+03 7.139452672247263081e+02 1.128046882793017403e+03 4.679281914893617227e+02 nan nan
3.804439159154661070e+02 -5.675492695568159007e+01 1.202273218422637768e+02 3.344311940804836625e-02 1.135929501915708897e+03 1.430010317460317538e+03 nan nan 1.176026298487837039e+03 1.385128807106598970e+03
6.261843101086162733e+02 -5.447427155059097004e+02 9.815553248831716360e+01 1.207168332625077056e-01 1.135984990619136852e+03 1.480993170731707323e+03 nan nan 1.875902591599642619e+03 1.423948093220338933e+03
6.426398447921328625e+02 -5.784287140666008327e+02 2.698749755147116502e+02 3.504161787029749960e-03 1.136959821428571331e+03 1.175064876957494334e+03 nan nan 1.925993708053691307e+03 1.126729052197802275e+03
6.313010243855114823e+02 -5.580371423313764581e+02 4.595100808326945412e+02 1.378684217287025858e-02 1.137014662756598227e+03 8.430116731517509834e+02 nan nan 1.888051546391752481e+03 8.040000000000000000e+02
4.282466732841626822e+02 -1.533543961734173706e+02 4.491025392246436354e+02 3.545012870148948891e-02 1.137867464539007187e+03 9.309923798358734075e+02 nan nan 1.300005817028027423e+03 8.719276236429433311e+02
6.993679414840423760e+02 -6.906648142930761196e+02 2.829655893658028845e+02 2.356694296272547617e-02 1.137978977741137669e+03 1.141160262008733525e+03 nan nan 2.111976821192053194e+03 1.096006688963210763e+03
6.048596278338822003e+02 -4.995773556414139307e+02 1.990347158958395539e+02 3.797248585074032567e-02 1.139003676470588289e+03 1.303956441149212196e+03 nan nan 1.804889165628891760e+03 1.251802401746724854e+03
4.602858800856974142e+01 6.122531682585099588e+02 5.818293595542763796e+02 4.107466920055204487e-03 1.140984789008832195e+03 8.609720767888306909e+02 1.134064922480620226e+03 1.780872794800371537e+02 nan nan
1.697364152181268366e+02 3.706067743549139095e+02 3.047309769292428996e+02 5.064199391266427375e-03 1.142938042131350585e+03 1.182887980769230808e+03 1.140991248272685425e+03 5.989462248777838340e+02 nan nan
3.796156694457129106e+02 -4.728512265312579643e+01 5.225020142289179148e+02 5.275937986643508288e-04 1.144895462105013166e+03 8.389693645990922732e+02 nan nan 1.169074474856779034e+03 7.730112179487178992e+02
4.873944616097812172e+02 -2.607583431630771997e+02 4.485177102598139527e+02 4.220447617562433917e-03 1.144906791702188229e+03 9.149393617021277123e+02 1.141972043701799521e+03 8.168260278627251409e+02 nan nan
2.514040076311034113e+02 2.129929043045137860e+02 2.780047842789708739e+02 2.056166074601514099e-03 1.145853688029020532e+03 1.210041295546558786e+03 nan nan 8.600541463414633654e+02 1.156131787330316683e+03
5.237700079102521613e+02 -3.280245610017555578e+02 2.704428145506247461e+02 7.264304350094528961e-03 1.146973763874873839e+03 1.191969008264462900e+03 nan nan 1.554077105575326186e+03 1.140968350168350071e+03
1.380058943410500660e+02 4.429092928530143922e+02 3.124757904630182566e+02 5.377546568272197069e-03 1.148020793950850702e+03 1.176998065764023295e+03 nan nan 6.139146147736298644e+02 1.118905856595511750e+03
5.916857693158741540e+02 -4.634746228484207222e+02 4.602137534484134562e+02 1.377177421196227464e-03 1.149000653167864130e+03 8.600070721357850516e+02 1.145977332170880572e+03 9.530357833655706372e+02 nan nan
4.051248012905098790e+02 -8.917529647420467143e+01 4.403283664936087689e+02 5.315423583913448519e-03 1.150039946140035909e+03 9.529120879120879408e+02 nan nan 1.229029563932002930e+03 8.929817460317460700e+02
7.719902147320078711e+01 5.740685909674635923e+02 1.189121224058998649e+02 1.073646781273628892e-01 1.151865689381933407e+03 1.422129837702871328e+03 nan nan 4.859159702878365579e+02 1.384968876080691643e+03
1.475708979545704267e+02 4.337902615314438890e+02 1.980423151264503758e+02 1.364225704957274313e-02 1.152971786833855731e+03 1.321984740590030469e+03 1.151835065835065734e+03 6.808966080915406565e+02 nan nan
3.948521630401019706e+02 -5.943377504681277657e+01 1.009727235751340118e+02 2.506286098831406878e-02 1.153052462034054315e+03 1.458957177814029365e+03 1.156015125072716728e+03 1.091036885245901658e+03 nan nan
4.142595478582341570e+02 -9.925706806324254217e+01 3.848726868971813815e+02 6.131774252501349248e-02 1.154974547023296054e+03 1.034043420469650073e+03 nan nan 1.247995928338762269e+03 9.769926108374384057e+02
5.784209713369411929e+02 -4.257133424703600895e+02 2.924867646112434727e+02 2.667169217288899163e-02 1.155852983568751824e+03 1.148189389448725478e+03 nan nan 1.705961250849762109e+03 1.098882099209202124e+03
4.143323651868160482e+02 -9.451823848052330845e+01 1.363757023751194311e+02 1.187371533564434006e-01 1.155948159668221933e+03 1.406955295735901018e+03 nan nan 1.246023709167544894e+03 1.360012753623188473e+03
5.177958245510656070e+02 -3.025944048358198870e+02 2.100552967718053594e+02 4.569247646374171440e-03 1.156132385120350136e+03 1.290950242718446589e+03 nan nan 1.528075666074600349e+03 1.240085162423178190e+03
1.971928689968011952e+02 3.356039787354758914e+02 6.016538150023877733e+02 1.974593532892188197e-01 1.156844625407166177e+03 7.951570605187320098e+02 1.147917905623787874e+03 2.841044901384809123e+02 nan nan
2.918404846893027411e+02 1.457636155361430212e+02 6.293680675917967164e+02 1.012203734003223055e-01 1.156958109559613376e+03 7.240307377049180104e+02 1.148055058823529407e+03 3.460033557046979809e+02 nan nan
1.194169585970141014e+02 4.953313038756425613e+02 5.458830691239123780e+02 7.071211403677307716e-03 1.157852469329978021e+03 8.890560997328584563e+02 nan nan 5.729053254437869782e+02 8.068450479233226815e+02
6.943482066033775482e+02 -6.542020831637702258e+02 2.140622068538074245e+02 8.455158742397025917e-02 1.159032367972742804e+03 1.271009640666082305e+03 nan nan 2.072187623176980651e+03 1.220011336797354716e+03
5.155596888884545024e+02 -2.984954302516030680e+02 6.222039844946018547e+02 3.544733921678647030e-03 1.159707983845914896e+03 6.321346998535871080e+02 nan nan 1.518114767932489485e+03 5.800419697817571887e+02
4.870669505163849067e+01 6.469136025933631799e+02 1.274730471468147641e+02 7.274927739283343353e-02 1.160148250971682501e+03 1.412005721551176066e+03 1.158999116607773885e+03 6.428347742555234845e+02 nan nan
6.884880528153240675e+02 -6.433648170665564976e+02 5.357290357947774737e+02 1.408104120885806387e-01 1.161010901883052611e+03 6.859877474081055198e+02 nan nan 2.046113126491646881e+03 6.610791284403669579e+02
6.755882567745284177e+02 -6.159743813605002742e+02 5.947449934605472208e+02 9.567303128738655071e-02 1.162731903485254634e+03 5.880415149308084892e+02 1.154927581863979867e+03 8.921345167652859800e+02 nan nan
4.064503878636034528e+02 -7.253852332745611875e+01 5.677625072973147553e+02 3.111398400922452123e-02 1.163958442123585655e+03 7.671368448914769260e+02 nan nan 1.221017601760175921e+03 7.020709592641261452e+02
4.243505642221713856e+02 -1.065093655215976440e+02 5.382706916365817733e+02 3.621498800801066509e-02 1.165020876826722315e+03 8.040168776371308468e+02 nan nan 1.266066132858837591e+03 7.419855390008764289e+02
4.923870001996182282e+02 -2.401511699445004240e+02 4.052748235835727542e+02 7.044847401783990715e-02 1.165941422594142296e+03 9.851308270676692018e+02 1.161947905477980612e+03 8.610270747498528863e+02 nan nan
5.927489128412008768e+02 -4.446458591126501005e+02 5.937332939283834321e+02 1.416496771169394216e-02 1.166002693965517210e+03 6.388404432132964530e+02 1.157982871125611837e+03 7.610746102449888895e+02 nan nan
9.708422234288103425e+01 5.643131134004133855e+02 2.212470166588303755e+02 6.221583744363388957e-02 1.168953624184129239e+03 1.295959850606909413e+03 1.165965380454381602e+03 5.908791763791763287e+02 nan nan
7.034590832446192508e+02 -6.586553257628916072e+02 1.632099726394174581e+02 8.768993714174858067e-02 1.169999318801089885e+03 1.364968975468975486e+03 nan nan 2.091178795180722773e+03 1.309163581790895478e+03
4.166082491814344735e+02 -7.987417139428677615e+01 4.913252906567743139e+02 3.679275893222960780e-02 1.171942189421894227e+03 8.779741750358680292e+02 1.165038793103448370e+03 6.479307692307692150e+02 nan nan
4.556826102813375314e+02 -1.527216185035088927e+02 3.679582576188403777e+02 2.311604029226631274e-02 1.174866256049274170e+03 1.053146596858638759e+03 nan nan 1.339066979236436737e+03 9.990660445082555725e+02
1.037905407567901506e+02 5.578565086382433265e+02 6.106863821263692671e+02 4.611772997636458260e-02 1.174924482924482845e+03 8.170795206971677089e+02 1.165952875952875957e+03 1.749338662790697754e+02 nan nan
6.253849562150126076e+02 -4.939515039677054347e+02 1.760722588441332732e+02 5.643746018844630896e-02 1.174947606142728091e+03 1.344032588454376082e+03 nan nan 1.831082561728395149e+03 1.290924675324675263e+03
6.825829179587187809e+02 -6.117902766005079229e+02 3.267191650303866481e+02 4.499235546054787191e-03 1.174960612691466167e+03 1.069013643659711079e+03 1.171951124144672576e+03 1.260145028499050113e+03 nan nan
1.830731293425811543e+02 3.977397460037722112e+02 5.534980917659244142e+02 2.766414044050685000e-02 nan nan 1.166957928802589095e+03 3.129786293294030770e+02 6.930120700060349463e+02 7.859307142857143162e+02
6.211828140294860532e+02 -4.844086889812929257e+02 3.132785694608047606e+02 1.339206208799276557e-02 1.176927579963790095e+03 1.106922926192031355e+03 1.173829752066115816e+03 1.168097387173396783e+03 nan nan
5.919225314007876477e+02 -4.232925083976514316e+02 2.800381852568884824e+02 1.553668815446858018e-02 1.177907615480649156e+03 1.169025394646533869e+03 nan nan 1.724051020408163367e+03 1.120040436456996076e+03
4.849460574912068864e+02 -2.100803203707963576e+02 5.732802129798197939e+02 9.694460277760144629e-02 1.178022003929273069e+03 7.289028884462151154e+02 1.168991661703394811e+03 6.278957011980268135e+02 nan nan
1.672806806697188620e+02 4.386138571616057220e+02 4.894879808359846720e+02 3.648654457817723275e-03 1.179959295929593054e+03 9.519039301310043584e+02 nan nan 6.560151753008896094e+02 8.779178356713426865e+02
5.305013519166848255e+02 -2.955096447475012269e+02 3.679270611512042706e+02 1.819434853305638370e-03 1.180932768019382138e+03 1.036893217893217980e+03 nan nan 1.539976632714200150e+03 9.868265345024781254e+02
7.202058869997077863e+02 -6.807452075246521872e+02 4.819290564911359525e+02 1.773067423790491981e-02 nan nan 1.175047600000000102e+03 1.111069549710209458e+03 2.129026193039110240e+03 7.490429281518300968e+02
2.509292319717287683e+02 2.740931998564742003e+02 1.781664069576515601e+02 3.816742781803370010e-02 1.181041773231031584e+03 1.345993665158370959e+03 nan nan 8.319606345475910985e+02 1.300923225806451683e+03
3.401937988975779490e+02 9.048420998795080550e+01 3.791913587556280163e+02 3.750458285075962319e-03 1.181056508183943834e+03 1.061209842519685026e+03 nan nan 1.040957906712172871e+03 1.002193829113924039e+03
6.645187406163013293e+02 -5.662056061695112703e+02 2.246156062931707140e+02 1.348523852098061637e-01 1.181065524944154959e+03 1.255986035686578816e+03 nan nan 1.948912761020881590e+03 1.205888119339371315e+03
2.907618443723469568e+02 1.896030711239176867e+02 6.330340007400368449e+02 3.331137207647733023e-02 nan nan 1.171878813559321998e+03 3.230778513040093571e+02 9.261015384615384392e+02 6.470661818181818035e+02
4.599699305695280032e+02 -1.514920613156309059e+02 4.191863706077208462e+02 2.375630219783382568e-02 1.182001692047377219e+03 9.750368373764599710e+02 nan nan 1.344130158730158655e+03 9.201416090280305298e+02
3.765651910240680422e+02 1.661839704904652137e+01 5.059698708741952942e+02 7.060138272161716431e-03 1.182046076642335720e+03 8.718870270270269884e+02 1.173997479838709751e+03 5.729699326075686940e+02 nan nan
6.464030362754508019e+01 6.564658320566238672e+02 2.052078036610332674e+02 2.171186480711285657e-02 1.182925211097708143e+03 1.318098412698412631e+03 nan nan 4.440940970192869486e+02 1.271106631989596963e+03
6.955420170445323720e+02 -6.283719563244269466e+02 6.347530394990495779e+02 4.535941083550308339e-01 1.185699648711943837e+03 5.110261374636979781e+02 1.173974737845567233e+03 8.490147811256396153e+02 nan nan
6.608841354747079322e+02 -5.516163427738293876e+02 2.752784917529238555e+02 3.596202762217476367e-02 1.187086441421676227e+03 1.166894506562955712e+03 nan nan 1.929965553235908146e+03 1.119977894736842018e+03
5.655559830869531197e+02 -3.570629753789486358e+02 4.798302077363211424e+02 2.122402412468895466e-02 1.188889179299529587e+03 8.460018450184502399e+02 1.180986739469578879e+03 8.540235204855841857e+02 nan nan
5.755582282559552141e+02 -3.771602958263618461e+02 6.331136509772745740e+02 5.566300292253241189e-01 1.189845227475468391e+03 5.909154929577464372e+02 1.179937500000000000e+03 6.629124497991967928e+02 nan nan
5.387193827467656320e+02 -2.967752825742239793e+02 1.397202651707591770e+02 4.129815753256549371e-02 1.189924877517691812e+03 1.405044352044352081e+03 nan nan 1.555003395585738645e+03 1.353951388888888914e+03
5.589685928692720154e+02 -3.351890428482237212e+02 1.254795166039847487e+02 1.178361753929186607e-02 1.191915273775216065e+03 1.429073783359497611e+03 nan nan 1.611980324643384165e+03 1.376905994550408650e+03
5.705117778974976090e+02 -3.611315309947509604e+02 3.519624701692468420e+02 1.816779958050539906e-02 1.192145910780669055e+03 1.054869417750141338e+03 nan nan 1.644990881458966669e+03 1.007015950256826159e+03
7.930177224689258253e+01 6.461985555653809570e+02 9.297268518503763346e+01 3.176924486593027397e-02 1.192926251097453815e+03 1.454000946969696997e+03 nan nan 4.649387266634753360e+02 1.418828616352201152e+03
1.082564517684777030e+02 5.839890928639426875e+02 6.369873566205002362e+02 2.658664227865391305e-03 1.193998137802607062e+03 7.879676190476189959e+02 1.183887323943662068e+03 1.370698027314112153e+02 nan nan
5.876244677655305395e+02 -3.959604104277937040e+02 5.670941328914807400e+02 1.549129488215325763e-02 1.194034239130434798e+03 6.939917929292929557e+02 1.184013422818791923e+03 7.670575916230366147e+02 nan nan
3.816608416117074398e+02 2.829978477427902916e+01 4.940913309745268975e+02 5.408083838585533640e-03 1.195898143502257881e+03 8.901326709526592822e+02 1.187015754923413624e+03 5.830066571564432252e+02 nan nan
1.759586375196970778e+02 4.519069581756575076e+02 2.706042374483491244e+02 6.490841937882819990e-02 1.195994505494505574e+03 1.229996282527881021e+03 1.190024445707788573e+03 6.019724340175953330e+02 nan nan
2.591526681246645012e+02 2.787900440951636369e+02 5.166811614579592060e+02 3.333393544907982398e-02 1.196013371150729427e+03 8.958332406892718609e+02 nan nan 8.429909145972137594e+02 8.239258777633290265e+02
5.082880639468625645e+02 -2.263526225779627907e+02 3.739572418187382254e+02 1.778671191974905055e-03 1.197674201326100047e+03 1.035027968596663413e+03 nan nan 1.461071245186136139e+03 9.839488999290276752e+02
3.574061871535370187e+02 8.741169216919568896e+01 1.148061168352529222e+02 7.134517772158721627e-02 1.198864603481624727e+03 1.435068181818181756e+03 nan nan 1.065940978077571572e+03 1.392093333333333248e+03
1.220595519366787443e+02 5.688213965763244460e+02 1.888247284997107727e+02 1.064540673796507061e-02 1.198935842600513297e+03 1.335997214484679716e+03 nan nan 5.471105786951713981e+02 1.291013365155131169e+03
7.010934718741455072e+02 -6.219224700022244861e+02 6.025775667093495258e+02 6.396090747580962521e-01 1.199054164239953479e+03 5.690498945888966773e+02 nan nan 2.043938626400389694e+03 5.531016627078385000e+02
6.851936331359031556e+02 -5.820899248332301568e+02 9.839701545901584723e+01 2.384255954987693840e-02 1.200816314553990651e+03 1.482949113338473353e+03 nan nan 1.996100172711571759e+03 1.422915596330275321e+03
2.386725749854570608e+02 3.342194540809053933e+02 9.899528096818806944e+01 1.578540880456873186e-02 1.200977695167286356e+03 1.450913643331630055e+03 1.196878192534381242e+03 8.499741207697412619e+02 nan nan
5.711377093501407671e+02 -3.473794991480835961e+02 2.444063848703131896e+02 4.418596588092615907e-02 1.202090242346938794e+03 1.232900456242223072e+03 nan nan 1.637096315789473692e+03 1.182993634627625624e+03
6.136084187612457299e+02 -4.323855391505437069e+02 3.957372947400004364e+02 2.731229446313095804e-02 1.204990604815032384e+03 9.720881979695431028e+02 nan nan 1.761004401131719533e+03 9.288639733135655661e+02
4.861100218694076034e+02 -1.698910057770587230e+02 3.578973777647645989e+02 2.836375347743762525e-03 1.205032169117647072e+03 1.065993243243243342e+03 nan nan 1.393037054409005577e+03 1.014070059880239569e+03
5.160760817345433225e+02 -2.266776867423369595e+02 1.859626265640903284e+02 2.048064412991512304e-02 1.206900582524271840e+03 1.331012799999999970e+03 nan nan 1.473908838500694173e+03 1.280811541929666419e+03
2.463359179047688201e+02 3.286899298770832161e+02 2.764489451142471239e+02 8.734348494246756134e-02 1.208030858244937235e+03 1.216993482309124829e+03 nan nan 8.030905902980713336e+02 1.164115033475349946e+03
7.335911826278284309e+01 6.846954043981153291e+02 4.266622865380619487e+02 1.118770216039972065e-01 1.208071348940914049e+03 1.053048046124279381e+03 nan nan 4.489712812960235624e+02 9.839638648860958483e+02
6.607759708532558989e+02 -5.249949575389845222e+02 6.000092510372181778e+02 3.750292371000444325e-01 1.209931953501559292e+03 6.022297211660329594e+02 nan nan 1.901024332344213690e+03 5.770338225909381435e+02
3.397492606423896859e+02 1.395231798383604769e+02 4.219092431293294680e+02 8.649671727197780213e-02 1.210930000000000064e+03 1.005997752808988707e+03 nan nan 1.015994194484760555e+03 9.449830781627719034e+02
6.029219068119958820e+02 -3.994249623126299298e+02 3.005168296076698198e+02 2.292565038301428992e-01 1.212047593582887657e+03 1.135987836107554358e+03 1.204952846463484775e+03 1.122142951251646991e+03 nan nan
6.329345701391803232e+02 -4.636188802652173422e+02 5.729078108276337389e+02 1.062977390475663975e-02 1.212739685124864309e+03 6.657969730527870524e+02 nan nan 1.810914572864321599e+03 6.331025707608413313e+02
4.090340008683174915e+02 4.093642320699658832e+00 3.431865915151614104e+02 4.707711581770467058e-02 1.214926146341463436e+03 1.104036962294211435e+03 nan nan 1.181898836799435912e+03 1.049925244618395254e+03
6.586892889605326218e+02 -5.071234649776442893e+02 1.771068875627305772e+02 2.386601721283534636e-02 1.217020120724346043e+03 1.342094510469722763e+03 nan nan 1.890970108695652243e+03 1.288887474541751544e+03
1.022628127895291215e+02 6.459075251104188737e+02 1.276071086820462739e+02 9.196640269667233705e-03 1.217990721649484612e+03 1.412026183282980810e+03 nan nan 4.950022111663902820e+02 1.372918932278793818e+03
6.506605450969038884e+02 -4.920606306578722524e+02 4.656763712887830025e+02 1.280313374663983803e-02 1.218016823034616664e+03 8.419851620460757431e+02 1.207105515041020908e+03 9.820845404891949784e+02 nan nan
5.274548919223219627e+02 -2.364893706329318093e+02 4.736263710579788153e+02 8.654654360937420049e-03 nan nan 1.207970460469157160e+03 7.818565022421524873e+02 1.494261363636363740e+03 8.271163410301953718e+02
6.379405711842059645e+02 -4.598846056182041480e+02 2.838493526122859976e+02 2.686489022513141589e-02 1.220991133004926041e+03 1.158984583761562135e+03 nan nan 1.819999075358298569e+03 1.112071014492753648e+03
4.803295438823854511e+02 -1.347979300122145503e+02 5.269983568847499100e+02 2.349230216958600459e-01 1.221836326321190427e+03 8.129291666666666742e+02 nan nan 1.361928739971684763e+03 7.579114658925980166e+02
4.569552065675738959e+02 -7.409165163096997730e+01 1.577906852964135851e+02 2.213938048256632041e-02 1.227007531380753107e+03 1.374983704974270950e+03 nan nan 1.294052407932011420e+03 1.326973898858075017e+03
4.652379513261134321e+02 -9.138790713826982426e+01 2.843383210558654923e+02 3.657263090819933699e-02 1.227943149284253650e+03 1.183972828982418832e+03 1.218914230019493289e+03 9.171790510295434160e+02 nan nan
1.265871701840752195e+02 6.179384518562794710e+02 1.667741614924159421e+02 2.520727524930780478e-02 1.230092154420921588e+03 1.363964285714285779e+03 nan nan 5.360066261733849160e+02 1.321001313197636136e+03
5.643816555130674715e+02 -2.942185641356421684e+02 4.259973900529645334e+02 1.075210309563771546e-02 nan nan 1.219891442155309051e+03 8.860915721231766611e+02 1.587008454673555661e+03 8.959288816503800490e+02
6.023528438925344517e+02 -3.676603232349954169e+02 1.118973436477319723e+02 4.446346908774713447e-02 1.232968750000000000e+03 1.452970010905125491e+03 nan nan 1.699041251133272908e+03 1.398839938437860610e+03
6.148855766152540809e+02 -3.956193438363044947e+02 4.399402124967083410e+02 6.650639897812160584e-02 1.234042359249329820e+03 9.028525226390685248e+02 1.222037617554859025e+03 9.441031822565091716e+02 nan nan
4.537021274925308489e+02 -5.568059093329416953e+01 2.213953547158344008e+02 7.654264448766167489e-03 1.235007112375533325e+03 1.279864953526517183e+03 1.225968242245199463e+03 9.678967013888889142e+02 nan nan
5.077411095806606340e+02 -1.672629326508191809e+02 5.308208793543723232e+02 8.536127311384488631e-03 1.238086852042567898e+03 7.998244897959183390e+02 1.225080272108843474e+03 6.658199595414699843e+02 nan nan
6.297608605408415769e+02 -4.193236105412610186e+02 4.021195934552063136e+02 1.309111212280208471e-02 nan nan 1.226829341317365333e+03 1.012982872200263500e+03 1.774058912386706879e+03 9.208586057502953963e+02
3.692928050535823559e+02 1.240077707952984554e+02 5.269481508854602225e+02 1.155316491181988120e-02 nan nan 1.227005016722408072e+03 4.958921298844248895e+02 1.064078514588859434e+03 7.929551092734790245e+02
6.010589406257092833e+02 -3.525932093386160773e+02 2.469976429509551679e+02 4.367584905114509086e-02 1.242806300553427036e+03 1.228038415366146410e+03 nan nan 1.684032974427994532e+03 1.178937201365187775e+03
3.735862621087309208e+02 1.223019660382643394e+02 5.531035326624137269e+02 4.545893003648807454e-03 1.243880519480519524e+03 8.201371391076115742e+02 1.230978139298423912e+03 4.659411764705882320e+02 nan nan
1.324650588613422144e+02 6.313029976660733382e+02 2.635387841289436892e+02 4.288420371905865558e-02 1.243990622335890976e+03 1.245978032473734402e+03 nan nan 5.400216867469879389e+02 1.194124830393487173e+03
6.027844168547009076e+02 -3.547443351074618931e+02 3.412322273621268778e+02 4.671667887569812549e-01 1.244965250965251016e+03 1.072000953288846631e+03 1.231929532351057105e+03 1.042042901716068627e+03 nan nan
5.807514751862896674e+02 -3.067834067009559931e+02 3.667837540770720466e+02 3.629830571330247002e-01 1.245944144144144047e+03 1.036014440433212940e+03 nan nan 1.619953082590151325e+03 9.890400654129190343e+02
6.548402753790821862e+02 -4.606772772952258492e+02 2.644442625870025836e+02 4.626099118841362490e-01 1.246000000000000000e+03 1.191983619983619974e+03 1.234980666666666593e+03 1.225082516339869244e+03 nan nan
2.171819634938031243e+02 4.588127264644487582e+02 2.830279091975226038e+02 3.945958716746732209e-02 1.246960227272727252e+03 1.214003004807692378e+03 1.236904053360697844e+03 5.940718346253230493e+02 nan nan
2.654682654795973917e+02 3.596415077548039676e+02 2.237292409755074232e+02 5.348582044280403291e-03 1.247924392439244002e+03 1.287002309468822205e+03 nan nan 8.152309836718438874e+02 1.238956015523932820e+03
4.377212750898265199e+02 -4.967470181639516369e+00 6.278341548613204850e+02 5.740423485370207274e-03 1.248853945159485193e+03 6.890689895470383135e+02 nan nan 1.225987071108901091e+03 6.279675592173017549e+02
4.211482369968876469e+02 3.438943265954295470e+01 2.436809700997921198e+02 1.760137934413876296e-03 1.249043243243243296e+03 1.249871428571428623e+03 nan nan 1.182082895504962153e+03 1.200136772645470955e+03
4.946036841067219143e+02 -1.195777654683442393e+02 3.382669361038469447e+02 6.895526611304433201e-03 1.249951219512195166e+03 1.099900051786639096e+03 1.237963602714373792e+03 8.761114527286702014e+02 nan nan
4.550747680170836702e+02 -3.692713348788330308e+01 6.338378757652847071e+02 3.883824861188546473e-02 1.251728666666666641e+03 6.729924242424242493e+02 nan nan 1.267975802469135715e+03 6.139458375125376506e+02
3.926907630007517582e+02 9.797346680018941356e+01 3.432308906557277624e+02 1.528908718915796168e-02 1.252019230769230717e+03 1.111023130300693992e+03 nan nan 1.109090069284064612e+03 1.057113243761996273e+03
6.578417022427041729e+02 -4.585221897088553646e+02 2.783118839513134049e+02 5.532185920010412872e-02 1.252770917225950825e+03 1.168123121387283163e+03 nan nan 1.847878126421100433e+03 1.121862224448897905e+03
7.477288938026842970e+02 -6.488980310869289951e+02 5.561070988135045354e+02 5.183419131965683047e-02 1.253823331085637165e+03 6.419508860759493700e+02 1.237006342494714545e+03 9.927841155234657435e+02 nan nan
3.932907861003832863e+02 1.026717960060103536e+02 8.931889742249137498e+01 1.063280099945629158e-02 1.253978169995355302e+03 1.471856790123456904e+03 1.243901869158878526e+03 1.013870242214532823e+03 nan nan
1.670720409737022294e+02 5.774873104522891936e+02 2.599118887143091001e+02 1.074716830363341841e-02 1.253993181818181711e+03 1.248070182555781003e+03 nan nan 6.029955849889624915e+02 1.197029208301306653e+03
1.974712751577100960e+02 5.136496079466251103e+02 4.446065059415848850e+02 1.255602475876619120e-02 1.254971751412429285e+03 1.014039923954372625e+03 nan nan 6.670141003948110665e+02 9.479528936742933638e+02
7.317693143247263379e+02 -6.125411931877605412e+02 5.383045101009877271e+02 6.068905514879574525e-02 1.255873450413223054e+03 6.840243421052631447e+02 nan nan 2.081992650061249606e+03 6.670056410256410118e+02
6.664300492995869263e+02 -4.700937836732942969e+02 1.711855745862241349e+02 5.370310937236884297e-02 1.256944409743910001e+03 1.353011371237458206e+03 1.244144329896907266e+03 1.351940379403793941e+03 nan nan
5.097597344000710677e+02 -1.398677856629874157e+02 3.485754990697247422e+02 5.932186700827691769e-03 1.257642326075411574e+03 1.082118100128369633e+03 nan nan 1.407328433268858817e+03 1.032130434782608745e+03
1.446452025895233930e+02 6.303578849100042589e+02 5.792636840580128137e+02 1.141427123286346129e-02 nan nan 1.245953608247422608e+03 1.910860927152317856e+02 5.590044139283962750e+02 7.829443181818181756e+02
5.957959313452602146e+02 -3.191235191486966301e+02 1.530668283875465079e+02 5.174183844568888690e-02 1.257956303724928375e+03 1.384000000000000000e+03 nan nan 1.652951923076923094e+03 1.331909348441926340e+03
5.007287559097969734e+02 -1.160182753530404938e+02 5.079749987214860312e+02 1.539533017555640426e-01 1.261986610878661168e+03 8.429707762557077331e+02 1.247080393290919574e+03 6.662079343365253408e+02 nan nan
5.630251973251447453e+02 -2.445676262275963779e+02 3.500980625635779120e+02 1.764531283351561744e-02 1.262933550488599394e+03 1.069027301092043672e+03 1.248922141119221351e+03 9.520067516879220193e+02 nan nan
3.143016060661349798e+02 2.882585161762613666e+02 8.327675182760589223e+01 2.583344947037806427e-02 1.265035060975609667e+03 1.474048172757475186e+03 1.254043412033511004e+03 9.059788732394366662e+02 nan nan
4.386411219859563744e+02 2.626928785441822711e+01 8.247063828149535425e+01 6.578876626731661181e-02 1.265869729389553186e+03 1.485039076376554249e+03 nan nan 1.210930051813471437e+03 1.439965046888320558e+03
7.416435774079062639e+02 -6.192454429911210809e+02 3.896824597226726041e+02 1.249260708767898492e-02 1.265974637681159493e+03 9.511470930232558203e+02 nan nan 2.106040641711229910e+03 9.200010373443983553e+02
3.045047658569063174e+02 3.068923719867346449e+02 4.900894632878899415e+02 1.424540628167250134e-01 1.265987839101964482e+03 9.320235183443085134e+02 1.253016772895001623e+03 4.459587588373919971e+02 nan nan
6.752417941162292436e+02 -4.791096128292040248e+02 6.151845882462255304e+02 6.553305799804727549e-02 1.266936459909228461e+03 5.860199275362318758e+02 1.249024804777216332e+03 7.759382050024521504e+02 nan nan
4.907394620058242936e+02 -8.558974219692456131e+01 3.838817552124837675e+02 4.185408791213240942e-02 1.266982858649789023e+03 1.034035011801730889e+03 nan nan 1.347026980482204408e+03 9.829658176943700028e+02
7.120947713533983006e+02 -5.526013541653526318e+02 5.551508939747797058e+02 7.372534282713155002e-03 1.269967190889370841e+03 6.692791741472171907e+02 1.251913840155945309e+03 9.178414141414141341e+02 nan nan
2.224500108505914397e+02 4.884191590911695471e+02 4.454821714063088507e+02 2.012513499889907187e-01 1.270036093418259043e+03 1.010002079002078972e+03 1.257004801920768386e+03 4.060166555629580216e+02 nan nan
6.592200076450408233e+02 -4.376577555076620456e+02 2.737376999351952804e+02 3.157471541539247709e-03 nan nan 1.254869057547956572e+03 1.199092451229855897e+03 1.833112646121147691e+03 1.130904046242774484e+03
4.653306150864988808e+02 -2.436614064092894338e+01 2.846137796184349895e+02 6.242464373755772511e-02 1.270947592671495613e+03 1.186963344788086943e+03 nan nan 1.275990857503152483e+03 1.136836512261580310e+03
5.558880720297377138e+02 -2.143932590558469826e+02 1.962573531132145490e+02 3.463418212419071274e-02 1.272034274193548299e+03 1.315022107590272753e+03 nan nan 1.522040247678018659e+03 1.264949425287356235e+03
5.335973851013042122e+02 -1.672209653417505706e+02 3.654410383626143357e+02 2.226388458099690798e-02 1.272994599459945903e+03 1.052989463601532634e+03 1.258073579633654163e+03 8.801058903643173608e+02 nan nan
6.699448703777279661e+02 -4.522617958735480670e+02 2.389565425736372219e+02 1.915205588998671327e-01 1.275925094925785288e+03 1.235973625391148971e+03 nan nan 1.860966407210159787e+03 1.187849402092675746e+03
1.861998158152509859e+02 5.766938136265281400e+02 5.124670430977035949e+02 2.954145074146258959e-02 1.275936943620177999e+03 9.359984164687252814e+02 nan nan 6.300368080094228844e+02 8.649311594202898732e+02
4.883094880631677484e+02 -6.728956584698590859e+01 4.836414704411795924e+02 1.850848716449876585e-02 1.276002934702861239e+03 8.870267260579064441e+02 nan nan 1.332150271370420569e+03 8.349545028142589445e+02
4.612677503476179481e+02 -9.423070818857384623e+00 6.107663874440797827e+02 3.212409332012235164e-02 1.276925315760571038e+03 7.111124297314178193e+02 1.261003088803088758e+03 4.741094756209751608e+02 nan nan
2.240491654762289784e+02 5.066566691423776660e+02 3.352713897178281854e+02 3.285916913010354656e-02 1.280949330783938876e+03 1.150010280373831847e+03 nan nan 7.030510697032435701e+02 1.093946141479099651e+03
6.384237729492715516e+02 -3.793183013725214323e+02 5.918182274950755755e+02 1.617344751650390267e-01 1.282009703196347118e+03 6.519707646176912021e+02 1.263959635931935054e+03 7.378773666092943131e+02 nan nan
7.208599938024190124e+02 -5.509671827239425284e+02 1.523232045395411376e+02 1.700827379609742840e-02 1.282955349620893003e+03 1.385977973568281868e+03 nan nan 2.019944066515495024e+03 1.329960586617781928e+03
5.207933177061432843e+02 -1.230459945596755489e+02 5.136878435021334326e+02 3.129834345741364793e-02 1.284886982469227860e+03 8.319705724986623636e+02 nan nan 1.410998534583821765e+03 7.830290853425182149e+02
6.215556817309196731e+02 -3.334840188292732819e+02 8.281363127682331537e+01 7.749877406833066695e-02 1.285784894837476031e+03 1.501153339191564100e+03 1.269889395667046756e+03 1.348978086584713992e+03 nan nan
3.539546691241932876e+02 2.386076179024475152e+02 2.574832270585527567e+02 3.205401480981832918e-02 1.286012793176972309e+03 1.237908881199538655e+03 nan nan 9.869745054945054790e+02 1.188043455768235845e+03
2.966906241113431975e+02 3.624581042057727132e+02 3.020400754910388628e+02 7.165285709170887696e-02 1.286977878615995451e+03 1.184110555902560918e+03 1.273012748597654308e+03 6.318899273104880194e+02 nan nan
3.966114873887432282e+02 1.510615381118689413e+02 1.914091133962830611e+02 3.058442374204554254e-02 1.287894145199063132e+03 1.327034411562284959e+03 nan nan 1.087027247956403244e+03 1.280053536021149966e+03
6.006906199754039335e+02 -2.848265800645058903e+02 1.568562718950778105e+02 8.222243221962292903e-03 1.288990348525469244e+03 1.377924032140248300e+03 nan nan 1.634958868894601437e+03 1.326045340050377945e+03
7.094268009145523592e+02 -5.223916288331280384e+02 6.045826611062365146e+02 4.646008178859876159e-01 1.289021367521367438e+03 5.900588235294117112e+02 1.267987968860580395e+03 8.280035087719297735e+02 nan nan
5.241184689041687079e+02 -1.200821576454437718e+02 3.258699381967098816e+02 5.041775731673851790e-03 1.290229295426452381e+03 1.117972146739130494e+03 nan nan 1.414973163841807946e+03 1.069037087912087827e+03
3.459206983126675254e+02 2.627975713209588662e+02 5.851581166225057586e+02 8.838842395565191246e-03 1.291725480532281836e+03 7.980758567577975100e+02 nan nan 9.659585201793721581e+02 7.311102181400689233e+02
4.939791411730471964e+02 -5.364168323111054804e+01 4.422801949505003449e+02 3.627309356244561196e-03 1.292013297872340445e+03 9.499728014505892588e+02 nan nan 1.331985740212600376e+03 8.990268435668003804e+02
4.144829512336559674e+02 1.213051682992503686e+02 1.777851542773982203e+02 6.985789967816298518e-03 1.292940718562874281e+03 1.346086245353159939e+03 1.277858195858195813e+03 9.120950395998332851e+02 nan nan
1.580826240714472419e+02 6.706139194306460922e+02 4.949994305016867884e+02 2.289751595177060284e-01 1.292988073394495359e+03 9.670240073868882291e+02 1.280021897810218888e+03 2.708955380577427832e+02 nan nan
4.412263033960044822e+02 6.299928741978332880e+01 1.162561104502794080e+02 9.882780593583020273e-03 nan nan 1.277007703081232421e+03 1.018072139303482572e+03 1.194083977900552554e+03 1.389144047619047569e+03
6.494773391859110916e+02 -3.820489023879099477e+02 9.793414232656787988e+01 5.451546258174917031e-03 1.294026336791700032e+03 1.477943485086342207e+03 nan nan 1.778047197640117929e+03 1.421106696100073577e+03
5.781239381962848256e+02 -2.292738598319900518e+02 3.228404540762524562e+02 8.024561524876922349e-05 1.294757936507936620e+03 1.113150081566068593e+03 1.277257857974388799e+03 9.809013071895425355e+02 nan nan
7.898078350678913466e+02 -6.861884322486948804e+02 5.622842934118262974e+02 1.027255168218357273e-01 1.294851374783254869e+03 6.171445916114789725e+02 1.273035661944308686e+03 1.024035769828926959e+03 nan nan
1.987090326141117202e+02 5.878737175856757631e+02 2.947602675042979286e+02 4.044769884178258529e-03 1.294983333333333348e+03 1.205013346043851243e+03 nan nan 6.400333531864205270e+02 1.151957756737072032e+03
5.506471599245372772e+02 -1.655360024755433130e+02 5.515682602959126370e+02 4.823433321174960993e-03 nan nan 1.280873933649289029e+03 6.490131752305665032e+02 1.479195037507212874e+03 7.201204537871204820e+02
7.928279837713450888e+02 -6.867162384850992112e+02 6.209125924216235717e+02 5.375563436776835402e-02 1.299950276243093867e+03 5.080470914127423612e+02 1.277029166666666697e+03 9.399092219020172934e+02 nan nan
7.000581075316141551e+02 -4.846430605785280363e+02 3.341068937227727247e+02 2.323397086060313005e-02 1.300063404255319256e+03 1.068124537037037044e+03 1.279981301421091985e+03 1.166871667699937916e+03 nan nan
7.911193233888538998e+02 -6.800310327993490773e+02 1.526089735619890178e+02 2.780125795998732163e-02 1.300080266249021179e+03 1.384989222118088037e+03 1.278799459824442920e+03 1.578101049144119315e+03 nan nan
5.235088051519741157e+02 -9.815756594504554755e+01 8.112336546617999034e+01 2.261096108048350484e-01 1.302009125840537990e+03 1.492929164360818959e+03 nan nan 1.401943794964028712e+03 1.443938241106719261e+03
4.545782169080428616e+02 4.967712379194623651e+01 3.779525564690100623e+02 6.574926288172648625e-02 1.303038425492033639e+03 1.056037243947858542e+03 1.286046107784431115e+03 7.289264884568651723e+02 nan nan
6.378476309601740013e+02 -3.467314661346193247e+02 5.932115278928235966e+02 7.414659607575964095e-01 1.303987861811391213e+03 6.560469181232750771e+02 nan nan 1.727171246515332541e+03 6.270041258380608724e+02
5.316568200481885924e+02 -1.140816125030477082e+02 4.146158672102504283e+02 2.566728853995662446e-02 1.305032758620689719e+03 9.829698581560284083e+02 nan nan 1.421027116246168362e+03 9.349989417989418143e+02
1.880320339137730627e+02 6.325909216075630184e+02 2.419015900730024669e+02 5.074192037988828168e-03 1.306062878787878844e+03 1.271914447134786087e+03 nan nan 6.099818791946308920e+02 1.223006493506493598e+03
4.546970469157411117e+02 5.623155325673188543e+01 2.024772470596157348e+02 1.319965266332660120e-02 1.306121478418195920e+03 1.310035490035490056e+03 nan nan 1.215997324613555293e+03 1.261998458574181086e+03
2.789651618653236369e+02 4.389448374780605491e+02 5.737077383030095916e+02 3.328421925925950653e-02 1.308976106194690374e+03 8.400288184438040844e+02 nan nan 8.021456262425447221e+02 7.699908647990255304e+02
8.009375689034492325e+02 -6.898911072525471582e+02 1.462524680894410380e+02 1.766067554349557214e-02 1.309035559410234100e+03 1.397003724394785877e+03 nan nan 2.266109104589917024e+03 1.338055599060297482e+03
4.063592943867611211e+02 1.651542377119316996e+02 4.694282946948392805e+02 5.115785185755827684e-03 1.310007700205338779e+03 9.399870689655172100e+02 nan nan 1.093130490956072435e+03 8.829558979808714412e+02
3.669413360399314570e+02 2.494107871438799009e+02 6.236679140622273962e+02 1.648444085655582647e-01 1.310016559337626404e+03 7.429934944237918444e+02 nan nan 1.000011891279728161e+03 6.769281370923162058e+02
6.051421656685728294e+02 -2.634420526002427323e+02 1.494331808098297074e+02 4.629068494104952858e-02 1.310046550290939422e+03 1.389985752448797939e+03 nan nan 1.626010888501742102e+03 1.338043984476067180e+03
3.656473728898560012e+02 2.575583771968959468e+02 3.787800371540196238e+02 7.671138263203446540e-04 1.311847027027027025e+03 1.074082073434125277e+03 nan nan 9.938690413829230010e+02 1.019017892644135145e+03
5.959302244986006372e+02 -2.443821567342731953e+02 5.912113275696164010e+02 1.694348791345365313e-02 1.311871387283237027e+03 6.850447303921569073e+02 1.291938461538461524e+03 6.509931662870159244e+02 nan nan
2.132381416357740704e+02 5.875582138270224277e+02 5.270703643424462825e+02 1.179620174673292748e-01 1.311995041322314137e+03 9.180025662959794772e+02 1.296938831239759793e+03 2.760624624624624630e+02 nan nan
2.025196245025537394e+02 6.137292119034540292e+02 3.564722378155751130e+02 8.117533932993017606e-03 nan nan 1.297989214175654752e+03 4.490883190883191105e+02 6.360317640385706000e+02 1.072878647214854027e+03
7.951374789412327573e+02 -6.695437194503429055e+02 8.553576148498773080e+01 2.290097937373194448e-01 1.315065565031982942e+03 1.511806279936136207e+03 1.290906312961719323e+03 1.656016323357947840e+03 nan nan
5.237745755131157921e+02 -7.845957294473456045e+01 2.609888622397180029e+02 5.098503231230812165e-03 1.315914404223227848e+03 1.219064364876385298e+03 1.296977096273291863e+03 9.530613947280613729e+02 nan nan
3.258776563767480638e+02 3.502921555367288988e+02 5.241634045055815250e+02 1.086734255619684758e-02 1.315994523548740517e+03 8.910699052132700899e+02 nan nan 9.000900170648463927e+02 8.269729337844369184e+02
4.139995979712383587e+02 1.613560633449445163e+02 1.901188397025414361e+02 1.620827548965462703e-02 1.316033368644067878e+03 1.329036440084092419e+03 nan nan 1.105159828844701678e+03 1.282113086770981454e+03
3.331587108112007058e+02 3.352122921770159678e+02 4.967421999911468333e+02 4.682752278408592456e-02 1.316255575647980777e+03 9.250583203732503534e+02 1.299965164886205230e+03 4.320990206746463400e+02 nan nan
7.795885411195831693e+02 -6.346952615236313022e+02 6.049507208760329604e+02 5.745469603800237857e-02 1.317963627992633519e+03 5.530467562828755490e+02 nan nan 2.170090066906845095e+03 5.530019367333763967e+02
4.975577489350013138e+02 -1.920531261633263398e+01 5.482288934902800293e+02 1.427179187497793281e-02 1.318818410568253285e+03 7.980838685304117917e+02 1.300003993154592081e+03 5.658936170212765546e+02 nan nan
6.141219829214786614e+02 -2.696210632231126283e+02 3.265379779524477613e+02 3.047105627330189137e-02 1.320029197080292079e+03 1.102997134670487185e+03 nan nan 1.640932608118864437e+03 1.058027634787320494e+03
6.807479446872904418e+02 -4.107688666850000345e+02 1.248876066971510994e+02 3.552045947450866575e-02 1.321958189655172418e+03 1.433205184776613351e+03 nan nan 1.844972933070866247e+03 1.376745542347696983e+03
6.428323516567795650e+02 -3.284114894424672570e+02 2.069948635345617447e+02 5.098096973660756065e-02 1.322040250447227208e+03 1.294950651769087472e+03 nan nan 1.725975232198142521e+03 1.244957211870255378e+03
6.811988932453317602e+02 -4.130650434826692390e+02 3.826008530785051676e+02 3.002574822588620698e-02 nan nan 1.299931636020744918e+03 1.050092489137181929e+03 1.843045344910757422e+03 9.558965330444203801e+02
6.582082307407930557e+02 -3.610412008326334217e+02 2.648709927481506838e+02 2.692323225077321996e-02 1.322984646878198646e+03 1.197059760956175296e+03 1.300965961361545624e+03 1.158901176470588325e+03 nan nan
1.852227339481052866e+02 6.730790153279917831e+02 3.367989365352307800e+02 5.710438593800244711e-02 1.323892606583917996e+03 1.157971547536433036e+03 nan nan 5.930389294403893246e+02 1.101964735516372684e+03
4.637558838222500412e+02 6.603639757123741560e+01 2.102060867555617847e+02 7.112443281039911155e-04 1.323970636215334480e+03 1.299036286919831127e+03 1.305010027855153112e+03 9.170768207515797030e+02 nan nan
7.100278407231515985e+02 -4.729406879508155157e+02 2.685951657177143375e+02 7.303256100947407015e-02 1.323979885057471165e+03 1.183027054108216362e+03 nan nan 1.935037980146741575e+03 1.137911013567438204e+03
4.836268269605083105e+02 2.293061444899813495e+01 1.789348223708788623e+02 1.376977570971148548e-02 1.324018389865140989e+03 1.344123686337914251e+03 nan nan 1.274142113690952783e+03 1.296115702479338779e+03
1.928733526428801213e+02 6.578085681213832459e+02 1.223330086573030400e+02 3.050552870901493407e-02 1.324044386422976459e+03 1.418929380993897212e+03 nan nan 6.061025802391441175e+02 1.379101294744859160e+03
6.384485216535913423e+02 -3.175904922363781111e+02 5.987868714922338995e+02 9.260854616881107615e-02 1.325011440107671660e+03 6.538819584171696988e+02 1.303118928733545090e+03 6.928099458394879093e+02 nan nan
6.848322593794455315e+02 -4.142097617114054060e+02 5.612508004782391708e+02 9.324206671985484432e-03 1.328011608623548909e+03 6.911618720480893217e+02 nan nan 1.846028837998303743e+03 6.670083542188805268e+02
5.314164675929058603e+02 -7.488870600336129257e+01 1.470798092042974758e+02 1.072579443831332413e-01 1.328076717216770703e+03 1.391953971119133485e+03 nan nan 1.397953423705248497e+03 1.342947031183254921e+03
5.829511045703458194e+02 -1.888358256306775615e+02 6.176729417825456494e+02 2.208125616275355418e-02 1.329912955465586947e+03 6.560951986754967038e+02 1.308931932773109338e+03 5.829701492537313925e+02 nan nan
6.749833343591424182e+02 -3.897338842336444600e+02 5.361162050976216733e+02 2.820840258582598542e-02 1.329963596249310513e+03 7.390747404844290713e+02 1.306988767869298954e+03 8.300750515463917054e+02 nan nan
4.433756245792904451e+02 1.175479553405506863e+02 6.203134031336406906e+02 9.579961786981184765e-03 1.330088314485729597e+03 7.209631490787269286e+02 nan nan 1.167011288439081454e+03 6.630563072893933168e+02
2.963294848313555576e+02 4.424020444493502850e+02 5.568615612373987460e+02 2.129809365994155684e-02 1.330968606431853004e+03 8.610232371794871824e+02 nan nan 8.229388858842617083e+02 7.940140213123947888e+02
7.045443331805048501e+02 -4.503365659700207289e+02 3.395280005036674424e+02 2.779242903719119501e-02 nan nan 1.307902690326273614e+03 1.138038151137197246e+03 1.907114423851732454e+03 1.022886468370339344e+03
6.254910585262950917e+02 -2.757101708651072158e+02 1.802132587625460189e+02 2.500221984474071055e-02 1.331915977961432418e+03 1.340037096774193515e+03 nan nan 1.663058437294812848e+03 1.289007153075822544e+03
3.272334567793003544e+02 3.769969647553846812e+02 4.920282810361442785e+02 7.812047940432814697e-02 1.332027754415475101e+03 9.360260723296887591e+02 nan nan 8.900753623188405754e+02 8.741056009334888586e+02
6.300082384649074356e+02 -2.859931666537893307e+02 6.244979646831637865e+02 6.857580637133453560e-02 1.333888165680473321e+03 6.200551359516616685e+02 nan nan 1.671182807807807876e+03 5.898056492411467389e+02
3.285782608780197620e+02 3.819320069738392363e+02 1.419128210339899567e+02 7.921181317979297809e-02 1.334913741820344967e+03 1.395051407588739266e+03 nan nan 8.881279475982532858e+02 1.351965534219596293e+03
6.232849228815264269e+02 -2.668559155949350270e+02 2.338766731653498994e+02 9.363559276665812947e-02 1.334962387571545378e+03 1.252992049469964741e+03 1.311871184687015102e+03 1.125843975569128361e+03 nan nan
2.031178749320912118e+02 6.556183242208898037e+02 3.865814534358558490e+02 7.648249983452834119e-03 1.334972089314194591e+03 1.095969517358171061e+03 nan nan 6.220103004291845536e+02 1.037008122743682407e+03
4.471163944128139747e+02 1.210010000276298285e+02 6.363473414902878176e+02 1.647427683508699836e-01 1.336979323308270750e+03 6.990156862745097897e+02 nan nan 1.170161146259769339e+03 6.409891866478608335e+02
7.386497177609797973e+02 -5.197788354716907406e+02 5.962248190375747754e+02 6.419199642740340550e-02 1.337051153460381101e+03 6.021068057625434449e+02 1.311995163240628699e+03 8.469969954932398650e+02 nan nan
8.138521950706904136e+02 -6.805741314321143136e+02 5.790101943585951858e+02 1.066791292286852072e-01 1.340024321266968400e+03 5.848344556677890296e+02 1.312987018606663696e+03 1.003902184707050651e+03 nan nan
4.136977573147304952e+02 2.027652187437933264e+02 4.934834785246760021e+02 5.960692391759218195e-02 1.341014141414141477e+03 9.107740000000000009e+02 1.321991300909450274e+03 5.098770702981229306e+02 nan nan
4.541250177267320396e+02 1.172787729144451134e+02 2.326468991752469719e+02 2.693438771795149400e-02 1.341932617187500000e+03 1.268020427112349125e+03 nan nan 1.181966053748232071e+03 1.219842134519177307e+03
5.981802502475734400e+02 -1.987894214908302501e+02 1.510390604270222070e+02 1.471462229652318876e-01 1.342877178759626986e+03 1.387059855521155896e+03 nan nan 1.571049629207073622e+03 1.336018285714285639e+03
2.750732747910398075e+02 5.159797582382394694e+02 5.256294102873928296e+02 7.140878088065867602e-02 1.344934493815849692e+03 9.098992307692308259e+02 nan nan 7.659904831625183306e+02 8.440981949458483768e+02
5.828971582945571299e+02 -1.627843428894723559e+02 5.045876718934162000e+02 1.640958836222640160e-01 1.346020270270270203e+03 8.359984488107548941e+02 nan nan 1.522277672118676264e+03 7.941523016650343152e+02
7.911701768987362584e+02 -6.204641366885687148e+02 8.220002398659211451e+01 3.898567051390181559e-01 1.346068992862807363e+03 1.516870329670329738e+03 nan nan 2.187049544994944426e+03 1.449035785288270290e+03
2.282256572204754832e+02 6.234828785391181327e+02 5.066538211420709672e+02 9.186873984687890168e-03 1.346957214765100616e+03 9.459796460176991104e+02 nan nan 6.659899171768095130e+02 8.798440635451504477e+02
3.306666507564764856e+02 3.969570176850856456e+02 5.319916262557624123e+02 3.930319375710014662e-02 1.346997568881685538e+03 8.860169348010160775e+02 nan nan 8.860569514237855628e+02 8.229269574356279691e+02
5.870372534888398377e+02 -1.694478168306414716e+02 5.993124252860978913e+02 9.199404940427619026e-02 1.347965061378659129e+03 6.880237154150197512e+02 1.325942468159859573e+03 5.980218487394957947e+02 nan nan
2.659567155223536474e+02 5.421382573334957442e+02 5.185033051802786304e+02 7.123276436327966032e-02 1.348090909090909008e+03 9.218502269288956086e+02 1.330918290043289971e+03 3.120838095238095207e+02 nan nan
2.691651059475381658e+02 5.380704991273744326e+02 3.137754629836580875e+02 4.099038930639548051e-02 1.349022253620628817e+03 1.177940957694095687e+03 1.330909520348837304e+03 5.381197548326260858e+02 nan nan
6.353601529638300462e+02 -2.699981324923878674e+02 3.015089901202852047e+02 1.323297545045671979e-02 1.350910192444761151e+03 1.142923895689196343e+03 nan nan 1.671197991761071080e+03 1.097933235294117594e+03
5.685851152658538012e+02 -1.223069397144473101e+02 3.803671501263878554e+02 2.452095367623658567e-02 1.351024198822759899e+03 1.032966867469879617e+03 1.328002078137988292e+03 8.458765835717205164e+02 nan nan
7.160024336520241377e+02 -4.490847381187543874e+02 5.846401109889743566e+02 1.558063401072161125e-01 1.352003790271636035e+03 6.409670255720053547e+02 1.326055991041433344e+03 8.119688051795174033e+02 nan nan
4.803155365713644187e+02 7.720646855224835292e+01 5.403729503391452909e+02 2.043204544877621695e-02 1.353866180048661818e+03 8.251191841937539948e+02 nan nan 1.238147773279352123e+03 7.730759270158916934e+02
4.864029110472827142e+02 6.715231336983711685e+01 9.325572585509412704e+01 2.144479983709040097e-02 1.353909247311828040e+03 1.469151215492377332e+03 1.330889525794684687e+03 1.052902156759600302e+03 nan nan
3.417536962275846122e+02 3.891405079882381983e+02 2.362906775763300686e+02 4.023221009953770189e-02 1.354970305676855787e+03 1.270946227233304398e+03 1.335008726899383873e+03 7.010801825293350475e+02 nan nan
5.738837093903855475e+02 -1.278612635907138468e+02 6.204480278570745213e+02 3.391903923860324632e-02 1.356008056394763344e+03 6.649809619238476444e+02 nan nan 1.486160555004955313e+03 6.250726329442283031e+02
7.721451304324316425e+02 -5.662224980371269112e+02 3.085906191112761690e+02 5.122372625401229104e-03 1.356020295202951957e+03 1.102972407231208308e+03 1.327138828633405637e+03 1.281935429056924477e+03 nan nan
6.454521645470889553e+02 -2.829948425691824809e+02 2.756114434828675712e+02 3.551057181431881149e-02 1.357076882845188265e+03 1.183987913486005027e+03 nan nan 1.695057262569832346e+03 1.138052395209580936e+03
5.064858990435256487e+02 2.808632288944605904e+01 2.314215421602155800e+02 5.951797606053814416e-02 1.357907198612315597e+03 1.267036496350365042e+03 nan nan 1.301962162162162258e+03 1.218913376546847303e+03
3.716374821625097411e+02 3.308084114765418917e+02 4.317512778844471200e+02 1.693399603626981331e-02 1.360029591836734653e+03 1.008975308641975289e+03 nan nan 9.679093173891379820e+02 9.529646556977452292e+02
7.577368977692452745e+02 -5.269976066110342572e+02 4.675731090569243520e+02 7.396749979764991045e-02 1.361910273081924515e+03 8.250171232876712111e+02 nan nan 2.045114127702363021e+03 8.039933687002652505e+02
6.088706643597539596e+02 -1.917610329262259938e+02 1.574516694953729257e+02 7.300272267754651101e-02 1.362917724733367095e+03 1.377044951590594792e+03 nan nan 1.580990202939118262e+03 1.325967025089605841e+03
6.792493956785227738e+02 -3.470204724885323913e+02 1.067059231772670529e+02 1.366407852536290560e-02 1.364017400761283398e+03 1.462941689008042886e+03 nan nan 1.793015625000000000e+03 1.405849362288865905e+03
5.014322394140375536e+02 5.064017900014236773e+01 5.271928096306605767e+02 3.904904490211552615e-02 1.365855154639175225e+03 8.388812080536912390e+02 1.344091772151898795e+03 5.590595647193584909e+02 nan nan
7.911192243693310502e+02 -5.950786904095812133e+02 2.963331522408861360e+02 3.620644909655152538e-02 1.365948740225890560e+03 1.122017811704834685e+03 1.335046969696969654e+03 1.325884141331142246e+03 nan nan
6.049594023242419780e+02 -1.705544701991890690e+02 1.677988633463928068e+02 1.786403506324855117e-01 1.370975405546834054e+03 1.360921458625525929e+03 nan nan 1.561031509695290879e+03 1.309940925500492312e+03
6.306302379817826704e+02 -2.309402061074087271e+02 5.864313044302442677e+02 1.317257444603595062e-01 1.371000418585182160e+03 6.922525714285714002e+02 1.345933910306845064e+03 6.590041797283176948e+02 nan nan
3.869255069459381389e+02 3.190638289299089934e+02 3.758510152222606848e+02 3.315862049791008792e-02 1.372036189069423926e+03 1.081940347970173889e+03 nan nan 9.929831560283687395e+02 1.029033245844269459e+03
2.245364331264431144e+02 6.843889804223177862e+02 3.044919451088290430e+02 8.422310348363947624e-03 1.373024892703862633e+03 1.197062325581395271e+03 1.353951340206185478e+03 4.800867944621938364e+02 nan nan
4.775190220508320067e+02 1.169083163990832048e+02 4.738033267368787733e+02 4.621822174204140085e-03 1.373064007421150336e+03 9.250307396733909400e+02 nan nan 1.212943609022556302e+03 8.740376317109884212e+02
5.737624616952155066e+02 -9.788093625142420251e+01 5.956887619801926803e+02 2.080282190587742774e-01 nan nan 1.350990616621983918e+03 5.628680758017492280e+02 1.466930707728753305e+03 6.678491928632115560e+02
7.891844374949801022e+02 -5.776813501165289608e+02 1.018245942102361568e+02 6.164060005974335461e-03 1.375026404874746049e+03 1.479046197583511002e+03 nan nan 2.143998847926267445e+03 1.415095987811071609e+03
7.480059982024818055e+02 -4.846648237955926675e+02 5.602469364405380929e+02 1.516313707495860474e-01 1.377047866805411104e+03 6.720155601659751028e+02 nan nan 1.992988644965935009e+03 6.589745222929935835e+02
6.750159719177343050e+02 -3.178496936264580768e+02 2.794718595334016982e+02 4.404880639721144887e-03 1.378042775665399176e+03 1.175020309477756200e+03 1.348976707252514643e+03 1.117907053034444971e+03 nan nan
8.397486812487013594e+02 -6.880197634203035477e+02 5.500465171601382508e+02 4.591629298844020490e-01 1.378072632944228189e+03 6.341020408163265074e+02 1.346920485175202202e+03 1.060049244543928353e+03 nan nan
6.874056069611605153e+02 -3.433736975746251119e+02 8.360221323186020470e+01 5.898395707087596140e-02 1.378903723887375008e+03 1.501942825112107585e+03 nan nan 1.802033953112368636e+03 1.442914217633042199e+03
6.714671473048734924e+02 -3.100838172601485212e+02 3.653256004588084807e+02 1.864992870975177783e-02 nan nan 1.349962704918032841e+03 1.003979661016949194e+03 1.750089604175728482e+03 9.948559447459299463e+02
5.694060207991012703e+02 -8.087103688757383679e+01 6.395846174255235610e+02 1.006751504549139795e-02 1.379011874469889790e+03 6.459673144876325068e+02 nan nan 1.450118295371050635e+03 6.059063987308302330e+02
7.667801867082282570e+02 -5.207526999480744507e+02 1.332036885275191480e+02 1.063437302770352255e-02 1.379979621542940322e+03 1.420899777282850891e+03 nan nan 2.060025418060200536e+03 1.362122956180510073e+03
2.487417370141836841e+02 6.453932858251278049e+02 5.461816957180320742e+02 4.755475809514649217e-03 1.380978240302743643e+03 8.990325680726107294e+02 1.362992172211350180e+03 2.399566074950690222e+02 nan nan
5.932055127667288161e+02 -1.276964860613185664e+02 5.335877548479310235e+02 1.575641301522392665e-02 1.382810795923987826e+03 7.961072362685265489e+02 nan nan 1.513078585461689499e+03 7.568959692898272351e+02
5.534867570335254641e+02 -3.729869685300161564e+01 4.489527404428515638e+02 2.461401201589998814e-03 1.382939705882352882e+03 9.391203463203463571e+02 nan nan 1.403028586553732111e+03 8.940768733850129593e+02
7.832351960812636662e+02 -5.523518578191993811e+02 9.209740986938946605e+01 4.936775394481188184e-02 1.383872875594833431e+03 1.496080816326530567e+03 1.348970383275261383e+03 1.550959915611814267e+03 nan nan
2.634748474638869880e+02 6.185836715945040396e+02 4.783049418605395999e+02 8.788741095306813744e-03 1.383993256262042451e+03 9.790520833333333712e+02 1.365100907029478549e+03 3.270094821298322358e+02 nan nan
6.136500344056649965e+02 -1.701088064640648838e+02 2.361747978706380593e+02 9.728291386770310245e-02 1.384023313905079021e+03 1.253036036036035966e+03 nan nan 1.571996024985803615e+03 1.204843310775637747e+03
6.814469053453797187e+02 -3.216156205915739292e+02 4.986198595974513523e+02 2.406411575771110270e-02 1.386008933263268545e+03 8.129896640826873409e+02 1.357946040644709228e+03 8.410103675777568242e+02 nan nan
7.320161744913809798e+02 -4.320918042533964467e+02 3.382279863445724573e+02 2.740024791692023329e-03 1.387986565910999161e+03 1.065010979729729797e+03 nan nan 1.931047770700636875e+03 1.027841720430107443e+03
2.577404253069683477e+02 6.409900595651802178e+02 6.223892438251282329e+02 9.038389539288986529e-02 1.388989715189873323e+03 8.050700164744645235e+02 nan nan 6.970430984274897810e+02 7.350090293453724826e+02
8.214228304882102520e+02 -6.301679360508832133e+02 8.579768865030510483e+01 8.059302612708812985e-02 1.390017194570135644e+03 1.510813402657423467e+03 nan nan 2.239939123691353416e+03 1.442858506944444343e+03
8.438243326739569738e+02 -6.806943300749991295e+02 4.957354114646994958e+02 2.491035616721868490e-02 1.390984819734345365e+03 7.370246679316887821e+02 1.356947749196141558e+03 1.134126059322033825e+03 nan nan
7.791601576428032558e+02 -5.350531375726729948e+02 5.340898381978578300e+02 1.018792607812550183e-01 1.391027217741935374e+03 7.039929577464788508e+02 nan nan 2.081063915450427885e+03 6.940230769230769283e+02
8.415947621685344302e+02 -6.746620197846800693e+02 5.788606827572326665e+02 6.357929188754964933e-01 1.391980417335473476e+03 5.840287619841600417e+02 nan nan 2.297956292388847032e+03 5.929406158357771801e+02
4.920588079431923916e+02 1.184556914384565687e+02 2.353426752724424489e+02 8.162450108128717699e-03 1.391982718894009167e+03 1.264058447937131632e+03 1.365908108108108081e+03 8.680976616231087064e+02 nan nan
5.693865742806253820e+02 -5.983977080131483461e+01 3.554349264692928045e+02 9.723944173407356173e-03 nan nan 1.364001839926402909e+03 8.420390421655388309e+02 1.438984249329758768e+03 1.030971661490683118e+03
4.101454079921003881e+02 3.051853176483960510e+02 2.853678245757658942e+02 7.236730829787092582e-03 1.392678999657416853e+03 1.202104966139954740e+03 1.368907238605898101e+03 7.009101194217473676e+02 nan nan
8.480284970655172856e+02 -6.867045158840231807e+02 2.282638803534226497e+02 5.136053665974481958e-02 1.393050514958312988e+03 1.241093437152391516e+03 nan nan 2.329214804063860811e+03 1.195021481062747398e+03
6.483363237857137165e+02 -2.344701625811110262e+02 4.707136443624500544e+02 3.996345942770519050e-02 1.393922480620155056e+03 8.741056263269639430e+02 1.365939902544667120e+03 8.170981987216734979e+02 nan nan
8.244627784728793358e+02 -6.335421562677732936e+02 6.159232710179219339e+02 2.581044984298494493e-01 1.393940936863543811e+03 5.281554160125588169e+02 nan nan 2.233103737925241603e+03 5.390603878116343139e+02
5.477566505365731473e+02 4.170095644196287310e+00 9.208802745391331257e+01 7.626763165755704246e-03 1.398758997429305964e+03 1.473985928705440983e+03 1.368968499999999949e+03 1.106077952297847560e+03 nan nan
5.876100568222854008e+02 -8.474686582169024973e+01 3.730796626014547996e+02 2.012305395094052263e-02 1.400925950858296801e+03 1.046963310961968773e+03 1.372934497816593876e+03 8.390111111111110631e+02 nan nan
8.274228082463340570e+02 -6.284598007426675395e+02 2.699078378925107700e+02 4.701636741859882909e-03 1.401947071277346595e+03 1.166967836257309955e+03 nan nan 2.241906617647058738e+03 1.126930803571428669e+03
4.290872549627688954e+02 2.823097021638111528e+02 4.129458021883482388e+02 9.780696530762314489e-03 1.404048076923076906e+03 1.027961699164345418e+03 nan nan 1.065073317710076935e+03 9.759928436911487779e+02
7.448623885088701400e+02 -4.364480119236575888e+02 2.989463250799434491e+02 1.496466901854428544e-01 1.404977844914400748e+03 1.132027972027972055e+03 1.370989956958393122e+03 1.193887109687750126e+03 nan nan
7.109402922205605364e+02 -3.567564081477370905e+02 3.406112560713449966e+02 5.558154293700450020e-05 1.406832881172002089e+03 1.069050607287449338e+03 1.374033315421816269e+03 1.076931120851596688e+03 nan nan
7.248950970040834818e+02 -3.859285827160487088e+02 9.720718664827798250e+01 2.414504412911296083e-02 1.407955073586367234e+03 1.481096595407759196e+03 nan nan 1.888004989308624317e+03 1.421066483893077475e+03
7.633067476827679911e+02 -4.743170922086947598e+02 3.049463630501339821e+02 9.448167516872350846e-02 1.408056232427366467e+03 1.118014042126379081e+03 nan nan 2.011124221183800728e+03 1.079133304572907718e+03
7.650496331336763660e+02 -4.776087562357677143e+02 4.141926235215296401e+02 4.767665992935273857e-03 1.408815602836879407e+03 9.261286863270777303e+02 nan nan 2.014059462254394930e+03 8.999827471798274701e+02
8.213340098873351280e+02 -6.048534133841553739e+02 1.526654948221883785e+02 2.338030940035243019e-02 1.408969858156028295e+03 1.385879172229639607e+03 nan nan 2.214042325780248120e+03 1.328013223140495938e+03
5.872930068676763540e+02 -7.051962242914326850e+01 3.350396539995555827e+02 6.621284078717268665e-03 1.409014995313964391e+03 1.106010357815442603e+03 nan nan 1.470023602915654237e+03 1.061009045680687450e+03
7.733669913420807234e+02 -4.937719414516259917e+02 8.075880082709325336e+01 5.743843596097127913e-01 1.409973913043478206e+03 1.513931837791199314e+03 nan nan 2.046980215827338043e+03 1.449956692913385723e+03
5.778471152625335208e+02 -4.805263674638059257e+01 4.914677765634737625e+02 5.684924673705085002e-02 1.410021885521885451e+03 8.729590643274854074e+02 nan nan 1.442103595890411043e+03 8.310811428571428223e+02
3.671235617911705162e+02 4.384146490917338497e+02 8.466102693346428509e+01 3.285670791053774825e-02 1.410995776135163624e+03 1.470010465116278965e+03 nan nan 9.130006418485237418e+02 1.429090731070496076e+03
2.792241557790492266e+02 6.421190288448456158e+02 1.744522114141641680e+02 1.932254990950262063e-04 1.413010854816825031e+03 1.354827532467532365e+03 nan nan 7.201604221635883505e+02 1.311103104862331520e+03
7.435131474218765106e+02 -4.231433486521388545e+02 6.141352586624610694e+02 1.007324766582970692e-03 1.413018341892883427e+03 5.939715678310317344e+02 1.382059069212410577e+03 7.630623456790123100e+02 nan nan
5.602683503138100605e+02 -1.637836761774537297e+00 5.513363806784124108e+02 1.172156688833616081e-02 1.413818366164542340e+03 7.920752723671178046e+02 1.387988115449915085e+03 5.680107526881720332e+02 nan nan
7.674720640597674901e+02 -4.746987188999350451e+02 8.295514652079373263e+01 3.463189731217488077e-01 1.413928636779505950e+03 1.510100938967136244e+03 nan nan 2.022071954210956619e+03 1.445028947368421086e+03
8.660651035381303018e+02 -6.974086022585597675e+02 1.236575102675389388e+02 6.461240700625764388e-02 1.416099002849002773e+03 1.440945862335653601e+03 nan nan 2.369092693565975878e+03 1.376973600844773046e+03
3.916340213220670421e+02 3.920248891703903951e+02 4.582163607369976148e+02 3.259973951466718124e-03 1.416960144927536248e+03 9.790443599493029296e+02 1.394018387553041066e+03 4.640584095707248480e+02 nan nan
6.740141368227649536e+02 -2.573828114830317872e+02 5.185371471197180426e+02 7.496804771799492340e-02 1.417202828854314021e+03 7.921210564930300961e+02 1.386927358863008294e+03 7.750426666666667188e+02 nan nan
7.567440766932023735e+02 -4.451283876159005217e+02 2.563853546671188042e+02 3.077073643785472115e-02 1.417819684736639829e+03 1.205075981642019315e+03 1.381042739079102603e+03 1.258033333333333303e+03 nan nan
3.368361332932809660e+02 5.244442530376826426e+02 2.626403582735778741e+02 3.215472148607234626e-02 1.420044165504416469e+03 1.241127371273712697e+03 nan nan 8.390406753645434037e+02 1.193026623073330256e+03
6.628117518941780872e+02 -2.223929156192484413e+02 6.237827414355747351e+02 3.642160695994468567e-01 1.422972674724119770e+03 6.320242501595405429e+02 1.395083294770939347e+03 6.128746987951807341e+02 nan nan
7.464558425044278920e+02 -4.164120018087696167e+02 3.554533582555544058e+02 1.477106769272396036e-02 nan nan 1.386127326880119199e+03 1.108018237082066889e+03 1.938082006753497353e+03 1.002080250130276227e+03
8.308571052574044415e+02 -6.081105098182268875e+02 3.492418568191327495e+02 6.910936884758295609e-03 1.423022181146025787e+03 1.021996296296296350e+03 1.383982973149967165e+03 1.279051261829652958e+03 nan nan
5.195726421107431179e+02 1.133209554821128364e+02 5.136032488618711795e+02 1.163774186418894963e-02 1.425948447568834126e+03 8.659590106007067334e+02 1.400043986254295532e+03 5.499930216329379391e+02 nan nan
5.113363132702205576e+02 1.347237161448146594e+02 4.254156798308364387e+02 4.021361335901102452e-02 1.426981658692184965e+03 9.940160060975609895e+02 1.400042063937184594e+03 6.439322135572884918e+02 nan nan
6.382395885202724912e+02 -1.569844612116796441e+02 2.839059607764132807e+02 1.147092983028921362e-02 1.427833546734955235e+03 1.178137490608565031e+03 nan nan 1.596178013392857110e+03 1.133038670284938917e+03
3.401673727712476989e+02 5.324532266295765339e+02 3.227616664176476888e+02 1.174130606418900963e-01 1.427980000000000018e+03 1.165126515763945008e+03 1.403961243144424088e+03 5.448620273531778366e+02 nan nan
4.783502845855747978e+02 2.118314714806927270e+02 6.314438382089749666e+02 1.085358008406734076e-01 1.427988434163700958e+03 7.189672429481346398e+02 nan nan 1.163924739791833417e+03 6.670064460678985370e+02
8.286686892921213712e+02 -5.947388692938041004e+02 2.305906067463827469e+02 6.748488229658558546e-02 1.428969101123595465e+03 1.242022243713733133e+03 nan nan 2.212971680302076948e+03 1.195923174603174630e+03
8.263683175505777854e+02 -5.899464390565766507e+02 5.652871358404946704e+02 1.373141872757478177e-01 1.428998401278976871e+03 6.309908485856905145e+02 1.393047413793103487e+03 9.648835904628331264e+02 nan nan
4.600741944682681606e+02 2.602835960203281616e+02 1.112388842858665328e+02 5.822690025955876841e-02 1.430024645257655038e+03 1.438977431906614811e+03 nan nan 1.115943188405797173e+03 1.393992034313725526e+03
8.671707768381384085e+02 -6.795776102654117494e+02 4.002566892762584416e+02 3.708260749229089215e-02 1.431981788079470107e+03 9.149700996677740932e+02 1.391018800000000056e+03 1.275838345864661733e+03 nan nan
6.928837543732526001e+02 -2.769790746621104631e+02 2.911335813688199323e+02 1.782458247131265411e-02 1.431997725549658753e+03 1.158055252918288033e+03 nan nan 1.756111553784860462e+03 1.115046296296296305e+03
6.452785471939795343e+02 -1.633062359689958498e+02 2.724162684382026782e+02 2.238144786324018365e-01 1.434032348804500771e+03 1.195991492652745592e+03 nan nan 1.610179942418426208e+03 1.150050156739811882e+03
5.587728489689562821e+02 3.991979847154035355e+01 4.358882406438482349e+02 2.332182936571942575e-02 1.435759339704604599e+03 9.670161090458487934e+02 nan nan 1.364017790956263980e+03 9.228662686567164428e+02
5.638374522944759519e+02 2.954484459248587669e+01 1.942414830682339186e+02 4.396185129404740766e-03 1.435953222113182846e+03 1.321934823091247608e+03 1.402992904446546845e+03 9.808197183098591267e+02 nan nan
3.818694155650563857e+02 4.576172210285399160e+02 2.721645439778587843e+02 1.010493824662438275e-03 1.438929705215419517e+03 1.226049079754601280e+03 nan nan 9.240450292397661087e+02 1.177994868035190621e+03
7.212300216389890011e+02 -3.339225475784721766e+02 2.599050229107533596e+02 5.934107714047454074e-02 nan nan 1.399892036753445609e+03 1.167015888778550107e+03 1.838930319369556173e+03 1.161062909567496718e+03
8.158523864547785251e+02 -5.496653754711852571e+02 1.193476436624673624e+02 2.705343804056460980e-02 1.440037284894837512e+03 1.447014591439688729e+03 nan nan 2.156062387791741457e+03 1.384845694375311041e+03
4.268937534280529462e+02 3.565283896624802651e+02 4.041725518090789819e+02 4.382148415297107413e-02 1.440981358989777618e+03 1.045934911242603448e+03 nan nan 1.027014598540145926e+03 9.949557242251739808e+02
3.577815495458705186e+02 5.164869872929464236e+02 5.937912653610094367e+02 1.085798251137939756e-02 1.440983133509449317e+03 8.201034170626838886e+02 nan nan 8.700497237569061326e+02 7.591144094001236908e+02
6.099336015876577903e+02 -6.828934055200427622e+01 3.301440097282319357e+02 5.527602125456989798e-03 1.441965195246179974e+03 1.113028284671532901e+03 nan nan 1.499100729927007251e+03 1.069104838709677324e+03
7.336803224280116638e+02 -3.548207105607127687e+02 2.040487021544058166e+02 1.076772958505032018e-01 1.443018532818532776e+03 1.299034229828850812e+03 1.402900000000000091e+03 1.253902748414376219e+03 nan nan
5.692548675390349899e+02 3.117346738868597811e+01 4.451195979475256195e+02 1.528000439142209767e-02 1.444862765406525114e+03 9.520525624178711723e+02 nan nan 1.382985024154589382e+03 9.089338153503892954e+02
7.477595566508661022e+02 -3.842885806091970267e+02 1.341163789213215978e+02 3.021780695406060119e-02 nan nan 1.403023182297154790e+03 1.364068315665488853e+03 1.917977405247813522e+03 1.361021198830409276e+03
6.585381678648197976e+02 -1.696939854110551096e+02 1.509008104601523996e+02 2.309434726925975109e-02 1.449016266460108454e+03 1.388034099920697827e+03 nan nan 1.633975369458128171e+03 1.335899478778853336e+03
4.840487549533008291e+02 2.428668140371825359e+02 1.189829169900810513e+02 1.419616644727096991e-02 1.450961538461538566e+03 1.428948905109489033e+03 1.418008387698042952e+03 9.308993576017130636e+02 nan nan
8.599167269796726032e+02 -6.374820408608096614e+02 6.199769993583206542e+02 1.902779245685521856e-02 1.451013692768506644e+03 5.150115540150202378e+02 nan nan 2.286981097279852293e+03 5.351270410195140812e+02
4.663899762666948163e+02 2.845651596014072311e+02 4.570724060156737778e+02 7.084337712190676237e-04 1.451821933295647341e+03 9.670547337278106852e+02 nan nan 1.112045910290237543e+03 9.170626450116009210e+02
7.609973120222738316e+02 -4.042485075623914099e+02 4.403945339046896947e+02 2.698072984191173668e-02 1.452938884917798532e+03 8.918906504065040508e+02 1.415069871436556696e+03 9.930123296560674362e+02 nan nan
4.655399536436447647e+02 2.906163587461567204e+02 4.788684409629032643e+02 7.628008425171153850e-02 1.454020479812756093e+03 9.381520794537553911e+02 nan nan 1.107980516538287247e+03 8.879870399170554265e+02
7.086943952995826521e+02 -2.782655367015948400e+02 2.630466309893737957e+02 8.892804212123005259e-02 1.454943820224719047e+03 1.203919584954604488e+03 nan nan 1.779199572779981736e+03 1.159086333333333414e+03
8.481511761291162657e+02 -6.028548427207661007e+02 2.410502847122258459e+02 1.405868959097505144e-01 1.456047773279352214e+03 1.221999164578111959e+03 nan nan 2.247984962406015256e+03 1.177940993788819924e+03
5.673145485766027605e+02 5.626486134934889094e+01 1.634168562441946335e+02 1.099230999723913114e-03 1.456070497147514288e+03 1.367701540755467249e+03 nan nan 1.367173382173382151e+03 1.319123789020452023e+03
4.350967128624000679e+02 3.701674121077286372e+02 3.332770470689148965e+02 5.575464664378523144e-02 1.458022710068130209e+03 1.140943917851500828e+03 nan nan 1.030982142857142890e+03 1.092000569476082092e+03
8.803422594342454204e+02 -6.725470178528166798e+02 3.844280239474315977e+02 1.134443880838608421e-01 1.459970470470470445e+03 9.451139747995417792e+02 1.415019536019535963e+03 1.297181516325401162e+03 nan nan
5.206598929771449775e+02 1.791714816465796787e+02 5.125168974737081271e+02 1.080594527904932822e-01 1.463983414634146357e+03 8.759758064516129252e+02 nan nan 1.235943701618578416e+03 8.299697674418604265e+02
6.506854267260602001e+02 -1.268944309712705802e+02 6.386460893709715947e+02 5.175278905604897561e-01 1.464945945945946050e+03 6.309597411933860940e+02 nan nan 1.588994930291508126e+03 6.039767750497677525e+02
3.638542170857080578e+02 5.565898447945156704e+02 5.107952490613711802e+02 4.357118645365602033e-02 1.467956989247311867e+03 9.289549098196392833e+02 1.444057471264367905e+03 3.330403397027600931e+02 nan nan
4.916313626383482074e+02 2.551421939834874877e+02 5.916623665357622031e+02 1.892737898725672940e-02 1.468074147501982452e+03 7.792155999999999949e+02 nan nan 1.159002906976744271e+03 7.300697674418604493e+02
5.379708623193378116e+02 1.482513985437992687e+02 2.267228139128820601e+02 9.769436882786544651e-03 1.469004562737642573e+03 1.276986334405144589e+03 nan nan 1.276024658740642963e+03 1.230020419426048647e+03
8.184753982001558370e+02 -5.139520868721797342e+02 3.032824594229978175e+02 1.131407751421172059e-01 1.469948055338031736e+03 1.115851430811446562e+03 nan nan 2.123136007376671387e+03 1.079941922889214311e+03
6.655617899425253654e+02 -1.501850936060752701e+02 4.868606195437845372e+02 5.651118861035274443e-02 1.471858578340156328e+03 8.600676136363636033e+02 nan nan 1.626210975609756133e+03 8.279347284504235631e+02
4.064895825569020644e+02 4.647185648825226849e+02 2.907558392533700271e+02 3.138019460884629297e-02 1.471943521594684398e+03 1.201902356902356814e+03 nan nan 9.519726631393298248e+02 1.154004401408450804e+03
8.302754890516516753e+02 -5.385685161377701888e+02 9.154112137519626913e+01 1.292284381446552333e-01 1.472026499302649881e+03 1.498050445103857555e+03 nan nan 2.167046246246246028e+03 1.430984455958549233e+03
3.738126942372724102e+02 5.432255218812387056e+02 6.165598371214299505e+02 6.454721038685326540e-02 1.472915298184961102e+03 7.939693417493236893e+02 1.450855488850771962e+03 2.200911854103343330e+02 nan nan
5.364229447862078359e+02 1.587218721561746690e+02 3.274847131916501439e+02 1.060976498678771821e-02 1.472935211267605609e+03 1.134038932146829893e+03 nan nan 1.267943030303030355e+03 1.087956692913385723e+03
3.124597557237671026e+02 6.877120151353957453e+02 3.370244124018408343e+02 2.655983992094988755e-02 1.473033390410958873e+03 1.156033795493934122e+03 1.446908632004038282e+03 4.611171477079796546e+02 nan nan
7.809392757103414624e+02 -4.215043932723640978e+02 6.032349661216682080e+02 9.460069546345056812e-02 1.473063358778626025e+03 6.089684400360685004e+02 1.435929496006609725e+03 7.881452159187130064e+02 nan nan
8.808171438000887292e+02 -6.534740395190107165e+02 2.771049950796441408e+02 2.828216707343379072e-02 1.475037140204271054e+03 1.150018433179723615e+03 nan nan 2.341984170305676798e+03 1.113896305897602133e+03
8.857128871921611335e+02 -6.609421529966639355e+02 2.155625572327675172e+02 5.401750980450460704e-02 1.478033882783882746e+03 1.266009267840593111e+03 nan nan 2.358130018248175020e+03 1.218824646643109645e+03
6.435498280090557728e+02 -8.655487750055169727e+01 6.101466768490741970e+02 1.030635284865608348e-01 1.478862513426423220e+03 6.829147111913357548e+02 nan nan 1.553218215613382881e+03 6.540855588526211477e+02
4.899184930882252615e+02 2.818359336761319014e+02 5.416707261101428230e+02 2.465010023030134167e-02 1.479961681087762599e+03 8.509660219550444253e+02 1.452991189427312747e+03 4.338574926542605112e+02 nan nan
8.896328085856538337e+02 -6.674173161198976914e+02 4.153345306820880865e+02 1.972682293909380075e-02 1.480043373493975878e+03 8.869775668679895944e+02 nan nan 2.364033066666666855e+03 8.769635936582501472e+02
4.982181227889963679e+02 2.656260756697358829e+02 6.013829878379922320e+02 2.522227794844259657e-02 1.481951206715634726e+03 7.671068702290076544e+02 nan nan 1.162106692531522867e+03 7.189324068224889288e+02
7.841353702448246850e+02 -4.154621143313011657e+02 5.464252337469317808e+02 1.650345085096582842e-02 1.482008356545961078e+03 7.070268714011516522e+02 1.442964649898028483e+03 8.639565580618211698e+02 nan nan
4.843313402004603745e+02 3.046684327056297548e+02 5.507538491316857971e+02 1.234696707328985198e-02 1.484983359013867585e+03 8.419918864097362530e+02 nan nan 1.125020073603211813e+03 7.928746813933729527e+02
5.516129224384742429e+02 1.510030935398002327e+02 6.052222518483303020e+02 4.019261152891372146e-02 1.488976544622425536e+03 7.399194008559201166e+02 nan nan 1.290904727272727314e+03 6.980160919540229543e+02
7.132065735729996732e+02 -2.340735193939085548e+02 5.223569868762100441e+02 3.616926301191374094e-02 1.490074610842726770e+03 7.870749148694665109e+02 nan nan 1.748900873965041455e+03 7.639279646619096411e+02
9.039803834520371311e+02 -6.864578093805553181e+02 4.820901523290761475e+02 1.339373933126489224e-02 1.490964560862865937e+03 7.560695278969957371e+02 nan nan 2.401166877370417296e+03 7.610354517942066650e+02
3.448311214146943939e+02 6.488709976120982219e+02 3.308145715160176792e+02 5.169015222158741818e-02 1.490978448275862092e+03 1.161066860465116179e+03 nan nan 7.991822144725369981e+02 1.111137172774869214e+03
5.829885184563388520e+02 8.324848592707185446e+01 3.392063526385364298e+02 9.579574844703250477e-03 1.492814243027888551e+03 1.111125000000000000e+03 nan nan 1.371082456140350814e+03 1.066928670041417490e+03
7.197767413931718465e+02 -2.420346671522249551e+02 5.106982104324884517e+02 1.224742436012536267e-01 1.495019960079840303e+03 8.040251436781609300e+02 1.456988537117903888e+03 7.890354330708661337e+02 nan nan
9.024036155632899181e+02 -6.760249012495929719e+02 6.282037919441614804e+02 5.649046458623063760e-01 1.495856174161313447e+03 4.839815384615384346e+02 nan nan 2.384076111875286642e+03 5.150930499712808341e+02
7.098206545998002639e+02 -2.143455864682659637e+02 1.014902944884228759e+02 1.291453024270051431e-01 1.497015255530129707e+03 1.469100666173205127e+03 1.449065673662830022e+03 1.276006568144499170e+03 nan nan
8.713434862925737434e+02 -5.981910424106291657e+02 1.780468287095357027e+02 2.489978688596097833e-02 1.498980346435709635e+03 1.338966768692610458e+03 nan nan 2.278076961271102391e+03 1.284979128299570220e+03
6.622932088657428267e+02 -9.414887453704116638e+01 5.379159448471605174e+02 1.138306969421855677e-02 1.500793229643183849e+03 7.901306034482759060e+02 1.466049804687500000e+03 6.569196704428424027e+02 nan nan
6.468746439780594528e+02 -5.488322675501654402e+01 5.223803358052178964e+02 6.854073973543686749e-02 1.501999109528049758e+03 8.210483135824977126e+02 nan nan 1.537981267437226052e+03 7.888024871982443074e+02
3.796008001878332152e+02 5.890785134438992827e+02 6.065872559142287628e+02 1.571412760531059683e-03 1.502068406840684020e+03 8.120115495668912899e+02 nan nan 8.669638850889192554e+02 7.541322178477690841e+02
9.156035468333758445e+02 -6.983569325266686292e+02 9.265273528676011949e+01 4.997099694727270836e-02 1.502945674044265616e+03 1.502015659955257206e+03 nan nan 2.442077830188679400e+03 1.430054364471669260e+03
5.592991388671343884e+02 1.628339246847143613e+02 8.088092456137600550e+01 5.885548732407105965e-02 1.505008902077151333e+03 1.485993112085159737e+03 1.462982507288629677e+03 1.033045744680851158e+03 nan nan
5.589138826552782575e+02 1.646404793902264885e+02 6.064670542649230356e+02 2.732259031862748627e-02 1.505938020351526347e+03 7.399486215538846636e+02 1.477041636230825361e+03 4.210428790199081277e+02 nan nan
7.755808774698731440e+02 -3.570301531395737697e+02 5.223601853314094114e+02 3.765255473160063898e-02 1.507000000000000000e+03 7.600172884440399912e+02 nan nan 1.927090699208443311e+03 7.467567221510882973e+02
6.585871358945576048e+02 -7.254430421595296252e+01 2.686524286938993100e+02 7.644155325926765832e-02 1.507935370152761379e+03 1.205982336956521749e+03 1.465934154429180580e+03 9.770964577656675374e+02 nan nan
7.986110824707579923e+02 -4.109046058787890843e+02 2.006864993908725694e+02 5.362476218848952203e-02 1.507967565098218302e+03 1.303168094218415490e+03 nan nan 2.009008138351983689e+03 1.253029041626331036e+03
8.919994957267822429e+02 -6.349850271647092086e+02 1.997660772324419725e+02 6.736528705931074668e-02 1.508023851590106005e+03 1.296991992882562272e+03 nan nan 2.342016611295681287e+03 1.247020594965674945e+03
3.574187235844592010e+02 6.587934907535488946e+02 4.257587794755769437e+02 1.231033178483934287e-01 1.509976281560826237e+03 1.044074695121951208e+03 1.483031017369727124e+03 3.859196675900277000e+02 nan nan
5.538189789111639811e+02 1.850056749741798399e+02 3.312484911444167324e+02 4.257541906799954673e-03 1.509998232174425539e+03 1.129999334664005346e+03 nan nan 1.276111981205951452e+03 1.084916866890917845e+03
3.749537283377067638e+02 6.165968473427882373e+02 6.337272589682243051e+02 4.464536350969562639e-02 1.510001391594767711e+03 7.820486133768351920e+02 1.487089851325145446e+03 1.740787172011661710e+02 nan nan
6.057270410815657442e+02 6.110219031158339931e+01 1.337468285977399489e+02 3.986644710255169560e-02 1.510996423462088615e+03 1.411926260346124991e+03 nan nan 1.415079482439926096e+03 1.361983916745506122e+03
8.108756468737132082e+02 -4.358756318386765543e+02 1.701659056645972328e+02 2.649990807357113787e-02 1.511002671415850500e+03 1.356006334841629041e+03 1.458028337061894035e+03 1.377839090909090828e+03 nan nan
5.750031613237061947e+02 1.369220943140901454e+02 3.425717483908443342e+02 4.740133905971517791e-02 1.511820107170196479e+03 1.110164688427299780e+03 nan nan 1.329996050552922497e+03 1.066078647686832710e+03
5.942743336701294083e+02 9.016036178038676496e+01 3.654842407424832800e+02 1.714802228628167693e-03 1.511873996509598555e+03 1.073117391304347848e+03 1.474935689948892787e+03 7.568678541839270792e+02 nan nan
5.919548270870020588e+02 9.941472281389812338e+01 8.406745728783012339e+01 3.864905187938828535e-01 1.514019368723098978e+03 1.484098173515981671e+03 1.469018854242204497e+03 1.072903999999999996e+03 nan nan
5.020987739481050767e+02 3.201517484875476498e+02 1.345183286434712215e+02 5.214198678820929078e-02 1.514957585644371875e+03 1.407005434782608745e+03 nan nan 1.140087294727744165e+03 1.360978102189781112e+03
4.897992748633618589e+02 3.499320893466154985e+02 3.584535813978481542e+02 2.170502920864672211e-03 1.515046553808947920e+03 1.104805555555555657e+03 1.482007494646680925e+03 6.159116945107398351e+02 nan nan
6.803199517613061289e+02 -1.120326060463952302e+02 5.184708466199642771e+02 4.134324261719268118e-02 1.515940848214285779e+03 8.158702906350914645e+02 1.479007762879322399e+03 6.959607390300230918e+02 nan nan
5.150028126533127306e+02 2.925114063831846920e+02 3.821142163697572300e+02 3.056322347654252120e-02 1.517019328340178845e+03 1.067958495460440872e+03 nan nan 1.170101092896174805e+03 1.022022891566265116e+03
6.104833823710622482e+02 6.211337021083026855e+01 9.205438860508773757e+01 1.684586373273217474e-01 1.518036105032822661e+03 1.474019187358916497e+03 nan nan 1.420971096096096062e+03 1.422054487179487069e+03
7.361324738658382785e+02 -2.424163378935282935e+02 8.653597724632265908e+01 2.109494117270659802e-02 1.519031907671418821e+03 1.495075913776944617e+03 1.466857603092783393e+03 1.320132963988919755e+03 nan nan
8.085721723688122893e+02 -4.168924381007958004e+02 3.207316836286203170e+02 2.244256948851432523e-02 1.519955264347040156e+03 1.094027543563799782e+03 nan nan 2.025198797595190399e+03 1.059947246645071800e+03
5.067718293605843201e+02 3.222450847467649737e+02 4.024984162856049466e+02 9.156903334914490156e-02 1.522127732240437126e+03 1.042936029411764594e+03 1.489016759776536219e+03 5.820058910162002803e+02 nan nan
8.449410177113094278e+02 -5.001465437491822854e+02 5.312578491244606766e+02 1.934209893625637444e-01 1.523021172638436383e+03 7.100358632193494941e+02 nan nan 2.142138354482194245e+03 7.110245714285714485e+02
8.734306826072943295e+02 -5.662680947827637965e+02 6.291927701824845371e+02 2.159785469640827099e-02 1.524759471365638774e+03 5.161479976784677319e+02 1.479976253298153097e+03 8.719897775105231403e+02 nan nan
7.982682938517019693e+02 -3.829474276595534548e+02 3.746430678859229033e+02 4.588499848476604304e-02 1.525815026153114559e+03 1.005015748031496059e+03 nan nan 1.981836451418225806e+03 9.771452939384708998e+02
8.743301483161782244e+02 -5.659371706182578237e+02 9.902785383367337602e+01 1.409595901248482663e-01 1.527067713004484403e+03 1.486046891464699684e+03 nan nan 2.254003639672429472e+03 1.418022241992882527e+03
9.155564833170774364e+02 -6.634081755571760368e+02 5.656668791118921717e+02 4.342345134157837849e-01 1.528012626262626327e+03 6.029847122302157914e+02 nan nan 2.391948047757341101e+03 6.248835457705678209e+02
7.441762614007330967e+02 -2.476678732400299054e+02 8.080327048278618918e+01 5.727206877167462240e-02 1.528060483870967801e+03 1.504942386831275826e+03 1.473992354740061273e+03 1.332869980879541117e+03 nan nan
4.073263733915190983e+02 5.777580472897668642e+02 5.245053726182181890e+02 1.221416875121411269e-02 1.528786463298379431e+03 9.120864830237027263e+02 nan nan 9.051831557584981738e+02 8.590628722700198523e+02
3.687056144884741116e+02 6.736201026329139268e+02 4.379099320258347348e+02 9.984430099723256430e-03 1.529987408184679907e+03 1.029917034855179281e+03 1.501946050096339150e+03 3.691102709514807998e+02 nan nan
6.398987605548460351e+02 1.242022580165575185e+01 4.582452461871822038e+02 1.930965217275176088e-02 1.530745683930942960e+03 9.270279162512462108e+02 nan nan 1.487024319868095517e+03 8.909628918746001318e+02
7.948649975736194619e+02 -3.668027590295981213e+02 5.813708209589168519e+02 9.986206438604250391e-02 1.530825571549534288e+03 6.569912758996728144e+02 nan nan 1.959995694294940904e+03 6.539784580498866262e+02
6.699717652253850702e+02 -6.090657888454571633e+01 3.962252685600839754e+02 6.166205044681206124e-04 1.531022099447513710e+03 1.010886855241264584e+03 1.489994283672740266e+03 8.190644540644540257e+02 nan nan
7.956189225135436800e+02 -3.670229207510163860e+02 5.416553338396266781e+02 1.316451723003114055e-02 1.531891705069124328e+03 7.239577557755775388e+02 nan nan 1.961975505857295047e+03 7.160624566273421578e+02
4.163627561602013429e+02 5.625257515159886452e+02 4.888925705692386146e+02 6.278755856731300933e-02 1.531963528413910126e+03 9.550410958904109293e+02 1.504000430848772112e+03 3.649654340836012807e+02 nan nan
6.855169363639606672e+02 -9.058142047434633071e+01 8.391626346248661150e+01 6.659054795941812821e-02 1.535945600584154818e+03 1.492923076923076906e+03 nan nan 1.617001753616834776e+03 1.436192402565367502e+03
8.758427050207019420e+02 -5.561178913692017431e+02 5.424121359444494601e+02 1.239272662195600172e-01 1.535972194637537314e+03 6.750338664158043684e+02 nan nan 2.235006629834253999e+03 6.839717194570135916e+02
6.557790353643171102e+02 -1.378163297859313374e+01 3.531823616373635559e+02 5.625389721403695198e-02 1.537950544015825926e+03 1.081058012636415924e+03 1.495968855997533183e+03 8.420217222653219551e+02 nan nan
4.249932055017773678e+02 5.556248203068361136e+02 1.034280098447673595e+02 4.824528055091052182e-03 1.538978490566037635e+03 1.444860872235872193e+03 nan nan 9.348842848373235483e+02 1.402114811912225605e+03
8.296339111960899118e+02 -4.391169793554786338e+02 4.951451825102507200e+02 4.229711105787907488e-02 1.539049360146252184e+03 7.869590017825312316e+02 nan nan 2.069034747744737615e+03 7.789826170931917204e+02
7.659269644820327585e+02 -2.837014272552900707e+02 6.055482752127492176e+02 4.521447596649525447e-01 1.539069913850231842e+03 6.380369937694704277e+02 1.498007539410555182e+03 6.988899297423887447e+02 nan nan
8.833533129040082486e+02 -5.693722396041910088e+02 2.011297087137285757e+02 4.153432343395671578e-02 1.539924542124542086e+03 1.297015358361774815e+03 nan nan 2.267025955299206998e+03 1.247117918590012550e+03
6.146952006127919503e+02 9.307786579796260185e+01 2.706977651251893349e+02 2.121869780136937007e-03 1.541016003460207685e+03 1.211000000000000000e+03 nan nan 1.406973870682019424e+03 1.166045762711864427e+03
8.537440826980066504e+02 -4.926764915643856284e+02 1.592551013825349173e+02 1.051265021560699245e-02 1.543008817635270589e+03 1.375072583826429991e+03 1.482912794033275986e+03 1.447956989247311867e+03 nan nan
5.496603787563276455e+02 2.593053700795243799e+02 3.909755273803641558e+02 9.206128452667727141e-04 1.543916924984500838e+03 1.052144983818770243e+03 nan nan 1.231060207612456679e+03 1.008081674673987663e+03
8.876207779908262410e+02 -5.716136318051968601e+02 6.346825446848583852e+02 3.714149852644908767e-02 1.544976991150442473e+03 5.030000000000000000e+02 1.497982820976491894e+03 8.720696920583468454e+02 nan nan
6.645943582493115400e+02 -2.321567926783250257e+01 6.115385078329705948e+02 2.264493330659512749e-01 1.544978851963746138e+03 6.909188284518828596e+02 nan nan 1.540203766478342686e+03 6.660543933054393619e+02
7.168200148416219690e+02 -1.506403194198857989e+02 4.155596035205972498e+02 9.422380166488513245e-03 1.546044987775061145e+03 9.689485006518905266e+02 1.502035159443990096e+03 8.579354346720895137e+02 nan nan
4.171224685089896411e+02 5.912646606669047742e+02 1.384228689301415045e+02 4.496838844834701032e-02 1.546948479729729797e+03 1.400000000000000000e+03 1.509001981767736879e+03 7.299280544912728601e+02 nan nan
7.102799742444324238e+02 -1.313369252616913343e+02 2.251795971146744932e+02 3.602793158717930433e-02 1.547951635846372710e+03 1.271036015325670405e+03 nan nan 1.676053678852383200e+03 1.224028427326914198e+03
5.293815657038969675e+02 3.173164144564011622e+02 1.983297888904638739e+02 2.685652592211273254e-02 1.547981892258940661e+03 1.319907810499359812e+03 nan nan 1.175998631074606465e+03 1.273910832719233667e+03
5.176960185279394864e+02 3.482285040639333147e+02 1.174996186754616474e+02 7.697072019906056606e-02 1.549021145374449361e+03 1.429967401725790978e+03 nan nan 1.145907358390682930e+03 1.384047563805104346e+03
5.177623810365894315e+02 3.571300823332729237e+02 3.306820881184202108e+02 4.538739724408792364e-01 1.553986919555264876e+03 1.141962623413258143e+03 1.515959874608150358e+03 6.499191226867717432e+02 nan nan
6.786184393263063157e+02 -4.213725028869696843e+01 5.454837016325059267e+02 4.134376113134061864e-02 1.553990044247787637e+03 7.861026837806300591e+02 nan nan 1.571220904578047339e+03 7.590231607629427799e+02
6.275109998666667934e+02 9.213201647403167271e+01 1.384635336167916364e+02 3.574709427825840252e-02 1.557970524017467142e+03 1.404991105463786425e+03 1.509065141720536985e+03 1.025976448122215061e+03 nan nan
3.978084687338839558e+02 6.645068214066800465e+02 5.369662214525499166e+02 1.110938831943929055e-02 1.558884615384615472e+03 9.060704772475028221e+02 nan nan 8.579329856584093932e+02 8.529647519582244968e+02
5.616938815026271641e+02 2.583011868605386212e+02 2.437495183986369796e+02 1.066218495103411629e-01 1.558915730337078685e+03 1.256028513238289179e+03 nan nan 1.247205380237972122e+03 1.210132607303010900e+03
9.402858643287105451e+02 -6.809489589895991912e+02 4.363689439831983918e+02 2.890280661154907491e-02 1.558988116043341506e+03 8.410292221744736025e+02 nan nan 2.448085280373831665e+03 8.420690571049136679e+02
4.451055136780864245e+02 5.521188872807620101e+02 3.527762145207327649e+02 2.282711273304259547e-02 1.560966640190627459e+03 1.126037126715092882e+03 1.526939478957915753e+03 5.249602888086642452e+02 nan nan
8.632896329352967086e+02 -4.883443685462839881e+02 8.484518165321068750e+01 5.375999813426836083e-01 1.561923273657288973e+03 1.510012113055181771e+03 nan nan 2.167927099841521340e+03 1.440002356637863386e+03
5.343216817955494662e+02 3.345045510963749393e+02 6.343089320073889894e+02 4.986342111908512176e-02 1.562771093454407946e+03 7.309665841584157988e+02 nan nan 1.173042105263157964e+03 6.881167806417674910e+02
8.904484370561648348e+02 -5.529637222216337022e+02 3.638316946898287370e+02 1.797669983377264691e-02 1.563076880222841282e+03 9.991422857142856628e+02 1.505044323011536108e+03 1.239744036105738132e+03 nan nan
5.680882984218399088e+02 2.523398151758732126e+02 5.184096215494073476e+02 3.510147414589952219e-02 1.564003891050583661e+03 8.747596236099229827e+02 1.529996577296063833e+03 4.909143367043426451e+02 nan nan
7.640167386293817344e+02 -2.300738372765048325e+02 2.615816373698021380e+02 1.040806223587670970e-02 1.568911729622266421e+03 1.207930164319248888e+03 nan nan 1.818088775510204187e+03 1.165039316239316349e+03
6.316980579430405669e+02 1.058187616393561825e+02 1.909882878446067878e+02 1.590877437933901906e-02 1.571053217821782255e+03 1.327889650669278581e+03 nan nan 1.421943718592964842e+03 1.280121746431570045e+03
5.780369536827054162e+02 2.409400348125673190e+02 2.711076263003942586e+02 1.283936479113929538e-02 1.571093420391762947e+03 1.216996492985972054e+03 nan nan 1.277056124249911818e+03 1.172073564309444691e+03
4.495583625109556465e+02 5.635910963663075108e+02 2.073012354118512519e+02 6.417019021897271691e-03 1.571837046204620492e+03 1.312104738154613415e+03 1.532929108910891046e+03 6.769675486769845065e+02 nan nan
5.316587164700564472e+02 3.607146862424936558e+02 3.082324460109230699e+02 2.590415627153354675e-02 1.572759748427673003e+03 1.172160073037127177e+03 nan nan 1.157080816326530567e+03 1.127091922005570950e+03
7.653687263045771942e+02 -2.208376671767566961e+02 8.209906423324642333e+01 3.313767638571175622e-01 1.576770538243626106e+03 1.502130630630630549e+03 nan nan 1.815856307842182105e+03 1.441009554140127420e+03
5.358943826929864827e+02 3.590013479731744042e+02 3.912344024137613019e+02 1.168259143815921983e-02 1.577147551546391696e+03 1.060176624054265631e+03 nan nan 1.163124177631578959e+03 1.015942255801403121e+03
8.286323049723337135e+02 -3.696722187442536551e+02 2.321423712753826578e+02 9.503650783337415364e-02 1.582939906651108458e+03 1.249945467422096272e+03 1.521964899713467048e+03 1.260014507772020806e+03 nan nan
5.330261150980493312e+02 3.782865838247093393e+02 5.596733319121882460e+02 3.040845945251742684e-03 1.582970186335403696e+03 8.370828598484848726e+02 nan nan 1.149937725335955520e+03 7.938197865353038196e+02
9.514033664990582793e+02 -6.735644777284496740e+02 5.008317741896368602e+02 1.501447754872885232e-01 1.583796736596736537e+03 7.190397008055235801e+02 nan nan 2.454042922841083509e+03 7.350475926950747407e+02
7.353729298423618275e+02 -1.324527318243098364e+02 2.717451415383017661e+02 5.969887729423142830e-02 1.584037645448323019e+03 1.197072714182865411e+03 1.530977924944812457e+03 1.030087418300653553e+03 nan nan
8.212505581075779446e+02 -3.475344679616065946e+02 2.853597390671297944e+02 5.741657710990862723e-02 1.585028725314183021e+03 1.160021237303785711e+03 nan nan 1.985945105215004560e+03 1.121990574929312061e+03
4.860525015090428269e+02 5.089916558036390484e+02 5.511265961817584866e+02 8.528506578411136629e-03 1.588922441486920661e+03 8.669959003468936771e+02 nan nan 1.031040242557883175e+03 8.199474013775829917e+02
4.848044729140125924e+02 5.115364200303646953e+02 2.497256636986071499e+02 8.591217953650234773e-02 1.589016157989228077e+03 1.255969359331476426e+03 nan nan 1.027987804878048792e+03 1.210984340044742794e+03
9.061759985406289388e+02 -5.535687162726518409e+02 8.842704810312979191e+01 3.753194862104914376e-01 1.589808413161182898e+03 1.506060140754958411e+03 1.517957947019867561e+03 1.602029583763329811e+03 nan nan
6.031975389469656648e+02 2.157302892333764248e+02 3.511029733317976138e+02 6.661244927276570305e-02 1.590940516655336523e+03 1.102903473613894448e+03 1.548046629213483129e+03 7.129166666666666288e+02 nan nan
7.071538318505447478e+02 -4.897157611870193250e+01 2.456350775895548395e+02 8.261297615012383813e-03 1.590950607287449429e+03 1.241913360323886536e+03 1.538031408308004075e+03 1.004145171339563831e+03 nan nan
9.531473184787087121e+02 -6.658891058142027077e+02 6.133851613638157687e+02 3.335308819834126304e-01 1.591980529595015469e+03 5.079914367269267359e+02 nan nan 2.445139496972519737e+03 5.479558584214809116e+02
5.557880739548188558e+02 3.463526294823157627e+02 4.176311597380353078e+02 9.866412319742071113e-03 1.595844266399599292e+03 1.022923784494086703e+03 nan nan 1.194130817610062877e+03 9.801408312958435545e+02
6.994408367446001193e+02 -1.203717546664822891e+01 1.272070490557047293e+02 1.418652547208803516e-01 1.600763713080168827e+03 1.424095751854349373e+03 nan nan 1.583044652502700728e+03 1.371065959952885805e+03
8.772763157347631022e+02 -4.636991596851258919e+02 3.935791410412103346e+02 4.294988526490290531e-02 1.600889840182648413e+03 9.579849246231156030e+02 1.541020389249304799e+03 1.132051511758118750e+03 nan nan
7.583969358245866488e+02 -1.621603263155173522e+02 2.799246272128496003e+02 1.024740995829047652e-01 1.600967596759675871e+03 1.182049638989169580e+03 1.544891912038762484e+03 1.044736970287384338e+03 nan nan
6.501242818360464071e+02 1.153533074046684703e+02 3.803040152445099693e+02 1.266130535679234684e-02 1.601012409200968477e+03 1.051940513744930058e+03 1.556044726670347927e+03 7.399567538707955237e+02 nan nan
8.159056200083690555e+02 -3.042752798561231771e+02 5.528308436123097636e+02 3.245417720505155978e-02 1.602970618034447853e+03 7.160260303687635997e+02 nan nan 1.939060769507371560e+03 7.119217830109336091e+02
4.802053331480047405e+02 5.527640444111428906e+02 2.523856339795622716e+02 6.087439577325420154e-02 1.603111767378464265e+03 1.253881050463439806e+03 nan nan 1.003947044334975317e+03 1.209025867507886460e+03
7.726343847424352589e+02 -1.865209917226889331e+02 2.036209121030187532e+02 1.249177027298767617e-01 1.608080586080586045e+03 1.303992406985573325e+03 nan nan 1.798286095068858231e+03 1.255046400951814348e+03
5.233754158868749755e+02 4.575921275744811396e+02 2.877803843508378918e+02 1.060583580644707327e-02 1.609994994994995068e+03 1.203993249758920001e+03 1.568096068098905562e+03 6.530914127423823174e+02 nan nan
4.461104530895716493e+02 6.551516845576463766e+02 3.786656777476239313e+02 1.391946480934329322e-01 nan nan 1.575038892345986369e+03 4.550276402640263882e+02 9.190116900467602363e+02 1.052941256830601105e+03
4.480201496862458157e+02 6.523996373888032849e+02 1.903404919024760318e+02 8.432635302913535358e-03 1.611799901307673281e+03 1.335106913486966278e+03 nan nan 9.219979716024340632e+02 1.291076923076923094e+03
4.555752648800266797e+02 6.339526992313409437e+02 2.489963987078124319e+02 2.158458629354300523e-02 1.611973345588235361e+03 1.260998206278026828e+03 nan nan 9.390075128509291744e+02 1.216119368323269782e+03
7.081336834556329904e+02 -1.141226335715512796e+01 4.083952243299564770e+02 8.531859214339357345e-02 1.613000000000000000e+03 9.960558252427184698e+02 nan nan 1.591071357451045515e+03 9.629404444444444380e+02
5.672966899001910406e+02 3.574211048036867737e+02 4.676260699984369467e+02 1.191787499852052790e-01 1.615850125493008136e+03 9.561354933726067884e+02 1.577960000000000036e+03 5.040170807453416160e+02 nan nan
4.754815418021901792e+02 5.952403199502214193e+02 5.055171581570288595e+02 6.354720639767259815e-02 1.616928143712574865e+03 9.350122699386503200e+02 nan nan 9.800806045340050332e+02 8.879803548795944153e+02
8.314652913161647803e+02 -3.182613225487446016e+02 4.364383804963641182e+02 4.893274818055401432e-02 1.619012886597938177e+03 9.069054216867469904e+02 nan nan 1.973079453755431359e+03 8.899610757254068858e+02
8.894489925454877266e+02 -4.648195161488641816e+02 5.247555204071481967e+02 1.827179942756079756e-01 1.620002879078694832e+03 7.250390243902438669e+02 1.562978075517661409e+03 9.579944444444444116e+02 nan nan
6.090273026556279774e+02 2.634074499118138988e+02 2.721998980919740916e+02 3.072877399194596116e-03 1.622920090039392335e+03 1.216047708725674738e+03 1.574975211608222480e+03 7.810767939571968554e+02 nan nan
6.451795285909767017e+02 1.700041180369266556e+02 3.326742176510139757e+02 1.650355464057484678e-02 1.622996240601503814e+03 1.124980353634577568e+03 nan nan 1.401022359290670693e+03 1.084025472473294940e+03
6.996482681064151166e+02 3.407876263049991650e+01 3.115390510429106143e+02 2.251121950013169198e-02 1.625986020503261898e+03 1.145998050682261237e+03 nan nan 1.552113775794757430e+03 1.105864657210401901e+03
6.942453168330697508e+02 4.861426764506162357e+01 4.264192816382603155e+02 4.234611868483646106e-04 1.626015274034142067e+03 9.760009233610342108e+02 nan nan 1.535075152927468707e+03 9.431190919240789299e+02
6.677569230829415119e+02 1.191882808713293826e+02 3.670383217439663213e+02 1.705960669789095352e-03 1.627020114942528835e+03 1.070997131931166450e+03 1.578974849094567389e+03 7.580504451038575553e+02 nan nan
7.900057796882844059e+02 -1.962684680507641986e+02 4.756374625699851322e+02 2.511058322997325974e-03 1.627963980690679591e+03 8.630685840707964189e+02 nan nan 1.824107692307692332e+03 8.450872979214780116e+02
5.201727175373621321e+02 5.052373907746171540e+02 1.957485810370666002e+02 9.257717592532410666e-02 1.628953441295546554e+03 1.326084663428174963e+03 nan nan 1.073974877450980330e+03 1.281117445054945165e+03
8.651051434705216252e+02 -3.851970474459626530e+02 4.974913331697856620e+02 9.898376929088692489e-02 1.631004826254826185e+03 7.899697828139754847e+02 1.574027440633245305e+03 9.359704316972205334e+02 nan nan
5.691981388578495853e+02 3.856641311960125904e+02 3.742621335497578912e+02 5.272420726729982500e-03 1.632049226441631617e+03 1.084055462184873932e+03 1.589958196721311424e+03 5.989497487437186010e+02 nan nan
8.629971208827390683e+02 -3.771134275519530092e+02 3.954229989677168078e+02 5.069131164149329183e-02 1.632897145669291376e+03 9.669009433962264666e+02 nan nan 2.064093831775700892e+03 9.477749999999999773e+02
5.033439922875388106e+02 5.589579776118054042e+02 9.079352799134829866e+01 3.547464503796128599e-02 1.634039355992844321e+03 1.462076243980738354e+03 1.584961838006230437e+03 8.120984626647144751e+02 nan nan
5.782308202221669262e+02 3.672239198452020332e+02 1.393233030937577155e+02 6.336886732051913440e-02 1.634981818181818198e+03 1.400993351063829778e+03 nan nan 1.211950432276657011e+03 1.353996044825313220e+03
8.767850413254184332e+02 -4.058156074301173817e+02 4.591280649312300284e+02 1.169806853684135853e-02 1.637003610108303292e+03 8.517743449354712766e+02 1.577055837563451860e+03 1.004859830667920960e+03 nan nan
9.588287102159785036e+02 -6.158842771931034576e+02 8.323234111621553666e+01 1.715372174345817791e-01 1.639033777777777686e+03 1.518912602607435929e+03 nan nan 2.420081218274111507e+03 1.444071688942891797e+03
8.342443882505252759e+02 -2.837632643707442526e+02 6.359704360751909462e+02 1.627993788281904552e-01 1.643781059311691479e+03 5.811359223300970598e+02 1.594958897711349891e+03 6.759223350253806757e+02 nan nan
7.620690458208755445e+02 -9.177269211564735940e+01 4.341168169092559879e+02 8.613844930702233005e-02 1.646111000000000104e+03 9.448544303797468729e+02 nan nan 1.714016087516087509e+03 9.187976106816585116e+02
9.037883882410845899e+02 -4.587320807017204061e+02 3.920829646040833154e+02 3.625159778670480198e-02 1.647989205103042195e+03 9.598984198645598553e+02 nan nan 2.189112488928255061e+03 9.447947745469869005e+02
7.428309391977742280e+02 -3.525550379967686609e+01 2.482967750191145626e+02 2.934431734749138806e-02 1.649885643912737578e+03 1.237994079655543601e+03 nan nan 1.653204416403785444e+03 1.194067333939945456e+03
7.571386556884817765e+02 -7.236703039695984785e+01 2.697125486769475060e+02 1.119700424898418256e-01 1.650043689320388239e+03 1.203000000000000000e+03 1.590019202363367867e+03 1.002987839101964482e+03 nan nan
7.803778984929836042e+02 -1.320150517381910333e+02 2.820781200297636815e+02 6.243424142790007271e-03 1.650968941382327102e+03 1.179949723756905996e+03 nan nan 1.767997628083491463e+03 1.139991127348642976e+03
8.215434152500126856e+02 -2.388841828176501849e+02 4.979860548195821934e+02 9.226572638107009838e-02 1.651003603603603551e+03 8.180036429872495773e+02 nan nan 1.896976562500000000e+03 8.068294377763739931e+02
8.462059159619625461e+02 -3.049009460530111824e+02 2.371865321711568413e+02 2.535323682259014305e-02 1.651008673026886299e+03 1.243944875107665894e+03 nan nan 1.985942613416052836e+03 1.199971691176470586e+03
9.550074495633386960e+02 -5.879757201187409237e+02 1.606967725495523212e+02 2.388993467342708996e-02 1.651071163825055692e+03 1.371984502446982106e+03 nan nan 2.385052071005917242e+03 1.314078133783024214e+03
6.258088123194518175e+02 2.777973620768595993e+02 2.860688178187542121e+02 6.206037919657491839e-03 1.651957142857142799e+03 1.197111883691529783e+03 nan nan 1.317178359511343842e+03 1.154119351100811173e+03
9.310446509903007382e+02 -5.206245343072740752e+02 5.522716971949096205e+02 6.090031674652908456e-02 1.652870505700087733e+03 6.599176765566235190e+02 1.591911229135053190e+03 9.701231155778893935e+02 nan nan
5.400651768170130254e+02 5.132012996979354966e+02 1.324001950594545178e+02 4.067030526405684965e-02 1.657073474470734709e+03 1.408916051040967204e+03 1.605928773318258891e+03 7.979486040609136808e+02 nan nan
8.942610167039889575e+02 -4.168723925175572163e+02 5.876372423259282414e+02 1.484343533107380653e-01 1.658014660493827250e+03 6.249814216478190474e+02 nan nan 2.135111655773420352e+03 6.420014378145219780e+02
7.298198735984531140e+02 1.822608317825596913e+01 6.381623957238515459e+02 8.037735069616003258e-02 1.658990864799025530e+03 6.539029799029799506e+02 1.618072245635159561e+03 4.869373825923606773e+02 nan nan
5.974934439686913947e+02 3.747349949807760936e+02 5.076467400330900546e+02 1.700326934038592641e-01 1.662129943502824972e+03 9.030343106674984028e+02 nan nan 1.231051979017644271e+03 8.650695802185164212e+02
7.560300999134635731e+02 -4.489056873512141266e+01 4.809336421067936840e+02 4.650832109125807579e-02 1.663035751295336695e+03 8.789245701608430181e+02 1.612020569620253127e+03 7.269770387965162399e+02 nan nan
4.789190399969425584e+02 6.871826841020555321e+02 9.483746626882954445e+01 8.698997015012959605e-03 1.663990011525163254e+03 1.455018491484185006e+03 nan nan 9.439549887471868033e+02 1.411917916337805764e+03
6.358328276849575786e+02 2.765847636999690735e+02 4.507025661306189477e+02 1.150108718502713609e-02 1.664010475423045818e+03 9.679886660854402862e+02 1.620016361071932351e+03 5.749215284885704023e+02 nan nan
7.434459617856585965e+02 -9.680419856497286091e+00 4.332514834254537277e+02 2.058357728995025698e-02 1.664097254672897179e+03 9.568787878787878753e+02 nan nan 1.635048478488982255e+03 9.289318866787220941e+02
8.839434163291180084e+02 -3.738259116894655563e+02 3.602827363515029901e+02 1.469144782738628779e-02 nan nan 1.601007380073800732e+03 1.116966842105263140e+03 2.090095810705973690e+03 1.003988324873096417e+03
5.022067844417746301e+02 6.415295243984368199e+02 3.036005031415697317e+02 3.211931260624793782e-02 1.670049473202015633e+03 1.192005865102639291e+03 1.626970899470899440e+03 5.520185597624350748e+02 nan nan
8.432250042756504627e+02 -2.619695381658705742e+02 4.867610497558125644e+02 5.536767564247317870e-03 1.670992298916143682e+03 8.310145669291338208e+02 1.612928499496475297e+03 8.670991432068543645e+02 nan nan
7.793075675134788298e+02 -9.089910180992605149e+01 1.182453592488930383e+02 6.642121286450921105e-03 1.672952150797486638e+03 1.440943595769682815e+03 nan nan 1.739944522144522125e+03 1.383791586998087951e+03
6.338119968636841577e+02 3.024071802682864245e+02 4.695295035195586024e+02 8.457471843909778256e-03 1.673905139703346094e+03 9.448227722772277275e+02 nan nan 1.313190572731880366e+03 9.091344537815126614e+02
7.476957820666741554e+02 -1.861733773068368514e+00 3.864680324177357988e+02 1.752844632566161187e-02 nan nan 1.618976899155930596e+03 8.189408346539884178e+02 1.635880777696258292e+03 9.969526107942079989e+02
9.498727480076968277e+02 -5.378150146080303102e+02 1.125445239563456283e+02 8.111097576404375023e-03 1.675930384930384889e+03 1.461947368421052715e+03 1.588953759549658116e+03 1.575986525112290792e+03 nan nan
6.324976005566961703e+02 3.104391945477016748e+02 4.934177262039528955e+02 2.518394512935784660e-02 1.676018935978358968e+03 9.130131332082551125e+02 nan nan 1.307223825034899846e+03 8.780274314214464084e+02
5.851778495904169404e+02 4.441755152218189551e+02 2.927506676499193077e+02 3.726259083866702640e-03 1.680094869992972690e+03 1.196017517136328934e+03 nan nan 1.181961643835616542e+03 1.153010212097407702e+03
7.609881265922883813e+02 -2.364708415528866681e+01 4.079769007183287499e+02 9.666429447703354244e-03 1.681837153518123614e+03 9.930722330097087251e+02 1.625946921443736755e+03 8.078749401054144528e+02 nan nan
8.777563859464157758e+02 -3.353897812918081058e+02 4.532619499856223229e+02 7.985792113724144922e-03 1.681936351411922942e+03 8.730737028301887221e+02 nan nan 2.047982161594963372e+03 8.639588793492996501e+02
7.285814680920840374e+02 6.395846078800680345e+01 1.515647057182141282e+02 3.912349108361988514e-02 1.682924331376386135e+03 1.386969814241486119e+03 1.616972595078299719e+03 1.054095657646318386e+03 nan nan
6.841606009328675100e+02 1.863926777427239472e+02 5.793173437125489045e+02 5.514819182152029542e-02 1.682936556927297715e+03 7.730646887159532525e+02 nan nan 1.438974858069748507e+03 7.480310965630114879e+02
9.446320462330133978e+02 -5.090715663755202058e+02 9.204427100254788741e+01 2.348337072004349352e-02 1.685813664596273384e+03 1.499144124168514509e+03 1.597018987341772117e+03 1.577028255528255613e+03 nan nan
8.621846986931709580e+02 -2.851903440804831575e+02 5.015903201561835658e+02 6.275125994678865116e-02 1.686973168963016633e+03 8.011003184713375731e+02 1.627006700167504277e+03 8.669983079526226675e+02 nan nan
6.534984566995967725e+02 2.798326147681131602e+02 3.569384703672211572e+02 1.163959168091887805e-02 1.688960859554873423e+03 1.097982286634460479e+03 nan nan 1.350072233606557347e+03 1.058951854261548533e+03
7.494391972618442423e+02 2.574809646989667300e+01 5.476551940180113434e+02 7.893642796794655969e-02 1.690927656367746749e+03 7.889653864390706985e+02 1.643030924128011520e+03 6.039428338097183087e+02 nan nan
5.538323200697806215e+02 5.501087851412920600e+02 1.084331139301444296e+02 2.155433536407135725e-02 1.691010362694300511e+03 1.440011482254697285e+03 1.635989819004524861e+03 8.089243306169964853e+02 nan nan
6.666841578950804887e+02 2.498625426064627106e+02 2.840325866577043712e+02 1.210206981172847439e-02 1.691974409448818960e+03 1.198172348484848499e+03 nan nan 1.383209403780901539e+03 1.156084144645340757e+03
9.210076936984415852e+02 -4.299604255893261779e+02 3.466670502212950851e+02 2.841367017280259019e-02 1.694990171990172030e+03 1.043020924149956500e+03 nan nan 2.187981097782624602e+03 1.021014120202751656e+03
5.112746532575372385e+02 6.805814255159998538e+02 3.953405706689864019e+02 2.564807160544659362e-02 1.697897446992643836e+03 1.079107602339181312e+03 1.656976027397260168e+03 4.390976537729866891e+02 nan nan
6.552627519833237102e+02 2.917857075168575420e+02 9.106303334814219852e+01 3.183472310891785617e-02 1.698000978473581199e+03 1.469998997995991886e+03 nan nan 1.346998301245753055e+03 1.418961964038727501e+03
7.731373007776876420e+02 -2.240693480717738240e+01 6.129278599165586456e+02 3.182914081669800943e-01 1.698897441104792961e+03 6.800772755039706681e+02 1.652943051575931122e+03 5.501437778879524103e+02 nan nan
7.135833358923633796e+02 1.369525304928771448e+02 2.229689407490470785e+02 1.790048881847448869e-02 nan nan 1.636949914627205544e+03 9.281334503950834005e+02 1.507341362126245940e+03 1.236142686567164219e+03
6.282385382894242412e+02 3.690186392628592671e+02 3.243893686761605863e+02 6.699368091478588583e-02 1.699062818336162991e+03 1.148927184466019526e+03 nan nan 1.272012062033314123e+03 1.107993464052287663e+03
6.129555081601156417e+02 4.119444024669398914e+02 1.886583160681267941e+02 6.465845153637735099e-02 nan nan 1.644053455907388525e+03 8.019686098654708530e+02 1.231944086021505427e+03 1.288909090909090992e+03
8.700804661086961005e+02 -2.835319177724598489e+02 3.521528063354547839e+02 5.443200024069186349e-03 1.701010661928032050e+03 1.050964643488509182e+03 nan nan 1.998114639397201245e+03 1.025046511627906966e+03
7.475570873688693609e+02 4.965100630604806042e+01 2.317618371841720375e+02 7.649125136737175423e-02 1.701945205479451943e+03 1.266095032397408204e+03 1.637039898670044295e+03 9.750365778053317172e+02 nan nan
6.194975894630669018e+02 3.979105164282860869e+02 1.843281988341778117e+02 2.427332809399725989e-03 1.702022257551669327e+03 1.340128921848260234e+03 1.645042147293700054e+03 8.149805000000000064e+02 nan nan
6.461890861261654209e+02 3.357065167694310617e+02 3.964322702205642486e+02 1.033894570995795570e-01 1.706117812852311090e+03 1.048007321537522785e+03 nan nan 1.311036546040845678e+03 1.010232790525536643e+03
7.852153027641421659e+02 -4.070317203754976276e+01 5.909685821321073718e+02 7.117378076911085732e-03 1.707026266416510225e+03 7.090171635049683800e+02 1.657995222344726244e+03 5.910144067796610443e+02 nan nan
5.639020928516066533e+02 5.609497688865408236e+02 1.726627529051331749e+02 2.600450161872962934e-02 nan nan 1.654069234519746487e+03 7.388401206636500547e+02 1.101001856148491925e+03 1.312102165725047143e+03
7.164548190305953312e+02 1.502243826169519707e+02 2.133447397778703873e+02 5.630444652190562393e-02 1.710042037762736072e+03 1.296064640410958873e+03 nan nan 1.503078073089701093e+03 1.249905101481075235e+03
8.993904270585757104e+02 -3.389676404879420488e+02 4.172472292317748952e+02 4.484823861040482945e-02 nan nan 1.644913929784824404e+03 1.023989775051124752e+03 2.080230046948356630e+03 9.201619596541786450e+02
9.307222498160066380e+02 -4.253233423271615834e+02 3.434065330950311932e+02 2.033613687776523321e-02 1.714029975020815982e+03 1.048936371453138463e+03 nan nan 2.196927864214992951e+03 1.026909638554216826e+03
6.527003222134254656e+02 3.369882355678465728e+02 4.518671910341980720e+02 1.935493446036452283e-03 1.714918114874815956e+03 9.719037456445993257e+02 nan nan 1.318084310441094431e+03 9.370827858081471504e+02
8.213907882193922205e+02 -1.250275127149264023e+02 6.269076523263113359e+02 3.652068376086673451e-01 1.714981098109811001e+03 6.330457038391224387e+02 1.664008601177003129e+03 5.969227621483375970e+02 nan nan
5.548509512734481177e+02 6.047375500328928410e+02 3.746118895461311240e+02 2.401932825503132196e-02 1.715908343125734518e+03 1.099031645569620196e+03 nan nan 1.070267329466998035e+03 1.057069422150882929e+03
5.738533743896088026e+02 5.527093658122297484e+02 2.826526437946188821e+02 4.384468013615949733e-02 1.715992024539877320e+03 1.213980291970802909e+03 1.665985215848610324e+03 6.271020134228187999e+02 nan nan
9.069579660711192446e+02 -3.591222188667171054e+02 2.008714062035624295e+02 4.153916776934934996e-02 1.716058025621703109e+03 1.303972117558402488e+03 nan nan 2.111879707700955805e+03 1.254911641791044758e+03
8.010991573934622920e+02 -6.757158695905501133e+01 1.124593833079649983e+02 3.707828087051611571e-02 1.718031865042174331e+03 1.450019651880965739e+03 nan nan 1.751904504504504530e+03 1.391864920390344196e+03
9.320117534290089907e+02 -4.182996794611638052e+02 6.041219900126915263e+02 2.709543229137413578e-02 1.718976630229928332e+03 5.920966139954853134e+02 nan nan 2.186000000000000000e+03 6.190000000000000000e+02
5.537536047016607199e+02 6.182494075983088351e+02 5.736517024318080757e+02 8.380170344028768648e-02 1.719801161598906674e+03 8.481050170068027683e+02 nan nan 1.062972268211920436e+03 8.080690730837790170e+02
6.655535913440463673e+02 3.148810365070208945e+02 5.174343316080465911e+02 2.128263804596467607e-03 1.720879008746355794e+03 8.789032055311124623e+02 nan nan 1.345215448357502282e+03 8.481262485017978179e+02
8.321957284797714465e+02 -1.443332998818323176e+02 4.750345701356426389e+02 2.616426502923357433e-01 1.720969732937685421e+03 8.689309035687167579e+02 nan nan 1.840954331766286032e+03 8.558211350293541955e+02
7.318980502385654745e+02 1.312597610463492970e+02 1.886251579561316021e+02 3.255418914473791336e-02 1.721951104100946395e+03 1.332000000000000000e+03 nan nan 1.534046717171717091e+03 1.284071290944123348e+03
7.775072169220818523e+02 1.085374482232448656e+01 6.064237765077419908e+02 1.122755233170406527e-02 1.722905315614617848e+03 6.959608383894097869e+02 1.675044014084507126e+03 5.428807996982270652e+02 nan nan
6.850909293927165891e+02 2.641394023324966156e+02 3.832983518886873071e+02 3.139174228607085736e-03 1.722908219575951307e+03 1.059034651266103992e+03 1.669961290322580680e+03 6.708798449612403374e+02 nan nan
9.310913917887529578e+02 -4.082521788767161297e+02 3.648493521328290399e+02 1.041409110303586488e-01 1.724995258935083939e+03 1.012893932584269692e+03 nan nan 2.181972245584524899e+03 9.950276679841897476e+02
6.979139519323955483e+02 2.338766011724761995e+02 2.480979822282007490e+02 1.512164373387757665e-01 1.725975129533678682e+03 1.247996035678889939e+03 nan nan 1.431048234280792485e+03 1.204860799999999927e+03
7.605026055360710870e+02 6.263745827448515513e+01 2.500280401888969095e+02 8.919796030189891187e-04 1.726989684074790375e+03 1.238928408225438034e+03 nan nan 1.612050237969328464e+03 1.195891028890015150e+03
8.233223993933402198e+02 -1.085303675975806641e+02 3.251332384635214225e+02 8.223424593703518651e-03 1.727948493683187507e+03 1.112136315228967078e+03 nan nan 1.806162110003216412e+03 1.078976733977172898e+03
8.053395809820322029e+02 -5.896406257218437474e+01 2.817734944456598214e+02 1.457781588229107791e-02 1.728116156282998872e+03 1.184101257445400506e+03 nan nan 1.749053105310531009e+03 1.145123585726718829e+03
7.318910819761135826e+02 1.482683132937545736e+02 5.423293438639076385e+02 7.951359506811486733e-02 1.728932440476190550e+03 8.170993788819876045e+02 1.680821607074202120e+03 5.461201450025893109e+02 nan nan
8.791738598202176718e+02 -2.587903733009214875e+02 4.789385969548046091e+02 5.475675666702055702e-03 1.729009823182711216e+03 8.420048309178744148e+02 nan nan 1.987923993193420301e+03 8.359977285633162865e+02
6.234088252344413377e+02 4.492229997781262227e+02 1.363266957987970045e+02 6.512618336731065523e-04 1.730974546518431907e+03 1.404930354267310804e+03 nan nan 1.226045090909090959e+03 1.357962073931829082e+03
8.081861235256823193e+02 -5.430576180854807689e+01 2.365766667057463621e+02 1.283923325269962883e-02 1.735018518518518476e+03 1.255010443864229728e+03 nan nan 1.750088404868673933e+03 1.210987663839629931e+03
7.568439337286002910e+02 9.085133795151118363e+01 2.087175030544560173e+02 6.606304556191541083e-04 nan nan 1.666970045385779031e+03 9.810946045824094881e+02 1.590063299663299631e+03 1.255065666041275790e+03
8.426769808754480664e+02 -1.444446905580832663e+02 2.411457475008349434e+02 1.519631110762999227e-02 1.737989932885906001e+03 1.244124634289057894e+03 nan nan 1.858280265819127408e+03 1.200985549132947881e+03
6.715927984153045145e+02 3.370718126154616812e+02 5.937881546970347699e+02 3.148647571820639701e-02 1.738804587155963191e+03 7.771208237986270433e+02 1.698093457943925159e+03 3.848210323203087455e+02 nan nan
6.203288808754001593e+02 4.861405057659333693e+02 5.874120569736543302e+02 1.560449792543769365e-02 1.741898332009531487e+03 8.099993560849967480e+02 1.704006497725795953e+03 3.209163662581110543e+02 nan nan
7.216345491963884342e+02 2.052278537818730229e+02 4.812998892909868687e+02 9.352799327641133590e-04 1.742996312231100092e+03 9.130070871722182346e+02 nan nan 1.475140699179974035e+03 8.859211640211640315e+02
5.947254008639731637e+02 5.616196001966894755e+02 5.658417281724088070e+02 5.389486295848614633e-02 1.744101332256762134e+03 8.489785370127025317e+02 nan nan 1.137069784986797458e+03 8.128835304822565604e+02
7.606135009935974267e+02 9.775679938202381436e+01 2.488362010888155567e+02 1.768816094323482496e-02 1.744951776649746080e+03 1.241969345484672658e+03 nan nan 1.590073186959414443e+03 1.199022875816993519e+03
7.412215474102118833e+02 1.581050532588193676e+02 6.228263863885279079e+02 8.170482824414659895e-02 1.745992747053490575e+03 7.019890809827115845e+02 1.701974509128487853e+03 4.429289496910856201e+02 nan nan
8.936683812544436023e+02 -2.705505766974736730e+02 3.290938442491785736e+02 1.220527018948061593e-02 1.745997343075390290e+03 1.090110708401977035e+03 nan nan 2.019048068669527993e+03 1.062073355817875154e+03
7.505592238154571305e+02 1.331425493032815552e+02 5.964446019518354660e+02 1.812950354058456837e-01 1.746977106227106333e+03 7.349919499105545810e+02 1.700038869257950637e+03 4.899109489051094783e+02 nan nan
6.923057584997400227e+02 2.950333277738133688e+02 4.079240333880575236e+02 1.614923504521567632e-02 1.746991212653778575e+03 1.027029259896729855e+03 1.694042003853564438e+03 6.290383451059535673e+02 nan nan
8.875421557747962424e+02 -2.498103220932067359e+02 3.471105720949698252e+02 5.695074645750654307e-02 1.747982285208148824e+03 1.062089374379344690e+03 1.673035677352637094e+03 1.053921414538310501e+03 nan nan
7.475830995804914210e+02 1.391608449416841324e+02 1.237197815842128961e+02 3.598296043628076285e-02 1.748030594900849792e+03 1.427972054380664758e+03 1.673968959220937222e+03 1.048031561461794126e+03 nan nan
6.255725512347495396e+02 4.888603205282692556e+02 5.011350048017869767e+02 3.147289553062189438e-02 1.750022189349112523e+03 9.230715914272685723e+02 1.706896849374190651e+03 4.210318318318318234e+02 nan nan
9.237801386250641826e+02 -3.429093377381832966e+02 5.748973502929509323e+02 4.402973375402736977e-02 1.750798474508229674e+03 6.609090354090353685e+02 nan nan 2.111858211894446413e+03 6.788442401297999140e+02
8.769324437573675368e+02 -2.116516954768557639e+02 5.117118153263891145e+02 1.256955496036577524e-01 1.751914130434782692e+03 7.959836763662171961e+02 nan nan 1.947916160849772496e+03 7.940998568360772651e+02
8.690913939108364730e+02 -1.920607985200572045e+02 1.240375803149976690e+02 3.435253365790207677e-03 1.752949834619625108e+03 1.434962934947049916e+03 nan nan 1.929955889984431678e+03 1.374882385422418565e+03
8.258857142416086390e+02 -6.324836626854448696e+01 3.703603081178937941e+02 2.660821930582960015e-02 nan nan 1.687955949656750590e+03 8.939565491183878976e+02 1.776937047101449252e+03 1.017052897884084587e+03
6.980444356419345695e+02 2.932379420339186709e+02 1.549044563491229951e+02 3.813634085860795331e-02 1.755007590132827318e+03 1.380930619796484734e+03 1.687001653439153415e+03 9.180057353543629688e+02 nan nan
9.198901459683436315e+02 -3.207245367701708574e+02 6.368648102845652375e+02 2.132031506690299505e-01 1.757014437689969554e+03 5.611607992388201183e+02 nan nan 2.087100349475786516e+03 5.890401376146788834e+02
9.132522230604923834e+02 -3.022723456564975777e+02 5.124407610365534538e+02 3.275702546433389983e-03 1.757836949375410995e+03 7.759252669039145758e+02 1.689987825356842905e+03 8.779135861737878486e+02 nan nan
6.700323767773677446e+02 3.841109726554990402e+02 3.066904359069976067e+02 3.007859988500269713e-02 1.759799074074074042e+03 1.173111241907004114e+03 nan nan 1.314958447488584397e+03 1.132975027746947944e+03
6.323293920431525521e+02 4.939199857401958980e+02 4.456435458977848612e+02 3.626900232601168450e-02 1.760903332233586298e+03 9.961174205967275839e+02 nan nan 1.214023971377459702e+03 9.598714524207011891e+02
9.095033721947893355e+02 -2.854848207363194206e+02 6.364627758870200296e+02 2.769086059565674662e-01 1.760932923948984353e+03 5.718487874465049572e+02 1.701005123825789951e+03 6.970041528239203217e+02 nan nan
7.794425150189684928e+02 7.982797950143665844e+01 3.397593268076745403e+02 2.841200077397839762e-03 1.762060737527114952e+03 1.104996733805116946e+03 nan nan 1.623946707270650904e+03 1.070981508339376433e+03
8.536690426357349679e+02 -1.262336729945383240e+02 4.962516260202239096e+02 2.413151632322052542e-02 1.763090853472009712e+03 8.367888758323540515e+02 1.700106180665610054e+03 7.780349801658853721e+02 nan nan
6.096989769735342861e+02 5.631059787949249085e+02 5.203892487903000301e+02 3.423815373462617273e-02 1.763173333333333403e+03 9.069153046062407384e+02 nan nan 1.154061361457334669e+03 8.709960915689558760e+02
8.053105105726688180e+02 1.130690699484523520e+01 4.013868406208588340e+02 1.186862211874367343e-02 1.764113436866981829e+03 1.005004480955937311e+03 nan nan 1.699989002356637911e+03 9.790161681487469423e+02
7.035950408507334259e+02 3.044329041484479603e+02 8.943080142297610280e+01 3.838772537524699768e-02 1.767969523809523707e+03 1.472994178525226289e+03 1.695092918358141560e+03 9.848420329670329920e+02 nan nan
7.832417195814092565e+02 8.696487338962681690e+01 3.493993227968131237e+02 1.425519318879017380e-02 1.770936213991769591e+03 1.091025708289611657e+03 nan nan 1.624064505119453997e+03 1.058152620288078424e+03
6.356233168981119661e+02 5.114972608533993252e+02 6.254421123177999107e+02 5.787432156138574979e-02 1.771908566721581565e+03 7.630469565217391619e+02 1.734979865771812001e+03 2.691250000000000000e+02 nan nan
6.686022305018753968e+02 4.170360019883224254e+02 1.015729010252908324e+02 5.223649568930861797e-02 1.773950000000000045e+03 1.452916438356164463e+03 1.704960700757575751e+03 9.059409158050222004e+02 nan nan
5.748276643959942476e+02 6.870564431350592258e+02 5.015567961928795171e+02 1.407509885318919962e-01 1.775051258154706375e+03 9.450333016175071634e+02 1.733979319546364195e+03 3.318756476683938104e+02 nan nan
8.820767694930060543e+02 -1.801566354643896375e+02 4.003224323283635613e+02 2.752556412513994244e-02 1.777928823529411829e+03 9.820932498260264083e+02 1.704976009596161475e+03 9.410705748434832003e+02 nan nan
6.584698716384917816e+02 4.687142202096420078e+02 5.431351287524074678e+02 9.936948300153486402e-02 1.781899792674498940e+03 8.639691032403918598e+02 nan nan 1.257231378026070843e+03 8.331085464753587075e+02
8.230820658749634049e+02 -6.076881940205021593e+00 1.709467255783071380e+02 1.484293013536480341e-02 nan nan 1.700987845303867516e+03 1.098936305732484016e+03 1.736899045705675462e+03 1.306931780366056500e+03
7.136168351527733194e+02 3.165817668569052898e+02 6.165051190680034097e+02 1.491793697629618942e-02 1.783919905213270113e+03 7.399873164218959118e+02 nan nan 1.402014003294892973e+03 7.199431239388794666e+02
7.415401034951512429e+02 2.327281063136726118e+02 2.746360647317617349e+02 1.598595853463809224e-02 1.784142396313364088e+03 1.209820231213872830e+03 nan nan 1.485166328600405677e+03 1.169101663585951883e+03
9.540567121165950084e+02 -3.708603688113882981e+02 1.558155238412138033e+02 1.252230219370244479e-01 1.786903911887580762e+03 1.383025440313111631e+03 nan nan 2.184998623537508593e+03 1.324920907840440123e+03
6.604987956403804219e+02 4.823209736631276314e+02 6.339685280923466735e+02 7.848406929807116850e-02 1.789997314234556825e+03 7.460216998191681341e+02 1.751999183673469361e+03 2.750735418427726131e+02 nan nan
9.536592888988096774e+02 -3.552338871359163477e+02 6.134288329938764264e+02 6.046362653118320107e-02 1.791911317567567494e+03 5.891221719457013251e+02 nan nan 2.160073089700996661e+03 6.198723277909738272e+02
9.269880737025780491e+02 -2.750801455878759043e+02 5.469236162480359553e+02 1.564464784254858756e-02 1.794938251804330321e+03 7.220369068541300521e+02 nan nan 2.061203248463564705e+03 7.340802568218298347e+02
8.825453153167870823e+02 -1.453128829953657259e+02 4.525326068331808074e+02 5.453375809549352443e-02 1.797021071115013228e+03 9.020090661831369516e+02 nan nan 1.906311718749999955e+03 8.909912935323383181e+02
7.121531506643142393e+02 3.486070981238041782e+02 1.951727210077670520e+02 7.472672784760620024e-02 1.798945652173913004e+03 1.325008984105044874e+03 1.729951974386339316e+03 8.489805760214333077e+02 nan nan
8.742918303071259061e+02 -1.140491695975741777e+02 5.861342139278492596e+02 3.476122008886411985e-02 1.800016538037486271e+03 6.948343711083437029e+02 1.740021713615023373e+03 6.588884093711467358e+02 nan nan
7.215707821518900573e+02 3.325873282781294051e+02 5.896913156980986059e+02 1.258289366255770092e-01 1.801770935960591032e+03 7.789607965152457609e+02 nan nan 1.403023593466424700e+03 7.578712589073634263e+02
8.584662742629282093e+02 -6.500552130618454783e+01 1.214033331291159641e+02 1.757330811287702646e-02 1.804985507246376756e+03 1.436971652003910094e+03 nan nan 1.823080081094779416e+03 1.378073529411764639e+03
6.965820262223435293e+02 4.169713018497930648e+02 6.083774424497205473e+02 3.687484317588757277e-02 1.806922290388548163e+03 7.678126789366052662e+02 1.765037893897088225e+03 3.388116410670978098e+02 nan nan
9.111843307730232482e+02 -2.073879608484298842e+02 4.552530237900595580e+02 7.794063695635189415e-02 1.808025704809286935e+03 8.870171969045571814e+02 1.734015748031496059e+03 8.950154867256636635e+02 nan nan
8.916367334248928955e+02 -1.527790251565240567e+02 8.118847777702428914e+01 2.294786429110137749e-01 1.809907129455909853e+03 1.505068206820682008e+03 1.712001855287569470e+03 1.315950724637681105e+03 nan nan
8.061113426101278492e+02 1.062088678909131687e+02 6.140261617676559354e+02 8.269792034476618203e-02 1.810876216216216108e+03 7.001876127480456944e+02 1.759966167859466395e+03 4.930529801324503296e+02 nan nan
7.664416650625050806e+02 2.178192787261025387e+02 2.995430474022880389e+02 2.332184416730548326e-02 1.810901234567901156e+03 1.173010236220472507e+03 nan nan 1.524083929422985193e+03 1.134962106299212564e+03
6.683905730162215377e+02 5.098676958370005536e+02 4.101038335737625289e+02 3.977298609783931627e-02 1.813049440298507534e+03 1.042998086124401880e+03 nan nan 1.248943360304616817e+03 1.007804088586030616e+03
8.625618613555363936e+02 -5.264755489726406523e+01 4.850800747931592127e+02 1.862975574990961142e-02 1.814888376383763898e+03 8.649935026580035355e+02 nan nan 1.814071613459879245e+03 8.550320404721753675e+02
8.306397287814028232e+02 4.542497842546908515e+01 6.305909913135686793e+02 2.434295893373445985e-01 1.815962190352020798e+03 6.618611787627861531e+02 1.764062462819750181e+03 5.069706840390879279e+02 nan nan
6.774032899264429943e+02 4.926560626077923644e+02 8.634378381410427039e+01 8.187122597334312024e-03 1.818901985906470145e+03 1.472005595523581178e+03 1.745971913781841977e+03 8.869620817843866689e+02 nan nan
7.883868127657173090e+02 1.747357168218131562e+02 1.455235634831336995e+02 3.590458437517442258e-02 1.821968844221105428e+03 1.395975417895771898e+03 nan nan 1.578043010752688133e+03 1.344127718906860082e+03
6.137497109956691475e+02 6.886624005153267944e+02 4.422536655935185763e+02 6.234309420224029563e-02 1.822000827814569448e+03 1.018029850746268608e+03 1.774953461314717970e+03 4.040572821450335255e+02 nan nan
7.459976311209333062e+02 3.048633599797864804e+02 3.585503823198811801e+02 5.651769958242276390e-03 1.822949152542372985e+03 1.095093899931459873e+03 nan nan 1.449022575679835882e+03 1.060993436754176628e+03
7.575237368218844267e+02 2.728480322274108403e+02 4.778849804253513298e+02 1.154252062221480524e-01 1.823038303693570469e+03 9.240571561338290394e+02 nan nan 1.480111387369467820e+03 8.999505141388174252e+02
8.716330956756210071e+02 -6.329558589740718588e+01 3.595105498983906500e+02 7.483685724307119480e-02 1.823989051094890556e+03 1.060091406250000091e+03 1.747067981318111151e+03 9.200152582159624899e+02 nan nan
6.765973738321293922e+02 5.069106457033284983e+02 9.205902508506144954e+01 4.847424926825565777e-02 1.824049382716049422e+03 1.464001998001997890e+03 nan nan 1.261000338753387496e+03 1.414858156028368739e+03
7.938921027562570316e+02 1.701754351011165340e+02 5.171152945527944667e+02 4.541674611215494595e-02 1.824971530249110401e+03 8.529958053691275381e+02 1.767976794778825251e+03 5.809597875569044163e+02 nan nan
9.249828899254067665e+02 -2.157500993902964979e+02 8.791342678883455619e+01 1.041630895329021117e-01 1.828019926199262045e+03 1.496903796151846109e+03 nan nan 2.020978853644963920e+03 1.428849269901083289e+03
7.403582060076840889e+02 3.342990461093743306e+02 3.242907727369740769e+02 7.197149484281888110e-02 1.828942781690140919e+03 1.145010377358490587e+03 nan nan 1.426161165625929243e+03 1.108105283018868022e+03
9.042091993214962713e+02 -1.480437787143037554e+02 4.261335353149860907e+02 6.967295925467739681e-02 1.828956081081081038e+03 9.430715447154472031e+02 1.753054852320675082e+03 8.950743902439024851e+02 nan nan
8.582779818327358043e+02 -1.120317595163481350e+01 1.463633295252985533e+02 6.736857090266773485e-02 1.831962085308056885e+03 1.397013761467889935e+03 nan nan 1.784927272727272793e+03 1.341916948008102736e+03
9.566908467018703277e+02 -2.977953615288438414e+02 1.834673774391923473e+02 4.163513820924791276e-01 1.832993745113369869e+03 1.335943410852713214e+03 nan nan 2.125967551622418796e+03 1.283030803906837036e+03
8.189467417391690560e+02 1.226039970167558693e+02 6.101412706894624307e+02 1.373588692072055251e-01 1.836972244250594713e+03 7.078872727272727161e+02 1.783945814977973669e+03 4.930655933214072775e+02 nan nan
7.980311396867327858e+02 1.834885560841182439e+02 4.037389769725202200e+02 8.292457338405742617e-02 nan nan 1.771981700753498444e+03 7.130143042912874307e+02 1.582154389505549943e+03 9.919805886036317588e+02
8.420972765913649027e+02 5.503969277206577004e+01 5.636975240357189705e+02 7.093422676813385119e-02 1.837882273342354438e+03 7.631736285858077053e+02 1.778995219885277265e+03 5.910222828558435140e+02 nan nan
7.338513196759150787e+02 3.711554858263520487e+02 1.476517859653729374e+02 2.716500822022538397e-02 1.837952672795369381e+03 1.391101754385965023e+03 1.762015950376606042e+03 8.948359665427509526e+02 nan nan
8.080243867666031292e+02 1.545920948081235906e+02 2.756088391961980051e+02 5.069718269311075665e-02 1.839018883085576590e+03 1.204073042564372145e+03 nan nan 1.613178471834913580e+03 1.165061964403427737e+03
7.179734736340412837e+02 4.262523906820795219e+02 3.771721790538030064e+02 2.806274831572563161e-02 1.839932410685548803e+03 1.079032077393075269e+03 nan nan 1.349983461538461597e+03 1.044850208044382725e+03
8.389861132772100518e+02 6.707721382943586264e+01 9.037851917320890038e+01 2.412931980729660780e-03 nan nan 1.750034843205574816e+03 1.152003186743148490e+03 1.709066218487394963e+03 1.421085714285714175e+03
8.191445852805969707e+02 1.274421174393661857e+02 3.887452463852538926e+02 9.321611610995739206e-02 1.840943862987630837e+03 1.034868797308662806e+03 1.771960885608856188e+03 7.651409587090649893e+02 nan nan
7.740938044915192222e+02 2.643848224313964579e+02 5.439748352410830421e+02 5.407001206543612937e-02 1.840983530622748276e+03 8.291171014492753102e+02 1.787950522264980691e+03 4.990719947159841468e+02 nan nan
8.239396043295582786e+02 1.111152532122965511e+02 2.627368757894062696e+02 6.051228762777544068e-02 1.841009792626728085e+03 1.221094441123729894e+03 nan nan 1.660043610989969466e+03 1.181012630662020911e+03
8.014143142658713259e+02 1.825300849955234810e+02 2.595531766218939538e+02 3.908485468409840513e-02 1.842977398015435483e+03 1.228978591160220958e+03 nan nan 1.588165364583333258e+03 1.188119093539055029e+03
8.244637022586312014e+02 1.284397896534666188e+02 5.375991078403341135e+02 6.052339378337134868e-02 1.847946494464944635e+03 8.150702560735390989e+02 1.788951856946354837e+03 5.830916478555304820e+02 nan nan
8.530789487055992595e+02 4.300037915164973867e+01 3.012620547364722938e+02 1.206541683760448819e-02 1.849898408239700302e+03 1.159000000000000000e+03 1.770009381514940969e+03 9.249563862928348499e+02 nan nan
7.857223523723305334e+02 2.501557159114736066e+02 5.894053269597361577e+02 7.134063055371139828e-02 1.849992608236536398e+03 7.620135841170323374e+02 nan nan 1.526201477226097722e+03 7.500681818181818699e+02
7.215659504456141349e+02 4.526380577318786891e+02 6.276270722902814896e+02 2.390709023342263428e-01 1.853932169773899204e+03 7.459060475161986687e+02 1.811955699123211843e+03 3.060868558193399167e+02 nan nan
7.497404133018964103e+02 3.636246589810472756e+02 3.717175832750047562e+02 4.683369023184316389e-04 1.853986829727187114e+03 1.080999045801526790e+03 nan nan 1.421063400576368849e+03 1.048059955588453022e+03
6.842182929612499720e+02 5.604569126114032542e+02 3.291356188759916677e+02 4.426650009664245822e-02 1.854818023508924625e+03 1.152185871743487041e+03 1.795006825938566635e+03 5.959557195571956072e+02 nan nan
9.464653488619821928e+02 -2.206152718183037678e+02 4.949974492469277152e+02 2.444455156372069699e-02 1.855999099909990946e+03 8.169952963311383201e+02 1.779001015572105644e+03 8.608889352818371208e+02 nan nan
9.169154191059723189e+02 -1.355874321125150743e+02 2.017405385576283834e+02 1.643387736763211697e-03 1.857005454545454540e+03 1.308022542831379724e+03 nan nan 1.946993817619783613e+03 1.259882005899705064e+03
6.963649997896859531e+02 5.464792451465149270e+02 6.368744207441928893e+02 5.084356980920972102e-01 1.861976097832128971e+03 7.500368455074337817e+02 nan nan 1.263034665723381750e+03 7.259959749552772337e+02
6.707896538226599432e+02 6.274170432437324507e+02 5.078488941582472194e+02 3.059074492573402373e-03 1.864920997920997934e+03 9.271639507815098113e+02 nan nan 1.194974532065050653e+03 8.959418248622167766e+02
7.116570641452011614e+02 5.007469780186917205e+02 2.174605670481007280e+02 4.429717778368141845e-02 1.864946483180428231e+03 1.297045039561777230e+03 nan nan 1.304973425765453385e+03 1.253936730123180268e+03
7.070932482377570523e+02 5.218967597411719908e+02 5.072157936117787358e+02 1.228932508931101369e-02 1.865996293550778319e+03 9.150708446866484564e+02 nan nan 1.288008138351983689e+03 8.870331695331694846e+02
7.290235822659871019e+02 4.657878637367521719e+02 5.647334162879890300e+02 1.510572072414055889e-01 1.869849116161616166e+03 8.310697747183979800e+02 1.821950609756097492e+03 3.769439626417611748e+02 nan nan
6.841994890031372734e+02 5.976421826423381845e+02 2.344482061381965252e+02 3.762182575604894330e-02 1.871027303754266313e+03 1.277032772364924767e+03 nan nan 1.225196094061378972e+03 1.235106944444444480e+03
6.715692066822429069e+02 6.345326320697023448e+02 8.009188908933765561e+01 8.464500312894920886e-02 1.871947639083683953e+03 1.477048053527980528e+03 1.797035030359645134e+03 8.250116601887840488e+02 nan nan
8.533454201727175814e+02 9.544224860456697002e+01 6.054588387194405641e+02 1.284539137439398224e-02 1.872806500377928842e+03 7.070852974186307165e+02 1.815934514637904385e+03 5.201390284757119389e+02 nan nan
8.989178097006489452e+02 -4.430324006020956773e+01 5.254190877940819746e+02 1.256268517342117863e-01 1.872954264524103792e+03 8.008749222153080609e+02 nan nan 1.852840776699029220e+03 8.009171632896304800e+02
8.333889138574411390e+02 1.512174046851961862e+02 1.707943809772522741e+02 4.108955910648576237e-02 1.873991359879789570e+03 1.359149576271186334e+03 1.786105718085106446e+03 1.011045893719806713e+03 nan nan
9.528918340981932715e+02 -2.073792025839669577e+02 8.525753987018370594e+01 3.523567723617144522e-03 1.877026528258362077e+03 1.501949191685912183e+03 nan nan 2.050052533992583449e+03 1.432056329113923994e+03
7.292283650885452744e+02 4.802651200995629210e+02 4.307233234021958879e+02 9.033541439914524740e-02 1.877066907775768641e+03 1.011121974830590489e+03 nan nan 1.335110899571632444e+03 9.808877941981389768e+02
9.245373372820727127e+02 -1.072518321103560481e+02 4.576389538345410415e+02 2.284938447320716826e-01 1.880980019029495679e+03 8.969962756052141231e+02 nan nan 1.930982284382284433e+03 8.900947537473233524e+02
9.112113894316953520e+02 -6.204981925990880853e+01 3.792146686360529202e+02 6.603150287115195916e-01 1.883967770814682126e+03 1.027028253424657578e+03 nan nan 1.882974813174647124e+03 1.007913699800626546e+03
8.994019366886999478e+02 -2.465238650216172900e+01 2.501087225414846102e+02 2.972641610523535025e-02 1.885790617283950724e+03 1.234122674017918598e+03 nan nan 1.843928189457601320e+03 1.193699801192842870e+03
8.703546184411407012e+02 6.489339002567507464e+01 2.565684243456096851e+02 1.403725034564266491e-02 1.885934383202099752e+03 1.228094988780852646e+03 nan nan 1.747070792708774889e+03 1.188053586862575685e+03
7.065304521864682101e+02 5.722141737047872994e+02 5.199418655422709890e+02 7.505570107285017278e-02 1.885993031358884991e+03 9.040688107703814467e+02 1.837045517241379230e+03 3.810953271028037648e+02 nan nan
8.955161041637391008e+02 -1.470640282071583194e+01 1.174524914615723787e+02 7.600478671485085339e-03 1.886020491803278674e+03 1.442978494623655934e+03 1.784940880503144626e+03 1.186935916542473933e+03 nan nan
9.258333760516177335e+02 -1.015590267496555725e+02 3.393032518924746910e+02 3.421972969311713741e-02 1.886886153846153775e+03 1.087066531234128888e+03 1.798998888271261876e+03 9.830629084967320068e+02 nan nan
6.990622424741906116e+02 5.907458125633062309e+02 1.715565304569881562e+02 6.770245125112862167e-03 1.887071464774455080e+03 1.358786790266512071e+03 nan nan 1.245915012190874222e+03 1.314028791565287975e+03
9.295667076411575636e+02 -1.088382298894785549e+02 4.409554497071988521e+02 6.160216755554022428e-02 1.887981517509727610e+03 9.229950199203186685e+02 1.807913421896472755e+03 8.600665224445646118e+02 nan nan
9.020757999829120308e+02 -2.336715780131926934e+01 4.021568717507419137e+02 1.285908628282658207e-02 1.889042869641294828e+03 9.960413983440662378e+02 nan nan 1.843997420781134906e+03 9.780147731269785254e+02
7.580245503793648822e+02 4.252827149724816422e+02 5.358390425614231845e+02 2.391650399688896589e-02 1.890073951434878609e+03 8.629302227826817671e+02 nan nan 1.396888286786160961e+03 8.418498687664041427e+02
7.754347919087045966e+02 3.691431401988782000e+02 1.603947931971520404e+02 4.566036000974273146e-02 1.892037752808988671e+03 1.373789445628997782e+03 1.809982949308755678e+03 8.919280538302277819e+02 nan nan
7.679246014504479945e+02 4.019219291650132959e+02 5.544970117002710595e+02 1.061550265010022809e-01 1.893015182186234824e+03 8.340585215605749454e+02 1.841007154213036529e+03 4.239113618049959769e+02 nan nan
6.840220722528507622e+02 6.519632270748011251e+02 1.444615562777348714e+02 1.223966954410326408e-01 1.893919753086419860e+03 1.393981633945535123e+03 1.820977884615384710e+03 7.530342823939570280e+02 nan nan
8.097798573753482287e+02 2.708956207544920289e+02 3.352651731792707892e+02 9.396327871643368052e-03 1.893952408930669890e+03 1.124098522167487772e+03 nan nan 1.545085795454545405e+03 1.091078219824679763e+03
7.106981117142332778e+02 5.736067090441210894e+02 2.407815084521099323e+02 1.307020265238906589e-02 1.893991752577319630e+03 1.267957180156658069e+03 1.824889451865499723e+03 6.919740798341109667e+02 nan nan
6.879831084091931643e+02 6.514749241905245754e+02 2.151572863985394406e+02 4.192934233264495464e-02 1.897904156479217590e+03 1.303058455114822436e+03 nan nan 1.204009033778476123e+03 1.260948915662650506e+03
7.405289491286192742e+02 4.927123054114290426e+02 1.718988403187557026e+02 4.631104439258346139e-02 1.898760370519532898e+03 1.358076196101594860e+03 nan nan 1.343074829931972772e+03 1.312031325301204788e+03
7.633762560077125272e+02 4.212224670439906049e+02 8.229198932192809934e+01 6.182908008877278927e-02 1.898956919060052314e+03 1.480978114478114549e+03 1.812916744186046571e+03 9.468952536824876915e+02 nan nan
8.226336849832257485e+02 2.445869910294075851e+02 4.489041360503100577e+02 9.735122895559810904e-03 1.898963772282921127e+03 9.590640937284631491e+02 nan nan 1.574881613410162345e+03 9.379981592268752593e+02
9.134277753788654763e+02 -2.297787369993920592e+01 4.328005516939857102e+02 1.291225560377479431e-01 1.905935447761193927e+03 9.478675145733968748e+02 nan nan 1.857242223950233210e+03 9.350461454940282238e+02
8.240610973447089691e+02 2.633115889276548955e+02 4.636755309277062338e+02 2.210488300176928489e-02 1.908998220640569343e+03 9.400296296296296532e+02 1.843989830508474597e+03 6.079442344045368145e+02 nan nan
8.906025983611348238e+02 5.546125790228069263e+01 2.693309067903777532e+02 6.902108812240505265e-02 1.910978050921861268e+03 1.207986123959296947e+03 nan nan 1.777973053892215603e+03 1.170023882424984777e+03
7.314561186083667508e+02 5.619208609602553679e+02 6.257801691052043225e+02 7.058788640703420741e-03 1.912040510788199072e+03 7.640234244283324188e+02 1.869008094186902099e+03 2.669465283320031972e+02 nan nan
7.967598544434100631e+02 3.547157870786577973e+02 3.085158693839992452e+02 8.742429433849008280e-02 1.912960368011323453e+03 1.167063880126182994e+03 nan nan 1.482137715930902004e+03 1.131060132291040190e+03
9.306799280985526366e+02 -5.650153795755049657e+01 5.055149932255966405e+02 8.748925223416106206e-03 1.914973107569721151e+03 8.280194741966894298e+02 nan nan 1.901000917431192647e+03 8.290018331805682692e+02
9.173672969998307281e+02 -1.332363814702115867e+01 5.743185583377141938e+02 1.636568368699467188e-02 1.915073155610663434e+03 7.290409395973154005e+02 nan nan 1.853148908857509696e+03 7.378475546305930948e+02
7.115716085739990149e+02 6.259801825899132837e+02 2.943455305251413847e+02 7.391692661057260028e-02 1.915947246950214321e+03 1.200029909484454947e+03 nan nan 1.243020178041542977e+03 1.161902439024390333e+03
8.860812111665763950e+02 8.617140915837303794e+01 3.513355497345162917e+02 3.991142039454700398e-03 1.917897425073870863e+03 1.085083839611178519e+03 nan nan 1.751023644388398452e+03 1.058123978585517079e+03
6.962769589948846942e+02 6.895998140106687515e+02 5.161160806108360930e+02 1.266899277479102137e-01 1.920995008319467615e+03 9.220432480141217866e+02 1.871912144702842397e+03 3.369953656024716793e+02 nan nan
8.034550077665146546e+02 3.665574984805958820e+02 3.779890325672721474e+02 3.446272089167614627e-01 1.925961868446139079e+03 1.071025267249757007e+03 1.857025408348457404e+03 6.550009099181073680e+02 nan nan
8.461214933385859922e+02 2.411869521415186739e+02 5.449631582897833368e+02 2.672786310909112603e-02 1.928925465838509353e+03 8.199696699375557500e+02 nan nan 1.604002379064234674e+03 8.109685737308622038e+02
7.492037096597691743e+02 5.426890543906421271e+02 3.398135140642468741e+02 6.954481666032408249e-02 1.928950386597938177e+03 1.135945720250521845e+03 nan nan 1.327070236039147858e+03 1.100986746189529413e+03
8.804114102679593543e+02 1.381836109871078975e+02 2.999627681237413412e+02 5.381135595269488647e-03 1.933939740259740347e+03 1.166021697511167758e+03 nan nan 1.711152399802078207e+03 1.131978494623655934e+03
8.458992496124611762e+02 2.481878590532616045e+02 1.965120670649828014e+02 1.326545355032573981e-01 nan nan 1.845013503649635140e+03 9.320319922443044334e+02 1.602968647466277844e+03 1.275849977807367850e+03
9.479513972704885418e+02 -6.282144717534874445e+01 2.519556697394582159e+02 1.085150377631293739e-01 1.940943622550979626e+03 1.229114285714285643e+03 1.839959019686621104e+03 1.073066975785677414e+03 nan nan
8.086170063224199112e+02 3.876102272097437549e+02 4.785681125429433678e+02 4.348698170237415110e-03 1.941020222446916023e+03 9.339708835341365329e+02 1.878992221530802681e+03 5.288992276572269020e+02 nan nan
7.903845407791058051e+02 4.446830085141097015e+02 3.443358471045906413e+02 1.092262302840070476e-02 1.941855529131985804e+03 1.123013305322128872e+03 1.870998246383165224e+03 6.539175764192140150e+02 nan nan
7.597155353633319237e+02 5.538646224014363497e+02 9.613401430867997988e+01 8.320629478104880905e-02 1.948899567515617491e+03 1.459032371983519624e+03 1.863003218884120088e+03 8.659570996978851554e+02 nan nan
9.388963959206869276e+02 -1.155767063252988258e+01 4.936459328960926882e+02 7.787773820090444776e-03 1.948941449031171032e+03 8.530218430034129824e+02 1.870936491410723647e+03 7.399951836243227490e+02 nan nan
8.121951700626153752e+02 3.913678307281801949e+02 2.036078107368958854e+02 9.926073273887212056e-03 1.949946226415094316e+03 1.314010516252390062e+03 1.864981727574750721e+03 8.420084175084175513e+02 nan nan
8.315634253168783516e+02 3.364081504663753321e+02 3.101902423987052657e+02 2.011430052642705288e-02 1.951932525252525238e+03 1.163046256556986236e+03 1.873022965551672542e+03 7.540420616113743790e+02 nan nan
7.931195752155648506e+02 4.597366305969984523e+02 9.140105289913020670e+01 7.240101110538917084e-02 1.953983259911894265e+03 1.467996478873239539e+03 nan nan 1.422139549055453926e+03 1.415020864381520141e+03
7.274394168523198232e+02 6.810824733952210863e+02 4.410993406444854372e+02 1.094910746076776728e-02 1.955971475589687316e+03 1.015125865324103188e+03 1.899005324813631432e+03 4.300332541567696012e+02 nan nan
8.561438296261489995e+02 2.765514751330099443e+02 6.342418394705908895e+02 6.744024195208098149e-02 1.956959796149490330e+03 6.979644638403990484e+02 nan nan 1.594140768588137007e+03 6.991266439357038962e+02
8.112255129896418566e+02 4.146542267652099554e+02 2.264728888543739913e+02 1.632368665853924095e-02 1.958031910946196604e+03 1.282801544050862958e+03 1.874945972986493189e+03 8.049564968517458965e+02 nan nan
8.495066623601308038e+02 2.945967466771901968e+02 2.879294558634360328e+02 2.459399430173639725e-02 1.958982142857142890e+03 1.192142933906501867e+03 nan nan 1.578910237748665622e+03 1.155933265925177011e+03
7.736851480330940376e+02 5.359378606139454178e+02 2.836207521000493443e+02 8.498145043330850110e-04 nan nan 1.884012476007677606e+03 6.759989281886388426e+02 1.358964088397789965e+03 1.171848343443770318e+03
8.350748618923330469e+02 3.509684489023093761e+02 5.986951238223110749e+02 4.723057253074731954e-02 1.959905525846702403e+03 7.618296639629199944e+02 nan nan 1.527091773656680971e+03 7.550506478209658781e+02
7.869098702550860480e+02 4.966310302279629809e+02 1.839120502526322412e+02 9.227928478442186389e-02 1.959995717344753757e+03 1.341984168865435322e+03 nan nan 1.394982489055659698e+03 1.296974025974026063e+03
8.661964836675601873e+02 2.545397812701763200e+02 5.627475839612413893e+02 2.035860279965180930e-01 1.961980470840021326e+03 7.952521766169154489e+02 1.900916795665634709e+03 5.008737821080602544e+02 nan nan
7.329057689756863283e+02 6.809415568210202991e+02 5.126190797454794392e+02 5.268466177828985686e-02 1.961995905834186260e+03 9.240157334567329599e+02 1.910000813338755506e+03 3.511267258382642922e+02 nan nan
9.021245542648670153e+02 1.411373471647036411e+02 2.484064082702659277e+02 1.341157227707185859e-02 1.967019841269841208e+03 1.243021072796934959e+03 nan nan 1.736031914893617113e+03 1.202820023148148039e+03
9.481590450629983025e+02 -1.819289476910772141e+00 1.712704081235115439e+02 2.641912933820510512e-01 1.971008684034736234e+03 1.358996379435191784e+03 nan nan 1.889108723135271703e+03 1.306034682080924767e+03
9.515668004474915733e+02 3.727699212699910003e+00 4.971873398742537802e+02 8.607947196215015584e-02 1.975007874015748030e+03 8.489361207897793520e+02 nan nan 1.884122347066167322e+03 8.500040788579198079e+02
9.394173523528625083e+02 4.841525978985858103e+01 6.141075090321497782e+02 2.139210087076002798e-01 1.975983870967741950e+03 6.781706642066420727e+02 nan nan 1.837007387247278302e+03 6.940921802175039375e+02
8.669980419424471165e+02 2.883491617601835628e+02 6.143049999999481088e+02 4.131646886477113867e-01 1.976938069216757640e+03 7.270491803278688394e+02 nan nan 1.600150178784266927e+03 7.279980694980695262e+02
8.152054155431609388e+02 4.627185742686002641e+02 1.230707481389863176e+02 1.027009898059605061e-02 1.983851985559566856e+03 1.425064906490649037e+03 nan nan 1.446042741935483946e+03 1.374136099263280357e+03
8.946774564177854927e+02 2.034842816902596496e+02 2.166903484619598714e+02 1.018427564497677157e-01 1.983906438631790706e+03 1.291899014778325181e+03 nan nan 1.688102842183993971e+03 1.247891378655526069e+03
7.700629492716187769e+02 6.199098072229903664e+02 5.141888224412242607e+02 6.627671542882637712e-02 1.984059076262083863e+03 9.139594676346036977e+02 nan nan 1.311941723274937431e+03 8.909204379562044096e+02
9.263059255976800159e+02 1.039908300791362592e+02 3.139940871882516831e+02 1.943616194873932753e-03 1.984958566978193176e+03 1.141905994550408650e+03 1.891941987829614618e+03 8.950350109409190509e+02 nan nan
9.458851941026165377e+02 3.833849255262408917e+01 2.476547991984920429e+02 9.779541307807451678e-02 1.985107896027464449e+03 1.240035966602440567e+03 1.882961314475873451e+03 1.016982428115015978e+03 nan nan
8.148347886226280252e+02 4.808510773035408192e+02 6.322539575862618904e+02 6.151415702689881915e-01 1.985981524249422591e+03 7.379229871645273988e+02 1.936004437049362195e+03 3.070767801857585368e+02 nan nan
9.055267399714134626e+02 1.860833184760551546e+02 5.550435218232098578e+02 1.326188327447836990e-01 1.987958968347010568e+03 7.930969945355191157e+02 1.921082711085583014e+03 5.519331269349845570e+02 nan nan
7.780955072461711097e+02 6.001627984951355756e+02 2.531564554615725342e+02 8.393272336096146979e-02 1.989121844127332679e+03 1.252028325123152626e+03 1.911954896907216607e+03 6.810367068694283716e+02 nan nan
7.532429036181865740e+02 6.798829061992926199e+02 1.533356267153107808e+02 1.711612432003410400e-01 1.990043560606060510e+03 1.382969118472768059e+03 1.908031392405063343e+03 7.459540100953448700e+02 nan nan
7.955799643485162278e+02 5.564696560852372613e+02 5.751630553940696018e+02 4.852321856196740724e-01 1.990940517241379212e+03 8.260739299610894477e+02 nan nan 1.372258552631579050e+03 8.091090573012938876e+02
8.638183336326117114e+02 3.225943516066220695e+02 2.233615708839123499e+02 1.149173905837616236e-02 1.990984112149532621e+03 1.284972744360902198e+03 nan nan 1.580057943022694417e+03 1.242108132666969595e+03
8.822064747481390441e+02 2.766358826954762549e+02 6.159708250316155045e+02 3.977498528260933752e-02 1.992983985765124544e+03 7.219562575941677096e+02 1.934938060657838605e+03 4.281129973474801318e+02 nan nan
9.383647041818081789e+02 9.776545061945553527e+01 5.665880988469294834e+02 1.899829131779004199e-01 1.997100208768267294e+03 7.590757116898848835e+02 1.925999185336048868e+03 5.888822762814943417e+02 nan nan
8.536677761128668180e+02 3.896062886978334632e+02 4.693162184506864492e+02 5.972421518605006488e-03 2.001843624406284334e+03 9.449077084425799740e+02 nan nan 1.528117775354416608e+03 9.271662774404484253e+02
8.899702097306358155e+02 2.646795726563751145e+02 3.295827086699198389e+02 1.822874487646608185e-02 2.001920700783771281e+03 1.129994988864142442e+03 nan nan 1.643943190094683132e+03 1.099966300940438941e+03
8.686333750880893376e+02 3.328252842051566063e+02 2.031161895130408652e+02 3.473537332987606391e-02 2.002040244523688216e+03 1.313913566113337083e+03 1.907932564841498561e+03 8.859106808244846434e+02 nan nan
9.349018909923312322e+02 1.274160793843643091e+02 5.547637931000596154e+02 4.645111370074625490e-02 2.004935205183585367e+03 7.820741503604531317e+02 nan nan 1.780108479231033243e+03 7.869673913043478706e+02
8.139130415498279945e+02 5.507934917989821315e+02 4.651514407981925956e+02 8.458879113336201239e-02 2.013104496788008646e+03 9.689566037735849022e+02 1.949986175115207288e+03 4.740446260213702203e+02 nan nan
8.649697946633486936e+02 3.738914207765501487e+02 1.742257395989367410e+02 6.351637470625079440e-02 2.013955828220858848e+03 1.355082794307891390e+03 1.917974085906993196e+03 8.959635231316725594e+02 nan nan
7.740548507137749539e+02 6.849554758501350307e+02 4.974436269233928556e+02 1.279223196699013753e-03 2.013972170686456366e+03 9.420122757318224558e+02 nan nan 1.285002979145978088e+03 9.180088148873653608e+02
8.277797939244819645e+02 5.129790487002857162e+02 6.202687815939835900e+02 1.528523670181751726e-01 2.014882194244604307e+03 7.579838032393521416e+02 1.964023911187019621e+03 3.109887152777777715e+02 nan nan
8.539951550332929173e+02 4.292107094792751241e+02 6.034702115443948287e+02 4.214529925123979837e-01 2.016917584659322756e+03 7.661341525857654915e+02 1.961034498411257346e+03 3.709048572859288697e+02 nan nan
9.309273565704683051e+02 1.687666214386943864e+02 5.433047923850255074e+02 1.032324009647414553e-01 2.017028241335044868e+03 8.058271497162811556e+02 nan nan 1.749004533091568419e+03 8.080091575091574896e+02
9.504794298546800064e+02 9.908422119784451354e+01 2.688719576221708394e+02 9.283097032456510966e-02 2.018918287937743116e+03 1.209863095238095184e+03 1.916905379442843468e+03 9.579586247086247113e+02 nan nan
8.973910221424642941e+02 2.893637880699068887e+02 6.285637511904825487e+02 7.529591525416504116e-02 2.018923469387755176e+03 7.051043412033510549e+02 nan nan 1.634934108527131684e+03 7.110045543266103323e+02
9.289190326645243658e+02 1.804899699754080871e+02 4.622607985528254630e+02 3.210083761559515692e-01 2.020074050632911394e+03 9.269297036526533020e+02 nan nan 1.740207717569786610e+03 9.179244897959183618e+02
9.357020834014699631e+02 1.500051841439168641e+02 1.224419321657991446e+02 2.405126769606609396e-03 2.021013318534961172e+03 1.432929671801741506e+03 1.907938898450946681e+03 1.094129011957205876e+03 nan nan
8.565216543788073977e+02 4.293936448947098370e+02 5.000909128849508534e+02 1.580067263785480758e-03 2.021074285714285679e+03 9.070148544266190811e+02 1.955946999999999889e+03 4.949808612440191382e+02 nan nan
9.580957607922255193e+02 9.226598938008621076e+01 6.120054302132641624e+02 1.134298591667187717e-01 2.022937728937728934e+03 6.881174659040915458e+02 1.954066326530612287e+03 5.379318901795143120e+02 nan nan
9.545510285120043363e+02 9.330498828990948823e+01 1.365286435907919156e+02 5.149642208662850162e-01 2.023966976744186013e+03 1.412112119594233945e+03 nan nan 1.831927444794952635e+03 1.355901818181818271e+03
7.989748104468853853e+02 6.354885731161642752e+02 6.308496511622834078e+02 1.967809843984641982e-01 2.024962932111620148e+03 7.639234972677595579e+02 1.977925202477370249e+03 2.451492537313432933e+02 nan nan
8.731442990402852047e+02 3.793992947944400953e+02 2.666381875426752117e+02 9.158083761855895233e-02 nan nan 1.937015591165006526e+03 7.919169040835707847e+02 1.558101663585951883e+03 1.187972428419936477e+03
8.535083347221241183e+02 4.717195792162963244e+02 6.356686324202665901e+02 1.977196382828819710e-01 2.032012839506172895e+03 7.290845435684647100e+02 nan nan 1.481953107344632826e+03 7.261292749658002776e+02
7.916834931398952904e+02 6.834207148293143064e+02 6.034265548771060139e+02 1.035109714315909368e-01 2.033946476360392580e+03 8.058930288461538112e+02 nan nan 1.305090528519099962e+03 7.899749152542373167e+02
9.590223896041231910e+02 1.131654197283625507e+02 4.722872589015895528e+02 6.247310842370631251e-02 2.034929398786541697e+03 9.020955373978629268e+02 nan nan 1.819202609050142655e+03 8.979349422875130813e+02
8.675454529479661687e+02 4.358809585229448658e+02 4.424680444376194828e+02 1.466746890791577052e-01 2.039023854362837483e+03 9.860666089965397987e+02 1.966934444444444352e+03 5.620528602461984065e+02 nan nan
9.274405341433440526e+02 2.337029109149118256e+02 5.358570290569882673e+02 1.246982324507528717e-01 2.039077844311377248e+03 8.268898582333696368e+02 1.968000000000000000e+03 5.578216112531969202e+02 nan nan
8.283321185737855785e+02 5.939685483032814091e+02 6.286523630973387071e+02 5.580201000586686166e-02 2.046000000000000000e+03 7.589618155619596109e+02 1.997015765765765764e+03 2.691010671688637785e+02 nan nan
8.720483789886593513e+02 4.367477726786030416e+02 3.737914463350521714e+02 2.733268752273308039e-02 2.046013506493506384e+03 1.080152872957301042e+03 nan nan 1.523977249916360051e+03 1.053823990705779806e+03
8.926929381514419219e+02 3.713851473223410835e+02 5.016566577697921048e+02 3.173742175979362701e-01 2.047044319918492192e+03 8.960550055005500099e+02 1.977000000000000000e+03 5.269964639321075310e+02 nan nan
9.524536117063222491e+02 1.621381571213562154e+02 3.087302920534513646e+02 2.140389528086705795e-01 2.047989818181818237e+03 1.152923135464231336e+03 1.949933890048712556e+03 8.761306765523632976e+02 nan nan
8.103936941063735730e+02 6.625771916742379517e+02 6.333025188300787249e+02 5.251141453067450365e-02 2.049007434944237957e+03 7.639929245283018417e+02 nan nan 1.335972513743128502e+03 7.518830442081700767e+02
8.838786220856316049e+02 4.091470874482926092e+02 4.603709404536148213e+02 6.953870503037598572e-02 2.050019013666072624e+03 9.580556563823352008e+02 1.977989903846153766e+03 5.568341300191204937e+02 nan nan
8.734794440287635098e+02 4.579199586039779888e+02 1.128514971743757229e+02 2.358462964834579824e-03 nan nan 1.956000921234454154e+03 9.220212864414622800e+02 1.515969146005509629e+03 1.386873447664104106e+03
8.665992393523330293e+02 4.844148347974164608e+02 2.171310927396193335e+02 1.383944540037873941e-02 2.058980682839173369e+03 1.296897082228116687e+03 nan nan 1.492953997809419434e+03 1.254797492767598897e+03
8.967750146493377770e+02 3.899306980719497915e+02 2.250327844169150637e+02 2.241685793177703584e-02 2.062940599455040683e+03 1.283997252747252787e+03 1.966035197988686377e+03 8.390531991373112533e+02 nan nan
9.421780968552683362e+02 2.551114604798258370e+02 5.817409870089788910e+02 2.172026619341374531e-02 2.068022367703218606e+03 7.629484029484029861e+02 1.999984172661870616e+03 4.939038229376257618e+02 nan nan
8.935798065822283434e+02 4.308047972395768284e+02 4.690181492052575436e+02 1.167852757299648880e-01 nan nan 1.999073791348600480e+03 5.389952854897852603e+02 1.551093750000000000e+03 9.329480207916833479e+02
8.533815192619762229e+02 5.801568121655351433e+02 1.096111539424621526e+02 3.296704869412066252e-02 2.079032567049808222e+03 1.441975466143277799e+03 nan nan 1.428169282136894935e+03 1.391134502923976697e+03
9.185859206077929002e+02 3.695142221290117277e+02 5.772717093399177202e+02 2.552663200768234830e-01 2.079941554646405621e+03 7.889229195088677216e+02 2.016031563126252422e+03 4.420441097364174539e+02 nan nan
9.136583347370055890e+02 4.026476961122394300e+02 4.355820638292798890e+02 5.447522712654095933e-01 2.087977110157367861e+03 9.899787234042553337e+02 nan nan 1.590110532192035635e+03 9.741613424989890291e+02
9.360396910755887347e+02 3.423328643517810406e+02 2.565381862581979817e+02 5.952474969434692897e-02 2.097967008470798191e+03 1.237941397849462419e+03 nan nan 1.652232619536521042e+03 1.200123897522049447e+03
9.028349886639546185e+02 4.600314887559024442e+02 2.247073568433619357e+02 1.767087866864340273e-01 2.097997933884297709e+03 1.285950081833060494e+03 2.000013342228152169e+03 8.059258710155670542e+02 nan nan
9.444192497462598794e+02 3.142242504895831416e+02 2.494219710021691014e+02 1.419828382319771876e-01 2.098995317725752557e+03 1.247068702290076317e+03 1.995931884908984102e+03 8.619163945133899460e+02 nan nan
8.837946451141568787e+02 5.374894156965208367e+02 3.314755281502334583e+02 2.541955235038902139e-02 2.099986652977412632e+03 1.143944389275074400e+03 2.016011363636363740e+03 6.460549285176824696e+02 nan nan
8.913910017750677071e+02 5.166409462312698224e+02 1.969435684025837361e+02 1.684733841018523914e-01 2.104018475750577181e+03 1.325034205231388341e+03 nan nan 1.504001197604790377e+03 1.280990397805212524e+03
9.466127510848575639e+02 3.268168771311428031e+02 3.078682306189178348e+02 6.984291677663571202e-03 nan nan 2.008976243980738445e+03 7.889017996870109073e+02 1.673041853035143731e+03 1.133087059620596165e+03
9.157305287309966388e+02 4.515842755051398285e+02 4.473801406687549616e+02 5.220824939791275654e-02 2.108965784377017371e+03 9.789303030303029800e+02 nan nan 1.565059131954558779e+03 9.631330998248686228e+02
8.713611333285347200e+02 6.139457358801648752e+02 3.387177727710519548e+02 3.945680986806146540e-01 2.111942209631728019e+03 1.138910487641950567e+03 2.030040285899935043e+03 6.009056728232189926e+02 nan nan
8.574653631168179118e+02 6.858901312546388453e+02 3.855175274882632834e+02 1.274207366906070504e-01 2.119049360951961262e+03 1.082927604871448011e+03 nan nan 1.378010544815465664e+03 1.056116757410768287e+03
9.468224623515865233e+02 4.049408606372285249e+02 4.811051830587694553e+02 1.716484792121188985e-01 2.133046468401486891e+03 9.260173076923076678e+02 2.055874555792466253e+03 5.479693279206134093e+02 nan nan
9.262474957519929148e+02 4.775606616643385678e+02 2.822473730381720429e+02 3.366238947292511489e-03 2.134835543766578212e+03 1.207164415463437308e+03 nan nan 1.564001878522229163e+03 1.172978367062107509e+03
9.381945822211167751e+02 4.445327958718293075e+02 1.352798745345785676e+02 1.468890992400112214e-02 2.140984272608125593e+03 1.410042935206869743e+03 nan nan 1.597137522228808621e+03 1.357973407977606712e+03
9.122139893258892016e+02 5.751697293123535246e+02 2.937029557301931959e+02 6.168087611274949977e-02 2.151022504892368033e+03 1.195970883534136647e+03 2.059942410932162147e+03 6.770012476606362952e+02 nan nan
9.389111854774757830e+02 4.824374679520032601e+02 1.203954564274782939e+02 3.281246472964613470e-02 2.155917615176151685e+03 1.430158790170132306e+03 nan nan 1.576962222222222181e+03 1.377014249363867748e+03
8.855423081074126230e+02 6.829792486915994232e+02 1.892649755592221652e+02 6.042755868413027601e-03 2.156009079118028694e+03 1.336861313868613252e+03 2.059009079118028694e+03 7.350687455705173079e+02 nan nan
9.425440879065473609e+02 4.730200621200654041e+02 1.473742588400343152e+02 9.721095694128134568e-02 2.157028905712319556e+03 1.392929717341482046e+03 nan nan 1.586057293783014984e+03 1.342984520123839047e+03
9.448662578371237259e+02 5.032206526620824434e+02 5.868059779516149774e+02 4.120845434794612183e-01 2.164007299270072963e+03 7.940140318054255886e+02 2.100998602050326099e+03 3.780816816816816868e+02 nan nan
8.977017140129082691e+02 6.612613769254079443e+02 1.835877639978436946e+02 4.482750464156543685e-03 2.164009086778737128e+03 1.344105849582172596e+03 nan nan 1.435965464702894906e+03 1.300997079439252275e+03
8.965853346847552530e+02 6.788189952010958450e+02 1.635614010284802760e+02 3.543374399515664686e-01 2.168931803696621955e+03 1.370088298636037280e+03 nan nan 1.426005837912087827e+03 1.326088987764182320e+03
9.305494708076431607e+02 5.812572410395137013e+02 4.239762763568629111e+02 3.015511867020583825e-01 2.174915015974440848e+03 1.022098515519568195e+03 2.095950368879946382e+03 5.319081562714187612e+02 nan nan
9.393043327438493861e+02 5.385407073446359618e+02 2.154617357799305069e+02 7.047843822568244931e-02 2.174932214765100525e+03 1.299974622770919041e+03 nan nan 1.546063297872340399e+03 1.258937578814628068e+03
9.030057407749833374e+02 6.921423175920291442e+02 2.145548472249832628e+02 4.010504137011990794e-02 2.180928102048705114e+03 1.304061916461916553e+03 nan nan 1.426132482043096616e+03 1.264192178770949795e+03
9.287876105365110107e+02 6.039900455590727688e+02 3.554319909390986822e+02 1.929101062941185885e-01 2.181942899517982823e+03 1.114964631782945844e+03 2.095024738344433899e+03 5.988291366906474877e+02 nan nan
9.320018824753128683e+02 6.160618553910662740e+02 5.484753425721014537e+02 1.421429092528292970e-01 2.187039858281665147e+03 8.609683098591549424e+02 2.121989736070381241e+03 3.740000000000000000e+02 nan nan
9.322889881301745163e+02 6.073178125437182189e+02 2.523807038624485131e+02 4.547558201043867820e-02 2.189023374726077236e+03 1.252068810770381560e+03 2.090960958296362151e+03 7.119673352435529523e+02 nan nan
9.351263973682229107e+02 5.989397638626797971e+02 2.433749686972037694e+02 2.526938094728307105e-01 2.189944390715667396e+03 1.264063642518618735e+03 nan nan 1.509157307415406876e+03 1.226029203956665015e+03
9.200343043774686294e+02 6.799384745427647658e+02 6.369647529231511953e+02 1.760129158764976165e-01 2.192025806451612880e+03 7.550468150422102553e+02 2.138928340865074460e+03 2.431184919210053863e+02 nan nan
9.142308262615835019e+02 6.890628903199600472e+02 2.213246083408444349e+02 7.276261514118769272e-03 2.194032278481012781e+03 1.295100770218228490e+03 nan nan 1.440006045340050377e+03 1.256036482084690533e+03
9.358766128735370557e+02 6.267670083942563224e+02 3.510762118061659862e+02 1.303046519123484404e-01 2.198886118980170068e+03 1.121984871406959201e+03 2.111027905198776807e+03 5.950653382761817056e+02 nan nan
9.539849179578557141e+02 5.672380041521989824e+02 2.279348420449933599e+02 3.182810581328919808e-01 2.204075060532687530e+03 1.283989341692790049e+03 nan nan 1.546969679633867372e+03 1.244056122448979522e+03
9.521491492372915673e+02 6.081529039507394145e+02 3.972981312239916178e+02 1.685988426203525181e-01 2.213029379360998973e+03 1.059065296803652927e+03 2.128022798390701610e+03 5.548341896310136008e+02 nan nan
9.517833185356788590e+02 6.023180072944765016e+02 1.931275148172706224e+02 4.911088495491379158e-01 2.214083136792452933e+03 1.331036285362853732e+03 2.105847953216374208e+03 7.829063690800218183e+02 nan nan
9.360793137930565990e+02 6.757523674417873281e+02 1.878731670585715108e+02 6.509034634629634608e-01 2.217953139643861505e+03 1.338054586381541867e+03 nan nan 1.470983164983164897e+03 1.296967897271268157e+03
9.591414499161618323e+02 5.926123023318251626e+02 1.325164731014246513e+02 5.132388994277439220e-01 2.220959273527792902e+03 1.411981651376146829e+03 nan nan 1.539942857142857065e+03 1.363030493273542561e+03
9.586797113486294393e+02 6.016972798269957821e+02 2.490929553132860121e+02 4.524340975988452307e-01 2.221984375000000000e+03 1.256098517455762703e+03 2.118883156297420555e+03 7.239240037071361940e+02 nan nan
9.557840038851255713e+02 6.366929293294215313e+02 5.914205899618157218e+02 4.613130892989400489e-02 2.223987227648384760e+03 8.059967532467532010e+02 2.162078776645041671e+03 3.200315040650406786e+02 nan nan
9.491515694098197855e+02 6.765540824616738291e+02 6.205618381999518078e+02 1.151206674292435117e-01 2.228089671361502496e+03 7.739811443433029581e+02 2.170918610185625766e+03 2.689723943661971930e+02 nan nan
9.481353447715531502e+02 6.752372259032540569e+02 2.731271887392276767e+02 3.589547059663334982e-01 2.231932256059664269e+03 1.227072351421188614e+03 nan nan 1.483935363579863179e+03 1.192843395098625251e+03
3.179905852661633059e-01 -6.867953952562653512e+02 3.799113559558070961e+02 6.834952754578680345e-01 nan nan 2.260316916488222603e+02 1.022973052631578980e+03 9.401564971751412259e+02 8.859943684633950625e+02
1.525368177002123105e+01 -6.999421098271052415e+02 3.983267235399062542e+02 6.580767599379129251e-01 nan nan 2.300192629815745420e+02 1.011959794696321637e+03 9.761794753796594932e+02 8.490046003450258922e+02
1.996547852050099081e+01 -6.640475963419810341e+02 4.728663412439292415e+02 2.961789371218396250e-01 nan nan 2.560111667308432857e+02 8.929947683109118088e+02 9.619417134831460316e+02 7.130241145440844548e+02
1.110008306711592496e+01 -6.302597564985976533e+02 5.827011460100368367e+02 3.657678803995518257e-01 nan nan 2.590000000000000000e+02 7.239893617021276668e+02 9.250354416575790992e+02 5.120283018867924056e+02
4.220441397671866213e+01 -6.868365433424207822e+02 4.405767878837215221e+02 2.176186100877590124e-01 nan nan 2.679985408560311271e+02 9.560346320346320681e+02 1.017046201232032899e+03 7.720608243297318722e+02
5.746890477712822332e+01 -6.934414648768854477e+02 5.275060569788138309e+02 4.221424279313249484e-01 nan nan 2.690324980422865906e+02 8.490125835627211472e+02 1.049084401709401618e+03 6.050254403131115168e+02
2.454739797882720964e+01 -6.414112530904111509e+02 5.380399869523776033e+02 1.732250769435571547e-01 nan nan 2.719957559681697603e+02 7.939943240454076658e+02 9.560953196347031735e+02 5.949363753213367545e+02
2.233303904342538360e+01 -6.432973434325908784e+02 4.936467028561302186e+02 5.501634123391359044e-01 nan nan 2.740194503171247220e+02 8.539008583690987280e+02 9.529722850678732584e+02 6.780652694610778326e+02
1.189727930744765949e+01 -6.133890972295671418e+02 5.500856027817967515e+02 1.715396107579063023e-01 nan nan 2.789879336349924301e+02 7.580292008196721554e+02 9.160175240248728414e+02 5.780812854442343678e+02
6.385195544248339417e+01 -6.881691392315618714e+02 4.809279265808098103e+02 3.696904406076162442e-01 nan nan 2.880118613138686214e+02 9.099995592772146438e+02 1.057046224256292817e+03 6.960523415977961577e+02
4.189362965548930617e+01 -6.999409093493965202e+02 1.805629570239941870e+02 6.710131649763971529e-02 nan nan 2.919221520889690282e+02 1.294061390747745236e+03 1.024921017990346627e+03 1.274817706061927538e+03
2.450373350833013220e+01 -6.886407536557836693e+02 9.110514364437317170e+01 5.701496015909172099e-01 nan nan 2.929851434426229275e+02 1.388995932892730025e+03 9.849899928520371759e+02 1.449835911230665715e+03
5.713956547279860843e+01 -6.730517638188275669e+02 4.333081022915209246e+02 8.997342125165561089e-02 nan nan 2.990014388489208841e+02 9.610248565965582657e+02 1.035054426705370133e+03 7.900292259083728368e+02
6.777498245603419491e+01 -6.908687437220265792e+02 4.109907760854546268e+02 2.103777857424215247e-01 nan nan 2.999851920407218699e+02 1.004992078285181719e+03 1.065964891041162218e+03 8.300162866449511512e+02
7.718916104427667335e+01 -6.717832023499107663e+02 5.224531679783696063e+02 1.429492424873096690e-01 nan nan 3.130034423407917643e+02 8.479744920017293452e+02 1.070127615062761606e+03 6.221655328798185565e+02
3.814176233122758930e+01 -6.826879244200049470e+02 8.980176521988249760e+01 6.711186358066529856e-01 nan nan 3.139876203576341140e+02 1.390988568815729423e+03 1.006013165112452043e+03 1.451965217391304350e+03
8.561311013520363389e+00 -6.244277684823956633e+02 1.328500484602007248e+02 1.062588955055620470e-03 nan nan 3.209254591285559854e+02 1.290025125628140813e+03 9.151133968891118684e+02 1.369101505856106996e+03
6.892103307599732887e+01 -6.716977601952735313e+02 3.865771539367273704e+02 3.558218845986825807e-01 nan nan 3.210408069692801405e+02 1.024989917506874463e+03 1.055064809550881137e+03 8.800490074441687511e+02
3.124574847388372589e+01 -5.883960429371892360e+02 5.181854343712457194e+02 5.157822309181808729e-02 nan nan 3.279992242048099342e+02 7.909957446808510895e+02 9.350510235258172997e+02 6.457867412140575425e+02
7.310588571321932250e+01 -6.494163447427207529e+02 5.008800022073808691e+02 1.394068311474804256e-01 nan nan 3.299847920546244495e+02 8.620399639423077360e+02 1.047991992463495080e+03 6.678721153846154266e+02
9.436682423339604497e+00 -5.780162634740004250e+02 3.430554682314809725e+02 1.180128404927358737e-01 nan nan 3.329947252747252833e+02 1.003994739149495786e+03 8.891933884297520763e+02 9.731386071670046931e+02
1.656119057718671073e+01 -5.931958504478798204e+02 3.114734405479663906e+02 1.629859868029979453e-01 nan nan 3.330280273086597163e+02 1.054992975061468314e+03 9.109448818897637921e+02 1.030946011281224855e+03
5.683915287156383300e+01 -6.166672152640379636e+02 5.291627880336303633e+02 1.972438224726046768e-03 nan nan 3.339860078705727915e+02 8.000199393151278855e+02 9.980610526315789457e+02 6.210703448275861547e+02
2.410974237088148442e+01 -5.956661022151631641e+02 3.184186508634229540e+02 5.500990633978647404e-02 nan nan 3.390003877471888245e+02 1.049980926430517684e+03 9.260289931470742886e+02 1.017955042527339060e+03
6.827978898518563255e+01 -6.255099729324930422e+02 5.340122045136671431e+02 2.558116094566595736e-02 nan nan 3.399853528628495383e+02 8.019941096511100795e+02 1.023960920770877919e+03 6.109449891067538374e+02
3.082416139045462344e+01 -6.263171954647874600e+02 1.642914651685047431e+02 6.853158587223835418e-01 nan nan 3.409953664700926765e+02 1.259976407284768129e+03 9.570291595197255674e+02 1.309140945584299743e+03
6.116405448714441917e+01 -6.562533431692653494e+02 2.574513603802493549e+02 1.115740779262942850e-01 nan nan 3.410172839506172977e+02 1.175964210526315810e+03 1.030956353591160223e+03 1.129055279503105567e+03
6.616955910044619316e+01 -6.034556022720729516e+02 6.304241281098072704e+02 6.788009605579221617e-01 nan nan 3.440319999999999823e+02 6.589549597855227603e+02 1.006024859287054369e+03 4.369389275074478860e+02
1.050398634857230817e+01 -5.416023918993602138e+02 4.381352645556427206e+02 2.083757808395575190e-03 nan nan 3.520148496921405012e+02 8.619565217391303804e+02 8.700349141693337742e+02 8.021498609179416235e+02
7.867086600367809979e+01 -6.173135219190957059e+02 5.474931777795858352e+02 6.765811525020943434e-03 nan nan 3.580733090319967573e+02 7.819648082245946625e+02 1.037023572076155915e+03 5.888835192069392406e+02
3.026693848053961844e+01 -5.428999747353946077e+02 5.641707850558130986e+02 1.004125178673067609e-01 nan nan 3.590106204583566409e+02 7.040151600224593267e+02 9.060701499758104092e+02 5.719495081967213537e+02
1.342290802126579052e+01 -5.292078905445160899e+02 4.510397785245877458e+02 5.008118509708672610e-03 nan nan 3.639975144987572548e+02 8.390198228595529599e+02 8.680047653958944238e+02 7.809228034535296956e+02
7.977961981216693310e+00 -5.200580517261242903e+02 4.261019244009501676e+02 6.055473331848935936e-02 nan nan 3.679821049438883733e+02 8.639887160719731583e+02 8.530404181184668460e+02 8.280085271317828983e+02
6.358468593638473010e+01 -5.719900706272042044e+02 5.919623355591572818e+02 1.120480565686009580e-02 nan nan 3.720033914728682021e+02 6.919893462469733549e+02 9.820146074254412270e+02 5.169823967501693005e+02
1.019775966025676013e+02 -6.342177818341764350e+02 5.382995677256571980e+02 1.326546851530317761e-01 nan nan 3.740168281489036417e+02 8.109989594172736815e+02 1.088981347150259126e+03 6.040387596899224718e+02
1.173624987393398840e+02 -6.681953834791962663e+02 4.387471863242546988e+02 2.231033594408682597e-01 nan nan 3.769953863898500686e+02 9.690183435241800680e+02 1.139051393728223047e+03 7.848600100351229685e+02
1.030613519467108716e+02 -6.813936398790599469e+02 1.503896189897897671e+02 1.051814151663837960e-02 nan nan 3.839302524604193536e+02 1.338019975540154974e+03 1.123086934156378675e+03 1.334037200504413704e+03
6.528006224257177337e+01 -5.607484217286896637e+02 5.882815230030566909e+02 4.930938888428769082e-03 nan nan 3.839513867248364249e+02 6.910364176885916550e+02 9.780118279569892366e+02 5.269608366711170220e+02
1.184622651818517056e+02 -6.948243958515419081e+02 2.045831996763412519e+02 6.876873459335131056e-02 nan nan 3.849862040133779146e+02 1.285998752079866790e+03 1.159957135653050955e+03 1.229010149253731242e+03
8.243910176778639709e+01 -5.978826637697360411e+02 4.914516138658798354e+02 1.720514517374205354e-02 nan nan 3.860159010600706893e+02 8.459977944419938467e+02 1.031042663891779284e+03 6.979047893825735400e+02
7.542717591599921434e+01 -5.678627372881069277e+02 6.260265571394116932e+02 2.759111558651656804e-01 nan nan 3.860699999999999932e+02 6.470299455535390507e+02 1.000005893909626707e+03 4.569368998628257827e+02
2.633682747919892009e+01 -5.445463511530595042e+02 2.834326162392590618e+02 1.672882734858015807e-01 nan nan 3.869944466481554741e+02 1.061966863905325454e+03 8.989484052532833402e+02 1.089005741626794361e+03
3.132745952692685876e+01 -5.450243670179635274e+02 3.060774098113067225e+02 6.319214752419752279e-02 nan nan 3.899120399251403342e+02 1.036043537414966067e+03 9.080119392185239349e+02 1.046956629055006943e+03
1.159365703447824458e+01 -5.227498556986784024e+02 2.501268231124529109e+02 2.569096221889355727e-02 nan nan 3.910324419114423335e+02 1.084979637007525525e+03 8.598993036957685945e+02 1.152058494088363432e+03
4.227106935679082511e+01 -5.386432023967122404e+02 4.326939820098608038e+02 3.862058117542011004e-02 nan nan 3.929972999509082001e+02 8.759822713257965461e+02 9.239349547511312721e+02 8.149002254791431596e+02
7.411773918907718084e+00 -5.302825453905512632e+02 1.064674415533493743e+02 1.350198562944317504e-01 nan nan 3.969914314516129252e+02 1.259179168915272612e+03 8.559922656960873155e+02 1.418884398976982084e+03
7.241403750886779278e+01 -6.024670596186132343e+02 2.594041518586227539e+02 2.909928439541572404e-02 nan nan 3.980048740861088277e+02 1.142004401760704241e+03 1.015965690376569000e+03 1.130046551724137998e+03
2.821928660724357130e+01 -5.609932618974534080e+02 8.135446708576499475e+01 3.866664809832893734e-01 nan nan 4.000049200492005070e+02 1.315033041401273977e+03 9.109627851140455732e+02 1.466008116883116827e+03
1.262415639238278828e+02 -6.394875342935955587e+02 5.212847642712498555e+02 7.132205488565021567e-02 nan nan 4.020346502590673481e+02 8.438739907727797345e+02 1.135042036431573933e+03 6.368945974576271283e+02
2.870716098874141764e+01 -4.965456571889853308e+02 4.981228447386763492e+02 5.227409816754308852e-03 nan nan 4.030373009220452900e+02 7.639235138205225439e+02 8.759787111622554221e+02 7.028582046883933572e+02
5.123360140627858783e+01 -5.884471661749457780e+02 9.001296970182231405e+01 1.070170484676684700e-03 nan nan 4.039774405250204836e+02 1.329982723159193711e+03 9.690744066709429489e+02 1.450056057866184346e+03
1.170424962930869270e+02 -6.594399798617816941e+02 2.446744407712769487e+02 6.032677765752778587e-01 nan nan 4.070152744630071879e+02 1.211027527289985755e+03 1.133088888888888960e+03 1.154906268306971242e+03
6.888575240728222582e+01 -5.741650003803910067e+02 3.396112546926939331e+02 1.335636866967568337e-01 nan nan 4.070698442661632726e+02 1.022969625059326063e+03 9.920275862068965580e+02 9.830262954369683257e+02
1.278744457550177600e+02 -6.219075703650403284e+02 6.111273374142831472e+02 4.608270229252839356e-02 nan nan 4.080297674418604856e+02 7.119714003944773140e+02 1.125981635071090068e+03 4.750352393617021107e+02
1.187408491523067653e+02 -6.584955802975615597e+02 2.548778603778791023e+02 1.367929082233649563e-01 nan nan 4.089951482479784204e+02 1.198970221981591749e+03 1.135062801932367165e+03 1.135082489146165017e+03
1.557268645766761495e+02 -6.746202401738996741e+02 4.692498704948728232e+02 2.843560895748553988e-02 nan nan 4.158666264333132290e+02 9.439104367135455504e+02 1.211051433638782100e+03 7.291548672566372034e+02
6.202564614923992536e+01 -5.704005127892057772e+02 2.188174961677913757e+02 4.893023529656405357e-02 nan nan 4.159991460290349892e+02 1.167975953565505733e+03 9.772065101387406685e+02 1.208075819672131047e+03
5.532474626289569386e+01 -5.718584789667172572e+02 1.132141003804957222e+02 9.112406875867860856e-03 nan nan 4.189877232142857224e+02 1.293002667682926813e+03 9.660106269925611286e+02 1.406009127789046715e+03
1.406790372314663102e+02 -6.839234150023290795e+02 1.675651502894175451e+02 2.151438599102855620e-01 nan nan 4.250247104247104062e+02 1.330979237448093727e+03 1.192060410557184696e+03 1.301049518569463544e+03
1.106114231630168803e+02 -5.930612398778171155e+02 4.808360724448622250e+02 9.220742739988152872e-03 nan nan 4.259758985200845700e+02 8.650302256279268249e+02 1.077015653535089996e+03 7.209424437299035162e+02
1.050739128464426244e+02 -5.986173720603751462e+02 3.742586354402039319e+02 3.270097590628378431e-02 nan nan 4.270031266284523213e+02 1.005019085886489165e+03 1.070966985230234513e+03 9.170207956600361285e+02
8.837153510127197364e+01 -5.369102304348942880e+02 6.344593455763372276e+02 4.434207878473265252e-01 nan nan 4.270379810094952404e+02 6.220058262711864927e+02 1.003090513068731866e+03 4.520334549878345456e+02
1.574710850268962758e+02 -6.895215154590192697e+02 2.822516125184735643e+02 3.971031030019386288e-01 nan nan 4.279655004859086489e+02 1.198005324298160758e+03 1.225130278526504981e+03 1.081053899082568705e+03
3.781953232813743426e+01 -5.287957097950699108e+02 1.502875234559272428e+02 4.117190166908983595e-02 nan nan 4.279750822755054287e+02 1.215994769377080274e+03 9.090028538812784973e+02 1.337046769230769314e+03
1.401177185067556650e+02 -6.345694328675575662e+02 4.753561795146981694e+02 4.686559363641787379e-02 nan nan 4.289599167100468549e+02 9.060275791624105750e+02 1.156000000000000000e+03 7.248835654596100539e+02
1.026729095006015484e+02 -6.144504134876129910e+02 2.214732388917364005e+02 1.022621131958680596e-01 nan nan 4.289725663716814097e+02 1.205969033995287873e+03 1.077021972132904693e+03 1.201116797110174502e+03
1.279646358565219231e+02 -6.034890551609576050e+02 5.313718911595104828e+02 9.054082918931977142e-02 nan nan 4.329850074962518534e+02 8.090273904382470391e+02 1.113980175195942820e+03 6.270488786658999061e+02
3.730813444463372264e+01 -5.080860808420991930e+02 1.803182079997470453e+02 9.537105482961347191e-02 nan nan 4.399495432796867931e+02 1.167021824530772619e+03 8.960341011067903310e+02 1.282089776632302346e+03
1.564571641224160317e+02 -6.880894398615428145e+02 1.669888530668752082e+02 1.044533745915638898e-02 nan nan 4.409740259740259489e+02 1.340019908751555477e+03 1.222893762183235822e+03 1.301914704343275844e+03
1.247324848970200151e+02 -5.953545228041829205e+02 4.773841691165228553e+02 5.860706282194082239e-02 nan nan 4.419854961832061235e+02 8.750218642117375794e+02 1.102954160789844764e+03 7.279500860585197870e+02
5.165381446524988007e+01 -5.371582581814402602e+02 1.006777707766191554e+02 2.478893038130264848e-01 nan nan 4.430023183925811168e+02 1.284029318541996872e+03 9.379994438264739074e+02 1.428997933884297481e+03
1.124410481573859926e+02 -6.215685280757916189e+02 1.404582632905156743e+02 3.630043805238768878e-02 nan nan 4.440216991541007587e+02 1.311966887417218459e+03 1.099018089315997713e+03 1.353949869791666742e+03
1.451605038867470228e+02 -6.739044763691863409e+02 1.010016962267255991e+02 2.382532830039454930e-01 nan nan 4.460091566265060123e+02 1.405996508728179606e+03 1.193070761670761613e+03 1.428877866972477023e+03
1.246074890888649520e+02 -6.017406875506133019e+02 3.686277715790298544e+02 1.430871757453584456e-02 nan nan 4.489685505925250482e+02 1.020012511584800791e+03 1.107002395619438630e+03 9.280529152376286675e+02
1.335148145283075110e+02 -5.849006307469178410e+02 5.886513742244437708e+02 3.710483011956909882e-01 nan nan 4.489898504273504045e+02 7.229893736017896799e+02 1.111031272210376756e+03 5.269579263711494832e+02
7.525846379566569055e+01 -4.892006889892680874e+02 6.235558884226556984e+02 1.151619903813806689e-02 nan nan 4.509470252648736732e+02 6.070064456721914894e+02 9.520775862068965125e+02 4.839717537942664194e+02
1.056879564848014752e+02 -5.598211383322006895e+02 4.368277487360135751e+02 2.560373652740189493e-02 nan nan 4.520043795620438232e+02 9.009800918836141363e+02 1.047072479564032619e+03 8.079697336561742986e+02
1.169531827040644174e+02 -6.038625407639256082e+02 2.428575155723383148e+02 2.473803654480913328e-02 nan nan 4.520353356890459509e+02 1.177008351648351663e+03 1.095112053077773680e+03 1.162012545739675943e+03
2.799871908146498356e+01 -4.626328722685790353e+02 2.642424919278913080e+02 5.767952038392513275e-02 nan nan 4.550107829348335713e+02 1.036014839636189663e+03 8.540939524838013313e+02 1.131134418324291801e+03
4.026707932625235742e+01 -5.053140790549193184e+02 8.221600261643692420e+01 1.480808244300754750e-02 nan nan 4.559964622641509209e+02 1.281010707456978935e+03 8.990426944971536614e+02 1.463007850834151213e+03
2.880970414682066050e+01 -4.109107880463587321e+02 6.153268323419686112e+02 3.170920837407918969e-01 nan nan 4.581230697239120104e+02 5.649240986717267106e+02 8.291835654596100085e+02 5.149252498913515410e+02
5.702865403276471312e+01 -4.514088188599995988e+02 6.180026894281055547e+02 3.376027301327907959e-01 nan nan 4.599574920297555991e+02 5.900319383259911774e+02 8.990507416081186420e+02 5.019297912713472556e+02
1.066530095137833314e+02 -5.231512649219353079e+02 6.335908882521906662e+02 3.328530874493013103e-02 nan nan 4.609751984126984325e+02 6.199601226993864884e+02 1.025995979322228550e+03 4.600396361273554362e+02
6.386780119872834405e+01 -4.714759436523539762e+02 5.267133289362257074e+02 1.005806514882808950e-01 nan nan 4.620074666666666872e+02 7.220123789020451568e+02 9.219794392523364195e+02 6.600761223162004399e+02
1.116633386451286469e+02 -5.546449748979199512e+02 4.233517553273541694e+02 4.229861838909047822e-03 nan nan 4.649543657923104547e+02 9.169590071455434099e+02 1.054039603960396107e+03 8.339307396323215471e+02
7.700046285903093235e+01 -4.790799931911742533e+02 5.797918818953331765e+02 1.813846850557241097e-01 nan nan 4.659957406530998583e+02 6.599610516066212540e+02 9.489908515130190381e+02 5.649740853658536253e+02
1.500281357023050361e+02 -6.535250854001983498e+02 9.324287704625918138e+01 2.727598867109627401e-01 nan nan 4.690144161460835903e+02 1.403077512392969766e+03 1.187028136882129274e+03 1.443012510425354549e+03
3.978576988016865812e+01 -4.115435407069034568e+02 6.312890723844966487e+02 3.139801273789243896e-01 nan nan 4.690633318035796151e+02 5.469072022160664801e+02 8.481129976580796210e+02 4.880255063765941372e+02
1.727967567392636852e+02 -6.849953156097606097e+02 1.040858659772303128e+02 6.535551081854924504e-01 nan nan 4.699813036887316571e+02 1.419018126888217466e+03 1.250062565172054292e+03 1.422909673286354973e+03
1.441215193358167426e+02 -5.812446578561640536e+02 5.361806171464389763e+02 4.080651268837598433e-02 nan nan 4.710562549173878892e+02 7.940505639828860467e+02 1.126987625220978089e+03 6.249742014742014362e+02
4.054248221206061231e+01 -4.342732268388019179e+02 3.634932276161649725e+02 3.410565897379401745e-01 nan nan 4.810188195038494428e+02 9.020702479338842750e+02 8.600226144511858593e+02 9.558922783603431981e+02
1.274093940361578916e+02 -5.372803789834672443e+02 5.721711253134475328e+02 4.476041903478190920e-02 nan nan 4.820806566738044125e+02 7.159143258426965986e+02 1.070027359781121731e+03 5.688736517719568155e+02
1.766927641106776434e+02 -6.185379508213270583e+02 5.216565209471026492e+02 2.240234404165382387e-02 nan nan 4.830255915016900303e+02 8.450112469437652862e+02 1.208017699115044252e+03 6.459146447140381042e+02
8.273984086003201810e+01 -4.717580155255355407e+02 5.331766737403851266e+02 1.685961965248655436e-01 nan nan 4.840340531561461717e+02 7.189370571071279983e+02 9.540551601423487682e+02 6.499947526236881004e+02
1.709586552291826820e+02 -6.374384118650118580e+02 2.789885100834243303e+02 8.211772454175795058e-03 nan nan 4.869472934472934753e+02 1.171016561130053560e+03 1.211959270516717424e+03 1.092959102902374752e+03
1.642634710334326087e+02 -6.406913055138592199e+02 1.782417847917504332e+02 1.593601178253527609e-02 nan nan 4.869957770270270316e+02 1.296022298456260614e+03 1.202866586538461434e+03 1.282034259857789266e+03
1.785801599915361066e+02 -6.349238401228710700e+02 3.659701635725216420e+02 9.954158359800017314e-03 nan nan 4.890124246987952006e+02 1.060885464231354717e+03 1.223121212121212011e+03 9.310945945945945823e+02
1.765898168840914195e+02 -6.531022991456960654e+02 1.991947063339632962e+02 2.004435265041837055e-01 nan nan 4.900143914473684390e+02 1.283005341002465002e+03 1.232961892247043352e+03 1.241930730478589339e+03
8.611470391348257181e+01 -4.616977511668712850e+02 5.905694832420836065e+02 1.816258615714913538e-01 nan nan 4.900214143426294982e+02 6.389708181344450395e+02 9.540393498716852037e+02 5.509464094319399692e+02
1.700795742541986044e+02 -5.884927596554188085e+02 5.987045167771161687e+02 1.037932231629120662e-02 nan nan 4.909544461778471032e+02 7.210303320561940836e+02 1.176046285492026527e+03 5.119805707346690724e+02
1.581938658841603740e+02 -5.914970551591061394e+02 4.378691766798116873e+02 2.572093434521152688e-03 nan nan 4.909913743530764805e+02 9.340457142857143253e+02 1.158043342269883851e+03 8.039707920792079676e+02
3.204518623276835854e+01 -3.671931682839178848e+02 6.306101581809859908e+02 1.994904310210661447e-01 nan nan 4.949681425485961199e+02 5.239623502567028481e+02 8.110807974816369779e+02 4.999937178754997262e+02
1.774650965138783363e+02 -6.048834395537004411e+02 5.238841887352850790e+02 1.752617789463493210e-03 nan nan 4.949859649122806786e+02 8.339864321608040427e+02 1.199921365752715928e+03 6.450534308211473444e+02
1.937119557104691410e+02 -6.258515497580448255e+02 5.552529845441023326e+02 1.226918438284044233e-02 nan nan 4.949892247829990879e+02 8.089419689119171153e+02 1.242099999999999909e+03 5.840439457690509926e+02
1.712141209686889454e+02 -6.286066466861833533e+02 2.728597317670233338e+02 7.324601532408545057e-02 nan nan 4.949990205680705344e+02 1.173011268985791276e+03 1.206198150224215169e+03 1.105186128526645689e+03
4.923216461832642921e+01 -4.093842653007686749e+02 5.099396466601994575e+02 6.880118144633642907e-02 nan nan 4.950132275132274913e+02 7.059570913855224035e+02 8.619547761882787427e+02 7.018735095904613672e+02
1.021470799529195972e+02 -5.374445692306024966e+02 1.218004695873095358e+02 1.738095255624257374e-01 nan nan 4.990009832841691377e+02 1.275000000000000000e+03 1.026202054794520564e+03 1.389175353141743699e+03
7.053919136685702540e+01 -4.349085833604530080e+02 5.078337414868998962e+02 5.598039039789770577e-02 nan nan 5.008787571766295059e+02 7.281416048550236155e+02 9.120418478260869506e+02 7.019338544798556541e+02
1.313969984694164452e+02 -5.346577961500199763e+02 4.618108529718736577e+02 6.800446894790690422e-02 nan nan 5.009333750390991327e+02 8.609243397573161474e+02 1.075045265588914617e+03 7.689733380732313890e+02
1.994088127243810504e+02 -6.862003555863678912e+02 1.133505201711892880e+02 6.101946462521549153e-01 nan nan 5.009410163339383075e+02 1.419035156250000000e+03 1.296963536918869750e+03 1.403938541068351469e+03
1.528884515688452268e+02 -5.554566113698080017e+02 5.544429118623793329e+02 8.594610586567680288e-02 nan nan 5.009880617977528345e+02 7.568327803583277955e+02 1.125029962546816478e+03 5.989808282208589389e+02
1.764717060912895192e+02 -5.956640107366603161e+02 5.163938782196880766e+02 1.670891009086490075e-01 nan nan 5.019810450819672383e+02 8.379984309623431500e+02 1.192029064039408922e+03 6.609032761310452315e+02
8.931492117473634096e+01 -4.476108692921129659e+02 6.039201741198388618e+02 6.588027029517643518e-01 nan nan 5.039551546391752481e+02 6.150264864864865331e+02 9.510005865102639291e+02 5.310299003322259068e+02
1.741727004969091013e+02 -5.812309621633645520e+02 5.641357501581393308e+02 2.058408616082580411e-01 nan nan 5.059434204886412090e+02 7.650110815602837420e+02 1.178060836501901122e+03 5.769339272457312973e+02
1.908870571184284515e+01 -3.810482406842615433e+02 2.563286873179783925e+02 2.493136044218809827e-02 nan nan 5.069778761061946852e+02 9.949323786793953559e+02 7.940421940928270033e+02 1.151012067578439201e+03
1.331176092455692412e+02 -5.059528083694401630e+02 6.234821620595024569e+02 9.138352391787927381e-03 nan nan 5.090060459492140126e+02 6.309742647058823195e+02 1.060039870190078773e+03 4.860291411042944674e+02
1.531519145019386201e+02 -5.313778832830680585e+02 6.080204215167397024e+02 2.624616295615161965e-01 nan nan 5.150587842351369545e+02 6.709535452322738820e+02 1.109939223410241993e+03 5.090526004728132534e+02
2.176726995574119030e+02 -6.727503271206990121e+02 2.842609463217426651e+02 9.260632702008775308e-03 nan nan 5.159989775051125207e+02 1.203016498137307053e+03 1.318183768656716438e+03 1.081119858989424301e+03
1.111577828788096269e+02 -5.281865269606274751e+02 8.446590962263491065e+01 2.329937435078573149e-01 nan nan 5.200088261253309838e+02 1.314986583184257597e+03 1.036052479537794852e+03 1.458076056338028138e+03
8.985900713069810308e+01 -4.232510162665964231e+02 6.311705530842804137e+02 4.568132670113721483e-01 nan nan 5.209263343625937068e+02 5.660182555780933171e+02 9.380446635730858134e+02 4.900462239583333144e+02
7.587827222243788583e+01 -4.305205097808515120e+02 4.054673544397267051e+02 2.377706992379480244e-02 nan nan 5.209667422524565836e+02 8.569505106048703738e+02 9.180605794556628325e+02 8.839754189944134168e+02
1.027176789376229209e+02 -4.914196981127753929e+02 2.569154568820287636e+02 1.473531761853031849e-02 nan nan 5.209752633989921833e+02 1.083944735588375352e+03 9.990036166365280224e+02 1.143962162162162258e+03
1.356334273671270694e+02 -5.297335625457834567e+02 3.349223974109173696e+02 1.703950329038816588e-02 nan nan 5.229978746014877515e+02 1.020989214175654865e+03 1.079057484348320941e+03 9.999512555391432898e+02
1.468541267200899654e+02 -5.339010094580423811e+02 4.350728727439980617e+02 3.784992692903150768e-01 nan nan 5.230357766143106346e+02 8.989889722099691198e+02 1.101002419110976689e+03 8.188682432432432279e+02
1.916138141176776628e+02 -6.328275472610533825e+02 1.523566947232879727e+02 6.530060318300503000e-03 nan nan 5.289824218750000000e+02 1.331009861932938747e+03 1.244863725107379878e+03 1.330980059820538372e+03
1.421652420497056539e+02 -5.557774363273729250e+02 9.188913023000006319e+01 2.723710873620828199e-01 nan nan 5.350224609375000000e+02 1.334997562164797728e+03 1.106929446713702191e+03 1.443995806150978524e+03
3.238237875967249124e+01 -3.135989302505990963e+02 6.354987920649153921e+02 6.822794431839272755e-03 nan nan 5.360121212121212011e+02 4.909644444444444389e+02 7.839811625403659718e+02 5.060831339712918862e+02
1.924131714388320233e+02 -5.606809575822585430e+02 6.097951167987558847e+02 8.923905066720777546e-02 nan nan 5.410236511456023436e+02 6.960281501340482464e+02 1.194966627634660426e+03 5.019672228843861603e+02
1.220771428583711469e+02 -4.950651844030793995e+02 2.370681831097340364e+02 4.212612619565574146e-02 nan nan 5.429820554649265887e+02 1.115962067069818659e+03 1.034119276427360091e+03 1.180017310252995912e+03
2.478215611562575873e+02 -6.992398692415331425e+02 1.520785184498515150e+02 6.926130338306967470e-03 nan nan 5.459969635627530806e+02 1.396986160943106142e+03 1.391063672260612066e+03 1.330041571753986318e+03
4.877237754379878254e+01 -3.658258496252551026e+02 3.001091874784892752e+02 9.872163432012806550e-02 nan nan 5.480052246603970616e+02 9.420328295987493448e+02 8.360448939319190913e+02 1.075917933130699112e+03
8.168111574168042921e+01 -4.031345448319657407e+02 3.795470310812080470e+02 1.152188628992593944e-01 nan nan 5.509775691184141806e+02 8.750344456404736775e+02 9.121440906637884609e+02 9.340079787234042215e+02
2.543611477634279083e+02 -6.760724264545974620e+02 3.697027107629040188e+02 2.258242111099099669e-01 nan nan 5.510130890052356563e+02 1.106983701366982132e+03 1.383005780346820757e+03 9.220171316691140646e+02
2.053415364623678840e+02 -6.321902554066904258e+02 1.036768712905283678e+02 2.441077831251676489e-01 nan nan 5.510334928229665366e+02 1.394008156606851571e+03 1.268147953216374162e+03 1.422063721940622827e+03
1.816625690058203588e+02 -5.336409955889889716e+02 5.615966560442626587e+02 3.044384287499029007e-01 nan nan 5.541103078982597481e+02 7.428691733195983034e+02 1.158983613626563283e+03 5.940019970044932052e+02
2.307220195448121274e+02 -6.211219243321671684e+02 4.606481958400238454e+02 4.728170941264413230e-02 nan nan 5.559945305378304283e+02 9.439518388791593679e+02 1.301986349206349132e+03 7.618631371444663500e+02
3.269787951131330317e+01 -3.550783034847377735e+02 8.573916721504278371e+01 6.769405011189526559e-04 nan nan 5.569969635627530806e+02 1.181030334190231315e+03 8.019243281471003684e+02 1.452921912350597722e+03
1.749268604280451100e+01 -2.647039973246955924e+02 6.211474507537199088e+02 5.579504055935660123e-01 nan nan 5.570187626774848013e+02 4.829683655536028368e+02 7.348777075812274688e+02 5.409050308008213506e+02
1.941517524480273380e+02 -5.914742847936308863e+02 2.143968126180155593e+02 8.746539601115412010e-03 nan nan 5.579788064696040237e+02 1.228002796420581717e+03 1.219990427568602399e+03 1.216967651195499229e+03
1.781385363462362648e+02 -5.552932565859600800e+02 2.914367418715465305e+02 5.319105910911429980e-02 nan nan 5.589668141592920847e+02 1.104000398883127218e+03 1.167985516372795928e+03 1.077963927855711518e+03
8.481186504826229111e+01 -3.935619712844878677e+02 4.106033438607184962e+02 1.388492324534175947e-02 nan nan 5.589902959728286760e+02 8.320033460803059597e+02 9.120375483158476300e+02 8.810869318181818244e+02
7.337434710502331825e+01 -3.618198212752250242e+02 5.206995176149124518e+02 2.798456973567709470e-03 nan nan 5.590202761000863347e+02 6.729365875912408228e+02 8.760873671782762813e+02 6.949953302201467977e+02
3.889416396248090990e+01 -3.327867101018869107e+02 2.981985418420285896e+02 5.728937317244245375e-02 nan nan 5.609854227405247684e+02 9.229190325972659821e+02 8.020577175338871712e+02 1.081932971907343472e+03
1.969515481471665623e+02 -5.461779743436126182e+02 5.742510435185342885e+02 1.227655093608875404e-02 nan nan 5.619958106409719676e+02 7.370025241901556683e+02 1.192961601307189540e+03 5.700146938775510534e+02
9.768660451243978571e+01 -3.861827646746012306e+02 5.902405949158393241e+02 7.973314330164751884e-02 nan nan 5.629663768115941593e+02 6.019586247086247113e+02 9.300304307116105065e+02 5.718622902270483337e+02
1.688002732135783219e+02 -5.231975503724669352e+02 3.789386758583875690e+02 2.946845709246105442e-03 nan nan 5.640066496163682359e+02 9.710402509147935461e+02 1.130931954022988521e+03 9.228335670874240577e+02
1.577007809275973784e+02 -4.818084894341739641e+02 5.409032651478054277e+02 1.764857032981617668e-02 nan nan 5.670110497237568552e+02 7.340148883374689603e+02 1.085974189278623498e+03 6.409759450171820845e+02
2.117155824855348953e+02 -6.067477486748545061e+02 1.353727410068299832e+02 1.565188488265895628e-01 nan nan 5.750297745640152698e+02 1.339957343887423121e+03 1.261011436740529007e+03 1.363030827067669179e+03
1.576638296719891343e+02 -4.723195621119895122e+02 5.229597658349038056e+02 2.077990281842838072e-01 nan nan 5.759706314243759380e+02 7.520119502868068366e+02 1.080075652957069906e+03 6.748813751416697642e+02
1.996796458393994840e+02 -5.930817549485827840e+02 8.048205689164690568e+01 1.778912566221962366e-01 nan nan 5.760119695321001245e+02 1.391996271439224529e+03 1.231050793650793594e+03 1.465093823299452652e+03
1.960197740694767106e+02 -5.580423857744867746e+02 3.091648983131448745e+02 2.335050774762906928e-02 nan nan 5.770079113924050489e+02 1.089010498687664040e+03 1.200005449591280694e+03 1.045992011619462573e+03
2.231828081660003704e+02 -6.121012887817473711e+02 1.885062834927604456e+02 1.611535060171399858e-02 nan nan 5.799903669724770907e+02 1.282992643678160903e+03 1.284047792062604913e+03 1.264176450855417670e+03
3.085613556480213902e+02 -6.934612387086311855e+02 6.363940226222629235e+02 1.283083423449047147e-02 nan nan 5.810254727904283527e+02 7.709613992762364205e+02 1.485967139656459949e+03 4.291197080291970565e+02
1.701061292252723955e+00 -2.069471398602685781e+02 5.978195593212861922e+02 1.788717875149468117e-01 nan nan 5.829675738274464720e+02 4.809462174940898080e+02 6.819981929887965180e+02 5.927535433070866020e+02
2.733632923540059210e+02 -6.998319577907020630e+02 8.358294332674046245e+01 2.574966169947748851e-01 nan nan 5.839932371505860829e+02 1.490010687732341921e+03 1.435969906265416967e+03 1.459796768178993261e+03
2.693506583675074921e+02 -6.821741179516095599e+02 1.431651838705120952e+02 4.055153233010288377e-02 nan nan 5.869914314516129252e+02 1.402967631191760574e+03 1.415098939929328708e+03 1.347153726708074601e+03
2.446424629116187930e+02 -6.485691373919474927e+02 9.302048100514660689e+01 2.987644256190238323e-01 nan nan 5.870232936078006105e+02 1.430996850393700697e+03 1.347921193573068194e+03 1.441978964401294434e+03
5.752223024193723333e+00 -2.419706256273638019e+02 3.027643378091739805e+02 8.965153999232527982e-02 nan nan 5.880389025389025619e+02 8.589191542288557457e+02 7.020852564102564202e+02 1.081144430051813515e+03
2.561672985048482474e+02 -6.135474692580036162e+02 5.081648010270397435e+02 1.844294408119995510e-01 nan nan 5.899358221476510380e+02 8.830000000000000000e+02 1.339198036560595710e+03 6.789752370916754671e+02
4.749953747871333576e+01 -2.898224097392060798e+02 4.226599171308252494e+02 3.439738244790189331e-02 nan nan 5.909342202512933682e+02 7.509438943894389240e+02 7.949969618055555429e+02 8.738615604186488781e+02
2.025084492322277185e+02 -5.636597310324611954e+02 1.965751213666131321e+02 1.213066446046407593e-02 nan nan 5.910695617209489683e+02 1.233936570086139454e+03 1.215059426229508290e+03 1.251108771929824570e+03
7.244525734987062870e-01 -2.119118058987997699e+02 4.410652437642913242e+02 5.564846242645582475e-02 nan nan 5.920000000000000000e+02 6.770237171194480652e+02 6.810167336010709960e+02 8.519475713184270944e+02
1.772384268073658404e+02 -4.828539738778856076e+02 5.134038519870841810e+02 6.016986565776509532e-02 nan nan 5.930067264573990542e+02 7.760443711037770527e+02 1.118987908961593121e+03 6.909392744479495150e+02
1.340102926351169117e+02 -4.043481771212689750e+02 5.145080428839652313e+02 1.576921086833367180e-01 nan nan 6.000130111524163112e+02 7.189814163736815544e+02 9.999433562731603615e+02 7.020090556274255960e+02
4.324491098761534147e+00 -1.955198839305625711e+02 4.974706761163433839e+02 1.617659738785676756e-03 nan nan 6.029431728492502316e+02 6.009041891331397665e+02 6.798322357019063702e+02 7.612427019687712573e+02
2.836125760316914466e+02 -6.890442234385969869e+02 8.424802514472784765e+01 3.707546279422708757e-01 nan nan 6.050235393022278458e+02 1.484970186335403696e+03 1.445078152753108270e+03 1.458018367346938703e+03
6.020482986620824306e+01 -3.097462851554344638e+02 2.607650992602021915e+02 5.921533109445448889e-03 nan nan 6.050271516393443108e+02 9.599623541887592637e+02 8.249515116942384338e+02 1.148949856733524257e+03
2.900793537664109749e+02 -6.952110718260375961e+02 8.639908511679011838e+01 1.856189484514120802e-01 nan nan 6.080245316681534860e+02 1.488977947794779539e+03 1.461035132819194587e+03 1.454059037238873771e+03
1.908382641479894914e+02 -4.744433148926943318e+02 5.949256429804473782e+02 1.099846857548328859e-02 nan nan 6.089988483685220899e+02 6.669719051799824001e+02 1.136039062500000000e+03 5.510097173144876024e+02
1.724295180921384940e+02 -4.508122343348708796e+02 5.329564404515482465e+02 4.850751308422149993e-02 nan nan 6.099907460960092749e+02 7.309918840579709922e+02 1.090960848884010147e+03 6.631380679311865833e+02
2.390299308214157463e+02 -5.552598875006120807e+02 5.557356793416150822e+02 6.876406173112967202e-02 nan nan 6.101207107843137010e+02 7.789475337731699938e+02 1.269114421123899774e+03 6.049920353982300867e+02
2.022507810362268401e+02 -4.902857826089901891e+02 5.392420424836104758e+02 2.038796312476531813e-02 nan nan 6.159875807252856248e+02 7.529772727272727479e+02 1.165041176470588198e+03 6.460304532577903274e+02
1.267153443542337783e+02 -3.679087492532988790e+02 5.452330639036106277e+02 1.170105360215768775e-02 nan nan 6.160247066090179260e+02 6.580073755377995894e+02 9.669832594780896216e+02 6.561178467507274945e+02
9.702941679435853928e+01 -3.116605115384435862e+02 6.085655591871674233e+02 2.841037380947619012e-02 nan nan 6.169292604501607684e+02 5.399734219269103050e+02 8.880258594463035706e+02 5.588273215656178081e+02
5.417444655814001919e+01 -2.391457662428680351e+02 6.395082613419003792e+02 8.983845606616799179e-03 nan nan 6.169931470743279078e+02 4.549365079365079509e+02 7.819855818743562850e+02 5.209948024948024567e+02
2.819262278058056950e+02 -6.388487701436151838e+02 3.355189051970446030e+02 3.092592467164155361e-03 nan nan 6.189422830269345468e+02 1.134987824675324646e+03 1.402059052924791104e+03 9.919342188488298007e+02
2.990506652275321358e+02 -6.583139527860527096e+02 3.963576618113004884e+02 1.914928321424634074e-03 nan nan 6.199787564766838841e+02 1.074010432968179430e+03 1.445044636429085585e+03 8.780348376880443766e+02
6.503518402361218875e+01 -2.483623039130745838e+02 6.399908014459684864e+02 5.790108635650889624e-02 nan nan 6.229675546448087289e+02 4.610684210526316065e+02 8.039891304347826235e+02 5.190100456621004241e+02
2.503807345917506382e+02 -6.016871158226193756e+02 8.962287279598051271e+01 1.584480680859183532e-02 nan nan 6.299443573667712144e+02 1.404125218914185552e+03 1.323146994019515205e+03 1.447149725854070084e+03
3.176709160346919703e+02 -6.623973133795767581e+02 5.181664329267780431e+02 1.933338626640444535e-01 nan nan 6.300302882266731785e+02 9.189871478002966114e+02 1.478109103078982571e+03 6.549348127600554790e+02
4.470063454176263917e+01 -2.028905111373852606e+02 6.339848422669871297e+02 1.477262729084496962e-01 nan nan 6.328425624321389478e+02 4.430389438943894334e+02 7.491016617790811551e+02 5.381288723667905742e+02
1.492076530788348521e+02 -3.985738410675867271e+02 3.841937279662732863e+02 2.099888243721424741e-02 nan nan 6.340047568710359656e+02 8.850163157894736514e+02 1.021044542672560397e+03 9.298492201039861129e+02
1.315213595413081578e+02 -3.354491644626091329e+02 6.390980555283632611e+02 2.358743690718778652e-01 nan nan 6.380120781527531335e+02 5.199903623747109123e+02 9.568950937375349213e+02 5.050817009077878765e+02
1.354141867309257350e+02 -3.446667471527958355e+02 5.923586568947372371e+02 9.831913842645767510e-02 nan nan 6.399621109607577409e+02 5.870432857845548824e+02 9.680056777856635790e+02 5.819137931034482563e+02
8.602663292835933362e+01 -2.560375950582777023e+02 6.212430134035045057e+02 2.682858555092851871e-01 nan nan 6.439311965811965592e+02 4.939180124223602206e+02 8.411388888888889142e+02 5.500593406593407053e+02
1.158510679356411686e+02 -3.198910362409618529e+02 4.456987681571904432e+02 1.995190570507054673e-01 nan nan 6.469864235841737354e+02 7.559629150495903787e+02 9.220051357300072823e+02 8.339803646563815391e+02
8.410781702918008307e+01 -3.037704850149137883e+02 8.896412493931678966e+01 1.428157924522808486e-01 nan nan 6.498337856173676528e+02 1.161031546940326962e+03 8.599522534582775961e+02 1.445076157292185144e+03
2.128010332431158602e+01 -1.460903431969867654e+02 5.893579986414646328e+02 2.290376237019313144e-01 nan nan 6.499550930996714442e+02 4.678713249331806310e+02 6.850753012048193114e+02 6.219111721611722032e+02
2.826760931036025681e+01 -1.856702890696263921e+02 3.332229682439660223e+02 1.334535689236582973e-02 nan nan 6.499931305201178020e+02 7.990267591674925143e+02 7.120588235294117112e+02 1.035957482993197345e+03
2.751188798461802065e+01 -1.841036076236849226e+02 3.367192513658681605e+02 1.017136118294984792e-01 nan nan 6.500044731610338431e+02 7.939969712266531587e+02 7.101021691292046398e+02 1.030227324478178389e+03
8.978260255548003954e+01 -2.798929019888572611e+02 3.737938153562524803e+02 9.373242817280827421e-02 nan nan 6.509674902470741245e+02 8.160137902214793257e+02 8.580956029313790623e+02 9.600940721649484431e+02
2.248585282441248125e+02 -4.954846472833659732e+02 3.783135701830231596e+02 1.128606568669104915e-01 nan nan 6.539680616740088226e+02 9.709751351351351332e+02 1.205979773462783214e+03 9.308452328159645504e+02
1.934709918777341500e+02 -4.166159820732369212e+02 6.168886885510972888e+02 1.766954477645533705e-01 nan nan 6.550264290104486236e+02 6.070088272383354706e+02 1.104090077410274489e+03 5.279568138195777465e+02
1.904921073892441257e+02 -4.159906556051295183e+02 5.766758584426415837e+02 5.517814384042529774e-02 nan nan 6.550401965163018758e+02 6.589668840943301120e+02 1.098997898055701626e+03 5.970767012687427950e+02
2.967931668347653158e+02 -5.834471888993891753e+02 6.162879799121851647e+02 9.161486625540880835e-02 nan nan 6.571020140105079008e+02 7.289589603283174029e+02 1.383925591882750950e+03 4.958858695652173765e+02
6.818112548153241903e+01 -2.072007559734674658e+02 5.853491114105548832e+02 1.879331023746206308e-01 nan nan 6.610742884708151905e+02 5.119752370916754671e+02 7.880462242562929305e+02 6.190967741935484128e+02
6.912520389412028621e+00 -1.525968560504036589e+02 1.285038267675618044e+02 9.255136646746836560e-02 5.930700104493207618e+02 1.412978295061340077e+03 6.639339988907377119e+02 1.010014848950332862e+03 nan nan
2.357037564397092524e+02 -4.945806322743126771e+02 4.164454548496951816e+02 7.405605001006498878e-02 nan nan 6.650030120481927725e+02 9.250176782557454089e+02 1.222970266040688557e+03 8.640436817472699431e+02
2.662160199125887630e+02 -5.223905120714555324e+02 5.758962632255678500e+02 5.767687677053774664e-02 nan nan 6.689879054425508684e+02 7.400060840707964189e+02 1.291025925925926003e+03 5.799649446494464655e+02
1.190683399260567086e+02 -2.733988768004927579e+02 6.263436436977119683e+02 1.349602582209137869e-01 nan nan 6.700111287758346634e+02 5.029960429621255003e+02 9.030450381679389693e+02 5.409370050395967837e+02
1.578612160506746989e+02 -3.338871038620644072e+02 6.337409644646153311e+02 1.805780427080791450e-01 nan nan 6.719622078567876997e+02 5.329044614691301831e+02 9.979967223861028742e+02 5.169934041773543640e+02
1.998892098708182914e+02 -4.491329973051847446e+02 1.923729539774282387e+02 1.532441131044675990e-02 nan nan 6.729933010792705090e+02 1.164014878892733577e+03 1.135089313371192475e+03 1.262977837474815260e+03
3.076687528226656809e+01 -1.607941564643813308e+02 2.885575461094853154e+02 8.107177298212829564e-02 nan nan 6.730768836494105472e+02 8.389176410777834008e+02 7.039684587813619601e+02 1.111947877885331309e+03
2.145797415556027659e+02 -4.415792022560650025e+02 3.739974617542145552e+02 3.858114213567328914e-03 nan nan 6.819546846295162368e+02 9.410430825242718811e+02 1.154115194733954922e+03 9.451076433121019136e+02
3.517402132674455828e+01 -1.572511685329818931e+02 2.505254927008926416e+02 1.631320279657053410e-02 nan nan 6.830034904013961068e+02 8.819382780082987665e+02 7.090177321511898754e+02 1.175015254237288218e+03
2.028928359033684217e+02 -4.395668861093221835e+02 1.846739779120521519e+02 3.484139520212980318e-02 nan nan 6.840255665310866107e+02 1.168036180308422217e+03 1.133953793496862545e+03 1.276894213909994050e+03
2.384290091579167097e+02 -4.785275183074347751e+02 3.583092728560805540e+02 1.585460046272439780e-04 nan nan 6.850385732061384942e+02 9.899558638083228743e+02 1.216965109735509259e+03 9.689711302211302382e+02
2.194948248609711641e+02 -4.179878764364879089e+02 6.094984761301843719e+02 2.642841933164825907e-02 nan nan 6.870142394822006509e+02 6.239993412384716294e+02 1.146951676528599592e+03 5.431369794279979715e+02
1.810570337744728704e+02 -3.547201396096101575e+02 5.681058438992513402e+02 2.511158368253772061e-02 nan nan 6.899810554803789273e+02 6.350205162144275164e+02 1.047015668202765028e+03 6.249737762237762126e+02
3.238526316809856098e+02 -6.396605302812359923e+02 8.513420799116374837e+01 4.194782974891111960e-01 nan nan 6.919833610648918238e+02 1.460989795918367236e+03 1.475189828503843955e+03 1.455026760563380321e+03
1.463211619763157678e+01 -1.252475856888120660e+02 8.590639182872435242e+01 2.026522052845271954e-02 nan nan 6.929723166585721401e+02 1.044009195402298928e+03 6.600468670402444786e+02 1.446830314009661834e+03
1.962707045400342309e+01 -8.431578545716149620e+01 5.583616213950093652e+02 2.868955340218585781e-01 nan nan 6.929864864864864558e+02 4.769630192502532964e+02 6.549930069930070431e+02 6.849608540925266880e+02
1.545331468446251790e+02 -3.237457362677400283e+02 3.393647444504191526e+02 2.412350364777997580e-01 nan nan 6.980054054054054404e+02 8.991517857142856656e+02 9.860294543698696543e+02 1.015985343855693372e+03
2.642353377544844193e+02 -4.926573451263516858e+02 4.564468113784242291e+02 6.168295675792148658e-03 nan nan 6.988500595001983129e+02 8.801904761904761472e+02 1.268068415637859971e+03 7.959233206590621421e+02
2.601015141784461093e+01 -1.078369051367678395e+02 2.766374731272430836e+02 3.944139872360514359e-02 nan nan 7.039944873208379477e+02 8.240115448048378539e+02 6.722291497975708126e+02 1.135090248334342732e+03
2.233586156334678208e+02 -4.283098226783900486e+02 2.867150718871449158e+02 9.895505873122749374e-02 nan nan 7.089705426356589442e+02 1.043944202266782895e+03 1.159968996617812763e+03 1.098975015615240409e+03
3.079618095259908017e+01 -1.236061875147060221e+02 9.342296028688362242e+01 5.537440030633695998e-02 nan nan 7.109710264900662651e+02 1.039083294983893211e+03 6.850214866434378109e+02 1.434082949308755815e+03
1.860635171669659371e+02 -3.324271414119418750e+02 5.476086525787200117e+02 2.844071050637087678e-02 nan nan 7.139837676206749393e+02 6.510180351210251501e+02 1.041935516628585901e+03 6.648637770897832979e+02
2.025299592101363544e+02 -3.509774086642447628e+02 6.233368756678671616e+02 1.479542990628361990e-02 nan nan 7.149285071942446166e+02 5.659796610169491942e+02 1.079059492563429558e+03 5.349053680132816453e+02
2.920341410604586372e+02 -5.437224000458328419e+02 2.024161539299430217e+02 2.672597853559554038e-01 nan nan 7.149600181735575006e+02 1.242052903967797647e+03 1.349992978108219631e+03 1.241889925373134247e+03
1.641872396978679944e+02 -3.119352135300305235e+02 3.475273013624838541e+02 5.413470817104341914e-02 nan nan 7.169499770536943970e+02 8.848362899138368221e+02 9.949454240134340353e+02 1.004026344280043304e+03
2.996394171025273181e+02 -5.066361849444261907e+02 6.179356582633788548e+02 7.640283076204609780e-02 nan nan 7.209709917679341515e+02 6.829696447050706638e+02 1.333967551622418796e+03 5.139353049907577997e+02
3.874534381612589300e+02 -6.522365142906111259e+02 6.184795260991000987e+02 2.463974238691424290e-02 nan nan 7.230938628158844494e+02 7.938714935557239869e+02 1.583963599595551159e+03 4.830030864197530605e+02
1.686650162076836637e+02 -2.899005226250226315e+02 5.308723591898203722e+02 2.578617816133833007e-01 nan nan 7.249856512141279836e+02 6.460610813041683969e+02 9.900027100271003064e+02 7.000409266409266138e+02
1.653633475503042689e+02 -3.223447840090015006e+02 1.044977366241286347e+02 1.544801416719056852e-01 nan nan 7.280603224128965394e+02 1.178046192893400985e+03 1.002017795138888914e+03 1.417096635367762019e+03
8.596593148131326245e+01 -1.372808403947003342e+02 5.667624723112918446e+02 6.926870579056081112e-02 nan nan 7.320835443037974528e+02 5.059124945581193060e+02 7.820165505226481173e+02 6.658977451494494062e+02
2.723446711837248699e+02 -4.916152926790194897e+02 1.130052818760977829e+02 1.502826324311171691e-01 nan nan 7.349804660726524617e+02 1.308044051204819198e+03 1.282021295474711678e+03 1.402954382826475921e+03
2.944103020608104657e+02 -4.830810277025015580e+02 5.249040758833727978e+02 1.121657791370258839e-01 nan nan 7.390325581395348991e+02 7.929369696969696406e+02 1.309944395410414927e+03 6.808090909090908553e+02
1.640467899872886335e+02 -3.012306884544444188e+02 1.314455946977165581e+02 4.317160650748176620e-02 nan nan 7.390356294536817359e+02 1.134009475679090428e+03 9.879801324503310980e+02 1.370973345588235361e+03
1.991989783687813258e+02 -3.083473996452250958e+02 6.379796189181267891e+02 1.278667926258205412e-01 nan nan 7.409617008443908617e+02 5.239940097341819865e+02 1.048952631578947376e+03 5.210516165626772818e+02
2.525047422447002248e+02 -4.222907460818603340e+02 3.366209515429480916e+02 1.925587239431866132e-02 nan nan 7.450108769544527831e+02 9.869810938555029907e+02 1.203028880866425880e+03 1.013984331797234972e+03
1.782152728807204198e+02 -2.864845792481079343e+02 4.261304712105516614e+02 6.261302388174859457e-02 nan nan 7.459400107123727821e+02 7.778757233397629989e+02 1.003019596864501636e+03 8.760149350649351163e+02
1.144113530097075540e+02 -1.605173000923828681e+02 5.235831212770439151e+02 3.605026815063005347e-02 nan nan 7.519520264681555091e+02 5.769818893783651674e+02 8.370877598152425207e+02 7.330369487485100990e+02
2.048311517702850608e+02 -3.053480381199212275e+02 6.097500124602651113e+02 8.865301222950393301e-03 nan nan 7.520975039001559708e+02 5.609273700305810735e+02 1.055938926174496601e+03 5.690520028109627901e+02
4.242573579537618684e+02 -6.942005608704380393e+02 3.879379235419028760e+02 1.254710300445042309e-02 nan nan 7.569694015705388210e+02 1.150023962200472397e+03 1.681012424242424231e+03 8.951484585453457612e+02
2.903443598016169176e+02 -4.482894141727220472e+02 5.095653009184790676e+02 2.555412578527522030e-02 nan nan 7.609877179080824590e+02 7.919293139293139348e+02 1.279952728835410426e+03 7.140836743974533647e+02
3.862410642009087383e+02 -6.023730476055935696e+02 5.911114710718284186e+02 7.912200125420104646e-02 nan nan 7.630070298769771853e+02 8.010160642570281198e+02 1.543272435291894908e+03 5.450817811408614944e+02
2.158660664367106392e+02 -3.101821651988571489e+02 5.675136182784568746e+02 2.839823463740941134e-02 nan nan 7.649899244332493708e+02 6.209664735099337349e+02 1.075995238095238165e+03 6.390628768303187144e+02
3.433169704162968401e+02 -5.554249264453821979e+02 2.180252638052880059e+02 1.674686443573378813e-01 nan nan 7.689595166163142039e+02 1.247004189108318315e+03 1.442043032786885306e+03 1.213958422939068214e+03
9.674344879910447048e+01 -9.459187283791683853e+01 6.393453453363340486e+02 3.128246175761256048e-02 nan nan 7.690385578367551034e+02 3.979115870400878521e+02 7.790193939393939218e+02 5.608596491228070136e+02
1.389870661382209391e+02 -1.696157175128264498e+02 5.765238539775481286e+02 5.154471488434073448e-03 nan nan 7.709966583124478348e+02 5.209001308329699214e+02 8.799509673115410351e+02 6.479587843463780246e+02
4.615287282260426593e+01 -1.043300908879841771e+01 5.836646555096702969e+02 1.555409780947906821e-02 nan nan 7.710566334556896209e+02 4.189381992541289037e+02 6.640303239145416683e+02 6.619196360879453778e+02
4.164943873967432637e+02 -6.894452957720286577e+02 8.040752061900474246e+01 5.654413825482469402e-01 nan nan 7.719824922760041090e+02 1.536032697547683938e+03 1.668969219219219212e+03 1.462968429360694472e+03
1.859429575555294889e+02 -2.480649753971109135e+02 5.643363299266395643e+02 6.818671783022969834e-02 nan nan 7.730603204524034027e+02 5.859688013136288873e+02 9.940155239327295931e+02 6.550434192672998961e+02
4.507414152701040280e+02 -6.978708499619607437e+02 5.965755111161280411e+02 2.055864515686343097e-01 nan nan 7.749827771797631613e+02 8.729873949579831560e+02 1.724102257181942605e+03 5.170618604651162968e+02
1.776355070223279142e+02 -2.216746794017143998e+02 6.203972822447246926e+02 3.644887496414729589e-02 nan nan 7.779396485867074489e+02 4.990038722168441154e+02 9.670031080031079682e+02 5.689756295694556911e+02
2.434573859217545930e+02 -3.469893867843878184e+02 4.841530524287319963e+02 1.485605331424068483e-02 nan nan 7.779614050303556496e+02 7.549356481481481751e+02 1.141228363636363611e+03 7.731010309278350405e+02
1.691582340901299233e+02 -2.452939827227152989e+02 1.857932717071929574e+02 7.389888244682221718e-02 nan nan 7.789567863664028664e+02 1.039969696969696997e+03 9.651264705882352928e+02 1.280116121758737336e+03
3.066672553995233557e+02 -4.780360738498583828e+02 1.757190226227583025e+02 1.773467048514892619e-01 nan nan 7.819703161141094370e+02 1.235040103973263967e+03 1.327950482315112595e+03 1.291940446650124159e+03
3.225259481947508107e+02 -5.083611826051045455e+02 1.425738641480566002e+02 1.796369319946564125e-01 nan nan 7.819738480697384375e+02 1.300043370508054522e+03 1.374990476190476102e+03 1.349927991886409700e+03
1.991213053425434794e+02 -2.508234242204233055e+02 6.277088123315714938e+02 4.884633949188080249e-02 nan nan 7.829562647754137288e+02 5.088739864864865012e+02 1.016142359599477572e+03 5.521215932914045652e+02
4.244922665684679828e+02 -6.524472005941177031e+02 4.685485341910716670e+02 2.734133434453207834e-02 nan nan 7.839982415005861185e+02 1.012988823529411775e+03 1.645952589991220293e+03 7.561183193277311148e+02
4.183426058755902659e+02 -6.305649132298570976e+02 5.660296884157730801e+02 6.206740681987340386e-03 nan nan 7.860065359477124503e+02 8.629295863593306422e+02 1.617195943735688616e+03 5.858194574368568510e+02
1.977417328744608653e+02 -2.512518216283027925e+02 5.340325649063540823e+02 4.135621441561039601e-04 nan nan 7.869158349966733113e+02 6.289173489278751958e+02 1.014046448087431713e+03 7.050252491694352557e+02
4.254702683687085027e+02 -6.353091992422572503e+02 6.089146565391430386e+02 9.653074731757210758e-02 nan nan 7.889836264402667894e+02 8.079658634538152455e+02 1.631911884057971065e+03 5.090689865689865883e+02
2.422411100968458584e+02 -3.250274905417971922e+02 5.182537514659845783e+02 5.144744528318999366e-02 nan nan 7.899566623544631057e+02 6.990275526742301508e+02 1.125972587719298190e+03 7.200424164524421258e+02
2.525359359693538011e+02 -3.788771408980531419e+02 9.523306728766262097e+01 3.952012415682795710e-01 nan nan 7.909744262295082535e+02 1.248955569864777772e+03 1.176035368217054156e+03 1.432951178451178521e+03
5.850783765830455962e+01 5.650410631985294252e+00 6.128834048450369210e+02 2.405930347784358547e-01 nan nan 7.939893111638955361e+02 3.790243553008596109e+02 6.760083396512509353e+02 6.209277010560520011e+02
2.464554335060153178e+01 3.468735339449531097e+01 2.573717246648866421e+02 1.045083521633876494e-02 nan nan 7.949003957783640999e+02 7.741382488479263202e+02 6.090686723348593432e+02 1.174142533081285364e+03
1.356257538717794660e+02 -1.400422195793594824e+02 4.152130200967536666e+02 2.274890169688634223e-02 nan nan 7.969974570883662182e+02 7.040140935297886244e+02 8.589684994272622589e+02 9.120320435308343576e+02
8.285857295122313815e+01 -7.695579096267897512e+01 9.162685641776097611e+01 1.621909994780099465e-02 nan nan 7.970155945419103318e+02 1.028988398036590752e+03 7.450262562245360414e+02 1.434968767428890033e+03
2.769475635659208024e+02 -3.731209646690270461e+02 5.238195651539215305e+02 7.419177622440764619e-02 nan nan 7.980388821385175788e+02 7.270159901599015484e+02 1.209962336013542199e+03 7.040106530801297140e+02
4.683455389568101879e+01 3.275089704942818969e+01 6.048435640842500334e+02 2.564291032227347111e-01 nan nan 7.990159952606635443e+02 3.748738845925044529e+02 6.470162500000000136e+02 6.379780388151174293e+02
3.269131676812342846e+01 6.333901569328068604e+01 6.341934418750890927e+02 3.734075516241606163e-01 nan nan 8.010030706243602481e+02 3.229777777777777601e+02 6.140410539215686185e+02 5.989880398671095918e+02
3.833148063451955636e+02 -5.509364511795595263e+02 5.567360378178716473e+02 1.593268663739402964e-03 nan nan 8.010415454923140715e+02 8.158930041152262902e+02 1.499965170278637743e+03 6.180292921074044443e+02
2.866114217678189107e+02 -4.217437274549649828e+02 8.079748232697721733e+01 1.382736520081155329e-01 nan nan 8.029627560521415717e+02 1.304009345794392630e+03 1.258068993839835684e+03 1.458115859938208132e+03
2.707047263453870869e+02 -3.426667307184426363e+02 6.372133906331586104e+02 5.974436725917244007e-02 nan nan 8.050617715617715930e+02 5.599693325315694210e+02 1.180979448032883056e+03 5.209458438287153967e+02
1.171117529828400592e+02 -9.377447874467303279e+01 3.870262250716253902e+02 5.346143778405040153e-02 nan nan 8.079498930644668917e+02 7.099093046691300515e+02 8.078791137178234294e+02 9.620185758513931660e+02
2.010588453604113397e+02 -2.295575884168167988e+02 4.858801469666124717e+02 2.870238694778049979e-03 nan nan 8.088570745697896882e+02 6.791237524950099669e+02 1.007022900763358734e+03 7.879508426966292518e+02
2.031297886042292475e+02 -2.194630400495747153e+02 5.913239300409723000e+02 1.689261409880711273e-01 nan nan 8.119447674418604493e+02 5.410144710578841796e+02 1.005017591339648220e+03 6.190244956772334035e+02
3.160072081863019093e+02 -4.177552324038593383e+02 5.545436532503573517e+02 8.912011297730629278e-02 nan nan 8.129504725897920707e+02 7.220045738045738517e+02 1.299964987714987728e+03 6.460299812617114412e+02
2.947730982351520765e+02 -4.145100331054637195e+02 1.262546033935499992e+02 7.215927168519883916e-02 nan nan 8.149901185770751226e+02 1.248866961551548229e+03 1.266075701429327637e+03 1.378922980588603650e+03
4.403474984988991991e+01 2.567889180056270604e+01 1.433754906659383437e+02 1.012238589710737560e-02 nan nan 8.159962406015038141e+02 9.089814027630180817e+02 6.409275014979028811e+02 1.352065656565656582e+03
1.730703572274783255e+02 -1.699564822516669551e+02 4.735854094355304937e+02 5.395496350917835388e-02 nan nan 8.169918831168831730e+02 6.570077871512005458e+02 9.320025751072961384e+02 8.159974597798475315e+02
2.192174171531601985e+02 -2.400994434483317264e+02 5.781948943956956555e+02 6.975168117655585268e-03 nan nan 8.179297297297297291e+02 5.720988023952095318e+02 1.041040041067761877e+03 6.370688000000000102e+02
1.311200511408825378e+02 -1.017770723638277559e+02 3.805337078417936141e+02 3.290989140637895494e-02 nan nan 8.190189542483659579e+02 7.250214564369310892e+02 8.330180442374854692e+02 9.719602649006621959e+02
2.570144449300677252e+02 -3.326823301273624338e+02 1.946656358827004851e+02 8.082720073803850713e-02 nan nan 8.219484933426768976e+02 1.106027178602243339e+03 1.153947147147147234e+03 1.263007402422610994e+03
2.600829344975685942e+01 7.975115682892716507e+01 2.608201711018346032e+02 1.607599875945155965e-01 nan nan 8.240071232876712202e+02 7.490000000000000000e+02 5.929183551847437457e+02 1.171043964232488861e+03
8.262448551728363100e+01 -3.152054249406741704e+01 9.026249565472517133e+01 1.528971496855082574e-02 nan nan 8.249957498482089022e+02 1.006012797074954278e+03 7.239364608076009517e+02 1.436038709677419320e+03
1.036675865362478390e+02 -2.932803800557470808e+01 4.733555136547710731e+02 7.970122731013712380e-02 nan nan 8.299367412140575198e+02 5.730040322580645125e+02 7.580926150121065348e+02 8.340456165359943270e+02
4.008219010409694079e+02 -5.786971947662385674e+02 9.571815370207414730e+01 2.058859098812612087e-01 nan nan 8.318414485696896463e+02 1.430938319744771434e+03 1.553899350649350708e+03 1.432911622276028993e+03
1.271661908274852522e+02 -7.727507203139008141e+01 3.505551455257268572e+02 8.185694477921591494e-03 nan nan 8.319964580873671594e+02 7.470082742316784561e+02 8.150239867659222455e+02 1.022007366482504608e+03
2.430290703605084843e+02 -2.980939565358978030e+02 8.220939075262752738e+01 1.623388221404434839e-01 nan nan 8.349335679718433312e+02 1.211084215834594033e+03 1.111046820809248629e+03 1.453014842300556666e+03
2.706246536378095584e+02 -3.117176278757853538e+02 5.048804369205739135e+02 1.774287982118955692e-02 nan nan 8.349909420289855007e+02 7.161944223107569769e+02 1.162046867291563785e+03 7.469462973431317323e+02
1.036607739584784582e+02 -8.971306190623899113e+00 6.068783745093377320e+02 1.342559404612143903e-01 nan nan 8.360689096068099389e+02 4.018948685857321834e+02 7.499945205479451715e+02 6.309963996399640109e+02
2.179650328511711734e+02 -2.149824338873403633e+02 5.016864079806114773e+02 4.812513560271476816e-03 nan nan 8.380887139107611574e+02 6.559466275659824532e+02 1.024977489768076339e+03 7.659826714801444041e+02
4.447009536969181340e+02 -6.324668589940174570e+02 1.972319439831466639e+02 1.320053914595920030e-01 nan nan 8.429912935323383181e+02 1.360017177914110334e+03 1.665934173669467782e+03 1.248926793557832980e+03
6.859245684987416780e+01 5.429545630991304961e+01 4.903930009946264477e+02 7.335874032784905907e-02 8.268215403882279588e+02 9.141044901384808554e+02 8.430158506516379475e+02 5.068166112956810707e+02 nan nan
4.346312353607319778e+02 -6.119940965252992555e+02 1.991801634812556472e+02 3.553241473866329825e-01 nan nan 8.450037406483791074e+02 1.339993678887484293e+03 1.632915231788079382e+03 1.245858708891595597e+03
1.455188255741242642e+02 -8.087507155314828822e+01 4.375304471317859907e+02 1.153016175429861373e-03 nan nan 8.459737771053958113e+02 6.500310033821871230e+02 8.450999381188119060e+02 8.850670833333333576e+02
2.506192273490811218e+01 1.136865509469546822e+02 1.644071564784311477e+02 9.412021631717724934e-02 nan nan 8.479211746522411204e+02 8.380030395136777770e+02 5.770213191205863268e+02 1.319922486033519590e+03
4.723525309162411077e+02 -6.719470979346118611e+02 1.322528743710896038e+02 9.566136724423100757e-02 nan nan 8.539118220834958493e+02 1.479894759087066859e+03 1.744092737430167517e+03 1.365921998247151578e+03
4.697411899930277741e+02 -6.371031699892162123e+02 5.002222935574994267e+02 4.477427244119254468e-02 nan nan 8.549347929557353609e+02 9.738677083333333258e+02 1.705282965074839694e+03 7.060643997939206429e+02
4.503225649745822921e+02 -6.303111262365449647e+02 1.419827948088309029e+02 2.161193099365946169e-01 nan nan 8.549876685934489160e+02 1.428978403393752387e+03 1.674007855459544317e+03 1.348984835720303181e+03
1.058641763507529276e+02 1.095038459454239543e+01 5.329389331013898072e+02 3.375470925494060692e-01 nan nan 8.550166858457997705e+02 4.830566153846153838e+02 7.440215219062259848e+02 7.489864291772688603e+02
2.571547898177897196e+02 -2.504588408662377503e+02 6.141275736643658547e+02 2.144294055972121443e-02 nan nan 8.550312825860271460e+02 5.399651567944250701e+02 1.105007730535615792e+03 5.798993250843644773e+02
3.394495102259055130e+01 1.431348282645912775e+02 5.184923184496611839e+02 5.017077446096425419e-02 nan nan 8.589602342786682811e+02 4.280915435139573333e+02 5.829731064763996073e+02 7.879628975265018198e+02
4.803450314744021057e+02 -6.760255017663785111e+02 1.711164701085792501e+02 2.119013826706457326e-01 nan nan 8.590018876828693237e+02 1.437004237288135528e+03 1.759975480450629448e+03 1.295016265452179596e+03
6.622846484617042506e+01 8.885584061954126867e+01 5.352578107154233749e+02 1.049462498321162944e-02 nan nan 8.599699886749716597e+02 4.380114320096269580e+02 6.520900900900901433e+02 7.559741672331747395e+02
3.888647255022075342e+02 -5.089236627965213415e+02 1.894975608302650301e+02 2.072393612069779040e-02 nan nan 8.609769119769119925e+02 1.265053391053391124e+03 1.480975254730713232e+03 1.266949685534591254e+03
2.483470228906073629e+01 1.467357801947106282e+02 2.644558521207358126e+02 2.046004399219602810e-01 nan nan 8.629453302961275085e+02 7.131240560949298697e+02 5.650879043600563136e+02 1.168935235158057139e+03
4.610644168788056732e+02 -6.376944386258826398e+02 1.377573727074675105e+02 4.276674371276361075e-01 nan nan 8.639991067440821553e+02 1.444005925250683731e+03 1.697009469696969745e+03 1.356030685920577525e+03
2.088425125773153752e+02 -1.715922963380131705e+02 3.379658026082819333e+02 4.629701002233270815e-03 nan nan 8.649265707797123923e+02 8.309564810481983841e+02 9.869625884732053009e+02 1.035814542107685156e+03
2.243595275205975383e+02 -1.828032990527400159e+02 4.905106013906471958e+02 1.310919574769992338e-02 nan nan 8.680207413945278176e+02 6.549477890250399241e+02 1.017014773776546576e+03 7.899839622641509322e+02
9.552001383200261841e+01 6.076527306434338982e+01 6.379515201630022148e+02 2.378610388358261829e-01 nan nan 8.700087660148348050e+02 3.319319826338639814e+02 7.079774174869716035e+02 5.981052631578946830e+02
1.202663883358103050e+02 -2.255115826981182181e+01 9.358437969858773897e+01 5.583411473336621911e-02 nan nan 8.709616724738675657e+02 1.007023300970873834e+03 7.770271950271950345e+02 1.429942372881355823e+03
3.779405997762090124e+02 -4.652322285656413783e+02 3.193086189124328484e+02 1.921354850807539122e-02 nan nan 8.709967105263158373e+02 1.072033700583279369e+03 1.431007322654462314e+03 1.043989912883998159e+03
2.337870472544488507e+02 -2.212881944399355518e+02 1.034255203291458685e+02 1.172344534343151001e-01 nan nan 8.730625869262864853e+02 1.138053959355290772e+03 1.052002564102564065e+03 1.416127345844504134e+03
7.768820425135893970e+01 6.141946301573342737e+01 1.082043810011428349e+02 8.826160284651728832e-03 nan nan 8.750203959208158722e+02 9.369729895641497706e+02 6.761276470588235270e+02 1.406101087651951275e+03
7.229530752313064568e+01 8.182605154263134750e+01 2.575074816241516373e+02 1.631027341038316161e-02 nan nan 8.750333333333333030e+02 7.620368043087971728e+02 6.610641183723797667e+02 1.177022831050228206e+03
4.866669259315693807e+02 -6.513683989379194372e+02 3.067063834885136089e+02 5.394010948965635537e-03 nan nan 8.780147058823529278e+02 1.247996655518394618e+03 1.746956838905775157e+03 1.050919210053860070e+03
2.902881600769752026e+02 -2.768615649970756181e+02 5.876283719953373748e+02 6.457160406506198824e-02 nan nan 8.790772532188841524e+02 5.959374665954035208e+02 1.171008298755186615e+03 6.199017905588714257e+02
1.236474033411613362e+02 -5.611128774908357819e+00 1.845889150429422614e+02 2.390039707171504740e-02 nan nan 8.809730470534490223e+02 8.989750000000000227e+02 7.749914400805639616e+02 1.287029286474973333e+03
2.132842165406111974e+02 -1.333979201805090327e+02 5.256162429878264675e+02 4.824725278394813299e-02 nan nan 8.859499054820415722e+02 5.839506966773848262e+02 9.740035149384885926e+02 7.420378006872851984e+02
3.617155880884281487e+02 -4.216376210257832327e+02 1.869618558642203539e+02 6.119530504828346595e-02 nan nan 8.879528432732316787e+02 1.202022352510076871e+03 1.375946834557537613e+03 1.273895529197080350e+03
2.266015536363246667e+02 -1.762040121565882203e+02 2.034631756747321560e+02 1.564446428934251065e-01 nan nan 8.889910233393177350e+02 9.959597523219814548e+02 1.016051546391752595e+03 1.253041082648622478e+03
4.707811989073692871e+01 1.593350840442230094e+02 3.588638769150908843e+02 1.044207879319510035e-01 nan nan 8.900860748084722900e+02 6.069056947608200971e+02 5.940110472823685086e+02 1.028797504798464388e+03
3.121950350941438046e+02 -3.263502003161483458e+02 2.105990272487261166e+02 1.656305051036058296e-02 nan nan 8.909656133828996190e+02 1.099118852459016352e+03 1.235943067033976149e+03 1.236826519337016634e+03
9.911556365615330932e+00 2.231771038087969998e+02 2.643283741205716524e+02 9.762363881642552310e-02 nan nan 8.920208676551345661e+02 6.748678938819707582e+02 5.149668965517241759e+02 1.172868703108252930e+03
1.385337558417800174e+01 2.433411664252470246e+02 6.085228299016829396e+02 1.415926709055367605e-01 nan nan 8.939575389948006432e+02 2.780536626916524483e+02 5.180039800995025416e+02 6.718577656675748813e+02
2.398653980766195559e+02 -1.652692169175267622e+02 5.779762915135348749e+02 2.614519730710705703e-02 nan nan 8.939781606406212404e+02 5.400868283093053606e+02 1.031006461232604352e+03 6.550205686630368973e+02
3.164404444527207971e+01 2.019539598124415534e+02 4.704151633092624820e+02 3.432619711017729780e-01 nan nan 8.940489587139203422e+02 4.580107296137339290e+02 5.570051428571428005e+02 8.680393749999999500e+02
1.984560858644508983e+02 -9.565215312015897098e+01 4.686601568003676448e+02 4.720620285740024548e-03 nan nan 8.959439890710382315e+02 6.320015467904098614e+02 9.320670070197829773e+02 8.369516245487365040e+02
1.061051580340691487e+02 6.086723381096453522e+01 1.599264789951170371e+02 3.483658409434137182e-02 nan nan 9.030056179775281180e+02 8.879720620842572316e+02 7.190601769911504562e+02 1.326109260493004740e+03
2.335031115541313511e+02 -1.545518086828059552e+02 3.093570668054564408e+02 5.088189648391696143e-03 nan nan 9.059440860215054272e+02 8.620273775216138574e+02 1.015044272663387233e+03 1.084010395010395087e+03
5.161813781821594915e+01 1.926744596845419721e+02 5.517662820106808113e+02 5.791347496671919726e-02 nan nan 9.069851916376306917e+02 3.720217937971500533e+02 5.900319361277445296e+02 7.480205761316872213e+02
1.390932328730002610e+02 1.879448321037170899e+01 2.017947990060156371e+02 3.509286259260994967e-02 nan nan 9.119291433146516965e+02 8.709890760127447038e+02 7.870123010130246257e+02 1.260917298937784608e+03
1.594424900382243209e+02 -5.995990130173339594e+00 2.599848639514224260e+02 2.520750620917023774e-02 nan nan 9.170099916736053274e+02 8.231374358974359211e+02 8.290305793991416294e+02 1.170008087810514098e+03
8.479843944921887555e+01 1.555445766663855807e+02 6.230293876886379394e+02 8.787121313233334230e-02 nan nan 9.179860465116279329e+02 3.090498338870431780e+02 6.530633104500381023e+02 6.390299295774648272e+02
8.208758185709268673e+01 1.556767911386110086e+02 4.246685400067011074e+02 4.857340405847303255e-02 nan nan 9.230260137719969862e+02 5.410074571215510559e+02 6.470508363397835865e+02 9.319339388934764656e+02
9.865553276176748909e+01 1.257997459881715372e+02 4.053908270582709861e+02 2.039918127745794438e-02 nan nan 9.239925531914893782e+02 5.800056568196102944e+02 6.829769335142469799e+02 9.578962131837307652e+02
1.667369733165328682e+02 1.777762480341683826e+01 6.265181796919467843e+02 1.548518735014915715e-01 nan nan 9.249786761439360134e+02 3.790401519262072725e+02 8.309844919786096398e+02 6.119954725523485877e+02
2.332201767164621131e+01 2.526247811155109275e+02 2.053219355456511721e+02 1.395689155151692146e-02 nan nan 9.249938101788170570e+02 7.279979253112032893e+02 5.229959016393443108e+02 1.261056281978396783e+03
2.340680232909944891e+02 -1.084805904650617521e+02 5.671423726540263033e+02 6.158706900448075727e-02 nan nan 9.251116173120728945e+02 5.249564356435643049e+02 9.919820123664979974e+02 6.830251730648205921e+02
5.024441292755112727e+02 -6.126158780072918262e+02 2.924705511688650859e+02 3.117759381932577734e-01 nan nan 9.279320074005549941e+02 1.244075443786982305e+03 1.739974677496416689e+03 1.080889977728284975e+03
1.537505757020237285e+00 3.196839228729482443e+02 3.858376031573241107e+02 6.523521158046101387e-02 nan nan 9.340437788018433594e+02 4.979340988517224105e+02 4.709533923303835081e+02 1.002949586155003772e+03
2.995083965995170843e+02 -2.110027715248893969e+02 5.995277891363203935e+02 4.129736817851088759e-02 nan nan 9.349196399871424319e+02 5.491564450973190787e+02 1.145976045627376379e+03 6.161318063958512994e+02
4.899744421121760638e+02 -5.814094887438641308e+02 2.726257270898889260e+02 1.094789922087698320e-01 nan nan 9.350049893086244310e+02 1.243997858672376879e+03 1.694998723404255315e+03 1.118040388548057308e+03
3.899163323163110704e+02 -4.095377342259462807e+02 8.984491138473406124e+01 5.289437401391509225e-02 nan nan 9.350148212728857970e+02 1.317970561177553009e+03 1.412034338358458854e+03 1.439948988566402704e+03
3.030224777580575619e+02 -2.206286131386678733e+02 5.015742150039571925e+02 1.227177266777682713e-02 nan nan 9.370161061108478862e+02 6.799548543689320468e+02 1.156943093636833964e+03 7.710415244596132425e+02
1.824486016900587515e+02 -2.261792485472325609e+01 9.273989273699284297e+01 2.047434074618877942e-01 nan nan 9.389188163884673486e+02 1.024024159166271829e+03 8.699824399260628525e+02 1.429991949910554467e+03
1.585938830113737197e+02 5.660877593281220754e+01 5.503772428647581592e+02 8.607826457616571392e-02 nan nan 9.429887737478411509e+02 4.530237892948173339e+02 8.010124804992199188e+02 7.339708265802269125e+02
4.781526665247193932e+02 -5.547720781532450474e+02 1.496244734995071042e+02 4.601773822688558224e-02 nan nan 9.439546643417611449e+02 1.374991480298189572e+03 1.656919475655430688e+03 1.335876037959667883e+03
7.011872823680420197e+01 1.997270499729506810e+02 2.012471527956204795e+02 6.402125428396936158e-02 nan nan 9.439959758551308369e+02 7.670283592167454572e+02 6.100575942915392034e+02 1.265992878338278842e+03
5.207600849732158395e+02 -6.365105293911672106e+02 9.670754184918705221e+01 2.759971170642134819e-01 nan nan 9.439971910112359410e+02 1.513955555555555520e+03 1.791948306595365466e+03 1.429858131487889295e+03
2.345324128276501767e+02 -9.353102763860579216e+01 2.799790430240848877e+02 6.923324746682972194e-03 nan nan 9.469240060392551186e+02 8.640533049040511742e+02 9.840119402985075112e+02 1.135056009334889040e+03
1.449538261890577076e+02 1.100599241454742696e+02 5.870401780971911876e+02 7.172815832419870974e-02 nan nan 9.590614578370652907e+02 3.829197860962567006e+02 7.580241973010702168e+02 6.879673547767642958e+02
4.282834757338715121e+02 -4.337486131970986776e+02 2.584968866852900078e+02 1.036662782416479175e-02 nan nan 9.590958856345885124e+02 1.143010703993413017e+03 1.486994962216624572e+03 1.152014042867701392e+03
1.447642855353519735e+02 1.015456242860795157e+02 4.174835064756618976e+02 3.398126415822680380e-02 nan nan 9.598547341115433937e+02 5.870635162601626007e+02 7.600451183431952131e+02 9.389626865671641553e+02
1.975894993194745553e+02 -2.326352812260183089e+00 2.796051594078967355e+02 1.477573682105439157e-01 9.409683233205898887e+02 1.199075210589651078e+03 9.609114537444934285e+02 8.080541072306936030e+02 nan nan
3.161474157665075495e+02 -2.175384139928134744e+02 3.499562642785848539e+02 1.860206806777914834e-01 nan nan 9.610250946969697452e+02 8.691687082405345564e+02 1.175046861687020737e+03 1.015890822784810098e+03
2.402559308022089510e+02 -7.697195569088138711e+01 3.293986280466318135e+02 7.759818342877176011e-04 nan nan 9.619423334823424057e+02 7.990312981015905507e+02 9.839974506054811627e+02 1.058976306620209016e+03
2.397685421729332234e+01 3.136001546255376411e+02 9.018141293990619545e+01 3.195403413305136775e-01 nan nan 9.630195530726257402e+02 8.209939783219590481e+02 5.010054426705370361e+02 1.429274440894568670e+03
4.780255441012668598e+02 -5.166724702650500376e+02 2.991688700170906827e+02 1.121813136610217143e-01 nan nan 9.638358375069560680e+02 1.161938992042440304e+03 1.625032157676348561e+03 1.077108405797101341e+03
3.700067326888596995e+02 -3.057752821205219220e+02 3.953857398841989266e+02 4.634600267756550443e-03 nan nan 9.669609690444145826e+02 8.777425742574257583e+02 1.310270017793594207e+03 9.341306146572104581e+02
5.803069893159006369e+02 -6.826822626924449651e+02 6.242000302567671497e+02 6.183328749254479034e-02 nan nan 9.679773755656108278e+02 8.640342679127726342e+02 1.915144263909404344e+03 4.859802816901408278e+02
2.280110522111187876e+01 3.532088011821802525e+02 5.848840238262537241e+02 1.298806254108719749e-01 nan nan 9.689043234587670668e+02 2.648749429484253710e+02 4.920324364172502669e+02 7.258311371400683356e+02
4.497351270841203075e+01 3.048030170943553685e+02 3.641607686309902192e+02 1.673575409181953244e-01 nan nan 9.720049916805324983e+02 5.369612044006948963e+02 5.369690585911783955e+02 1.033883168316831643e+03
4.232705221122886883e+02 -3.858062141371056555e+02 4.188654132218841823e+02 1.649040862112164871e-02 nan nan 9.789720327421555339e+02 9.098686401480110817e+02 1.444098221503637888e+03 8.871769565217391573e+02
4.923151633984414275e+02 -5.117391181163377496e+02 4.711181959435198792e+02 1.638479020230763639e-01 nan nan 9.790164179104477853e+02 9.390115243583027222e+02 1.641027268663388440e+03 7.830794117647059238e+02
4.191959116049476961e+02 -3.776741176963665794e+02 3.221343428310759691e+02 1.855211062788601848e-03 nan nan 9.830150410209662368e+02 1.025970136144049093e+03 1.433043529411764666e+03 1.049146379647749427e+03
6.440031392813665434e+01 2.851502314085203693e+02 2.426314769602096817e+02 3.971688024634924957e-02 nan nan 9.849147482014388970e+02 6.819778629203916580e+02 5.700635876840696028e+02 1.208035228182546007e+03
1.030683404312917162e+01 4.047389865625902985e+02 5.479898255715843334e+02 1.632610756761483095e-01 nan nan 9.859641598119859509e+02 2.849786239144956426e+02 4.570554528650646944e+02 7.849539906103286739e+02
1.009236561097231402e+02 2.227826402178889964e+02 1.893846584223878722e+02 4.935430468858838932e-02 nan nan 9.899802123552123021e+02 7.759316192560174841e+02 6.449446916719643923e+02 1.283935420743639952e+03
4.789993658931620644e+02 -4.577757011056492615e+02 4.335360730640506972e+02 1.049003806783180281e-02 nan nan 1.000863522012578642e+03 9.509790969899665924e+02 1.580172441907868006e+03 8.549744160177975800e+02
2.472005926933972830e+02 -1.727118634337407244e+01 4.735458585927289050e+02 1.382460434776565209e-05 nan nan 1.001981726694915210e+03 5.991739130434782510e+02 9.640972830850131459e+02 8.438814382896015331e+02
4.111332520979303808e+02 -3.352026439025123068e+02 2.984077936881250821e+02 8.838099828772179225e-04 nan nan 1.002020899053627772e+03 1.026988386561592733e+03 1.392072370191014215e+03 1.092026726057906444e+03
3.111781304827616736e+02 -1.369307073974559614e+02 4.293235552539793503e+02 1.400232530781196812e-02 nan nan 1.003965500485908706e+03 7.279470457079153221e+02 1.120943133696309815e+03 8.989247115968427124e+02
1.773490360885007533e+02 1.158096132386166346e+02 3.361257626077562577e+02 2.270684786438601638e-02 nan nan 1.006993955094991406e+03 6.809742268041237594e+02 7.999771723122238427e+02 1.062972266244056982e+03
3.459606386692966566e+02 -2.049877474553402976e+02 2.619552024471177560e+02 5.498294473947576422e-02 nan nan 1.007913021868787268e+03 9.759163366336633771e+02 1.212010759919300654e+03 1.158932616487455107e+03
5.087729990423635229e+01 3.673490104995963179e+02 5.133443194336549595e+02 4.529577120466072443e-02 nan nan 1.008997616615594097e+03 3.459925742574257583e+02 5.250152866242037817e+02 8.299442532690984535e+02
1.198163283611014975e+02 2.305335817996007108e+02 3.143315989354180715e+02 3.160984720069187365e-03 nan nan 1.010960196779964235e+03 6.399348346909439442e+02 6.698750000000000000e+02 1.102120343839541647e+03
2.220661570554813125e+02 3.558818730737417724e+01 2.838840478437092543e+02 1.741477736908104978e-02 nan nan 1.011083989501312317e+03 7.898553882725832409e+02 9.009821947674419107e+02 1.136851228389444941e+03
5.026614978827898312e+02 -5.023038959568647783e+02 1.215932526127477189e+02 1.287711473155986330e-01 nan nan 1.012025203252032497e+03 1.380056088560885655e+03 1.654032729398012862e+03 1.384919397116644859e+03
4.661723871759024291e+02 -4.051891654035021020e+02 5.609789814124070517e+02 2.153776904304249146e-02 nan nan 1.015931795634920604e+03 7.469730855495033666e+02 1.521128752708139928e+03 6.510292662819456382e+02
2.085644190753905320e+02 8.247541345617813136e+01 3.803393330411013835e+02 3.311661405798567437e-02 nan nan 1.020896921641791096e+03 6.529946438136047391e+02 8.599820273184759571e+02 9.950242424242424022e+02
8.365896409037775072e+01 3.394961753142816292e+02 6.077540684914364419e+02 3.250481172562009191e-01 nan nan 1.026042914171656776e+03 2.551023789294817448e+02 5.809860182370820212e+02 6.950664893617021107e+02
3.415626576666305709e+02 -1.453799775250482469e+02 5.975448694516410342e+02 1.373688677571738119e-02 nan nan 1.030003350083752139e+03 5.289831365935918939e+02 1.170025615763546739e+03 6.369898388227049963e+02
6.013206248968310774e+02 -6.438904188810554388e+02 4.895576326461534222e+02 1.878398956309652174e-02 nan nan 1.032022246142805898e+03 1.035093594009983462e+03 1.916056066945606744e+03 7.339617918313570044e+02
5.210015908913335352e+02 -4.959418798195736144e+02 2.777178527714320353e+02 7.611777172166335134e-03 nan nan 1.034815361890694248e+03 1.189026440677966093e+03 1.674895229733684573e+03 1.116799832261671781e+03
5.947579252587555629e+02 -6.313774547369160928e+02 2.819240441040195719e+02 1.047490447885315035e-01 nan nan 1.038920066152149957e+03 1.302916791979949949e+03 1.899074373795761176e+03 1.100159408381265393e+03
1.501001330876706277e+02 2.353038308069733375e+02 6.058544339032420112e+02 5.897016671521224107e-02 nan nan 1.038970494779845694e+03 3.098721881390592898e+02 7.129959778783307911e+02 6.840606617647058556e+02
3.686499569737210891e+02 -1.829187610409338163e+02 3.614062920241686925e+02 2.769199352282129128e-02 nan nan 1.045999327505043766e+03 8.500176870748299507e+02 1.232006313131313163e+03 1.002996861268047724e+03
6.178532585127254606e+02 -6.514368058957178391e+02 5.768753693031759440e+02 4.762471878652503945e-03 nan nan 1.046931569664903009e+03 9.229224868792894085e+02 1.946157527069507523e+03 5.811751700680272279e+02
2.306900787348029098e+02 7.178788385039811715e+01 8.034679297770847484e+01 2.043551346282259165e-02 nan nan 1.046952972972972930e+03 9.990611877624475028e+02 8.950568181818181301e+02 1.445921377517868677e+03
4.716435875010131440e+02 -3.703824883651798814e+02 3.933271828970341630e+02 4.560472695273867436e-04 nan nan 1.051979458450046650e+03 9.470286951813751557e+02 1.506112290008841683e+03 9.340583501006036613e+02
4.240548560115707133e+00 5.360086121202604090e+02 4.773255902818165737e+02 1.119325485220203364e-01 nan nan 1.053023255813953483e+03 3.129223057644110213e+02 4.059258260283209552e+02 8.989033515198752866e+02
4.092179309322792164e+02 -2.547535145560956664e+02 1.729697735763053572e+02 1.112271530637080376e-02 nan nan 1.055011082693947174e+03 1.127941724941724942e+03 1.337051960321209208e+03 1.301101645123384287e+03
2.744807581403268841e+02 7.660389602292558386e+00 2.320173239497298141e+02 6.654384537988366696e-03 nan nan 1.055048103607770599e+03 8.758284482758621152e+02 9.900444810543657468e+02 1.215075744680851130e+03
2.527936936041136562e+02 6.654958860049843850e+01 5.268380274950033026e+02 3.025701998553918456e-02 nan nan 1.057936929460580814e+03 4.970346907993966852e+02 9.310521885521885679e+02 7.769624742268041473e+02
4.355130133032947697e+02 -2.816690358243386072e+02 5.561395078218420167e+02 3.091855953216745417e-02 nan nan 1.059981776765375798e+03 6.760403749098774142e+02 1.391044585987261144e+03 6.820150150150150239e+02
2.752861915618269677e+02 3.069360189299178998e+01 3.865024840499970082e+02 6.553281016305678372e-04 nan nan 1.065870337477797420e+03 6.860046454010529260e+02 9.800489681706890224e+02 9.829541525742201884e+02
5.372936496005524987e+02 -4.641271872931079088e+02 4.111137616084485558e+02 5.049812074879854451e-02 nan nan 1.073958285052143765e+03 1.001819783968163733e+03 1.672951258703802978e+03 8.949926004228329930e+02
4.172931101539206225e+02 -2.318208173413022450e+02 2.167729601910023689e+02 1.341504465549451242e-01 nan nan 1.077981188542112022e+03 1.065003368623676579e+03 1.333977164099840593e+03 1.230996056338028211e+03
6.404900513282437942e+02 -6.585984412033600393e+02 2.894336899108435546e+02 7.789786483679268791e-02 nan nan 1.081976098689282935e+03 1.328812206572770037e+03 1.993078823529411693e+03 1.085874930516953782e+03
3.683356515429758247e+02 -1.292215930239738952e+02 2.303636277678452302e+02 9.776052800467390641e-03 nan nan 1.081986078886310906e+03 9.759934102141680796e+02 1.200060013956734110e+03 1.213102617079889797e+03
4.725656682319371384e+02 -3.099269682617000399e+02 5.525614285749014698e+02 8.445868674047776400e-03 nan nan 1.089024308865586363e+03 7.058848635235732445e+02 1.464202832574608010e+03 6.850730411686587331e+02
6.640410085177460360e+02 -6.956324941559980743e+02 1.522168652763739090e+02 1.234085699837261796e-01 nan nan 1.092028928336620538e+03 1.543073632538569427e+03 2.065981662591686927e+03 1.328098967820279313e+03
3.370195343301317621e+02 -4.221842913395314412e+01 3.967509814152217587e+02 8.460282663382592827e-02 nan nan 1.093963659147869748e+03 7.249381818181818744e+02 1.105938621679827747e+03 9.619701492537313925e+02
5.811802188127231927e-01 6.154810815246211178e+02 2.643260793744040029e+02 5.199152985948059247e-02 nan nan 1.094000000000000000e+03 5.070106783919598001e+02 3.740379023883696732e+02 1.191089894242068112e+03
7.276114843254480036e+01 4.763987806137627672e+02 3.187141043380904648e+02 9.496131548661662647e-02 nan nan 1.095047352024922020e+03 5.199878787878787989e+02 5.149290734824280662e+02 1.111132783195798993e+03
4.982972914051995872e+02 -3.574374891142392698e+02 3.273711249165017421e+02 8.732050273034819288e-02 1.089012993262752616e+03 1.097961779448621655e+03 nan nan 1.537064320847521685e+03 1.044923855633802759e+03
1.911033482875993741e+02 2.553879073145452878e+02 5.716591834896956925e+02 5.840561987913749087e-02 nan nan 1.096976693766937615e+03 3.499406231628453838e+02 7.610186335403726616e+02 7.389911712772219516e+02
3.808447528205433059e+02 -1.274536961000846702e+02 2.734699866942755762e+02 1.218536606419859808e-01 nan nan 1.096976700838769830e+03 9.279218379914732395e+02 1.216967281380130771e+03 1.145907682375726381e+03
1.540742527349675015e+02 3.252985161888946095e+02 4.315642838812805735e+02 1.026118607099086588e-01 nan nan 1.098017116524029007e+03 4.749724437998549433e+02 6.810343053173241969e+02 9.441310386473429617e+02
4.623371567839104728e+02 -2.735411487016650085e+02 5.051558754452200901e+02 1.358137409738196522e-01 nan nan 1.100866121112929704e+03 7.448882474226803652e+02 1.425141351518908778e+03 7.669049180327868953e+02
4.521877229323171150e+02 -2.601345920431425611e+02 2.997678359704159448e+02 5.204978530226817002e-02 nan nan 1.101015259409969531e+03 9.918934337997847024e+02 1.403005264787859915e+03 1.096881433473122343e+03
6.096672473644621277e+02 -5.626080849080804001e+02 4.448636495469793317e+02 1.328460123441772313e-02 nan nan 1.102930365296803757e+03 1.043817391304347893e+03 1.859903923831506063e+03 8.267940723633564630e+02
6.062538013808396045e+02 -5.478791405023171137e+02 5.473757211283524384e+02 1.655550316684933354e-01 1.107003490401396220e+03 6.939823982398239650e+02 1.105961792452830196e+03 8.929672477548864435e+02 nan nan
3.833491629614173348e+02 -1.173986647762448570e+02 1.673955511449768494e+02 1.963894079654833480e-02 nan nan 1.107943060498220575e+03 1.045990332326284033e+03 1.214998499624906117e+03 1.311983961507618233e+03
9.757661381094840181e+01 4.598367271589939378e+02 5.233784444570263759e+02 4.070076714822944974e-01 nan nan 1.109065661047027561e+03 3.078886247877758819e+02 5.559756446991403891e+02 8.309472118959107547e+02
3.583509165333045985e+02 -6.094985363206637885e+01 1.155072556171160301e+02 4.943201887815957402e-03 nan nan 1.112989436619718390e+03 1.065840381991814411e+03 1.146831862312444855e+03 1.392760782570031097e+03
1.139846776340581869e+02 4.299380279528539290e+02 2.808995584869449544e+02 9.500155462348897073e-02 nan nan 1.114002771618625275e+03 5.879328689043697977e+02 5.860868055555555429e+02 1.161126119917298411e+03
3.842962881922831002e+02 -1.082104536093918341e+02 1.900807152858133975e+02 2.831101185084791694e-02 nan nan 1.114079096045197730e+03 1.014982621288921109e+03 1.210954515706806205e+03 1.276775993576876772e+03
3.222100020649754128e+02 3.015351533125244288e+01 5.392776013456141300e+02 7.378987390654563605e-02 nan nan 1.117049831855701541e+03 5.137723097112860842e+02 1.046921182266009964e+03 7.569525021204410677e+02
2.476078726365149976e+02 1.726891865136672664e+02 1.000059580965004074e+02 2.809455556968456016e-02 nan nan 1.121017480719794321e+03 9.300237422272469985e+02 8.720456092579986489e+02 1.414052160953800239e+03
6.169502168749833118e+02 -5.509395778600153335e+02 4.408613781472682263e+02 2.921987204722895082e-02 nan nan 1.121151855635001766e+03 1.043759999999999991e+03 1.861055910543130949e+03 8.359783281733746207e+02
2.827858379868790735e+02 1.231891949530189123e+02 5.824424171455009400e+02 2.640044481264541484e-02 nan nan 1.124992063492063380e+03 4.109141630901287385e+02 9.461403326403326446e+02 7.070041208791209328e+02
6.089221871315205590e+02 -5.350352236954539649e+02 2.000055780188411063e+02 8.837114523806578748e-02 nan nan 1.125966981132075489e+03 1.342924160346695544e+03 1.840050329256820305e+03 1.248828240740740739e+03
3.406865073309887180e+02 1.464838789410847397e+01 6.374063301742228305e+02 8.041408484580962746e-02 nan nan 1.127957244655581917e+03 4.030310447761194155e+02 1.081040560115886137e+03 6.099174553101997844e+02
5.122933442771229693e+02 -3.270900998364833185e+02 6.273449143921025097e+02 3.569905351184425677e-03 nan nan 1.128025162028211980e+03 6.260886363636363967e+02 1.533189529489728329e+03 5.648888474449831847e+02
1.370293970991527033e+01 6.592640056325589057e+02 2.605998720936687505e+02 6.039289942638115249e-02 nan nan 1.128957912943211340e+03 4.959621848739495817e+02 3.780412026726057775e+02 1.198070478723404221e+03
2.286089445705282799e+02 2.420742103385624944e+02 6.154927065775493702e+02 2.336517934578170586e-01 nan nan 1.130935724266418219e+03 3.109276066990815934e+02 8.180107599193006536e+02 6.769659913169319907e+02
6.601288269160480695e+02 -6.261734963358535424e+02 2.718411138616280027e+02 1.750829058185216225e-01 nan nan 1.132075575027382229e+03 1.335043172690762958e+03 1.993970611285266386e+03 1.119866913123844824e+03
5.770680760188837439e+02 -4.583892906634762312e+02 2.759438641347158523e+02 1.683906739439806066e-01 1.129066479775730841e+03 1.173962982005141384e+03 1.132971199999999953e+03 1.183957233848953592e+03 nan nan
4.944046131970512761e+02 -2.739295969153091619e+02 6.086578579320264453e+02 6.548833500989133249e-02 nan nan 1.139878732702112075e+03 6.177697085523172973e+02 1.471041811846689825e+03 6.050702560735390989e+02
6.587943711354167817e+02 -6.043721351148941494e+02 5.509984831519449244e+02 8.110725402992005617e-02 nan nan 1.139993540810334707e+03 9.410481077613854950e+02 1.966983349191246361e+03 6.408388265121333234e+02
2.300524171211952478e+02 2.512301204239558956e+02 3.001775098317211246e+02 1.891453713719980223e-02 nan nan 1.141961832061068662e+03 6.699513145082764822e+02 8.141514810648668572e+02 1.126134362233318143e+03
4.154412704373868337e+02 -1.239093216103988340e+02 1.512529762575288146e+02 5.849126921846203170e-03 nan nan 1.142034059945504168e+03 1.077008468052348007e+03 1.265008333333333439e+03 1.336973949082297167e+03
5.983635107016949632e+02 -4.847976642667824763e+02 2.128914051000524239e+02 1.710061609583158893e-01 nan nan 1.144935018050541430e+03 1.288043575418994351e+03 1.782965915655690424e+03 1.228779610194902489e+03
3.250125124547988094e+02 6.407410726641676035e+01 2.062642508734174669e+02 5.507605925458535813e-03 nan nan 1.145056388294075759e+03 8.880014164305948725e+02 1.032928524590163988e+03 1.256059958649207374e+03
4.180848906239377243e+02 -1.207363601303191132e+02 8.579708983665643984e+01 1.107490684851171296e-02 nan nan 1.147884868421052715e+03 1.150015096304008239e+03 1.267110821382007771e+03 1.439074224021592499e+03
5.671844575466892593e+02 -4.034815920370518825e+02 3.358127939114847891e+02 6.997347326731782891e-02 nan nan 1.154981971614882923e+03 1.069059487179487178e+03 1.672000000000000000e+03 1.029010302640051577e+03
6.829208088780906394e+01 6.140204464043092685e+02 6.031441642623004782e+02 3.379799272584175784e-01 nan nan 1.157985074626865753e+03 1.579943714821763479e+02 4.668995840760546798e+02 7.451315020455873537e+02
1.700383220811894773e+02 4.059589029709043189e+02 4.822224878368438681e+02 1.655521075068605574e-02 nan nan 1.157992670157068005e+03 3.880217263652378392e+02 6.719492263056092725e+02 8.839729870129870051e+02
2.239768464089131612e+02 3.093691531952040350e+02 5.472000091113293365e+02 4.115893536405978992e-02 nan nan 1.164036069651741400e+03 3.629423815620998539e+02 7.829984139571768083e+02 7.838548951048951494e+02
6.336246923453059310e+01 6.318715398717853304e+02 2.684733068184788749e+02 2.342371936668943139e-02 nan nan 1.164974345269909236e+03 5.080364583333333144e+02 4.510098452883262894e+02 1.186978964401294434e+03
5.911289309861206220e+02 -4.390498259108599655e+02 2.139037183505978135e+02 2.320223049353513367e-02 nan nan 1.165007974481658721e+03 1.252890510948905103e+03 1.736086618004866068e+03 1.229054809242342799e+03
2.479328585097242694e+02 2.718515565289062010e+02 3.452988509418059948e+02 6.380503196790933418e-02 nan nan 1.172134239592183576e+03 6.140716305372289980e+02 8.298998748435544712e+02 1.063938440492476047e+03
3.751261174076549310e+02 1.290895407719037635e+01 2.347538850402381172e+02 1.027872595016073899e-02 nan nan 1.173015625000000000e+03 8.950242240726722684e+02 1.129945911139729560e+03 1.212119867549668925e+03
4.803294208626106609e+01 6.833980426149678351e+02 1.011896922589428840e+02 3.263643799672511642e-02 nan nan 1.176111795774647817e+03 6.539277364505844616e+02 4.130020876826722542e+02 1.407981519507186931e+03
1.043464727379867298e+02 5.803332882051809065e+02 6.195690531253961808e+02 2.132222895308946153e-01 nan nan 1.177921194029850767e+03 1.569863281250000000e+02 5.249740990990991349e+02 7.208725017229496643e+02
2.110089276420918054e+02 3.665466179078325126e+02 6.314198993887587221e+02 6.445610340429541729e-02 nan nan 1.179973985890652557e+03 2.398910733262486588e+02 7.430046312789454532e+02 6.760379965457685785e+02
8.839318588942984434e+01 6.183829113542655023e+02 4.763563142112445803e+02 9.266675027752275346e-04 nan nan 1.182014277869302532e+03 2.980503184713375617e+02 4.901003911342894526e+02 9.130910951893552010e+02
4.668250849973582035e+02 -1.587535491450384200e+02 1.030936776924908571e+02 1.554465956021839138e-02 nan nan 1.183007130124777177e+03 1.166993535875888711e+03 1.360074610244988889e+03 1.411964037854889511e+03
5.034788447826880429e+02 -2.286084500542252442e+02 2.054038683914992305e+02 2.132159807294964002e-02 nan nan 1.185005553627212748e+03 1.101044148271553468e+03 1.457027171017581168e+03 1.249934729064039402e+03
4.489760567768724968e+02 -1.074482763500698894e+02 6.243499319990660297e+02 5.548550786587140224e-03 nan nan 1.186838272045697977e+03 5.009182282793867103e+02 1.300928301886792497e+03 6.129339513325608095e+02
5.660934527732388233e+02 -3.551218319061538864e+02 1.132256035856653966e+02 1.052922659091583141e-01 nan nan 1.186867827208252720e+03 1.310092240117130359e+03 1.637026903262736141e+03 1.396923466160657881e+03
9.205432489536821095e+01 6.248226935914251499e+02 6.010766288965446620e+02 1.003731095509725058e-01 nan nan 1.188022563176895346e+03 1.600528714676390223e+02 4.941480650588895287e+02 7.511073640743289843e+02
4.624226560878317969e+02 -1.387680893642885280e+02 1.458180744056652145e+02 4.940591044419909844e-03 nan nan 1.189014598540145926e+03 1.104994090610636931e+03 1.341110420979986202e+03 1.345096076861489109e+03
9.059517994928442874e+01 6.443997741360494729e+02 5.279457612967347586e+02 7.810127374296543801e-02 nan nan 1.196926310326933162e+03 2.329979434447300832e+02 4.850639923591213005e+02 8.489304500292226976e+02
1.279270468041217867e+02 5.665948307981655034e+02 1.424131211712015954e+02 1.038105371155333828e-02 nan nan 1.198802704363859903e+03 6.771377694470478446e+02 5.550179824561403166e+02 1.352973743016759727e+03
1.239332434395343228e+02 5.819543441730472750e+02 5.829087033788349572e+02 2.832647556496287744e-01 nan nan 1.199915655339805880e+03 2.010079734219269199e+02 5.490191981931112650e+02 7.700071243523316298e+02
5.634910314409996772e+02 -3.225292372672627721e+02 4.185991309240406508e+02 1.305515086775857828e-02 nan nan 1.201003630363036336e+03 9.121647523330940430e+02 1.605990423572744021e+03 9.038509786476868157e+02
3.174947017710453565e+02 2.004952128085948004e+02 6.295608591898439954e+02 3.852896694666898408e-02 nan nan 1.209028446389496821e+03 3.279748172217709339e+02 9.572042016806722131e+02 6.560959367945823715e+02
8.810667890593605023e+01 6.867448212350685708e+02 5.724476935854248723e+02 4.754397837094719304e-01 nan nan 1.214995344506517768e+03 1.688901996370235850e+02 4.689339130434782419e+02 7.970749163879598882e+02
4.437005346161133730e+02 -5.122955446876159868e+01 1.690030936201023621e+02 1.143599454695608079e-02 nan nan 1.216930891499654535e+03 1.022871266002845005e+03 1.261977750309023577e+03 1.310103791174642538e+03
3.639309146001131126e+02 1.196867060875980115e+02 5.720670606354030951e+02 8.424534418063045482e-02 nan nan 1.217992248062015506e+03 4.419285714285714448e+02 1.059084097859327130e+03 7.270122774708410134e+02
6.752226953934361973e+02 -5.212747075520481985e+02 5.380899565267635580e+02 7.352922302422218448e-02 nan nan 1.221060402684563769e+03 9.098622222222222717e+02 1.920085038363171407e+03 6.819005964214711639e+02
5.230955219528897260e+02 -2.049114406882872288e+02 4.752670786607660034e+02 1.107854734709331768e-01 nan nan 1.221914150943396180e+03 7.611352976548406559e+02 1.467035767511177255e+03 8.290727909692487856e+02
3.628829616060131116e+02 1.554065295344798869e+02 1.513688951956674202e+02 4.033308224457689273e-02 nan nan 1.237965230166503488e+03 9.110479302832244457e+02 1.039091120139291888e+03 1.338057519057519130e+03
1.933226514928171014e+02 5.137809893257132217e+02 5.104879032394910610e+02 2.318395378107458438e-01 nan nan 1.238996508075076463e+03 3.188664338716717452e+02 6.620451577801958365e+02 8.599863247863247580e+02
7.556211071540217290e+02 -6.617207634800893175e+02 1.917552841776674200e+02 5.972627615412153673e-02 nan nan 1.241155863073561477e+03 1.499954145728643198e+03 2.171054360135900424e+03 1.259155128205128221e+03
1.207055963932583040e+02 6.732481815204262148e+02 6.290155136976298991e+02 2.956266368530215960e-01 nan nan 1.241970588235294144e+03 1.170680880330123728e+02 5.149815217391304714e+02 7.239712153518123614e+02
5.049117169936398568e+02 -1.348781158853107627e+02 1.062382319797405046e+02 1.158047659021001728e-02 nan nan 1.242103617412630229e+03 1.159927012791572679e+03 1.398925708699902316e+03 1.406098707403055187e+03
5.968670902427498959e+02 -3.261586709094873413e+02 2.087562717855984147e+02 1.369043199820625389e-01 nan nan 1.242797283702213235e+03 1.186018342391304259e+03 1.659022624434389172e+03 1.241973850315599748e+03
4.772844529731615353e+02 -7.500639529328076094e+01 1.589915029558434298e+02 7.729590404965128864e-03 nan nan 1.243094017094017090e+03 1.056879361914257288e+03 1.323000638977635845e+03 1.325015895953757308e+03
6.684468446928951835e+02 -4.726150890663703308e+02 5.531961738166788791e+02 1.564726870060820785e-01 1.260841348314606648e+03 6.940890880337374256e+02 1.243952346570397140e+03 8.559777158774372765e+02 nan nan
1.261643849218479545e+02 6.693786082386631051e+02 5.831345081397403192e+02 2.878995105121498130e-02 1.257939671814671783e+03 8.620634390651084686e+02 1.246033980582524237e+03 1.700188118811881282e+02 nan nan
5.791909252854276247e+02 -2.824152944637930318e+02 5.728730420219359303e+02 7.243208147008470613e-03 nan nan 1.246048822515795564e+03 6.919072769953052102e+02 1.598065286624203736e+03 6.669104761904761745e+02
1.571990913050400422e+02 6.166275219422717555e+02 5.824933325402449782e+02 6.212651400907781563e-01 nan nan 1.251965873015873058e+03 1.939258957654723190e+02 5.800098493626883283e+02 7.779710335747201952e+02
4.286765281659554603e+02 4.886109885986179080e+01 5.674258883535150062e+02 1.083045037997806548e-01 nan nan 1.254952876553917349e+03 4.939623233908948237e+02 1.183982973893303097e+03 7.258170347003155030e+02
5.458741134321834352e+02 -1.901722611227711752e+02 2.729754622185375297e+02 1.059805438844120193e-02 nan nan 1.259862099644128193e+03 1.009308740068104385e+03 1.491051784464660614e+03 1.146052180685358280e+03
4.998784680359520394e+02 -9.231877832016695606e+01 1.660202810462625962e+02 7.195709483871066264e-03 nan nan 1.260169763513513544e+03 1.065003344481605382e+03 1.364982730706961775e+03 1.314056805399325185e+03
4.839196838344935827e+02 -5.563937517440760416e+01 4.985347187656221308e+02 1.278733807940675773e-02 nan nan 1.261964730290456373e+03 6.429049868766404643e+02 1.319090701914311694e+03 8.141141990904496879e+02
3.230834256224584351e+02 2.884614022687827628e+02 5.410566401703279098e+02 9.805496190056099681e-03 nan nan 1.263968127490039933e+03 3.980954637779282166e+02 9.239584188911704814e+02 7.949024907260201189e+02
7.222330315193004253e+02 -5.501062855092628752e+02 2.880139749774156712e+02 7.868733792478280198e-02 nan nan 1.268107954545454504e+03 1.279959617428267848e+03 2.018276031033074787e+03 1.099991056456120759e+03
1.851646794378341667e+02 5.969717479373683773e+02 5.826171287040702964e+02 7.285813060618562612e-03 nan nan 1.272040343347639464e+03 2.061310942578548122e+02 6.220545918367347440e+02 7.760000000000000000e+02
6.914141207333743750e+02 -4.771016116823394100e+02 2.561481243266652541e+02 9.173980655651330085e-03 nan nan 1.272991948470209309e+03 1.258954221770091635e+03 1.912011952191234968e+03 1.158001177856301638e+03
4.486465198052998176e+02 3.886293612848822931e+01 3.702845334305567917e+02 7.601683213507647030e-03 nan nan 1.273046012269938728e+03 7.420499001996007564e+02 1.217038204972710673e+03 1.014100250626566435e+03
2.149340629265408040e+02 5.362185061129516725e+02 3.214416937179059914e+02 4.941382640840641383e-02 nan nan 1.273073667711598773e+03 5.201075268817204460e+02 6.800156695156695150e+02 1.114001618122977334e+03
4.494146542249800405e+02 3.914686521430493116e+01 3.125086210385136951e+02 4.571414234446418215e-03 nan nan 1.273998199009455220e+03 8.099914209115281665e+02 1.218047384007897335e+03 1.099141279512566598e+03
2.028931301316293343e+02 5.664727094587558440e+02 1.555208033089260198e+02 8.849051867233109769e-02 nan nan 1.275081843838193890e+03 6.789964735516372230e+02 6.519616658778986675e+02 1.335087573964497096e+03
6.716963838043247961e+02 -4.301098931120162661e+02 1.661195798540540522e+02 2.115615501786636491e-03 nan nan 1.276005352363960810e+03 1.331851632047477779e+03 1.846834991222937333e+03 1.308856521739130358e+03
4.576286490695973725e+02 2.838646603066719010e+01 4.059161729555050897e+02 2.521098897099643618e-02 nan nan 1.277972797927461215e+03 7.071292834890965651e+02 1.235001586042823192e+03 9.609772925764192451e+02
6.744160872368149739e+02 -4.338450387437973745e+02 6.125019986633600411e+02 4.638974271170206998e-02 nan nan 1.278007947019867515e+03 7.519825056433409145e+02 1.845990783410138192e+03 5.790027472527472128e+02
6.164767982923591489e+02 -3.086986599240471492e+02 5.321272879614821250e+02 3.087768891169791197e-02 nan nan 1.279045320560059054e+03 7.708944536423840646e+02 1.669896176780077212e+03 7.288280929596719488e+02
6.826925552295854231e+02 -4.446955411584108901e+02 3.606347032342887928e+02 3.063382773372029522e-02 nan nan 1.281938986556359851e+03 1.099939037433155136e+03 1.870942063971031985e+03 9.880510563380281610e+02
1.956582520415365991e+02 6.050218508362354441e+02 5.453829690773413859e+02 1.750262082452185841e-01 nan nan 1.287012897678417858e+03 2.461594202898550634e+02 6.321976692066338046e+02 8.261398328690808057e+02
6.624935514523551774e+02 -3.891713861118680597e+02 1.144457876886653622e+02 1.324925471507195085e-01 nan nan 1.288865394533264634e+03 1.363053224796493396e+03 1.801884230287859737e+03 1.393891527599486608e+03
6.946127799556396667e+02 -4.585371027996097268e+02 5.922557762176678580e+02 2.362671920184971491e-02 nan nan 1.290020057306590161e+03 8.009723526343244657e+02 1.895008928571428669e+03 6.080505725190839712e+02
4.925591021599678356e+02 -2.069780222413951520e+01 8.256234514516278011e+01 5.461629731066384302e-02 nan nan 1.290989051094890556e+03 1.115960076045627375e+03 1.312057464454976298e+03 1.440059721300597175e+03
5.556557218712725899e+02 -1.577589575525841497e+02 3.152595788029988171e+02 1.215267330730154458e-02 nan nan 1.291028183716075091e+03 9.419675952245594317e+02 1.482997107039537013e+03 1.083143475906876120e+03
3.752806409165631294e+02 2.405175195831593840e+02 1.098202864481299059e+02 3.842112636441656626e-02 nan nan 1.296014359792580763e+03 9.158703554119547334e+02 1.014097999321803968e+03 1.397115027829313476e+03
4.677533893417160016e+02 4.171228138296945076e+01 5.065486994486785193e+02 1.227230647974972104e-02 nan nan 1.297986036519871050e+03 5.810328358208955706e+02 1.241030882992605484e+03 8.159054580896686275e+02
6.457342541216449945e+02 -3.400392693458521762e+02 5.999397180765918165e+02 1.387637592123272881e-02 nan nan 1.298941673710904524e+03 7.060584484590860939e+02 1.733183004794885392e+03 6.177252784340196285e+02
1.953811920865483671e+02 6.321996033756407769e+02 6.191576595403187184e+02 7.620697846404771436e-01 nan nan 1.300026909722222172e+03 1.539897769516728658e+02 6.230450885668276442e+02 7.349717552118358981e+02
2.204139366931118502e+02 5.860112446858372550e+02 5.181242312812134969e+02 2.341748112349271160e-01 nan nan 1.304001653575857745e+03 2.880098445595854741e+02 6.699371909000989262e+02 8.600124056094930438e+02
5.320555468876650593e+02 -6.701874944389099653e+01 6.277913222687733423e+02 2.673995429556182482e-03 nan nan 1.315988003838771647e+03 4.960203504804974841e+02 1.391069116360454927e+03 6.231269694161260304e+02
4.038737995686522027e+02 2.131817521646584908e+02 6.278644223171111207e+02 9.582931961441201740e-02 nan nan 1.317067288801571749e+03 3.418104455807158502e+02 1.066109929078014147e+03 6.671240804315841615e+02
4.213125900756120359e+02 1.866639407957492267e+02 3.374451269919002812e+02 1.260107366364958056e-02 nan nan 1.321128608923884485e+03 7.008422738190552082e+02 1.102087653661143804e+03 1.073041927409261689e+03
3.715053877033496406e+02 3.094813581320024127e+02 6.365293613218403834e+02 6.664060527360810005e-02 nan nan 1.330984414490311792e+03 2.858669181034482563e+02 9.780420616113743790e+02 6.699173280423279948e+02
6.894132417717543149e+02 -3.820795539736052433e+02 5.712675839922181922e+02 9.799544680201927038e-02 nan nan 1.331929915639195315e+03 7.818097826086956275e+02 1.827062302483069971e+03 6.580849974398361155e+02
2.069544749726938733e+02 6.739618667124590274e+02 6.050096708473693070e+02 1.289634413882608799e-01 nan nan 1.333029207920792032e+03 1.578938149972632630e+02 6.220092899800929445e+02 7.590686546463246032e+02
4.555145466640987593e+02 1.329919866792319851e+02 5.355603833790636372e+02 7.844336053126645808e-03 nan nan 1.334021451104100834e+03 5.000279524807826874e+02 1.175087230688386853e+03 7.870948429164196796e+02
6.039286154695039386e+02 -1.931808587392471281e+02 6.309410861681733422e+02 7.835613745897423987e-02 nan nan 1.334037746806039422e+03 5.729495641344956312e+02 1.570214205607476742e+03 5.978706896551724412e+02
6.471300079117919495e+02 -2.807683136970041460e+02 4.099863194543725626e+02 5.019099641235069340e-03 nan nan 1.335994082840236615e+03 9.219978086194302023e+02 1.693989238410596045e+03 9.270042372881356414e+02
5.584834534917573592e+02 -8.732016013044425051e+01 5.487377293373882594e+02 1.798053655402164636e-02 nan nan 1.337029691876750803e+03 6.138605664488017055e+02 1.440030082484230888e+03 7.388099526066350791e+02
7.498500767650281205e+02 -4.990736718488436168e+02 5.970910740311973086e+02 4.066309656267879519e-02 nan nan 1.341810295176385807e+03 8.359398391045820063e+02 2.007073834794646928e+03 5.959827338129496184e+02
2.636397006498393694e+02 5.691620831996548304e+02 5.564849174959987295e+02 1.786270540435192650e-02 nan nan 1.342063529411764648e+03 2.590669934640523024e+02 7.310975192472197932e+02 8.101440798858773178e+02
3.162297493589913984e+02 4.619716672338556123e+02 3.188823752535780045e+02 1.399474639505332921e-02 nan nan 1.344095380667236896e+03 5.740898566703417600e+02 8.390447478194918176e+02 1.114831928838951399e+03
4.388920222519291201e+02 1.991749111978612916e+02 6.244019656942873553e+02 1.137068986241648871e-01 nan nan 1.350917551020408155e+03 3.589636456733230716e+02 1.119055029154518934e+03 6.719386812263754791e+02
5.924402816164927117e+02 -1.281132789439074884e+02 3.286158598960013819e+02 5.147647242214248992e-02 nan nan 1.354013654618473993e+03 9.188301886792453388e+02 1.514079300291545223e+03 1.066071041733036054e+03
2.459405981125616449e+02 6.350393854936711477e+02 5.725554346932184444e+02 6.708207142258035827e-01 1.372077642656688568e+03 8.658510158013543787e+02 1.355968405584129414e+03 2.140660225442834133e+02 nan nan
6.275908065693722619e+02 -2.009804643425593156e+02 5.143710972415914284e+02 2.757911598550828736e-02 nan nan 1.359104220499569237e+03 7.361284004352556849e+02 1.609261551504874888e+03 7.760425531914893327e+02
2.329834454273149049e+02 6.765643300179971220e+02 4.373535507342064079e+02 2.129962158558698082e-01 1.378941011235955102e+03 1.034892703862660937e+03 1.359977675640183861e+03 3.439820069204152446e+02 nan nan
4.711274533662246427e+02 1.473929076399651876e+02 5.740187178341219578e+02 1.669911870509550172e-02 nan nan 1.360926912568306079e+03 4.499834494773519395e+02 1.188077191621411885e+03 7.358621017593912939e+02
2.733450516333539326e+02 5.886266844402799734e+02 6.346249045786782972e+02 3.538579053375639494e-01 nan nan 1.362987237237237196e+03 1.660455616653574111e+02 7.360931426475981425e+02 7.119315551082032698e+02
4.001707723099183909e+02 3.095370826121897494e+02 5.440663112068280043e+02 2.235425297978301667e-02 nan nan 1.363031994554118455e+03 4.010672451193058805e+02 1.014946737683089168e+03 7.980781352593564861e+02
4.150378099906066609e+02 2.839509756360383790e+02 3.917009509390163089e+02 1.168318570870165163e-02 nan nan 1.365008718980549929e+03 5.919766803840877856e+02 1.046037014563106823e+03 1.004975380159304905e+03
2.321973794739339212e+02 6.866669570539393135e+02 6.335419041197279739e+02 9.280907078714328851e-02 nan nan 1.365980400511291009e+03 1.258477883781439743e+02 6.489463933780054958e+02 7.261399038461538566e+02
4.672139249968871013e+02 1.741187996575266652e+02 3.713700926369024842e+02 2.929290129379091140e-02 1.392028459273797807e+03 1.075059193954660032e+03 1.367955717488789332e+03 6.782419590643274887e+02 nan nan
2.343174901458791055e+02 6.967524681018901447e+02 4.044301221644171278e+02 3.595256445253299238e-01 nan nan 1.370923852748361014e+03 3.720906040268456536e+02 6.459236969371305577e+02 1.018018991964937868e+03
6.027154062717726219e+02 -1.159114208613864179e+02 3.480122866982040932e+02 6.547871493091911299e-03 nan nan 1.373987786259541963e+03 8.909970326409495556e+02 1.519950988822012050e+03 1.038144222415291097e+03
4.730940811356074960e+02 1.673711083847968553e+02 6.397269740375252240e+02 1.012644885601049205e-01 nan nan 1.375021146355036080e+03 3.608688063063062827e+02 1.180015513126491669e+03 6.470077696526508362e+02
5.245806023406954637e+02 7.297834006377006233e+01 9.847795341342035158e+01 3.049218805847501816e-03 nan nan 1.378016160310277883e+03 1.053954474097331286e+03 1.301005519779208726e+03 1.413981046931407946e+03
3.544770043452982122e+02 4.497324350110963564e+02 5.870288984740623164e+02 2.799252079626827344e-02 nan nan 1.383031570639305528e+03 2.859003241491085987e+02 8.940128048780487688e+02 7.580715654952076648e+02
2.922112547449958129e+02 6.032977419384142195e+02 1.256108461022431868e+02 4.651626673245075339e-02 nan nan 1.384034070531978386e+03 7.118798283261802453e+02 7.509149154279856475e+02 1.374178929765886323e+03
3.229870486533544636e+02 5.257732722115380284e+02 6.187897713336978995e+02 6.858564436524952623e-02 nan nan 1.386086283185840784e+03 2.149564879564879618e+02 8.229707192870782819e+02 7.260372439478584283e+02
7.319373468373856895e+02 -3.809710731178218452e+02 3.571308041874422656e+02 1.493874942272375821e-02 1.422990301724137908e+03 1.037960154241645341e+03 1.387956725146198778e+03 1.077933597621407444e+03 nan nan
3.208709947739257586e+02 5.371288274869306179e+02 5.124852202747836145e+02 1.203423809986325088e-01 nan nan 1.387991087344028529e+03 3.308662004662004392e+02 8.150721209771229496e+02 8.659548629768941055e+02
4.464877984351675195e+02 2.551168140659697201e+02 5.788349749048601325e+02 2.682560179012687118e-02 nan nan 1.388992307692307804e+03 3.920222551928783332e+02 1.100982376863985564e+03 7.449245076586432788e+02
6.598456540964716623e+02 -2.127942949194155347e+02 3.084526078810100671e+02 7.880313711379652308e-02 nan nan 1.390934443847393823e+03 1.012132522407170313e+03 1.663990712074303474e+03 1.091991570881226153e+03
6.643519453933316754e+02 -2.168423578853432900e+02 3.910264261571798556e+02 5.908842923053754526e-02 nan nan 1.395877560975609867e+03 9.129309677419354330e+02 1.671994237588652595e+03 9.647247454972591640e+02
4.376848021467858985e+02 3.053798195110040865e+02 5.333244511630898614e+02 1.690124627275786662e-02 nan nan 1.403962166172106890e+03 4.230290088638195130e+02 1.065154948350549830e+03 8.141332603139832145e+02
7.417329081772918471e+02 -3.756177006920758004e+02 4.869009194395672466e+02 4.679066648970248155e-02 nan nan 1.406906701328711733e+03 9.070167699598979425e+02 1.896164122981641185e+03 7.972016776075856797e+02
6.423777906688000030e+02 -1.404436089108882584e+02 4.297414357173302619e+02 6.627396804746064907e-02 nan nan 1.411831578947368371e+03 8.141845888441632724e+02 1.589095260663507133e+03 9.140251461988303845e+02
2.812457782575714305e+02 6.940559887153945056e+02 4.576750906445712417e+02 1.513179401314477535e-01 nan nan 1.419043400713436313e+03 3.240499671268901807e+02 7.050766563944530390e+02 9.519839246119734071e+02
7.058872421759667759e+02 -2.703208931211960930e+02 4.229042740448591644e+02 2.883578326692733465e-02 nan nan 1.420015468227424662e+03 9.159930382894082186e+02 1.767024682893383670e+03 9.109643979057591423e+02
8.450538842584162467e+02 -5.781902533384263734e+02 3.685575361959147926e+02 9.148854916223239653e-02 nan nan 1.423887058823529514e+03 1.235919951485748925e+03 2.217154966198647799e+03 9.660120700060349463e+02
3.577080448873678051e+02 5.322926576138897872e+02 5.163450527306744107e+02 9.305612307300738240e-03 nan nan 1.425882729211087508e+03 3.350774228478613850e+02 8.630609960828203384e+02 8.620563467492260088e+02
3.741277066572752119e+02 4.962566843246593749e+02 6.372524964754312577e+02 4.260354922355665819e-01 nan nan 1.429011990407673920e+03 2.140467289719626081e+02 8.988527095877720967e+02 6.999882422104644775e+02
3.600278132752943065e+02 5.346969106776737135e+02 5.390015393334231248e+02 9.208985014456062823e-02 nan nan 1.429944466800804776e+03 3.089755054432348516e+02 8.650879358222771316e+02 8.330604689428218990e+02
2.937287503673481410e+02 6.952550505025679968e+02 6.098280883404762562e+02 6.830853697084444676e-01 nan nan 1.434971459934138238e+03 1.588510182207931507e+02 7.210659614187927673e+02 7.609742198100407222e+02
6.275096056565340632e+02 -5.205737903392840593e+01 1.250689349210879158e+02 3.141981926069153941e-03 nan nan 1.435032912781130108e+03 1.123810133954571938e+03 1.513990536277602587e+03 1.375038118410381230e+03
3.622658231069814292e+02 5.589319820247166035e+02 1.070732531955704161e+02 1.465362539777092798e-01 nan nan 1.436032627361190634e+03 7.649161437535652794e+02 8.559774294670846757e+02 1.398040948275862092e+03
6.276321437776192624e+02 -3.791699924266426081e+01 1.378510776682842334e+02 1.011026160145767905e-01 nan nan 1.442943181818181756e+03 1.101029545454545541e+03 1.504958926615553082e+03 1.355909685086155605e+03
4.884825419204823902e+02 2.647042834477965130e+02 5.509564476517931553e+02 2.263786035294919341e-01 1.468908486507626094e+03 8.361566566566566507e+02 1.443021698698078126e+03 4.298984227129337796e+02 nan nan
6.267545182990680814e+02 -3.333969762737847020e+01 3.788022980304081102e+02 5.271994255068950669e-03 nan nan 1.450058881256133418e+03 8.141202185792350292e+02 1.498937635339974122e+03 1.000833642777571526e+03
4.204357847103103154e+02 4.528718147486424641e+02 4.150144755029298835e+02 2.505647749901643295e-02 nan nan 1.455034773969200160e+03 4.929877267876200904e+02 9.749948096885813129e+02 9.889483394833948751e+02
8.058900929811849210e+02 -4.374681150135691610e+02 4.950087663334136323e+02 2.612317354326356214e-02 nan nan 1.458869631901840421e+03 9.549146981627296782e+02 2.035076859045504989e+03 7.779300924065889831e+02
5.324147080589868892e+02 2.181988719419375400e+02 2.627602029762142593e+02 4.392893478908270477e-02 nan nan 1.463952923076923071e+03 7.961548765173712354e+02 1.230934062059238386e+03 1.181945636623748214e+03
5.710162840567626290e+02 1.483458473518906260e+02 2.213270221062551855e+02 3.454655259414127905e-02 nan nan 1.473002375296912078e+03 8.879606299212598515e+02 1.318928140703517556e+03 1.237858361774744026e+03
4.139298636846462500e+02 5.015893481656875679e+02 5.447762452139025982e+02 2.490352961201452997e-01 nan nan 1.473846920289855007e+03 3.250393996247654513e+02 9.459957947855340308e+02 8.239992019154029776e+02
4.097901912939856288e+02 5.324398871620948057e+02 1.022296730345380809e+02 4.075248091568730094e-03 nan nan 1.473900308778120916e+03 7.921526674233824679e+02 9.260677867902664957e+02 1.404002029769959336e+03
6.836667926701477427e+02 -1.300205735379324778e+02 5.392142628272797538e+02 4.466794037347837643e-02 nan nan 1.473907970057243574e+03 6.798250825082508300e+02 1.636044925575101388e+03 7.540603531300160967e+02
3.457226338979501747e+02 6.618057115489289117e+02 5.227929772361343339e+02 4.099462774270219434e-01 nan nan 1.474054586381541867e+03 2.770584498094028163e+02 7.959193357058126139e+02 8.680828966174368588e+02
8.300650053635893073e+02 -4.524769712026544539e+02 3.556883680465836051e+02 1.390896220287424559e-02 nan nan 1.479824462640737011e+03 1.159030619345859350e+03 2.084213179833267077e+03 1.000975609756097583e+03
6.556246720033018391e+02 -5.743128208115449240e+01 6.188464769368715679e+02 2.305188784660753762e-02 nan nan 1.480022774327122079e+03 5.318767295597484690e+02 1.550266857962697259e+03 6.480546659304251307e+02
8.669779724986742622e+02 -5.273695645123536906e+02 3.332345626716768834e+02 1.994649592391387755e-02 nan nan 1.486011904761904816e+03 1.253972115384615336e+03 2.201927120669055967e+03 1.030969532836831377e+03
8.259711495125859528e+02 -4.359759878339868351e+02 4.545516802728884045e+02 6.384591382708862395e-02 nan nan 1.487022706065318744e+03 1.015033157498115997e+03 2.062217610550814697e+03 8.441187800963082282e+02
3.582418661070310577e+02 6.726111667051842460e+02 3.007981707693884914e+02 1.215399542856601851e-02 nan nan 1.487326918332099694e+03 5.141062233589087782e+02 8.059520652728199366e+02 1.150941864241636949e+03
4.626503596579786972e+02 4.154674520672376161e+02 5.584328908138689940e+02 3.367778849494508508e-02 nan nan 1.487957977883096419e+03 3.529734085414987703e+02 1.044902830188679218e+03 7.968632792037716399e+02
4.021196574945964812e+02 5.592908306406720840e+02 6.237500211130658272e+02 1.498532996476635917e-02 nan nan 1.490067640276710335e+03 2.109256000000000029e+02 9.069223007063571913e+02 7.290496671786994511e+02
4.852388909552586256e+02 3.732252749648755525e+02 5.834706917156813688e+02 4.776606221958012988e-02 nan nan 1.494017959183673383e+03 3.450285954583683861e+02 1.092985534124629112e+03 7.589387483355526456e+02
7.142970866030865409e+02 -1.692714726432897123e+02 5.956132988601033276e+02 1.154774201804772416e-01 nan nan 1.494031088082901533e+03 6.350702656383890599e+02 1.703039548022598865e+03 6.650784490532010977e+02
5.713590375925433591e+02 2.039932884828048998e+02 1.194092412998726900e+02 2.838811455818775892e-02 nan nan 1.497981395348837168e+03 9.720812043795619957e+02 1.289049140049140078e+03 1.381883353584447150e+03
4.084641616182139501e+02 5.648364653804419504e+02 5.536803776644413801e+02 1.665979466037275647e-01 nan nan 1.498034859876965129e+03 2.899427950760318708e+02 9.120198463508322675e+02 8.199646464646464210e+02
9.230475460547597777e+02 -6.402281282397773339e+02 3.838844176859477102e+02 1.053932654584975245e-02 nan nan 1.499037066246056838e+03 1.288824051654560208e+03 2.385127414561664409e+03 9.358049410029498176e+02
7.094402577086941619e+02 -1.106892796608709233e+02 1.935044112521541990e+02 1.186783332282127235e-01 nan nan 1.506980670835702085e+03 1.103076974120769819e+03 1.661046066619418752e+03 1.272030724637681260e+03
8.798066523054221761e+02 -5.216035982701918101e+02 3.106557823110431400e+02 7.124522219711981741e-02 nan nan 1.507021838034576831e+03 1.283981900452488617e+03 2.215028191703584525e+03 1.069035682023486970e+03
8.154811487687163662e+02 -3.602698179505435405e+02 2.138611683897765658e+02 3.658716299853752296e-02 nan nan 1.509004878048780483e+03 1.271992163009404294e+03 1.989976781002638518e+03 1.233937206572770037e+03
6.853293530832637543e+02 -6.666463309510361057e+01 5.334812389461885687e+02 8.662803352835880821e-02 nan nan 1.510902519167579385e+03 6.539858490566037972e+02 1.596019681349578150e+03 7.729475587703435622e+02
6.433089940717181889e+02 4.130669268028238861e+01 4.105436068495613995e+02 5.356413843046956696e-02 nan nan 1.511028921568627538e+03 7.401585239085238754e+02 1.474072921298354913e+03 9.629245727754861264e+02
8.521744694915934133e+02 -4.592096886621559406e+02 6.229398040970280590e+02 3.409258543385667759e-05 nan nan 1.515987759446514019e+03 8.050119047619048160e+02 2.114077139639639427e+03 5.729992857142857474e+02
8.528559943172324438e+02 -4.479456189593755653e+02 4.856724157014045318e+02 1.287226865388141003e-02 1.570898024989923442e+03 7.999968213604577159e+02 1.519042587776332994e+03 9.891221864951768339e+02 nan nan
4.345559160628376389e+02 5.694354495091038189e+02 2.216538306713603959e+02 5.795509946531885587e-02 nan nan 1.519844550327575917e+03 6.560930414386239136e+02 9.410445151033386537e+02 1.248912850812407669e+03
4.318709105596732343e+02 5.635824273073798167e+02 4.695491124099428362e+02 9.871404389421120640e-03 nan nan 1.520951819579702715e+03 3.890321130378933958e+02 9.409394531250000000e+02 9.289892555640828959e+02
4.497578164296276100e+02 5.113004429513255218e+02 6.297791889843698527e+02 2.097802475076850359e-01 nan nan 1.520970006816632576e+03 2.300199539524174952e+02 9.859858803986710427e+02 7.169836214740673768e+02
4.967413428946184126e+02 4.201104129988772797e+02 5.168698131458827447e+02 1.092379160217103740e-02 nan nan 1.528000658761528257e+03 4.059353062629043620e+02 1.085025693035835047e+03 8.540000000000000000e+02
4.535178043193179747e+02 5.444293630181881554e+02 2.218354468385952032e+02 3.239869525889469554e-02 nan nan 1.528973673213539541e+03 6.708663194444444571e+02 9.750194839389151866e+02 1.247986928104575099e+03
4.626743344195398890e+02 5.244769949204647901e+02 1.931145588730999805e+02 5.436396140785085436e-03 nan nan 1.529023696682464561e+03 7.120570153693604425e+02 9.949983060417843035e+02 1.284911111111111040e+03
4.446741949315037346e+02 5.422961248387596243e+02 6.289480020709165728e+02 1.904843703490148865e-01 nan nan 1.529957461645746207e+03 2.188798701298701417e+02 9.660062805303558662e+02 7.220920590302177970e+02
6.103898964885549958e+02 1.587761770754680697e+02 3.917078914628351640e+02 9.906724157832891287e-02 nan nan 1.529965109034267925e+03 6.950310600945307442e+02 1.362954337899543361e+03 1.000042968750000000e+03
5.716047034581553135e+02 2.634855463991315787e+02 2.528076864907313279e+02 5.760320926959881446e-03 nan nan 1.530972267536704749e+03 7.940757534618517184e+02 1.256982104814657077e+03 1.198099954975236415e+03
9.152044916481920609e+02 -5.572851813609390774e+02 2.250925953989198831e+02 1.222941813603052597e-01 nan nan 1.533097350585335789e+03 1.435158119658119631e+03 2.299030216647662655e+03 1.208000582072176940e+03
6.609314837337160498e+02 3.680840687683819823e+01 5.936738940082998397e+02 7.129361858021672493e-02 nan nan 1.536981500513874607e+03 5.190436223081170510e+02 1.498242599277978343e+03 7.020268336314848057e+02
6.633743950702227039e+02 6.533144975571075008e+01 2.101624260017168524e+02 1.252950131473151013e-02 nan nan 1.541000383582662153e+03 9.689272727272726797e+02 1.486942596566523662e+03 1.251933450087565689e+03
6.850332283671995128e+02 -5.485957900840432444e+00 5.240911764474063830e+02 4.359777679098912964e-03 nan nan 1.542935394554683853e+03 6.340454070981211316e+02 1.556303955154157620e+03 7.960902417962003028e+02
5.166523659297859012e+02 4.444499865310100972e+02 1.087224994560595661e+02 6.060764212960988162e-02 nan nan 1.548974095238095288e+03 8.500304250559283901e+02 1.098014960261804617e+03 1.395033823529411848e+03
4.743651325695325340e+02 5.111555170928851908e+02 6.346073023067632448e+02 1.389904790196399009e-01 nan nan 1.549025353773584811e+03 2.289370860927152194e+02 1.016039150943396180e+03 7.120936607652770363e+02
5.200298545821055995e+02 4.091508611178132355e+02 5.904433716365111877e+02 9.565345476523839929e-02 nan nan 1.551948440207972226e+03 3.289272051009564279e+02 1.119028529626920317e+03 7.569601275917065095e+02
5.071146968912814827e+02 4.751169539918781197e+02 2.846902108662064279e+02 4.712916408429440596e-02 nan nan 1.557918548387096735e+03 6.451303916707981898e+02 1.072029691876750803e+03 1.163982546864899859e+03
7.136655479474089816e+02 -4.669750215122429182e+01 5.258871493651304263e+02 1.538856981818100267e-01 nan nan 1.557977938859123924e+03 6.600516605166051249e+02 1.620042925824175882e+03 7.890462768195203580e+02
7.202159397063073811e+02 -3.209828766623828500e+01 1.400857299776511979e+02 2.474159344636418095e-02 nan nan 1.558911192853389366e+03 1.120966927239927827e+03 1.623025494276794916e+03 1.351952571428571446e+03
5.529617579490702610e+02 3.430561511039319953e+02 5.934556689825873264e+02 3.255986923172149439e-02 nan nan 1.559001494768310977e+03 3.589272030651341083e+02 1.191976693372177806e+03 7.449745699326850854e+02
8.986297488303190448e+02 -4.818880004607390219e+02 3.522468192483157736e+02 1.000502059800279508e-01 nan nan 1.559072489082969469e+03 1.206854771784232298e+03 2.203825112107623227e+03 1.005970043756311043e+03
4.435986171598103738e+02 6.126540712464918670e+02 6.052316428624247919e+02 7.197045517924406388e-01 nan nan 1.560022617124394174e+03 2.191092824226464870e+02 9.349767676767676221e+02 7.630070281124498024e+02
4.392438478675090323e+02 6.551499508201450226e+02 3.911637142929728839e+02 7.440476316500990728e-02 nan nan 1.567937935034802877e+03 4.400189048239895442e+02 9.109568764568764436e+02 1.037181405895691569e+03
6.096810348094868459e+02 2.566395946900503304e+02 1.785522104384814384e+02 2.088141566592381371e-01 nan nan 1.568999223602484562e+03 8.890221343873517981e+02 1.308976893453145067e+03 1.300092511013215926e+03
8.647201224491232097e+02 -3.838263981840682391e+02 3.921469016092489142e+02 1.512178861932494400e-01 nan nan 1.569943844492440576e+03 1.075921280276816560e+03 2.072000000000000000e+03 9.520171192443920063e+02
8.279757181341660726e+02 -2.741365401242700273e+02 1.576349212515725071e+02 2.554882103816837891e-01 nan nan 1.570896685082872864e+03 1.285991356382978665e+03 1.939006215040397819e+03 1.324033424283765271e+03
6.428347997273614283e+02 1.662471353570144004e+02 3.721807161082929269e+02 1.072747930785569181e-01 nan nan 1.572043503148254104e+03 7.220120558375634801e+02 1.400036391594054294e+03 1.028912676056338114e+03
5.519333971405823149e+02 3.723444528648291225e+02 5.981785511182345090e+02 6.913863156716337777e-02 nan nan 1.572043512658227883e+03 3.410390161153520125e+02 1.176118952760386946e+03 7.430122448979591354e+02
8.319496282287291251e+02 -2.792301861426922187e+02 3.798138642492967278e+02 3.739823160554095818e-03 nan nan 1.583041195476575012e+03 1.013942626837363719e+03 1.943950772200772235e+03 9.817875862068965489e+02
8.353764483174302313e+02 -2.825936532658208762e+02 3.338500557363732923e+02 6.515562255404498682e-02 nan nan 1.583846934632561897e+03 1.075961456102783814e+03 1.951955568720379233e+03 1.052030397022332409e+03
9.572637198738982534e+02 -5.652986590601484522e+02 1.644917005748137342e+02 3.763563329941225222e-01 nan nan 1.586032151300236364e+03 1.535089456869009609e+03 2.365887648809523853e+03 1.307940864291129628e+03
4.991365808299581772e+02 5.701679314670017220e+02 1.401452461467971773e+02 1.252949597382395364e-02 nan nan 1.586946692991115469e+03 7.549250288350634719e+02 1.018972062448644238e+03 1.354055137844611636e+03
7.136327585537868572e+02 3.205019380294554310e+01 3.381627792568432938e+02 3.694982144094694637e-02 nan nan 1.590982358870967801e+03 8.500610591900311874e+02 1.571089046822742375e+03 1.067988129154795843e+03
7.978901191231890380e+02 -1.589907868041090069e+02 1.656282478055676677e+02 9.291679192153921851e-03 nan nan 1.592852788104089313e+03 1.191971126082771889e+03 1.811993476842792006e+03 1.312995759717314513e+03
5.206265977547502644e+02 5.024723995251480346e+02 5.819318511095792701e+02 5.320725719667845910e-02 nan nan 1.595967287784679002e+03 3.020322959483264640e+02 1.075996044303797362e+03 7.811165429943256413e+02
4.906803254432874724e+02 5.733184041825639952e+02 6.266767663917880782e+02 1.172185989480118845e-01 nan nan 1.595998815165876749e+03 2.180971512052593084e+02 1.008024883359253522e+03 7.321101836393989970e+02
5.245238748469191705e+02 4.906415814756570626e+02 6.320006107881804382e+02 1.117346906050719346e-01 nan nan 1.596967648278722436e+03 2.490826226012793256e+02 1.086092404620231036e+03 7.150320037105751680e+02
6.994202269527982025e+02 7.511175766782565688e+01 4.364377685047729756e+02 6.910113963010339200e-02 nan nan 1.599086872586872687e+03 7.050026972353338124e+02 1.525193392070484606e+03 9.320201219512194939e+02
9.142065210622423592e+02 -4.296544151067542430e+02 8.993054063880408933e+01 1.727162248866175864e-01 nan nan 1.599193548387096826e+03 1.508102650874224537e+03 2.184918624161073694e+03 1.429968793665579824e+03
5.268943075258307545e+02 4.987698026139034937e+02 5.428257723707132527e+02 2.348527762926332363e-01 nan nan 1.600080301685891754e+03 3.500946803318691991e+02 1.085111526946107688e+03 8.310813673567645310e+02
4.610136902795114793e+02 6.583696055338381257e+02 6.196882089473431279e+02 3.228733465449137308e-01 nan nan 1.600852808988764082e+03 1.901001615508885436e+02 9.359374307862680098e+02 7.510969447708578173e+02
4.909722968836385348e+02 6.123169899127337885e+02 4.669609693618983783e+02 6.983154489000262255e-02 nan nan 1.607931000971817411e+03 3.838533663775299374e+02 9.910854978354977902e+02 9.391642461964038375e+02
9.316632364291089061e+02 -5.004581449516579710e+02 6.146038730212277414e+02 3.623024893570424981e-02 nan nan 1.607992692307692323e+03 8.679007808911345592e+02 2.258170987313844307e+03 5.840380886426593179e+02
5.395915127931527877e+02 5.060384691110716631e+02 3.170315845185861576e+02 2.902370208256152551e-02 nan nan 1.608984971098265987e+03 6.029508196721311606e+02 1.097215087561742166e+03 1.124023017902813308e+03
5.906527898345557333e+02 3.828358588043849409e+02 2.670435928598500936e+02 2.320978223754393416e-02 nan nan 1.609000771604938336e+03 7.249748625294579369e+02 1.219134521880064767e+03 1.184106819553409878e+03
5.976972669766092849e+02 3.519864180808455103e+02 4.183342826082085253e+02 6.717688631648997821e-02 nan nan 1.609058930741190807e+03 5.699688741721854512e+02 1.243036474164133779e+03 9.810656488549618643e+02
5.117550879104874753e+02 5.668895905652851752e+02 5.254492054342558731e+02 5.107435627160285957e-02 nan nan 1.612957317073170771e+03 3.399131672597864622e+02 1.036090685066535343e+03 8.610463917525772786e+02
4.840669460999283729e+02 6.732704458880159564e+02 9.542752268403773996e+01 1.224248166264991014e-02 nan nan 1.613998749478949549e+03 7.518567567567567949e+02 9.559636824324323925e+02 1.411185707569346505e+03
5.562037334221726042e+02 4.511203296812344092e+02 6.202660286961671545e+02 7.580718366724523150e-02 nan nan 1.614931914893616977e+03 2.840572562358276514e+02 1.143057266602502295e+03 7.261118769883350978e+02
4.945420779860558582e+02 6.090074030497390822e+02 5.930092272308290831e+02 3.348983814736751496e-02 nan nan 1.615085654596100312e+03 2.440455950540958270e+02 9.970033149171271134e+02 7.798585580627408262e+02
8.905015356954376102e+02 -3.849417399665614425e+02 6.315854762602760957e+02 1.467356791721153089e-02 nan nan 1.616966785290628650e+03 7.579420289855072497e+02 2.102015810276679986e+03 5.800118110236220446e+02
7.883914592100585423e+02 -1.108664196558945036e+02 4.572293706552320600e+02 1.362781122953271931e-02 nan nan 1.618927647058823595e+03 8.019057750759878900e+02 1.760967382657120197e+03 8.839008638420402804e+02
6.596657188951799071e+02 2.095603156196909254e+02 6.109178498457704336e+02 8.468022262304170100e-03 nan nan 1.623906057661159593e+03 4.169032648125755713e+02 1.395198242187500000e+03 7.071032934131736738e+02
7.946429729415007159e+02 -1.171504558053403855e+02 4.807092928401862082e+02 6.890852187285889663e-02 nan nan 1.624996350364963519e+03 7.770362407862407963e+02 1.773163461538461434e+03 8.490512356841470591e+02
6.491593344735673554e+02 3.018640820110840082e+02 9.842015764635917208e+01 6.636556402507651393e-03 nan nan 1.632022121669180478e+03 9.630445186421814014e+02 1.333955487804877976e+03 1.408889830508474688e+03
5.438645091627353167e+02 5.347700518075309901e+02 4.829081101142180614e+02 2.371115413827772772e-02 nan nan 1.633069540229884979e+03 4.069867758186397850e+02 1.089077256317689489e+03 9.130420445177246620e+02
7.285511573259474289e+02 9.521867356400601068e+01 2.220458378697959461e+02 5.546745164297738062e-02 1.698910020449897729e+03 1.281939742721733182e+03 1.635097132284921372e+03 9.558508393285371767e+02 nan nan
5.776406341335692787e+02 4.770990026396742678e+02 2.517204811789509904e+02 1.024996890279252226e-01 nan nan 1.635913903255247988e+03 6.951731019522776478e+02 1.156989597467209478e+03 1.207976179355441445e+03
6.462669603545166410e+02 3.049970782097780102e+02 2.555004182224463420e+02 6.831362030929174697e-03 nan nan 1.636950123456790152e+03 7.880547368421052852e+02 1.328029482551143246e+03 1.196926336375488972e+03
6.317182529367976258e+02 3.267703494257973489e+02 4.137992992786660125e+02 3.243094000012498868e-02 nan nan 1.637003412969283318e+03 5.940281810418446184e+02 1.297934715025906826e+03 9.859419063733784014e+02
4.853675521134269388e+02 6.881879323556036070e+02 5.226196192251251205e+02 7.676143695106163456e-02 nan nan 1.637035598705501570e+03 2.919579600275671964e+02 9.520351562500000000e+02 8.770072262367982603e+02
5.116438289247152511e+02 6.277517838916892288e+02 5.275573285476090177e+02 8.745173673727363317e-02 nan nan 1.639900385250412683e+03 3.140942079553384474e+02 1.009002006688963206e+03 8.651929133858267278e+02
7.289358037344294416e+02 1.056003781787753866e+02 2.937199062267613954e+02 4.333478068399902912e-03 nan nan 1.644022661523625857e+03 8.669601528384279163e+02 1.545074279939363350e+03 1.136048780487804834e+03
6.149809643457124366e+02 4.081371092652825041e+02 3.099693235771275113e+02 7.764266537798095690e-03 nan nan 1.649960743801652825e+03 6.708964732650739506e+02 1.235985932004689403e+03 1.128996420901932652e+03
7.073120215102147768e+02 1.597544428824222678e+02 4.499263716107037112e+02 8.626135006993877752e-03 nan nan 1.651046808510638357e+03 6.478651817116060556e+02 1.484186046511627865e+03 9.230033821871477357e+02
5.690269724685067558e+02 5.111601230326706400e+02 5.480317378554924517e+02 5.450906960405696444e-02 nan nan 1.653952822240943533e+03 3.470097517730496293e+02 1.130123203285420914e+03 8.280087829360099931e+02
8.585572631985594398e+02 -1.927856540467512048e+02 2.205324767643122641e+02 1.853166179854686194e-02 nan nan 1.656948034342521396e+03 1.166082590612002377e+03 1.915150831991411678e+03 1.229978128797083855e+03
7.205915970740628609e+02 1.510011743491907055e+02 4.038428804998978308e+02 4.674498738960060351e-02 nan nan 1.660968689788054007e+03 7.108224256292905920e+02 1.506239184177997458e+03 9.860979519145147378e+02
8.175478805680171490e+02 -1.054446467949197483e+02 5.061131779643289406e+02 3.546240391040815509e-02 nan nan 1.662940144872283554e+03 7.439246450673462050e+02 1.793917564655172328e+03 8.148846737481031823e+02
7.433894018279166858e+02 1.326772452589484317e+02 1.233760368145666888e+02 1.633094431828316677e-03 nan nan 1.665960666951688836e+03 1.050935247747747781e+03 1.548138461538461570e+03 1.375162011173184283e+03
8.634942221907799649e+02 -2.258053405725175082e+02 5.873375428466272297e+02 5.609403175903865044e-03 nan nan 1.666078452639190118e+03 7.170258620689654663e+02 1.940020032840722479e+03 6.780492804186654894e+02
5.612796898292083370e+02 5.998651193930348882e+02 1.542153845558751186e+02 2.866260298070055540e-04 nan nan 1.667085334318433752e+03 7.401269035532994849e+02 1.080043831168831275e+03 1.336125091709464414e+03
5.257874499513108049e+02 6.552100163954921754e+02 5.752094555671951639e+02 5.968828314271674707e-01 nan nan 1.669231102551757431e+03 2.520356217616580352e+02 1.014124446234393872e+03 8.099856459330143252e+02
7.732407664578017830e+02 7.733465477212209294e+01 1.193344314525835443e+02 6.106806891186767478e-02 nan nan 1.675977664974619302e+03 1.095023795705165412e+03 1.620123860589812239e+03 1.380962917933130711e+03
5.507095294877734659e+02 6.433747198906090716e+02 3.664260793931642866e+02 4.247274890966921956e-02 nan nan 1.682943339100346066e+03 4.930673660960795246e+02 1.048122754491017986e+03 1.070027955736750073e+03
6.716554186049320379e+02 3.367277487731296333e+02 2.994925127015634985e+02 2.232828066842290626e-02 nan nan 1.682958544449562396e+03 7.290152671755724896e+02 1.341940668202764982e+03 1.139893480791618231e+03
6.221767928944490222e+02 4.380176703600328665e+02 5.923519131458326683e+02 1.529962334249934663e-01 nan nan 1.685027944111776378e+03 3.349359154929577471e+02 1.228986048829098081e+03 7.639305628616517652e+02
7.278252436291043068e+02 2.178763131562754154e+02 1.151459037147714213e+02 4.184458143003814273e-02 nan nan 1.686034073309241194e+03 1.008996714848883016e+03 1.478118018455561014e+03 1.386158918918918971e+03
7.694197608147909477e+02 1.029774034153355871e+02 2.247734324551124132e+02 1.115806547168306587e-02 nan nan 1.688930610236220446e+03 9.591382799325464248e+02 1.598058601134215451e+03 1.232969212315073946e+03
5.306545664762027172e+02 6.840901647481978216e+02 6.343201195538130150e+02 1.029048508389292793e-01 nan nan 1.690011463250168617e+03 1.760389197776012793e+02 1.006965873015873058e+03 7.400415986949428770e+02
9.101946332306873728e+02 -2.626362460028145165e+02 2.944033089310850642e+02 1.068775072801093767e-01 nan nan 1.694022787028922039e+03 1.135871033776867989e+03 2.034946167883211729e+03 1.115794454713493451e+03
7.988174190980422509e+02 6.235690522650997991e+01 1.718164809421986945e+02 8.294295732222901896e-02 1.781971658206429765e+03 1.357050896471949045e+03 1.703076512455515967e+03 1.051010996563573826e+03 nan nan
7.988351454510512895e+02 6.662151393352927187e+01 2.034673226110501503e+02 2.093436966417327322e-02 nan nan 1.706960309777347447e+03 1.012059237536656838e+03 1.658089519650655120e+03 1.262036407766990351e+03
9.555786498329670167e+02 -3.662029953395565371e+02 5.227101205943959030e+02 6.406209892970837760e-02 nan nan 1.716002337540906865e+03 9.169584552369807398e+02 2.174073576799140483e+03 7.569289520426287936e+02
9.154790142230463061e+02 -2.087335384349534877e+02 1.698901284018860451e+02 5.580559073987857444e-01 nan nan 1.721001697792869209e+03 1.254998768472906477e+03 2.002004115226337490e+03 1.306071199486850446e+03
5.986391304501139530e+02 5.888296172593290976e+02 5.734260998364378565e+02 5.177731386199609098e-02 nan nan 1.722959920831271575e+03 2.928182751540040840e+02 1.129077665827036071e+03 8.068776536312849430e+02
5.949436949241124921e+02 6.210687542832280315e+02 3.811481554924873194e+02 5.106383780688147911e-02 nan nan 1.722985550361240939e+03 4.949631868131868373e+02 1.109998275118585525e+03 1.050954005934717998e+03
8.487549483680901403e+02 -3.458748329225014118e+01 2.248175007953743147e+02 2.884964827549537422e-03 nan nan 1.723002479338842932e+03 1.059975080385852152e+03 1.788001599147121624e+03 1.229010691823899379e+03
7.609385225296633735e+02 1.960502028888618895e+02 3.213215156251739586e+02 5.305301546092903303e-02 nan nan 1.726991474245115342e+03 7.950470103092783347e+02 1.530056638246041302e+03 1.104025064267352263e+03
9.507299460772828752e+02 -3.017900165243538595e+02 4.721389305988239471e+02 4.888006075687918728e-02 nan nan 1.740823941419929952e+03 9.428605166051660262e+02 2.115067172264355577e+03 8.439902702702702300e+02
8.009882280238983867e+02 1.190534488665119994e+02 3.211581879837021347e+02 1.084812050973258390e-01 nan nan 1.741027961362480937e+03 8.458780918727915150e+02 1.626094699922057771e+03 1.100017102137767324e+03
5.925804416724608927e+02 6.971612298157606347e+02 2.382524942676935495e+02 6.063437984282504800e-02 nan nan 1.745032350532350620e+03 6.160288898060256315e+02 1.072976294995610260e+03 1.233008849557522126e+03
7.156773550294720962e+02 4.616176542503278029e+02 1.080801356962993225e+02 4.462334308495660706e-02 nan nan 1.777040714285714330e+03 8.880592816962354163e+02 1.330082807902479999e+03 1.394061955965181824e+03
8.227526438904606039e+02 1.283962778113041736e+02 4.057233580015916914e+02 6.126087635012658628e-02 nan nan 1.777942065491183939e+03 7.449660574412532696e+02 1.646157298277425298e+03 9.849754634678298544e+02
7.323008500790427888e+02 3.938337959761319098e+02 3.538866059182538493e+02 2.121285278679636496e-02 nan nan 1.782046710526315792e+03 6.539180000000000064e+02 1.384162245527452114e+03 1.073046531302876474e+03
6.391587816019033426e+02 6.368202299022110537e+02 5.664304418423142806e+02 1.294192561391324936e-01 nan nan 1.789039106145251480e+03 2.900056818181818130e+02 1.153960747663551501e+03 8.230383838383838793e+02
7.429817293925124204e+02 3.956697620497409389e+02 3.303946935760679935e+02 4.162560200574060704e-02 nan nan 1.793916020082154319e+03 6.820614492753622926e+02 1.396022325581395307e+03 1.104020909090909072e+03
7.133724473240242787e+02 5.133082770992180031e+02 1.684241464414339760e+02 1.747724401558174989e-01 nan nan 1.799094584286803865e+03 7.980444987775060781e+02 1.300935273159144799e+03 1.316948446794448046e+03
9.525578050973825839e+02 -1.517238119125603646e+02 1.930719529768074665e+02 3.559678456798420765e-01 nan nan 1.800005892751915098e+03 1.202036134453781415e+03 2.003984848484848499e+03 1.272031204644412128e+03
8.793870013501926906e+02 6.774109891685721152e+01 1.127559964124556871e+02 6.737574447006164369e-02 nan nan 1.801758357211079328e+03 1.137772976262933753e+03 1.758119477286870051e+03 1.389089571337172174e+03
6.388217395595992230e+02 6.735585410148681831e+02 5.581134910393841437e+02 4.745525429832770925e-01 nan nan 1.802984090909090810e+03 2.848605911330049025e+02 1.137054881571345959e+03 8.380214424951267347e+02
6.473269566151753907e+02 6.594984119600321719e+02 5.194399954393500138e+02 8.691997555572827938e-02 nan nan 1.804873656789319512e+03 3.359564386702330694e+02 1.152996191926885103e+03 8.839983686786297312e+02
7.354293859519641501e+02 4.428776391389263836e+02 4.750997017884052980e+02 1.990497406586203832e-01 1.869041366041366018e+03 9.479229357798164983e+02 1.813985093167701962e+03 4.929608974358974365e+02 nan nan
7.324034649497720011e+02 5.121084161229487108e+02 2.781742499308753622e+02 2.759733338919785617e-02 nan nan 1.826862771137671643e+03 6.839537861915367785e+02 1.323239006282124592e+03 1.177086140724946745e+03
6.895517212048114288e+02 6.471066169559063610e+02 1.763944922216709870e+02 1.710668527455303997e-02 nan nan 1.827039837398373948e+03 7.229786641929499638e+02 1.207945216680294379e+03 1.308942275042444862e+03
9.483511720802719083e+02 -1.251843859407500474e+02 4.995230000159288011e+02 1.022654683038733310e-02 nan nan 1.829924064768285916e+03 7.989909385113268172e+02 1.973099855282199769e+03 8.288304853041695424e+02
7.972560944545762140e+02 3.417941625910182779e+02 3.097035383668057875e+02 2.358759006599113472e-02 nan nan 1.834073452862926615e+03 7.439005847953216062e+02 1.489940740740740694e+03 1.128905982905982910e+03
8.138940275969650884e+02 2.709014060111477420e+02 5.657467779594555850e+02 9.569737218513540977e-02 nan nan 1.841964985994397694e+03 4.780343316289262248e+02 1.548109899694723026e+03 7.859217941345600593e+02
8.643583883319817005e+02 1.379259414694896861e+02 6.328321282950694240e+02 1.047380501432104358e-02 nan nan 1.852104225352112735e+03 4.670763143018654659e+02 1.688073033707865079e+03 6.789150442477875913e+02
7.486283992154254747e+02 5.231184678379288471e+02 3.863611853879562545e+02 1.391384306209746471e-02 nan nan 1.856988453608247482e+03 5.620914260717410116e+02 1.336072029442691928e+03 1.041052469135802539e+03
7.292949628122978538e+02 5.497243951913467299e+02 5.939248877300485674e+02 7.598830527085602693e-01 nan nan 1.858949025487256449e+03 3.080224358974359120e+02 1.300048444671086145e+03 7.829688581314878775e+02
8.050200343481310483e+02 3.673010616858750836e+02 4.362586729798925944e+02 1.185739948200439792e-01 nan nan 1.862992129427197142e+03 5.870482416591523815e+02 1.484059784626810142e+03 9.660398179749715837e+02
7.878487000052638223e+02 4.875592380824856491e+02 1.522777136693476621e+02 8.043656909877083122e-03 nan nan 1.872071788413098147e+03 8.448279569892473546e+02 1.400974181117533817e+03 1.337042883211678827e+03
7.335433704381370035e+02 6.235550703205941545e+02 4.194436452666756168e+02 7.350244535939885748e-02 nan nan 1.882011265164644783e+03 4.790064987814784558e+02 1.268924054982817779e+03 1.006996120689655186e+03
8.299432637994309516e+02 3.901795516112593418e+02 2.403190377093121128e+02 1.673815146734981135e-02 nan nan 1.888019618528610408e+03 8.060341365461847545e+02 1.501912398921832846e+03 1.221893939393939490e+03
9.233660798375657350e+02 1.242010864158654613e+02 2.033445747280314322e+02 9.621745962589352968e-03 nan nan 1.888091185410334447e+03 1.013102147721320080e+03 1.773086578103527245e+03 1.263995073891625680e+03
8.223584364158198241e+02 4.374300897271772897e+02 1.138601530790189003e+02 2.099712740797346749e-03 nan nan 1.889041497975708580e+03 9.190635897435897732e+02 1.468041524181729301e+03 1.385941576857629116e+03
9.127931506788397655e+02 1.625051099435668220e+02 1.759361760313101684e+02 2.232501936587458560e-02 nan nan 1.889081769911504352e+03 1.020034798534798483e+03 1.736011428571428496e+03 1.302067401166558739e+03
9.528393127230409618e+02 5.455044162995799439e+01 1.657910713550019750e+02 6.049679034235913022e-01 nan nan 1.892024893314367091e+03 1.104913498098859236e+03 1.856087523277467426e+03 1.315104438642297737e+03
8.155031460296353316e+02 4.533708264457201267e+02 1.918018413543251484e+02 1.350138442352069416e-02 nan nan 1.892982996470965645e+03 8.250725474031327167e+02 1.450974208144796421e+03 1.286042493904562889e+03
7.851593765932675524e+02 4.942250112808453082e+02 5.912772160114077451e+02 5.528997048598023600e-02 nan nan 1.902970847457627087e+03 3.449114799446749657e+02 1.392044947401976515e+03 7.812013372956909052e+02
8.899345160165479456e+02 2.571576851527091208e+02 2.696251481727680357e+02 1.030665824082259083e-02 nan nan 1.907954382826475921e+03 8.550965842167255460e+02 1.649050661625708926e+03 1.178950197238658802e+03
7.520324067722092423e+02 6.723139932808735466e+02 2.442847254953453273e+02 1.145667964375215661e-02 nan nan 1.909968194574368681e+03 6.529945286195286371e+02 1.267061615700593393e+03 1.226098936170212710e+03
9.319281865294867657e+02 1.645554755454701024e+02 1.294745157199313041e+02 2.624069155231536499e-01 nan nan 1.910017802644964377e+03 1.077013544018058610e+03 1.757968871595330711e+03 1.364922837907819712e+03
9.412858398347113962e+02 1.623900647985800845e+02 9.710188614528051687e+01 1.092273379571387024e-02 nan nan 1.917949134199134278e+03 1.116985806451612916e+03 1.771076154806491786e+03 1.408997808619430316e+03
8.649568665176227569e+02 3.497784446653611212e+02 4.247961831533573900e+02 1.820337808162685728e-02 nan nan 1.927904851447912733e+03 6.221709018435475400e+02 1.564026573426573350e+03 9.811997761611639817e+02
8.033046641687676583e+02 5.978219767182600890e+02 1.613598026799729439e+02 4.235332473760664018e-02 nan nan 1.933082871012482656e+03 7.859971774193547844e+02 1.362142341413099530e+03 1.326987096774193560e+03
7.863821949852788293e+02 5.672143022941098707e+02 6.360158545343366541e+02 5.566799204673384543e-02 nan nan 1.937062345679012424e+03 2.629524128686327344e+02 1.356109653233364497e+03 7.351238447319777833e+02
9.496745181029781406e+02 1.694788788988591932e+02 2.123369289193820180e+02 5.272385200518509007e-02 nan nan 1.940909526343799826e+03 9.840841772151899249e+02 1.774984599589322443e+03 1.253067677314564207e+03
9.296099819390433368e+02 1.615120746669625476e+02 5.469090487309837272e+02 1.096137229517668843e-01 nan nan 1.940969837587006850e+03 5.799087591240876236e+02 1.751952569169960498e+03 8.019371800837599267e+02
7.601687946232618742e+02 6.700246363034523256e+02 6.214342485960943350e+02 1.080925269502295005e-01 nan nan 1.945109363295880257e+03 2.359743384121892404e+02 1.276206370449678843e+03 7.650786940142319281e+02
9.431750020797576326e+02 1.657509408243435587e+02 4.745504226401283745e+02 6.328473429258901772e-02 nan nan 1.953957932692307622e+03 6.710484094052558248e+02 1.766299195544554550e+03 9.001590600994126135e+02
9.144696509637150257e+02 2.292240263625378134e+02 6.215158767289381103e+02 9.004596288455762876e-02 nan nan 1.956937114673242831e+03 4.499434482758620675e+02 1.691017840805123569e+03 7.118862470862470673e+02
7.907938910783045685e+02 6.777766230629063102e+02 2.684301279692527942e+02 1.362809274120946323e-01 nan nan 1.956978523489932968e+03 6.328996632996633025e+02 1.307990463215258842e+03 1.197028136882129274e+03
8.930191694543100311e+02 3.763080157512354731e+02 2.305135181754369285e+02 3.785086416361488348e-01 2.052063027574563876e+03 1.275996307692307710e+03 1.957080118694362000e+03 8.389418604651162923e+02 nan nan
7.998438072397552787e+02 6.422194948445123828e+02 4.205665620994308824e+02 4.638498402769136025e-02 nan nan 1.965100611828687988e+03 4.830210526315789252e+02 1.335021786492374758e+03 1.008972010178117102e+03
8.147258379075542507e+02 6.728202602797261989e+02 2.955059475828066979e+02 1.806015347605425814e-01 nan nan 1.984051345962113601e+03 6.108278812279818339e+02 1.337112691077141790e+03 1.164000945179584050e+03
9.255839218392039811e+02 3.530687906105750358e+02 2.452222240858250473e+02 1.164307273687148828e-02 nan nan 1.987987965616045813e+03 8.420174346201742992e+02 1.634016040329972611e+03 1.215140744274809094e+03
9.108859834602911860e+02 4.650534384148302820e+02 1.000203760571417320e+02 4.929393154274341188e-02 nan nan 2.001033941450996963e+03 9.411174619821709939e+02 1.554960949868073840e+03 1.402965909090909008e+03
8.879142227257976856e+02 5.715416670576893239e+02 2.199882783986028585e+02 1.714436312087668501e-01 nan nan 2.023957395009129641e+03 7.539822443181818699e+02 1.471004701141705937e+03 1.253994879297732268e+03
9.239604391473042142e+02 4.316691017386153248e+02 3.988987776822337423e+02 9.838927904876254571e-02 nan nan 2.030031017369727124e+03 6.269585879158180433e+02 1.585937302089930427e+03 1.022979246733282139e+03
9.549533259526336906e+02 2.959617918159262331e+02 5.807949946087154558e+02 5.594532152596515262e-02 nan nan 2.033034739454094279e+03 4.789415807560137637e+02 1.698085135135135033e+03 7.769843581445522886e+02
9.143164973753367804e+02 4.683797491751864754e+02 4.491820824923191253e+02 3.553193831433507643e-01 nan nan 2.037065026362038680e+03 5.499034564958283227e+02 1.553995260663506997e+03 9.619840478564307205e+02
9.030604307135245108e+02 5.523901579437005012e+02 3.531679441580943717e+02 7.525547788069211763e-02 nan nan 2.046086021505376266e+03 6.190202952029520702e+02 1.497123321123321148e+03 1.088168925022583608e+03
9.358735733994762995e+02 5.222912596066853439e+02 1.640662304977542760e+02 6.903658141193182995e-01 nan nan 2.057018353726362420e+03 8.500308239478364385e+02 1.550966896551724176e+03 1.322002053388090417e+03
9.543202932902077009e+02 4.630764693065682991e+02 2.431601049541773136e+02 2.661234055502986404e-02 nan nan 2.063999454446262916e+03 7.959230769230769056e+02 1.604074556213017786e+03 1.221949109414758368e+03
9.300785145669811982e+02 5.275351008014051786e+02 3.098528502930950026e+02 8.525033300992837515e-02 nan nan 2.064962241169305798e+03 6.849366754617414017e+02 1.540979494690589490e+03 1.141020142180094808e+03
9.250456079685413897e+02 6.334996614552175060e+02 3.954812900458281320e+02 5.500681869546873715e-02 nan nan 2.105008284023668693e+03 5.401658330126971350e+02 1.479115639327559848e+03 1.042129142857142824e+03
9.401383184629041807e+02 6.903108419939513851e+02 3.609779134804820160e+02 2.285743618251686871e-01 nan nan 2.139002492877492841e+03 5.569725755166931549e+02 1.467131618759455478e+03 1.088114006514658058e+03
4.514434931503120474e+00 6.930886997958447182e+02 4.985685600003255331e+02 3.337480004889292196e-01 nan nan 1.134022979985174288e+03 2.329803625377643641e+02 3.590963775340644588e+02 8.890133399209486242e+02
3.804106551450029183e+00 5.101484527178008079e+02 1.577701827267875956e+02 5.331764579961982831e-01 1.035858121330724089e+03 1.374087225661226739e+03 nan nan 4.090173124484748541e+02 1.332036595744680881e+03
2.251878248775930302e+01 5.943824464815766078e+02 5.456241475290950120e+02 1.217865624298530292e-01 nan nan 1.101039069767441788e+03 2.200324074074074190e+02 4.130970297029703033e+02 8.160273972602740287e+02
5.501585413569982563e+01 6.347416429096605270e+02 5.557758057271371399e+02 3.266663539579124365e-01 nan nan 1.154995772946859915e+03 1.998911764705882490e+02 4.429571518588531944e+02 8.099117647058823195e+02
6.558657406935874690e+01 6.305329551387120546e+02 3.142714536004175443e+02 4.922934794358811983e-01 nan nan 1.165923552806009639e+03 4.609404706968158507e+02 4.551120086160473761e+02 1.126915943962641677e+03
3.451437900592104313e+01 4.360247338396401346e+02 4.308797869124154545e+02 5.302500493597955833e-01 nan nan 1.031987198424421422e+03 4.080415923945335521e+02 4.779709709709709955e+02 9.520273972602740287e+02
1.163586524717968871e+02 6.549604359638278765e+02 5.870509495836517999e+02 1.070020243977066743e-01 1.239865709892362929e+03 8.561172752808988662e+02 nan nan 5.149639934533551013e+02 7.749870801033591761e+02
5.846969385861117807e+00 1.898229810170297185e+02 2.502317892017738359e+02 3.582059772544197163e-01 8.421382289416847016e+02 1.249001146788990809e+03 nan nan 5.210189701897019177e+02 1.191919623461260016e+03
2.977569655899231726e+00 1.192837840017069766e+02 1.878567116293671404e+02 2.331673616454762454e-01 nan nan 8.270172317954419441e+02 8.050123180291153631e+02 5.421464705882352746e+02 1.284075636363636477e+03
8.195960764576328472e+01 3.471759527310268822e+02 3.436314893702276549e+02 1.357795577895507533e-01 1.029033453887884207e+03 1.132942292796281890e+03 nan nan 5.730748299319727721e+02 1.067845652173913095e+03
2.136471987332377154e+01 8.085514022860120065e+01 1.190570604416206208e+02 4.060795562882926757e-02 7.840583333333332803e+02 1.423922320550639142e+03 nan nan 5.839030714000797389e+02 1.389845180136319414e+03
1.049553291009191867e+02 3.542274486014574677e+02 1.443726295885297475e+02 1.501716133707727274e-01 nan nan 1.067010886469673324e+03 7.639233811171527577e+02 5.999263721552878224e+02 1.349941704035874409e+03
6.888180829665244254e+00 -1.970005763393837128e+01 8.215303547874768242e+01 3.054925304794423591e-01 nan nan 7.520079365079365061e+02 9.899863370201691168e+02 6.020532178217821411e+02 1.449898426323318972e+03
1.381885005379975837e+02 4.288642434153194358e+02 1.618575724342721003e+02 1.601350251215825637e-01 nan nan 1.139920278872385552e+03 7.188661072601240676e+02 6.178982222222222163e+02 1.325857077416399534e+03
1.736615535212834516e+01 -2.792532130839498450e+01 6.326962655882915669e+02 4.244096725182848751e-01 nan nan 7.239739904175222591e+02 3.609685393258426984e+02 6.279097247706422422e+02 5.789870188003581006e+02
5.740741764655042800e+01 1.026005778978917391e+02 5.862751533972234483e+02 1.681480097777749393e-03 8.480050432276657375e+02 7.910927835051546708e+02 nan nan 6.340886501007387324e+02 6.810770862800566192e+02
4.127086007074590412e+01 1.410239117541754794e+01 1.791090652834207049e+02 9.431920878162945721e-02 nan nan 8.040791599353796073e+02 8.749792472740062976e+02 6.420173130193905990e+02 1.296019475655430824e+03
4.443031914983596664e+01 6.605979196659258257e+00 9.896064359836366009e+01 7.180826897969146139e-02 nan nan 8.070440074906366590e+02 9.671379984362783944e+02 6.490518701482004644e+02 1.422022072072071978e+03
5.857085124462289372e+01 2.245506386976861890e+01 1.933019054345119230e+02 2.870298735581325866e-01 nan nan 8.269862838915470320e+02 8.590381861575178846e+02 6.649593613933236611e+02 1.274123076923076951e+03
1.560052227017878401e+01 -1.292491815896538583e+02 6.219059191492617629e+02 7.490770634469909317e-02 6.318192607663614808e+02 7.080560547710740593e+02 nan nan 6.690028735632183725e+02 5.728817365269461561e+02
1.762328036600940493e+02 4.213289853918569179e+02 2.087704207357298287e+02 1.407140210129833591e-01 nan nan 1.175127688787185434e+03 6.808826759860210132e+02 6.719928097345132301e+02 1.260980429292929330e+03
1.193633640738611064e+02 2.098731803191531640e+02 1.626049231390737191e+02 4.233092244573860227e-03 nan nan 1.002963251670378668e+03 8.149043139798897073e+02 6.760626579080343390e+02 1.323108217592592609e+03
2.028607115205203115e+02 5.032412657427836393e+02 4.841900690837869661e+02 4.065671307471444562e-01 nan nan 1.243960771493952279e+03 3.540547996976568470e+02 6.779815899581590202e+02 8.939966015293117607e+02
3.274783855976228608e+01 -1.952030068104054692e+02 5.748191551704849189e+02 1.358204345060270296e-02 6.000187304890738460e+02 7.630510869565217718e+02 nan nan 7.259581320450885187e+02 6.360340356564018975e+02
1.186442954365439135e+02 7.537833094983761839e+01 6.005416311719178566e+02 5.164686739835225998e-02 9.020985221674876584e+02 7.639688922610015425e+02 nan nan 7.350633720930233039e+02 6.590659340659340160e+02
7.115515219233938637e+01 -9.173950219235385362e+01 6.002367663486512583e+02 2.167979072523709694e-02 7.267960769800148455e+02 7.410055363321799859e+02 nan nan 7.382119850187266366e+02 6.210077433628318886e+02
1.085793222185955074e+02 9.502240876428162508e+00 4.749024102148370048e+02 3.127308302803311069e-01 8.430394056847545698e+02 9.280975056689342182e+02 nan nan 7.480337950138504084e+02 8.381408199643493617e+02
1.344698974457307656e+02 -3.216632716079818266e+01 2.409791197910232654e+02 5.623857976890346555e-02 nan nan 8.739868977176669205e+02 8.519565014031805958e+02 8.039736294240110510e+02 1.198065656565656582e+03
1.935888899209734006e+02 1.197355595504837140e+02 5.974488576240116799e+02 3.888007854626364390e-02 nan nan 1.019887625113739773e+03 3.760593126385809342e+02 8.230811423390751997e+02 6.780194765672549693e+02
2.097510320471281773e+02 8.805982376786317900e+01 5.402293212949205099e+02 3.512227490094690929e-02 nan nan 1.020969696969696997e+03 4.620770121598147284e+02 8.600096308186195984e+02 7.579210307564421782e+02
2.475620622713103955e+02 2.017777201839396071e+02 5.161237731866822287e+02 7.897642194497989099e-02 nan nan 1.130969834087481104e+03 4.489967195188627898e+02 8.610501043841336468e+02 8.130192307692307168e+02
1.444253860358324744e+02 -1.308098146975627856e+02 6.128440294377362534e+02 5.601664998621321695e-02 7.878569539925964591e+02 7.109221431561322788e+02 nan nan 8.690000000000000000e+02 5.989607616849393708e+02
3.655937380343539758e+02 5.063007103973430389e+02 5.731847100193227789e+02 1.251936916669158795e-01 nan nan 1.422971296296296259e+03 2.819988532110091910e+02 8.840237226277372429e+02 7.850785123966942365e+02
1.428922569255877661e+01 -5.556724260092486247e+02 5.764173728459419408e+02 5.667898597286156193e-01 nan nan 3.270035545023696955e+02 6.900517647058823059e+02 8.859888392857143344e+02 5.449852086634971329e+02
2.552347805239290501e+00 -5.903556753735182383e+02 6.368708596194618394e+02 5.620283923632894973e-01 nan nan 2.750084328882642239e+02 6.249963503649635186e+02 8.861426931905126594e+02 4.220114231318419797e+02
2.249939892007912334e+00 -6.082396401302456752e+02 6.187366365073828547e+02 1.079326234401540782e-02 nan nan 2.619836905871388808e+02 6.600040060090135512e+02 8.960196870267541271e+02 4.499769094138543437e+02
1.581153163555599583e+01 -6.179196154104132575e+02 5.482458426739176502e+02 9.219122635139065380e-02 nan nan 2.799875462807135591e+02 7.639204995431008456e+02 9.259284858170195776e+02 5.809734748010610019e+02
4.567352390639051407e+00 -6.551276237525937631e+02 5.546384302549347467e+02 1.367019441163486726e-01 nan nan 2.330130246020260358e+02 7.739889899473432706e+02 9.288746879680479651e+02 5.580577136514983749e+02
4.408521073757260211e+00 -6.623154009580201773e+02 5.242563476149958888e+02 1.030862863476675328e-02 nan nan 2.309995996797437954e+02 8.190346889952153333e+02 9.329291569086650497e+02 6.140228777844671413e+02
7.019630115040936857e+01 -4.730178399183863007e+02 6.122924842526834937e+02 8.312768505880455128e-02 nan nan 4.590359059017746404e+02 6.119792460821686291e+02 9.339794238683127787e+02 5.079631855747558120e+02
9.288509650354267677e+00 -6.596114578737277725e+02 5.405809009202992002e+02 5.301196771326514845e-02 nan nan 2.370155763239875455e+02 7.970096256684491891e+02 9.401126516464471479e+02 5.840103837471783663e+02
2.993531464411538678e+01 -6.060758870479734242e+02 5.876867943923674602e+02 2.068993625922254109e-01 nan nan 3.020432539682539641e+02 7.079103653355989536e+02 9.439992500937382829e+02 5.119376947040498180e+02
1.085036319527996085e+01 -6.748317646664122549e+02 6.393517183007312497e+02 2.579815940943397945e-01 1.379780170480035792e+02 5.699714026327734473e+02 nan nan 9.529560524286815735e+02 3.919261233815689138e+02
5.714951413493821519e+00 -6.960898255772914354e+02 6.382176509522674905e+02 6.225951445139985552e-01 nan nan 1.859434464404524192e+02 6.849643102264927848e+02 9.569436426116837993e+02 3.859363057324840725e+02
1.291455095719534363e+01 -6.886455450276062038e+02 4.787370860914812738e+02 8.924857439577230534e-04 nan nan 2.249896797153024863e+02 8.980032679738561683e+02 9.650927419354839003e+02 6.959614953271028526e+02
1.571164615790123662e+02 -2.822480626701523647e+02 6.343612338361824641e+02 6.895493632717894505e-02 nan nan 7.089259259259259807e+02 5.059670599803343407e+02 9.679714522134878507e+02 5.291648351648351536e+02
4.304959031184263551e+01 -6.072699554314232273e+02 6.269582893083801309e+02 9.286456676813900635e-02 nan nan 3.120145953118089324e+02 6.589649880095922754e+02 9.680575455079272160e+02 4.399743411927877901e+02
6.360037575180656688e+01 -5.542303410153919003e+02 5.812633430277710431e+02 2.406816698809699506e-01 3.257398134511536796e+02 6.859413841807909193e+02 nan nan 9.710844793713163199e+02 5.411200000000000045e+02
4.729105028909449260e+01 -6.081320792602414258e+02 6.238092218876973902e+02 2.451192503091302946e-02 nan nan 3.169976699029126053e+02 6.649337551172311578e+02 9.760507282772475719e+02 4.460321825629022783e+02
4.772625616704429063e+01 -6.209752535812285714e+02 5.663052194266822426e+02 3.406898902987082201e-01 nan nan 3.140029041626331150e+02 7.499753208292200952e+02 9.849008123129542582e+02 5.498715469613259756e+02
2.708325433441839181e+01 -6.789970000375354857e+02 6.041197941747216191e+02 5.133165745798067281e-01 1.540363223609534487e+02 6.249976498237367650e+02 nan nan 9.849411452810180663e+02 4.600571075401730354e+02
4.979113720933070653e+01 -6.187348896045477886e+02 6.089025719270952095e+02 4.744678663879010189e-02 nan nan 3.130074158585282476e+02 6.919933554817275763e+02 9.870711217183770714e+02 4.709054842473745452e+02
3.101903375078701686e+01 -6.758572869721783718e+02 5.862048663165818425e+02 1.973811358512837441e-02 nan nan 2.429785118665811297e+02 7.509447496947497029e+02 9.900092355053873234e+02 4.950893732970027372e+02
3.953575065123176557e+01 -6.569430987473817822e+02 5.590110934124339792e+02 1.949324057660095340e-03 nan nan 2.739877800407331847e+02 7.790011990407673466e+02 9.930734908136482773e+02 5.529195278969957599e+02
4.048099217958919382e+01 -6.558175966081865909e+02 5.386321068006168389e+02 1.986006472695184960e-02 nan nan 2.789582601054481756e+02 8.060178883071553173e+02 9.940050533408198135e+02 5.919324487334137075e+02
3.952224688979340073e+01 -6.783620697118908538e+02 5.890046047190897980e+02 8.202755774266359823e-02 nan nan 2.509934924078091001e+02 7.510246262093228324e+02 1.006975265017667880e+03 4.899820948970456698e+02
1.030837837098457896e+02 -5.070769507555632458e+02 6.219030982301570702e+02 8.027008406689684072e-02 nan nan 4.709697551608257413e+02 6.260621088107848209e+02 1.010009474182851704e+03 4.850542505592841280e+02
3.697245081258833466e+01 -6.959285782224347940e+02 5.274783570828393522e+02 2.922988552133531370e-01 nan nan 2.409873096446700629e+02 8.439730185497470529e+02 1.013958311888831759e+03 6.029167138810198594e+02
5.185745720765986277e+01 -6.642286624461455631e+02 6.296603722344320886e+02 3.331606655279029106e-01 2.030563250230840140e+02 5.839420702754035801e+02 nan nan 1.020013645224171569e+03 4.189562816382880897e+02
4.553718518834148199e+01 -6.894457701927203743e+02 5.526078242943700616e+02 2.192973228978260802e-01 nan nan 2.540061810154525404e+02 8.090145502645502802e+02 1.024995820271682305e+03 5.569432265317593647e+02
4.908649432479248986e+01 -6.871205521215200633e+02 5.830238043905549148e+02 2.067181183677638950e-02 nan nan 2.560122783083219815e+02 7.669698630136986139e+02 1.030030684931506812e+03 5.000642857142856883e+02
1.742854734991464341e+02 -3.519989843845191899e+02 6.104288350279900897e+02 6.824856209783445316e-01 nan nan 6.800131108462455813e+02 5.759572413793102896e+02 1.035032841823056287e+03 5.540141369047619264e+02
6.480877396710208416e+01 -6.702872643828081891e+02 5.426897680928714180e+02 1.061451581548657763e-01 nan nan 2.959887814313346439e+02 8.160200308166409968e+02 1.047133034379671244e+03 5.831035856573705587e+02
5.486437176890929095e+02 6.179165615291299218e+02 5.056896269596039701e+02 8.495994953896854329e-02 1.713837625979843324e+03 9.341143583227445788e+02 nan nan 1.057076992753623244e+03 8.930036026762737720e+02
2.954500474120622471e+02 -6.939659295504388581e+01 5.882085372272628092e+02 2.242756639556994225e-01 nan nan 1.022905934598304384e+03 4.939334557136301100e+02 1.061018791451731659e+03 6.629304837952090566e+02
8.204600133856621369e+01 -6.493781396867005924e+02 5.923435345855650667e+02 8.319620019234921782e-02 nan nan 3.290019950124688535e+02 7.409969894631209399e+02 1.064019282271023030e+03 4.969536384976526051e+02
6.957897111188378858e+01 -6.856825600728570862e+02 6.287504106917523359e+02 6.900607028022265332e-02 2.049809358752166304e+02 5.789042316258352230e+02 nan nan 1.065957383548067355e+03 4.159158974358974206e+02
3.127443271057450147e+02 -5.728817670454756694e+01 1.118369849786058552e+02 5.537772535815654873e-02 1.046937404580152588e+03 1.441108605341246403e+03 nan nan 1.079093641618497031e+03 1.399050220972278112e+03
7.437967606390978403e+01 -6.997424133748908162e+02 5.215582481455599009e+02 7.122529522802711899e-02 nan nan 2.852083507306889487e+02 8.653247362250879178e+02 1.084058519793459482e+03 6.168845184064548448e+02
8.482532347965306485e+01 -6.838101232937052600e+02 6.068493494900858423e+02 6.731543953977915662e-02 2.268363157894736730e+02 6.140133248730963942e+02 nan nan 1.091935563816604599e+03 4.599953114534494034e+02
3.648797092557138626e+02 3.856826754095600762e+01 6.120276367156566266e+02 1.585373417078824732e-01 1.181815110276865425e+03 7.251270207852194289e+02 nan nan 1.102072117826307704e+03 6.539323262839878907e+02
1.039130492621532937e+02 -6.573898207572279944e+02 5.200202014751157549e+02 3.134381242849321875e-02 nan nan 3.589765228426396106e+02 8.499671801741460513e+02 1.107990393412625735e+03 6.329485049833887160e+02
1.063793744453380441e+02 -6.749127055733705447e+02 5.532109350477220460e+02 4.726821646687531242e-01 nan nan 3.430270392068499063e+02 8.169784520668425785e+02 1.123993025751072992e+03 5.658948155533399813e+02
1.169404607444389939e+02 -6.592244219632642626e+02 6.256474144517937930e+02 1.604448397196430176e-01 2.958892757660167376e+02 5.850213675213675515e+02 nan nan 1.132079616660523470e+03 4.359657620041753603e+02
1.105212399326634198e+02 -6.758634915354211898e+02 6.374617091047961139e+02 1.043260002595857439e-01 2.708102001291155716e+02 5.621425251742834917e+02 nan nan 1.132120069354139559e+03 4.078766494549627168e+02
1.110991911586712746e+02 -6.787096572318705512e+02 6.341884845546364886e+02 2.979914293771148692e-01 nan nan 3.349792399718508022e+02 7.090348125478194561e+02 1.134956862745098078e+03 4.129057104913678700e+02
1.189374163820450718e+02 -6.582737712892173931e+02 6.001032413906990541e+02 4.963120405285072548e-03 nan nan 3.669777262180974731e+02 7.459658559401309503e+02 1.134972456436200218e+03 4.840883882149046826e+02
1.073910762901664668e+02 -6.925576480350734982e+02 5.903762906058636872e+02 3.235269217853088408e-01 nan nan 3.239841332804442686e+02 7.769410560785919415e+02 1.137953833470733798e+03 4.910159395973154233e+02
6.502778081187620955e+02 6.889236754118892350e+02 4.837046532601914350e+02 4.383248060131587909e-02 nan nan 1.817960698689956416e+03 3.649060542797494691e+02 1.143012931034482790e+03 9.311037318153067872e+02
1.205133684962027587e+02 -6.864177328295551206e+02 6.395422276785628810e+02 7.456788292964412757e-02 2.739057924888605839e+02 5.550058823529411711e+02 nan nan 1.157036585365853625e+03 4.019175824175824232e+02
1.257222319794189787e+02 -6.889248658581780091e+02 5.778242579975437820e+02 5.344088771532025384e-02 nan nan 3.520154061624650126e+02 7.969810156620787893e+02 1.168066924778760949e+03 5.180651757188497868e+02
1.405687200214921972e+02 -6.939621386706477324e+02 5.356390550294784134e+02 2.045163140480404929e-02 nan nan 3.719853039412157614e+02 8.620634045485871866e+02 1.197929126657521692e+03 5.980606995884774051e+02
1.423231887006919010e+02 -6.938690859969761959e+02 5.220190827836881908e+02 1.602915375146702487e-02 nan nan 3.760037348272642248e+02 8.809986027014439287e+02 1.201011207519884238e+03 6.240494148244473536e+02
1.763551068495432617e+02 -6.295510860568811040e+02 5.552897033790076193e+02 2.357065214505644768e-01 4.046787305122494445e+02 7.030879120879120592e+02 nan nan 1.214981849120816833e+03 5.810480961923847190e+02
4.236295820146787037e+02 -5.301193625930978470e+01 4.678426975276730673e+02 2.798528597838544768e-02 nan nan 1.189932398597896736e+03 6.650228845130388891e+02 1.234110657259561776e+03 8.571266611295681059e+02
3.354171732830473047e+02 -2.754329085716612440e+02 3.165888476377079996e+02 6.191336566002969555e-02 nan nan 9.479115932642487223e+02 9.480216684723726530e+02 1.239127634194830989e+03 1.065004301075268813e+03
1.834158030587196606e+02 -6.481823676855345866e+02 6.156445421610106905e+02 3.941402029439244892e-01 3.980048875855327424e+02 5.969951783992285073e+02 nan nan 1.239926457399103128e+03 4.660421052631579073e+02
1.702598420338904646e+02 -6.883847746509703711e+02 5.720185914969263195e+02 7.744943174219812154e-02 3.388358839050131905e+02 6.630998140111593102e+02 nan nan 1.245943369175627140e+03 5.340274963820550056e+02
5.159280812529368632e+02 1.453055470833654681e+02 4.252409541561739275e+02 3.661586435574458107e-03 nan nan 1.411011494252873490e+03 6.400791366906474877e+02 1.248253088730812351e+03 9.480808133472366990e+02
1.754959689153299962e+02 -6.980839409798494444e+02 5.539146799464045898e+02 1.287103498571689764e-01 nan nan 4.109839070183281251e+02 8.500018009905447798e+02 1.262089113257243298e+03 5.660210949271722711e+02
2.108890600696875879e+02 -6.841291408267808265e+02 6.292568591628700005e+02 1.600573298764924046e-01 4.017439165701042612e+02 5.630504347826087042e+02 nan nan 1.313011710581346733e+03 4.329785788923720133e+02
2.072184929834652394e+02 -6.970630277038318354e+02 6.371092911519424433e+02 5.968722703884483949e-02 3.839896118097320823e+02 5.468087306145893081e+02 nan nan 1.316143214822233404e+03 4.140507575757575864e+02
2.335381928673436676e+02 -6.571174378470620923e+02 6.167406255724047242e+02 2.717833026090098886e-02 4.597052654577233852e+02 5.880998319327730997e+02 nan nan 1.332013852813852736e+03 4.669894829097282809e+02
3.546524901425464122e+02 -3.837209951523611835e+02 4.080175564264631021e+02 1.199920693812303041e-01 nan nan 8.941693048864418643e+02 9.029607672188317338e+02 1.338035153583617785e+03 9.020156479217604328e+02
5.151771281531039222e+02 -1.757214472875565292e+01 3.087741888796498415e+02 1.775780215769732218e-01 nan nan 1.320963920301561757e+03 8.610473337327740637e+02 1.340010851615947104e+03 1.102102003162888877e+03
8.358077040114307010e+02 6.366533359136303716e+02 1.991213695808337150e+02 4.686954222378077184e-02 nan nan 1.987035655512890798e+03 7.350248756218906010e+02 1.379164322469982835e+03 1.281077547339945795e+03
2.602545829025243052e+02 -6.861071052657422342e+02 6.152704857269810645e+02 3.911628178195689642e-01 4.697401522674610987e+02 5.811552572706934825e+02 nan nan 1.398987298899237885e+03 4.640374592833876477e+02
2.729016597837257905e+02 -6.896137301903639809e+02 6.327759507348348507e+02 5.879632485231571781e-01 4.849996704021094160e+02 5.491254539451964547e+02 nan nan 1.422977262594739159e+03 4.320029411764705856e+02
2.902265179789451963e+02 -6.577650303169867811e+02 6.130804490400605573e+02 6.385305184184701666e-02 5.399251724137931205e+02 5.881405364563656804e+02 nan nan 1.428067449791587705e+03 4.800126903553299371e+02
8.261439890502282424e+02 5.038478479144105222e+02 2.718464930145473772e+02 2.345821962499715918e-01 nan nan 1.930979128856624357e+03 7.151208096141682518e+02 1.436072580645161224e+03 1.186133138564273850e+03
7.477868995306162105e+02 3.351804938128947242e+02 8.446259707998757449e+01 1.924488709898327515e-02 1.840841206828106351e+03 1.480048125000000027e+03 nan nan 1.436081228668942003e+03 1.425982839313572640e+03
4.820861756995262795e+02 -2.821994846563582655e+02 2.084266996323916601e+02 1.989977293067631686e-02 nan nan 1.125956011730205319e+03 1.124165675446049363e+03 1.462035642570281198e+03 1.243186020913593893e+03
3.126709588734595968e+02 -6.667846622871973068e+02 5.672921714191675164e+02 4.969728278124256327e-01 nan nan 6.149837954627295176e+02 8.519452985341437170e+02 1.473068278805120826e+03 5.640818137013307023e+02
4.501294714943056761e+02 -4.108864294986913706e+02 5.570373334691782929e+02 1.342466858110449857e-01 nan nan 9.909872136387853061e+02 7.510365269461077560e+02 1.501200793257312853e+03 6.550428571428570876e+02
7.258680516426828717e+02 1.691284506328228190e+02 2.848139735236733827e+02 5.679078430572213898e-03 nan nan 1.669958735440931832e+03 8.428849137931034647e+02 1.502998303167420772e+03 1.151819746835443084e+03
4.360251513093846825e+02 -4.533367711144261420e+02 3.740965020077976533e+02 5.040452755656489592e-02 9.250026603606266917e+02 1.014072164948453633e+03 nan nan 1.511978146853146882e+03 9.539912049252418456e+02
5.026257596485268664e+02 -3.780562026244299432e+02 6.264852129719029108e+02 1.628740107273904114e-01 nan nan 1.080955307262569931e+03 6.530928733889310251e+02 1.555048462255358800e+03 5.530218150087259801e+02
8.510928990974430235e+02 2.999419706200452538e+02 1.358023450989281002e+02 2.130451488516462433e-01 1.964968224299065469e+03 1.409971250971251038e+03 nan nan 1.579025122883670065e+03 1.356938291139240619e+03
7.743679675082341873e+02 9.387293295950775018e+01 6.199349200178679666e+02 9.775474766085293088e-02 nan nan 1.713034909909909857e+03 4.840722291407222997e+02 1.605991158267020410e+03 6.829747386759581786e+02
6.414257501498127567e+02 -1.651969533498386227e+02 2.875567514285724542e+02 6.913883859945467447e-02 nan nan 1.394059792027729600e+03 1.003871668311944745e+03 1.606028105167724334e+03 1.126952298352124899e+03
5.069812261205401001e+02 -4.993499813574681525e+02 3.684540792298473093e+02 4.106230923029821622e-02 nan nan 1.011107005388760626e+03 1.070783333333333303e+03 1.655012858979854173e+03 9.609651535992663867e+02
6.260172943146627631e+02 -3.057095598639387504e+02 3.079358315934379675e+02 9.900350271333364927e-02 1.313023785926660139e+03 1.130022142429682845e+03 nan nan 1.684021647058823419e+03 1.084829337667614709e+03
4.274037741392528460e+02 -6.998937548876717756e+02 5.981124708264168248e+02 1.227664466160577478e-01 nan nan 7.410033519553072665e+02 8.649977900552486290e+02 1.687930345572354099e+03 5.111053261520048068e+02
5.956698568764223864e+02 -3.886396224547270890e+02 6.381778902311496040e+02 9.804868189093560171e-02 nan nan 1.198979057591623132e+03 6.678476263399693380e+02 1.698092052601486557e+03 5.408796296296296759e+02
5.882432152651056185e+02 -4.219059112074460245e+02 4.613480877410106018e+02 8.195164374369764970e-02 1.174995875073659363e+03 8.649393511988716909e+02 nan nan 1.715023255813953483e+03 8.209910269192422447e+02
6.504899691552360537e+02 -3.454213291073647838e+02 3.879385352250316714e+02 1.239191710990832362e-01 1.322791720017072066e+03 9.939662556781311196e+02 nan nan 1.746997229916897595e+03 9.539719298245613572e+02
8.268852241482162526e+02 -1.534932750312080145e+02 8.408224501890362035e+01 1.049204498243719308e-01 nan nan 1.629000000000000000e+03 1.292968148639681431e+03 1.846994119952959636e+03 1.434831801470588289e+03
7.597211175251778741e+02 -2.822464351160281808e+02 2.527143539507385697e+02 6.712867263297291054e-02 nan nan 1.480035433070866247e+03 1.154024468085106491e+03 1.851927642276422830e+03 1.175908723747980503e+03
8.282426594546341221e+02 -2.054465830826859474e+02 3.568287905970818770e+02 1.252469274427220058e-01 nan nan 1.616966811414392168e+03 9.960046296296296759e+02 1.882982230623818623e+03 1.024029324266893354e+03
7.028206278068612392e+02 -4.972930834216631979e+02 1.241018408466418066e+02 9.425109517012036919e-02 1.293952785646836674e+03 1.436010721247563424e+03 nan nan 1.948005268703898764e+03 1.378001017293998075e+03
7.776320909885293986e+02 -3.905013219937630424e+02 4.981959125247145153e+02 1.329830220854082423e-01 nan nan 1.447940476190476147e+03 9.120584958217269786e+02 1.957235135942635225e+03 7.789812528577961075e+02
7.251420708489832805e+02 -5.428144220544792233e+02 1.483190606376212202e+02 2.301807994336118046e-01 1.296021912350597631e+03 1.393044834307992232e+03 nan nan 2.019104678826328382e+03 1.337054305663304831e+03
8.843677052009694535e+02 -3.517599234954669214e+02 3.818455322049196070e+02 2.036774537349049230e-01 nan nan 1.614935279187817287e+03 1.074059686888454053e+03 2.071877192982456108e+03 9.729114139693356265e+02
7.542358842157608478e+02 -6.355488065513587799e+02 3.678344556270199632e+02 2.033440087944944907e-01 nan nan 1.256172690763052287e+03 1.247102143757881549e+03 2.140123940677965948e+03 9.560790585395292283e+02
7.536766577072078235e+02 -6.560164407074337305e+02 4.909645615587449470e+02 5.462190177477546649e-02 nan nan 1.240966725043782844e+03 1.092060465116279147e+03 2.155169796557120662e+03 7.407471264367816275e+02
7.446031086912590808e+02 -6.782179622886546895e+02 6.266776788370610802e+02 4.784095408384898829e-02 nan nan 1.210994263862332673e+03 9.098490374873354085e+02 2.159119575398064171e+03 5.009329396878953844e+02
7.470514693402453759e+02 -6.807998811440397731e+02 5.969309496466837572e+02 1.967181565517899661e-02 nan nan 1.213034510433386913e+03 9.558034901365705309e+02 2.165932326283988004e+03 5.518542354235423772e+02
9.430011611074402254e+02 -4.708502362784473689e+02 4.119040403359830975e+02 5.307122151208536476e-01 1.705766679984019220e+03 9.200419532324622196e+02 nan nan 2.251988860759493491e+03 9.140250469630557291e+02
8.959891878161273553e+02 -5.721246420293974779e+02 4.976091324755117284e+02 1.547504314012710380e-01 1.559011292346298660e+03 7.511277461350691738e+02 nan nan 2.278912273476112205e+03 7.559831275720164285e+02
9.486338161395509587e+02 -5.432155866140143416e+02 3.473388971289502933e+02 1.624026450455519077e-01 1.669071652310101854e+03 1.027924291938997840e+03 nan nan 2.328031833910034493e+03 1.008924210526315733e+03
8.664318999033225737e+02 -6.588473063951088307e+02 1.348963639189281594e+02 4.669985661278385214e-01 1.446000930232558176e+03 1.418995899238429956e+03 nan nan 2.330989342806394234e+03 1.358064543168482714e+03
9.184611569487453835e+02 -6.430130515170593526e+02 6.184045246288771978e+02 2.069686030790857389e-01 nan nan 1.497990241102181471e+03 9.550324044069993761e+02 2.374194178628389182e+03 5.420628792057362944e+02
9.313080266312078948e+02 -6.557489817302515576e+02 1.624921824648105826e+02 2.232213126077042253e-01 1.561967385295743497e+03 1.367132109539572639e+03 nan nan 2.418962264150943611e+03 1.310077096229600556e+03
9.563555500106890577e+02 -6.400501601580810984e+02 5.936963318740597515e+02 6.263139088602640570e-01 nan nan 1.557008430609598008e+03 1.001254593175853074e+03 2.424873214907697729e+03 5.881894230769230489e+02
1.072538276014919489e+01 -6.670826288204906405e+02 4.781008630703722133e+02 1.930855712555635262e-01 1.406945812807881850e+02 8.370678484107579607e+02 2.410117130307467050e+02 8.850149679258731794e+02 nan nan
3.754540594291416511e+01 -6.917499559697631639e+02 2.640636739134432673e+02 3.591731417944017957e-01 1.439556159420289987e+02 1.190025711662075310e+03 2.819902525476296091e+02 1.184005834829443529e+03 nan nan
2.391006733539620299e+01 -6.441393208255298077e+02 1.353981700156443253e+02 4.658613710555102316e-01 1.700005871990604760e+02 1.407014330218068608e+03 3.230104754230459321e+02 1.304995471387402176e+03 nan nan
6.624860915797171401e+01 -6.960844191149354856e+02 2.158494430172279692e+02 5.281992327776192653e-01 1.769224652087475249e+02 1.271043606799704321e+03 3.189845031905196038e+02 1.256014033499320931e+03 nan nan
1.662613293906559164e+01 -6.210038369532766183e+02 2.934363848296137007e+02 4.472098909041258841e-01 1.890056750298685699e+02 1.146109482758620743e+03 3.129903707270100881e+02 1.094807509254362685e+03 nan nan
2.847608791851937937e+01 -6.148277262860859764e+02 3.234151024762709881e+02 1.733100668852924353e-01 2.120941028858218260e+02 1.097044965167827741e+03 3.279730586370839660e+02 1.056966574911521775e+03 nan nan
2.263438633553242241e+01 -5.967391632273332789e+02 3.803405110973221781e+02 4.968784311552972843e-01 2.239381443298969145e+02 1.006010297482837473e+03 3.289762266059686340e+02 9.720371113340020202e+02 nan nan
6.930042078160086882e-01 -5.609698920475972272e+02 4.355140159165580371e+02 3.104609560531651491e-01 2.327648488120950390e+02 9.220705832628909775e+02 nan nan 8.640337837837837469e+02 8.030391822827938313e+02
3.180092970177127398e+01 -5.929992287155303075e+02 2.272577017323463053e+02 4.810979915477815450e-01 2.350270645385149066e+02 1.255965244865718887e+03 3.620252771618625047e+02 1.162977463543968270e+03 nan nan
5.753744914766686236e+01 -6.332421947217101206e+02 5.693564510052647165e+02 4.894137440649805049e-01 2.400039331366764941e+02 6.890083620265617128e+02 nan nan 1.009956249999999955e+03 5.421472591631527393e+02
9.806990649321777198e+01 -6.718800271856291602e+02 1.667476479120399233e+02 6.317870772176263916e-01 2.439504761904761949e+02 1.354990291262135997e+03 3.830069716775599318e+02 1.309995739241584943e+03 nan nan
1.027877388003649202e+02 -6.763994984493936045e+02 2.975962912338307547e+02 3.439531476974750923e-01 2.489748995983935629e+02 1.132992798353909393e+03 3.700138605788829977e+02 1.151988140618381976e+03 nan nan
1.040014435675506093e+02 -6.710302159684461003e+02 1.768016949820581658e+02 2.902396700443478639e-01 2.529638476436410599e+02 1.337947988904299564e+03 3.899567610062892982e+02 1.299047082494969800e+03 nan nan
1.125066307711340272e+02 -6.855468476624953382e+02 3.748934182706315710e+02 2.704471074899066352e-01 2.559693654266958447e+02 1.001044496487119432e+03 3.639742919389977942e+02 1.061991266375545820e+03 nan nan
1.213540816117833003e+02 -6.998694416129113733e+02 4.953425375619590341e+02 3.174160905311416703e-01 2.570277207392197170e+02 7.950065861690450220e+02 nan nan 1.168186701893439022e+03 6.709856070087610078e+02
4.847974005230874894e+01 -5.991960433888370972e+02 4.893486683624221882e+02 3.761702816360594226e-01 2.590328888888888628e+02 8.269806678383127974e+02 3.440017587055926924e+02 8.399767282683093299e+02 nan nan
8.248616331109890609e+01 -6.320617723937709798e+02 4.888582702469601600e+02 1.942301371132595933e-01 2.720031380753138137e+02 8.200011037527593771e+02 3.579828872312417616e+02 8.699814415192058732e+02 nan nan
3.248569377891151078e+01 -5.549526282108771511e+02 2.780991343720398277e+02 6.124898977844228654e-01 2.758996336996336822e+02 1.175076060848678935e+03 3.859829702970296808e+02 1.077003149606299303e+03 nan nan
3.926246729745408004e+01 -5.715448936906284416e+02 5.425996348118258084e+02 5.094990742346839907e-01 2.759680245291283427e+02 7.469630057803468617e+02 nan nan 9.390371801062289023e+02 6.049300411522633567e+02
2.796134596437597963e+01 -5.496671534715530925e+02 5.300990306480723575e+02 7.089124492489446983e-01 2.820450867052023227e+02 7.720000000000000000e+02 nan nan 9.059806763285024545e+02 6.319396766169154489e+02
3.638298402382822161e+01 -5.578125912161159476e+02 6.329185607977839254e+02 1.690104833218145086e-01 2.881208360548661176e+02 6.048386065835729823e+02 nan nan 9.260072000000000116e+02 4.429603644646924749e+02
1.458509036217409403e+02 -6.982226024667503452e+02 3.883302075218887808e+02 5.703123509626919496e-01 2.888983957219251124e+02 9.750742659758203672e+02 3.940072173215717726e+02 1.062994644223412479e+03 nan nan
4.498965389562570039e+01 -5.663238597435507700e+02 5.864477438940814409e+02 4.830643377213861833e-01 2.897665642825800774e+02 6.760890663390663349e+02 nan nan 9.460100931677018252e+02 5.270528455284552365e+02
3.460359112076977794e+01 -5.352861475238888715e+02 1.076295957657012821e+02 4.129526499739531453e-01 2.921287553648068638e+02 1.451883957219251442e+03 nan nan 9.070503554502370207e+02 1.416072852233676940e+03
9.286924516710415389e+01 -6.265470579987991186e+02 5.696170699065141889e+02 1.914245665654218942e-01 2.940289403383793569e+02 6.870702210663198457e+02 nan nan 1.067996222342147803e+03 5.469776164549303985e+02
1.207770434446871519e+02 -6.523501270814978170e+02 2.124300197689956065e+02 2.335422904936434452e-01 2.959469879518072162e+02 1.278025139664804556e+03 4.210825552825552904e+02 1.248020734597156434e+03 nan nan
3.839285593659225526e+01 -5.429820759653080131e+02 4.346601748502928331e+02 5.520340488224086961e-01 2.997613168724279831e+02 9.240964506172839492e+02 3.840014845605700771e+02 8.749589990955682879e+02 nan nan
1.215592902984727743e+02 -6.480768913794635182e+02 1.735305000733561940e+02 1.634978903503273573e-01 3.000804447351209774e+02 1.343898963730569903e+03 4.299988004798080965e+02 1.293009174311926699e+03 nan nan
7.553808982217599066e+01 -5.928928174441662122e+02 6.051760160219012050e+02 1.021756063341276444e-01 3.048986754966887247e+02 6.380996810207336694e+02 nan nan 1.016015635179153151e+03 4.881418918918918735e+02
2.041217912964902226e+01 -5.080574377152721581e+02 3.063724326838150205e+02 3.169910492653871259e-01 3.058295755968169942e+02 1.133051053484603017e+03 4.060031910650179725e+02 1.010005579912315625e+03 nan nan
1.390135720783337376e+02 -6.648128108180642357e+02 1.141772355696703585e+02 5.134372766240962171e-01 3.059745654938533335e+02 1.445056107249255319e+03 4.439323034984097944e+02 1.382054698457222912e+03 nan nan
1.479582129309563356e+02 -6.756617765955929826e+02 3.675090698124587334e+02 6.004462138515644920e-01 3.139725622625580286e+02 1.013052784503631983e+03 4.180195749440715645e+02 1.075964385086254879e+03 nan nan
8.331727633933847699e+01 -5.839218034472737600e+02 3.032302610691719451e+02 2.014359865494823876e-01 3.150172528201725299e+02 1.131064148253741905e+03 4.210122249388753062e+02 1.079042839657282684e+03 nan nan
1.368991373509664413e+02 -6.498612581486927411e+02 1.563982941371665731e+02 1.243887183206483504e-01 3.189260563380281610e+02 1.373018354860638965e+03 4.489673670093875444e+02 1.320011410314924660e+03 nan nan
6.360244705867563653e+01 -5.515536416002734086e+02 2.976202013006983407e+02 6.891759483636270556e-01 3.207981651376146601e+02 1.143037441497659984e+03 4.230202347227843234e+02 1.059949105367793209e+03 nan nan
1.404168864089091073e+02 -6.494486163421494211e+02 2.745088689196981591e+02 5.713850270367488715e-01 3.270146609651802123e+02 1.173010869565217490e+03 4.409881011403073785e+02 1.174992603550295826e+03 nan nan
6.775226313807719691e+01 -5.554327785444043002e+02 6.097628437186825749e+02 4.128649276501189513e-01 3.308179611650485299e+02 6.389945770065075976e+02 nan nan 9.790703275529865550e+02 4.898631578947368439e+02
9.033133501675473553e+01 -5.754494659165703752e+02 2.407820816244682760e+02 4.917714549504248467e-02 3.309852104664391277e+02 1.233974069898534481e+03 4.430128375387339474e+02 1.152975342465753329e+03 nan nan
9.848295854513224867e+01 -5.874367401001454709e+02 3.649496928767728718e+02 9.927817018350602873e-02 3.340095440084835445e+02 1.028978678038379485e+03 4.290312056737588478e+02 1.008007936507936506e+03 nan nan
1.699665928969892548e+02 -6.815130851032984083e+02 3.137850772005912745e+02 1.958077959855198114e-01 3.380089659294680473e+02 1.103127065527065497e+03 4.459715639810426637e+02 1.156015212527964195e+03 nan nan
1.775685020057608483e+02 -6.888176379617898419e+02 2.167836591484159783e+02 5.893213697480467195e-01 3.389176410777834008e+02 1.268984308992154411e+03 4.599679607990953514e+02 1.286010301411674845e+03 nan nan
7.547776224052122984e+01 -5.460451830239319406e+02 3.408954924493524459e+02 5.952495933207850864e-01 3.418338068181818130e+02 1.073020654044750472e+03 4.379797877716018206e+02 1.005998493975903671e+03 nan nan
1.591211764646836571e+02 -6.503914759302565471e+02 3.458315810523158689e+02 4.309026958245294470e-01 3.549759704251386552e+02 1.051981308411214968e+03 4.540652573529411598e+02 1.090937234544596549e+03 nan nan
1.798188726577027126e+02 -6.682488449101707602e+02 1.676616381307347865e+02 7.316256621382609682e-01 3.600553558590941634e+02 1.353931785195936072e+03 4.860035842293906967e+02 1.333014595311808989e+03 nan nan
8.602019649997357931e+01 -5.425327038164317628e+02 4.647743719274388354e+02 1.280666117565260609e-01 3.630537887711032567e+02 8.730234833659491187e+02 4.389963695038321703e+02 8.490224948875255677e+02 nan nan
1.757204152755955135e+02 -6.575330692172249201e+02 2.003874611185650565e+02 7.288022810995857803e-01 3.658681092220504638e+02 1.298102357320099145e+03 4.859966329966330250e+02 1.284029535864978925e+03 nan nan
4.900286787869948313e+00 -4.115549791966828366e+02 1.670236503298648074e+02 2.076055268381790109e-01 3.717269822828928341e+02 1.355887651821862391e+03 4.770246734397677528e+02 1.114012189176011589e+03 nan nan
5.978276939543947321e+01 -4.818225020107901742e+02 1.813065155065594638e+02 1.293396400554653325e-01 3.777599053814311105e+02 1.333057383966244743e+03 4.859456947162426559e+02 1.156126736111111086e+03 nan nan
1.801786138205921759e+02 -6.445979741355392889e+02 1.830025892384744850e+02 2.616428694826259393e-01 3.848189338235293917e+02 1.328069823922282922e+03 5.030117593848937076e+02 1.298007356321839097e+03 nan nan
1.928317009886229414e+02 -6.653556058129991015e+02 3.007385084829432458e+02 7.134822279687904611e-01 3.850156482861401059e+02 1.126053822152886141e+03 4.899767554479419118e+02 1.169013432835820822e+03 nan nan
1.217338883754978696e+02 -5.590180468718549491e+02 1.622021407342706425e+02 2.661423061683599878e-01 3.869220272904483409e+02 1.363970000000000027e+03 nan nan 1.073980769230769283e+03 1.314000000000000000e+03
1.870144698186286121e+02 -6.495014978030299062e+02 8.160292976150508082e+01 5.909857794671726783e-01 3.870131578947368212e+02 1.500974696356275217e+03 nan nan 1.249078066914498095e+03 1.465053481331987996e+03
1.182755075574062786e+01 -4.105106755307731419e+02 3.639339795420087285e+02 5.340046522085488689e-01 3.870238429172510450e+02 1.051107611548556406e+03 4.650566037735849250e+02 8.799643192488263139e+02 nan nan
1.494629845409882591e+02 -5.973508855685734034e+02 2.248201130248448010e+02 6.615188211970277621e-01 3.890248062015504047e+02 1.258965034965034874e+03 4.989552715654951953e+02 1.205013937282230017e+03 nan nan
4.683739442934125918e+01 -4.478652201831737329e+02 9.150902752349689706e+01 5.207616055732710025e-01 3.900270270270270316e+02 1.474901176470588325e+03 nan nan 8.771009564293304948e+02 1.444998126171142985e+03
2.068781521913321626e+02 -6.803887276485593247e+02 5.203430726829482182e+02 3.288773099115878673e-01 3.970660964230170862e+02 7.489943457189013998e+02 4.699833487511563135e+02 8.939805517865219144e+02 nan nan
1.803728978407895909e+02 -6.291436844935917634e+02 1.785146680190722179e+02 3.630157934678683307e-01 3.999962049335863412e+02 1.335968077723802935e+03 5.159515002055076138e+02 1.292961958721165502e+03 nan nan
1.027809203856829754e+02 -5.146433723873594772e+02 8.335873968012414537e+01 3.154096587032365062e-01 4.010200523103748651e+02 1.491985559566787060e+03 5.209853697113483122e+02 1.304966231772831861e+03 nan nan
1.292395024958200054e+02 -5.623463582274148393e+02 4.602395301230291125e+02 2.543387325694759782e-01 4.020451388888889142e+02 8.750082493125572682e+02 nan nan 1.089188634335019287e+03 7.661519756838905550e+02
1.103253888965742249e+02 -5.116484383445032904e+02 8.107503868999523888e+01 1.556669735264674670e-01 4.139920000000000186e+02 1.495819022457067376e+03 5.320000000000000000e+02 1.308004741379310417e+03 nan nan
1.713784615845215455e+02 -6.067829335597714362e+02 4.580133951424891734e+02 1.390700046895846642e-01 4.169396411092985204e+02 8.690254163014899405e+02 4.930363013698629970e+02 9.209151414309484380e+02 nan nan
1.868982845494789444e+02 -6.269121744851814810e+02 4.024952003114452737e+02 2.776513563654208275e-02 4.176752287121745439e+02 9.579984678243105236e+02 5.019879113498992638e+02 1.010911009497010241e+03 nan nan
4.101196155787637565e+01 -4.131341333050001481e+02 2.511674491277014170e+02 7.077477078964521384e-01 4.190017211703958537e+02 1.224947463768115995e+03 5.079729729729729684e+02 1.025991385498923137e+03 nan nan
1.991031030122428263e+02 -6.346855314313268082e+02 1.955276670031823869e+02 6.361975259090302259e-01 4.210682800345721830e+02 1.306960000000000036e+03 5.330003514938488252e+02 1.281949538024164895e+03 nan nan
2.109464629147892936e+02 -6.458207139511411015e+02 8.038208408765798652e+01 4.753225840646487788e-01 4.239855907780979578e+02 1.504232463768115849e+03 5.500053590568060145e+02 1.433027624309392195e+03 nan nan
2.275660728638094952e+02 -6.732660342452969644e+02 2.116855370813903505e+02 3.326498876633292023e-01 4.250470423847228858e+02 1.278019920318725099e+03 5.350222680412371119e+02 1.297991383024558445e+03 nan nan
1.447763623571322569e+02 -5.582707919236905809e+02 5.412636375870640677e+02 6.530272529765783762e-01 4.289682419659735615e+02 7.417905737704918465e+02 nan nan 1.113019922523519654e+03 6.219079634464751507e+02
1.308077248878345245e+02 -5.335773959660141372e+02 4.168506182744619082e+02 2.621702681944128033e-01 4.297737704918033046e+02 9.490697155605131456e+02 5.060133555926544204e+02 9.180365226337448803e+02 nan nan
1.388860568032557694e+02 -5.474571190319269363e+02 4.972892397746377924e+02 1.218127021912483177e-01 4.300305380513814839e+02 8.160800000000000409e+02 nan nan 1.096025500910746814e+03 7.029509234828495892e+02
2.762009662494181228e+01 -3.760727112930399016e+02 1.557134289237645532e+02 6.594994825742717115e-01 4.319333826794966740e+02 1.373021155410903248e+03 nan nan 8.050718262806235543e+02 1.329988563259470993e+03
6.240514120512401064e+01 -4.127399506235744298e+02 1.639908637527082362e+02 6.476970465857635750e-02 4.439452554744525514e+02 1.361017614091273117e+03 nan nan 8.840606232294617257e+02 1.314068461088355662e+03
2.126515420679596104e+02 -6.288293944409824690e+02 2.761784891474624715e+02 4.564721724109089829e-01 4.489595744680851226e+02 1.170044967880085551e+03 5.450250368188512766e+02 1.182011571841851492e+03 nan nan
2.077921777857022221e+02 -6.270731056865398614e+02 5.418267453863123819e+02 4.368848756879998851e-01 4.508095433977786683e+02 7.230454800673778664e+02 5.130069444444444571e+02 8.319940298507463012e+02 nan nan
3.787009248841054898e+01 -3.595245122718296216e+02 8.869306791962523562e+01 2.988030412521561763e-01 4.578747337025990873e+02 1.476830809992429977e+03 nan nan 8.130174488567990920e+02 1.447992902767920441e+03
2.368405135596984792e+02 -6.508195884828550106e+02 1.772557632815158399e+02 1.189484876019476778e-01 4.588874856486796716e+02 1.337963406520292665e+03 5.680105456212746731e+02 1.327981589582397874e+03 nan nan
2.590025397013100132e+02 -6.696736337278259725e+02 1.345421175425379658e+02 6.385435831447869859e-01 4.719946070878274327e+02 1.412006628003314063e+03 5.839934364744491404e+02 1.401104062072113265e+03 nan nan
2.550528478301857263e+02 -6.473892113145527674e+02 1.984483207112232037e+02 5.281490717309708094e-01 4.889319507453013784e+02 1.301003921568627447e+03 nan nan 1.363977751052315170e+03 1.244961165048543762e+03
1.103393621259689041e+02 -4.427109427665920407e+02 5.323482400257211111e+02 2.711073017885400338e-01 4.889404580152671542e+02 7.800174781523096499e+02 5.400085061137692719e+02 7.110043980208905623e+02 nan nan
1.809299579016237942e+02 -5.375341045589130999e+02 4.622151546174525834e+02 2.808442412026691537e-01 4.950479127134724990e+02 8.719619750283768553e+02 5.600142566191445894e+02 8.759608540925266880e+02 nan nan
7.577980072214442941e+01 -3.736781163515157687e+02 4.182419666645999428e+02 2.342009556465113607e-01 5.019275629220380779e+02 9.690129032258064399e+02 nan nan 8.860168661588683108e+02 8.700840840840841111e+02
2.850700750890545123e+02 -6.649080423130594681e+02 3.258806558380278489e+02 4.323911814030182432e-01 5.190222993062437808e+02 1.080001120448179336e+03 6.028224299065420837e+02 1.166056967572304984e+03 nan nan
2.932585635078189625e+02 -6.745108407997430504e+02 2.872283560833605520e+02 2.694253830121233761e-01 5.200940860215054045e+02 1.145945186226282431e+03 6.100034682080924995e+02 1.225004678362573031e+03 nan nan
1.521487193486774459e+02 -4.629888843748611862e+02 4.622004707746629038e+02 3.284710486542531394e-01 5.240791896869244511e+02 8.849837008628954891e+02 nan nan 1.065001046025104642e+03 7.829626651349799431e+02
2.163969574946374621e+02 -5.590645176306384201e+02 6.168228590088987175e+02 4.198963298568259006e-01 5.279949264332825578e+02 6.130120405576678877e+02 nan nan 1.233997490939503678e+03 4.921761133603238818e+02
2.689625583589883036e+02 -6.126170487483303759e+02 2.145737556375995041e+02 2.611611684233536845e-01 5.420703789636504553e+02 1.274927196652719658e+03 6.339669282511210895e+02 1.266015981735159812e+03 nan nan
1.398623074931211647e+02 -4.028819144636182727e+02 3.744988029571241555e+02 4.468727154110717636e-01 5.590296838858905630e+02 1.030766688918557975e+03 6.200249739854318705e+02 8.970228601807549467e+02 nan nan
2.172734743818301979e+02 -5.182933318816415067e+02 3.609036736384309734e+02 1.055873001643667375e-01 5.600656512605041826e+02 1.037976516634050768e+03 6.290064267352184970e+02 1.005020884520884465e+03 nan nan
5.495412043695794502e+00 -1.790449450265502378e+02 4.965486604027170756e+02 1.488566633523487615e-01 5.781144492131616062e+02 8.797787333854573717e+02 nan nan 6.741315634218289006e+02 7.659661210506280895e+02
1.861977888058111432e+02 -4.439482098810338471e+02 2.063255264030387366e+02 5.803538554073953692e-01 5.799622166246850838e+02 1.293900459418070341e+03 6.600237726098191615e+02 1.139972722844617692e+03 nan nan
3.336313198371918247e+02 -6.728339390542076899e+02 3.021317285273921129e+02 4.229647321136247307e-01 5.819081172491544294e+02 1.118987463126843750e+03 6.609949780288762895e+02 1.218000000000000000e+03 nan nan
2.649055106483946815e+02 -5.645604579489737489e+02 2.536784493717165674e+02 1.131115065665539571e-01 5.820179726815240429e+02 1.210989492119089391e+03 nan nan 1.319945606694560638e+03 1.147944196428571331e+03
2.688058640521449547e+02 -5.657387088513136177e+02 8.809723268996305023e+01 6.427662649791621163e-01 5.820236826524570688e+02 1.490118535735037767e+03 6.797522859517871439e+02 1.386910144927536294e+03 nan nan
2.995043659944370233e+02 -6.227755402328067476e+02 4.850454912511515886e+02 1.536522470076547298e-01 5.829030593438997130e+02 8.121333610303281603e+02 6.410194931773878579e+02 9.329314516129031745e+02 nan nan
1.658968022642965252e+02 -4.164033683100806797e+02 4.395549726739558309e+02 2.829208658480080185e-01 5.829858417974761551e+02 9.259841195702942969e+02 6.358655352480417378e+02 8.301482142857142890e+02 nan nan
1.017510918532776429e+02 -3.194255864612375149e+02 4.880189534794322412e+02 7.066763254439750730e-02 5.830101088646966900e+02 8.679737670514165302e+02 6.270054811205847045e+02 6.989782338308457383e+02 nan nan
2.438675210078925488e+02 -5.301080410300296535e+02 3.837611965489506929e+02 4.345132806584356411e-02 5.867754538279400549e+02 9.980579302587176471e+02 6.509415292353822906e+02 9.910521739130434753e+02 nan nan
1.665100902172542021e+02 -4.066370644967939256e+02 4.376945771616456682e+02 1.792183298442354134e-01 5.920912196788520987e+02 9.301274079080770889e+02 6.441435028248587287e+02 8.271032713277742232e+02 nan nan
6.560379020601374123e+01 -2.397035546754143240e+02 3.036622548992684187e+02 5.745665295162517838e-02 5.990293276108726559e+02 1.153727713439267518e+03 6.569860215053763568e+02 8.719240614334471502e+02 nan nan
3.103784036768715282e+02 -6.057932311439213890e+02 3.168495127861222613e+02 2.660973815581874069e-01 6.108115869017632349e+02 1.100029993183367424e+03 6.820362056480811361e+02 1.145900178890876532e+03 nan nan
1.407106428297740592e+02 -3.381230239911702711e+02 1.827925394738163902e+02 3.214634306575050449e-01 6.110663942798773860e+02 1.332933062880324542e+03 6.829498069498069981e+02 1.090058094500387369e+03 nan nan
9.514809545457134732e+01 -2.607445827039430242e+02 4.998331872672029021e+02 1.052472144543418753e-01 6.230546810273405072e+02 8.589236393176279307e+02 6.609938612645795502e+02 6.519952522255192662e+02 nan nan
3.139246755839481011e+02 -5.924122585602577828e+02 1.778928362729303956e+02 1.534013789033002451e-01 6.247122743682310784e+02 1.338098443223443155e+03 7.079836660617060033e+02 1.312013126491646744e+03 nan nan
2.331251222671990035e+02 -4.668510441947444747e+02 6.020065930046314406e+02 1.274315770826700001e-01 6.328520599250936129e+02 6.548962686567164155e+02 nan nan 1.200087363494539886e+03 5.451138114997036155e+02
3.557613564078171180e+02 -6.496383642039157849e+02 2.590758697722696979e+02 2.621196277982817957e-01 6.350257222002373965e+02 1.195038402457757229e+03 nan nan 1.534006523157207994e+03 1.134058446186742685e+03
3.563160962449293265e+02 -6.452511118571965198e+02 1.220355410595162482e+02 1.122793834363974425e-01 6.369109663409337827e+02 1.435066225165562855e+03 nan nan 1.532926147704590903e+03 1.386164683301343530e+03
3.741877795019373139e+02 -6.724558500688435743e+02 1.303253156553393239e+02 3.697703646925505350e-01 6.379803105934553287e+02 1.421081528279181612e+03 7.277852680895366575e+02 1.447887128072444966e+03 nan nan
1.212142001199189423e+02 -2.539167587667716077e+02 2.249236960881571292e+02 1.305144167972319136e-01 6.560115638766519623e+02 1.270119443604475464e+03 nan nan 8.939887267904509827e+02 1.214073333333333267e+03
1.148578060698104935e+02 -2.361799818210350850e+02 3.486968034452073084e+02 2.531754131027832977e-01 6.649427220178665721e+02 1.085787633046122664e+03 7.120082304526748658e+02 8.289907212146773645e+02 nan nan
4.857297519681813469e+01 -1.286899428739823747e+02 3.597764145206878084e+02 6.818798606362469483e-02 6.670184931506848898e+02 1.079816143497757821e+03 nan nan 7.179604205318490813e+02 9.990853658536585726e+02
4.207858745724144001e+01 -1.095226877834709995e+02 2.538583351021477768e+02 2.389186486221016037e-01 6.718194726166328792e+02 1.233246458923512819e+03 nan nan 6.980044105854050258e+02 1.172072412034676290e+03
1.893627071254047323e+01 -6.850759862894611274e+01 8.078478477849824912e+01 1.537685837156809732e-01 6.719980818414322812e+02 1.480160589060308666e+03 7.340132794457274485e+02 1.019994182664339746e+03 nan nan
2.713905603792583179e+02 -4.629340500190410239e+02 2.512223038119281000e+02 2.460670630371952772e-01 6.811412365286444128e+02 1.219943952802359945e+03 7.450060413354531192e+02 1.123015829318650958e+03 nan nan
9.142267700234890526e+01 -1.660796904882056708e+02 3.266915914504896818e+02 1.820292985118593942e-01 6.899637325273895385e+02 1.123960975609756133e+03 7.349322957198443191e+02 8.120045586406962457e+02 nan nan
3.402486233224774423e+02 -5.509728690152901436e+02 2.073165769921034496e+02 1.470824190741046658e-02 7.008671679197994990e+02 1.288956201014292219e+03 7.690043149946062613e+02 1.256048742945100003e+03 nan nan
7.136853132264866417e+01 -1.120992615036600881e+02 9.083199056338531818e+01 3.921376581772376690e-01 7.028735294117647072e+02 1.468078929765886187e+03 7.619935361216730598e+02 1.046070727718724356e+03 nan nan
2.434866809852159122e+02 -3.705843839520429697e+02 1.746282512982557478e+02 1.864266022525022937e-01 7.199739754711337127e+02 1.345940028694404646e+03 7.810626322471434833e+02 1.148886942675159162e+03 nan nan
4.037504119902047250e+02 -6.221392801089515388e+02 1.282379282879271045e+02 1.213592133736774992e-01 7.290542237442922442e+02 1.424874832663989309e+03 8.021930379746835342e+02 1.424023644516918012e+03 nan nan
1.101642840932129417e+02 -1.444900408192963823e+02 4.274332475621024514e+02 3.527677745445786384e-01 7.318293001962066455e+02 9.791087301587301681e+02 nan nan 8.220012427506213726e+02 8.901266859344893874e+02
5.169718483433211276e+01 -4.295008258872604756e+01 1.536808083565298091e+02 2.875974523920837855e-01 7.319201201201201457e+02 1.376886740331491637e+03 7.809148936170212210e+02 9.349469476744186522e+02 nan nan
2.737951699362894260e+02 -4.089481089938967102e+02 4.817135255923013801e+02 4.357739033445674065e-02 7.350206794682422924e+02 8.540430839002267476e+02 7.710142548596112420e+02 8.010178041543026666e+02 nan nan
9.026806346804150394e+01 -1.007638488545251647e+02 2.329861921411760193e+02 2.212810074023770501e-01 7.370591245025582339e+02 1.262956288343558299e+03 7.819190269910029656e+02 8.859173166926676686e+02 nan nan
1.764223855470081332e+02 -2.432108308435325341e+02 3.616326032564894035e+02 7.503913355847380284e-02 7.379696078431372825e+02 1.063960912052117237e+03 7.779146087473966418e+02 8.329432525951557409e+02 nan nan
5.707938098710367569e+01 -4.700340504503781602e+01 4.400178163549926467e+02 1.981301331597436904e-02 7.400769745649263314e+02 9.731801007556674676e+02 nan nan 6.950712074303405643e+02 8.811682500766165731e+02
7.665994048523717197e+01 -7.441483785661453965e+01 2.902204703521201736e+02 7.526407355639900265e-01 7.409361909400877266e+02 1.182983585858585911e+03 nan nan 7.360406909788868006e+02 1.115955035128805548e+03
4.194672145751370635e+02 -6.315066296975734303e+02 1.243361988460477505e+02 2.376590255543044872e-01 7.438128523111612367e+02 1.432069039145907482e+03 8.159969522519471639e+02 1.441015593220339042e+03 nan nan
3.468565414503920579e+02 -5.086766971023993733e+02 2.331402623524960234e+02 1.102062015243407134e-01 7.479741561181434690e+02 1.246953042328042329e+03 8.060191040843214978e+02 1.198023888520238870e+03 nan nan
4.028575660908043119e+02 -5.988012887253361214e+02 3.949675868709960014e+02 2.019869670935217076e-01 7.538922155688622979e+02 9.631061787642471472e+02 8.009889434889435051e+02 1.069013930950938857e+03 nan nan
1.474532861172416354e+01 4.907844263679480434e+01 2.460879120223980010e+02 3.117718613514038895e-01 7.559267449896336757e+02 1.249901127214170629e+03 nan nan 5.881026595744681345e+02 1.191972527472527418e+03
1.144163141669299577e+01 5.306826749294658896e+01 3.482059927125765171e+02 1.689968316630613976e-01 7.566772388059702052e+02 1.110120114394661641e+03 7.870584720443874858e+02 6.599437352245862485e+02 nan nan
4.343555208929761875e+02 -6.393854745008096643e+02 3.875888846593886115e+02 3.944436917382001528e-01 7.640791561485755210e+02 9.689838410104011928e+02 8.130082191780821859e+02 1.116034022681787746e+03 nan nan
3.485266243022256560e+01 2.525894292673166319e+01 4.417328343169716618e+02 5.116653422588210431e-02 7.657484513870185765e+02 9.790665873959571854e+02 7.900130790190735297e+02 5.699756803705848824e+02 nan nan
4.382061288412168096e+02 -6.323025187492172563e+02 1.930751665287614287e+02 2.401473772940609236e-02 7.729754098360655235e+02 1.311008219178082300e+03 8.349840561224490330e+02 1.363017441860465169e+03 nan nan
1.650983054047278813e+02 -1.806590376953438408e+02 4.684575092431398957e+02 1.706716860760015553e-01 7.736445672191528047e+02 9.121188034188033953e+02 8.009370764762826411e+02 6.668728352300840925e+02 nan nan
4.292316766120158036e+02 -6.146328074188062374e+02 1.334266863397294287e+02 1.396762420988610920e-01 7.739367816091953500e+02 1.416098391674550612e+03 8.400257979886314388e+02 1.421003386960203215e+03 nan nan
1.113007430589977087e+00 1.044404416322547178e+02 1.793091280658045434e+02 2.469440149659459793e-01 7.778178694158075359e+02 1.342011603375527329e+03 nan nan 5.450240683229814067e+02 1.296858548585485778e+03
4.642078006198711364e+02 -6.699057156303027796e+02 2.592323212666489098e+02 7.001059813227480388e-01 7.800056697377746104e+02 1.190980541455160846e+03 nan nan 1.727324346076458824e+03 1.135132019115889989e+03
4.130320609659684123e+02 -5.774488102911760734e+02 4.202531798371066429e+02 3.509279854350075972e-02 7.880269347496206365e+02 9.220829926410466442e+02 8.289020674646354792e+02 1.024783681214421222e+03 nan nan
2.686126504473192540e+02 -3.364748189695420706e+02 6.357302146404463201e+02 7.129978813316417696e-01 7.900450733752620636e+02 6.270370786516854196e+02 nan nan 1.173938205265985971e+03 5.240328324986087409e+02
3.106927134406334403e+02 -3.968961560490664624e+02 3.680796625591866018e+02 4.596840495738362398e-01 7.939685628742514609e+02 1.034968769519050511e+03 8.320069164265129302e+02 9.489734870317003015e+02 nan nan
3.333475365225779541e+01 8.286930665980736421e+01 2.846128878753391973e+02 1.357851676261250806e-01 8.019844594594594582e+02 1.197915191740413093e+03 nan nan 6.029939209726443323e+02 1.135069984447900424e+03
1.014150276247030718e+02 -1.387337628266996781e+01 2.865305673277494520e+02 1.854926992216885395e-01 8.148175572519083971e+02 1.190024255788313212e+03 8.469185550082102054e+02 7.830665896843726159e+02 nan nan
4.720930796658451527e+02 -6.485903115818013021e+02 6.127733221811648718e+02 4.485403814523259980e-01 8.179211191335740523e+02 5.708372450098705713e+02 8.420328563857975723e+02 8.249706042460533126e+02 nan nan
2.733442263473785516e+01 1.167589971767460071e+02 2.576718504401600285e+02 6.325695121752732131e-02 8.179579929988331060e+02 1.236013916500994128e+03 8.478218599033816645e+02 7.350286738351254598e+02 nan nan
4.246662828202355513e+02 -5.644709152435257238e+02 6.134907206595395337e+02 1.977943229891489518e-01 8.198159509202454274e+02 5.950606989576946262e+02 nan nan 1.574962041884816699e+03 5.200148830616584519e+02
6.753236541042838326e+01 5.017115310010525064e+01 4.396844650285210605e+02 9.612300821784114380e-02 8.217913128674068730e+02 9.830733427362482644e+02 8.419610326351680669e+02 5.680161756210283102e+02 nan nan
1.331611385280022262e+02 -5.293391993768102566e+01 5.774003369099439169e+02 2.606604866068569226e-01 8.299700404858299407e+02 7.751938438988640883e+02 8.429609047752024935e+02 4.639262374636040249e+02 nan nan
1.784452755628107354e+02 -1.115477478908795064e+02 1.436171627368129293e+02 5.617246150417290473e-02 8.369796355841372133e+02 1.393006329113924039e+03 8.780422764227641892e+02 1.015075079872204469e+03 nan nan
3.453989739746757550e+02 -4.040245616650471447e+02 4.332079225304527199e+02 7.122245380100096501e-02 8.370101988781234468e+02 9.279719341061622799e+02 nan nan 1.337140239043824749e+03 8.560351591413767665e+02
4.982264506073764778e+02 -6.647092043448144523e+02 3.254328639333374440e+02 4.385980868094159213e-01 8.379432288586634741e+02 1.072995437262357427e+03 8.830117359413202394e+02 1.236870779491454869e+03 nan nan
4.823258251759075392e+02 -6.320591132695039960e+02 2.200677631992577687e+02 7.271916609805539888e-02 8.409871225577264795e+02 1.263079999999999927e+03 8.910172537742631675e+02 1.343987752161383241e+03 nan nan
1.046986286629812355e+02 1.934946309385921381e+01 2.417756458256309600e+02 2.834978376124628816e-02 8.417828485456369663e+02 1.254051911718992869e+03 8.729890728476821096e+02 8.178430935709739060e+02 nan nan
2.616087217415044961e+02 -2.462299073154367193e+02 4.865260608293383484e+02 3.125754686519547909e-01 8.489316416364578117e+02 8.711087786259541872e+02 8.698379334748761949e+02 7.020819366852886105e+02 nan nan
1.285104268312504772e+01 1.936321721994285099e+02 5.030678482287958104e+02 5.271880318826287493e-01 8.559425355450237021e+02 9.148616898148147811e+02 nan nan 5.330877723970944544e+02 8.179524959742351484e+02
5.282543200353082824e+01 1.299243856828136074e+02 2.828624864424107841e+02 1.887097621487036636e-01 8.568743331357438819e+02 1.202078551912568400e+03 nan nan 6.131245977011494688e+02 1.141035626535626534e+03
1.708912209291433157e+02 -5.783604377728867263e+01 1.587119277449904189e+02 9.000323855688505126e-02 8.669642640823743704e+02 1.370849226804123646e+03 9.020579710144927503e+02 9.670270361608651228e+02 nan nan
3.912276255843543140e+02 -4.221614262894121339e+02 3.424699807170408121e+02 3.612982282213781926e-01 8.850306579400620421e+02 1.071016197183098484e+03 9.170688679245282628e+02 1.019790894653255691e+03 nan nan
3.034980097230168781e+02 -2.661211837219141216e+02 3.264275374776155445e+02 1.276474893689787393e-01 8.866663640490240823e+02 1.112078729281767892e+03 9.149756321839080329e+02 9.219445015416238220e+02 nan nan
1.032087469893198630e+02 9.063661387792433288e+01 1.524233315619646874e+02 1.152091176509143361e-01 8.879787100814025962e+02 1.378971058644325922e+03 nan nan 7.019607843137255259e+02 1.337896453900709275e+03
4.023760733516570554e+02 -4.333545081311402214e+02 4.154621222791348032e+02 4.000338021094589358e-01 8.929951644100580097e+02 9.499926624737945531e+02 9.200062552126772744e+02 9.369608965188364209e+02 nan nan
1.662919813302263776e+02 -1.469810613195783233e+01 5.346008542834888431e+02 9.618512314185899414e-02 8.971564438318400789e+02 8.388817518248175702e+02 nan nan 8.450141532454856588e+02 7.459513694801564725e+02
1.629791568678278963e+02 -1.382436129913172884e+00 2.333345656644568464e+02 1.590643140718558668e-01 8.979785310734463337e+02 1.265008752735229791e+03 9.249620689655172328e+02 8.517614711033274943e+02 nan nan
3.782026791841668683e+02 -3.747769621110048774e+02 9.860615820649782393e+01 3.091219261937626639e-01 9.010334029227557266e+02 1.469818248175182589e+03 nan nan 1.369991615427613169e+03 1.424900059136605478e+03
1.744845654909098300e+02 -1.672545723413892915e+01 3.957095898489338879e+02 2.158494250178821794e-01 9.036658698539176839e+02 1.034109936575052870e+03 9.219314355677992125e+02 6.750317055393586543e+02 nan nan
9.608890391396495545e+01 1.354121761344605090e+02 1.054658435050297243e+02 1.084503652162735476e-01 9.089143712574850724e+02 1.442974747474747574e+03 9.379931769722815034e+02 9.069963389121338651e+02 nan nan
3.538173672112860686e+02 -3.291662529126211894e+02 4.828692359868177846e+02 1.361170603777289156e-01 9.089161774298760292e+02 8.591357979502196258e+02 9.271267098632109764e+02 7.757772413793103397e+02 nan nan
2.709273624506121223e+02 -1.808022954310794717e+02 6.324242498528496981e+02 1.552548426774255641e-01 9.120379523389232190e+02 6.630089445438283065e+02 nan nan 1.086134461683121799e+03 5.680228777844671413e+02
3.445508519256404156e+02 -3.071753770312441816e+02 6.074124379519340664e+02 3.247233487777283489e-01 9.148984562607204225e+02 6.689229906542055915e+02 nan nan 1.271889136242208451e+03 5.861603970741902003e+02
3.845021428279989095e+02 -3.686789721272425027e+02 1.330628088775083597e+02 5.272382944716503816e-01 9.157600182149362809e+02 1.414185900783289753e+03 9.530017050298380354e+02 1.238860792951541953e+03 nan nan
2.430477948393742338e+01 2.746680509937857551e+02 2.392380382588967223e+02 3.594741264834913630e-01 9.179180922757905137e+02 1.265952552120776318e+03 nan nan 5.169588390501319282e+02 1.211856695869837267e+03
2.490832481939809782e+02 -1.238832236664549811e+02 1.873470320360702885e+02 2.363282576445866756e-01 9.189724324324324698e+02 1.329096335697399581e+03 9.480064350064350265e+02 9.909907773386033796e+02 nan nan
5.235591778384938380e+02 -6.134933151326673624e+02 4.335873963418561061e+02 2.999879252459466406e-01 9.238042286609240819e+02 8.871523452157598513e+02 nan nan 1.771276420370915503e+03 8.319994921279837854e+02
4.262541156382326903e+02 -4.319664543433981976e+02 2.707687690459927694e+02 2.288784996155662221e-01 9.267334943639291396e+02 1.187164146868250555e+03 9.570048875855327424e+02 1.126074138937536418e+03 nan nan
4.173153917572965952e+02 -4.089753854608381403e+02 3.059918097864406263e+02 2.560785742406912480e-01 9.327989220563847539e+02 1.130974220623501196e+03 9.598957459556620506e+02 1.065004521477015714e+03 nan nan
3.017167199744081358e+02 -1.914367608280200841e+02 2.238596503172367136e+02 2.123309879823797874e-01 9.386920178949847013e+02 1.273196858638743379e+03 nan nan 1.138139164153382126e+03 1.220044906900328670e+03
8.962278177567193893e+01 2.023308725439476632e+02 2.784020323244338329e+02 3.164007754223476243e-01 9.470222984562607280e+02 1.210911268372346285e+03 9.639929506545820459e+02 6.859675977653631662e+02 nan nan
4.425516775047699269e+01 2.917726371669263017e+02 1.331972076347720986e+02 2.232076558423634616e-01 9.499495733126454979e+02 1.403985629754860611e+03 9.710101971447994629e+02 7.909843643779742024e+02 nan nan
3.354373276801268275e+02 -2.333487818890372125e+02 8.746612359138535453e+01 3.912976014377956835e-01 9.511489539748954485e+02 1.482816285998013882e+03 9.830881927710843229e+02 1.192151474530831138e+03 nan nan
3.086556946597477804e+02 -1.819474941824875600e+02 1.626688623646595602e+02 7.824779500540689214e-03 9.539899949974987976e+02 1.366113455227379291e+03 nan nan 1.143037713612256994e+03 1.318944027303754183e+03
2.148895247932172765e+02 -1.206919499785259298e+01 1.386779184555940674e+02 2.519298173084555392e-01 9.540193089430894133e+02 1.400024850894632209e+03 9.790405606919176762e+02 9.759185926181442028e+02 nan nan
7.389887002804147187e+01 2.541063945207149857e+02 2.647927982731381462e+02 9.229095655635266571e-02 9.617986030267753677e+02 1.231107395020438389e+03 9.769385143570536911e+02 6.739221678891605052e+02 nan nan
3.291546937952028316e+02 -2.139710351748301207e+02 5.336864653680831907e+02 1.900520375372138915e-01 9.628943569553805446e+02 8.000462382445141429e+02 nan nan 1.191933659597607402e+03 7.230023682652457637e+02
2.103648769261047278e+02 1.978874896022574958e+01 2.166837768280917089e+02 2.461153693672868403e-01 9.707540983606556892e+02 1.288997772828507777e+03 9.909525291828794025e+02 8.711293673276676373e+02 nan nan
3.295524842442461591e+02 -1.965031803995401560e+02 5.809852892056243263e+02 1.717676446856241101e-01 9.768060271646859292e+02 7.320356359649123306e+02 nan nan 1.182147643593519888e+03 6.510963855421687185e+02
5.747555140219199075e+02 -6.433802254463622603e+02 4.178442794796158068e+02 9.698137219258642916e-02 9.778305008944544170e+02 9.069639639639639199e+02 nan nan 1.876201317296678099e+03 8.581452414772727479e+02
3.817380976146877174e+02 -2.860802294653903459e+02 3.158878585487896657e+02 3.300306822828160125e-01 9.779853603603603460e+02 1.125017448200654371e+03 9.969844062375050271e+02 9.678602150537634543e+02 nan nan
1.474179152171259375e+02 1.421760619017256033e+02 4.736272755049135981e+02 1.185585149029886598e-01 9.789261388766033178e+02 9.431195361284567298e+02 9.850190449118817924e+02 5.040188992042440077e+02 nan nan
5.581437164881140234e+02 -6.104007869131145299e+02 4.347351738499588123e+02 1.445494249617205740e-01 9.799036608863198126e+02 8.829112769485903982e+02 nan nan 1.822109180497925308e+03 8.331530421799178612e+02
4.517417280797886860e+02 -4.080528178983883549e+02 1.793965203464044009e+02 1.967500573670702968e-01 9.810300632911391858e+02 1.339078711985688642e+03 nan nan 1.505028237585199577e+03 1.287151300236406541e+03
1.365507956288226978e+02 1.712374208747832540e+02 2.277346384621663731e+02 3.611574663483024805e-01 9.818545662754079331e+02 1.277865362035224962e+03 nan nan 7.169807280513919068e+02 1.225928811032426438e+03
6.805436034959481617e+01 3.307462424763864419e+02 2.850875688384019782e+02 3.211225272891615745e-01 1.002798667301285150e+03 1.208144468818552241e+03 nan nan 5.590808919982509906e+02 1.149061643835616451e+03
3.187215071919340517e+02 -1.184456706557498649e+02 1.823070834818473713e+02 2.444607639259188114e-01 1.012893092105263122e+03 1.336971053647240524e+03 1.032050678371907452e+03 1.012141304347826122e+03 nan nan
5.449002048145637218e+02 -5.383638514023982680e+02 1.323930500817332927e+02 1.495557296255625446e-01 1.014912500000000023e+03 1.419164150943396180e+03 1.041826172644856115e+03 1.406953456845910523e+03 nan nan
9.107347186752082280e+01 3.082546429317427510e+02 2.430128456879234307e+02 2.079835552058528214e-01 1.014939564300772986e+03 1.261050886661526647e+03 nan nan 5.989150753768843742e+02 1.208876397515527970e+03
7.385604973369022730e+01 3.359910680895196720e+02 5.985982753732270112e+02 5.217872945817666475e-01 1.016013513513513544e+03 8.059990281827016361e+02 1.012985772357723590e+03 2.649652509652509593e+02 nan nan
4.569539970721799023e+02 -3.715420383015547259e+02 6.095997657746436289e+02 4.909966058134940248e-01 1.021900575815738989e+03 6.420492390331244223e+02 1.025937235968618097e+03 6.600578566732413037e+02 nan nan
3.638111414930698402e+02 -1.958747338286718787e+02 5.402024222068229165e+02 3.756021099209151393e-01 1.022009642654566051e+03 7.909104958145525188e+02 1.026922232387923259e+03 6.330431034482758150e+02 nan nan
6.001819768852329844e+02 -6.296444769966353761e+02 3.814566142764810479e+02 3.125780290221896185e-01 1.029052074857607749e+03 9.720443307757885805e+02 nan nan 1.904000000000000000e+03 9.259989754098360208e+02
1.866525305805643313e+02 1.515842204602178924e+02 3.052526226828184122e+02 1.396395698036690391e-01 1.029746105263157915e+03 1.171070422535211264e+03 1.038932541366143369e+03 7.010780748663102031e+02 nan nan
1.385641098115258671e+02 2.403555777140754515e+02 5.176995878685296475e+02 6.333245209784787999e-01 1.030832103321033173e+03 8.950466076696164919e+02 nan nan 6.940882924931933076e+02 8.109397457158651150e+02
5.212360598887629521e+02 -4.742772622646098739e+02 1.653311827453909757e+02 8.774312339665614469e-02 1.031062643942883369e+03 1.362058035714285779e+03 nan nan 1.659915195867412876e+03 1.309854657113613030e+03
6.068232941644680523e+02 -6.367795027698514332e+02 2.438453893922481086e+02 1.683098013039677210e-01 1.031980267794221390e+03 1.218914794732765358e+03 nan nan 1.923106055851898418e+03 1.167114081996434834e+03
3.539276493575334115e+01 4.440016909189256467e+02 2.135722136618141747e+02 2.254015757804194164e-01 1.032888741721854331e+03 1.303016470588235279e+03 nan nan 4.739961119751166621e+02 1.254064112587959244e+03
5.699374441138013481e+02 -5.645471665305495890e+02 5.708880037212809384e+02 1.380614211521056234e-01 1.037826292666441304e+03 6.531457739791072754e+02 1.043006785411365627e+03 8.599355294117647190e+02 nan nan
3.379657213229466493e+02 -1.247597301924932083e+02 5.986780673946466322e+02 2.487712843231830173e-01 1.038980941704035786e+03 7.179732468585326615e+02 nan nan 1.153057127882599616e+03 6.389769186381996633e+02
4.390925822496242859e+02 -3.102737315480005122e+02 4.295474339975908720e+02 9.660293986366362551e-02 1.040973216885007332e+03 9.410432966198252416e+02 1.049139306535747210e+03 8.561787911690191777e+02 nan nan
8.907395706824146941e+01 3.601082053078560534e+02 1.488352534365204463e+02 1.300287213036532830e-01 1.043108433734939808e+03 1.383977152899824205e+03 nan nan 5.760155826558265062e+02 1.343966353677621328e+03
6.474814637351889814e+02 -6.946894199447914389e+02 1.838946052095962500e+02 2.930165704266202154e-01 1.048034812286689430e+03 1.325953995157384952e+03 nan nan 2.039020197275716328e+03 1.271138693467336680e+03
4.307955363514799529e+01 4.504256784592606095e+02 5.803049430151212391e+02 1.926949645191857186e-01 1.048056929417825813e+03 8.449519979242345471e+02 nan nan 4.869630630630630890e+02 7.490401188707280653e+02
5.913109218139996983e+02 -5.845532136221331712e+02 6.285418716267813579e+02 2.027879091103905740e-01 1.054996226415094270e+03 5.460159680638722648e+02 1.056950909090909136e+03 7.978425170068027228e+02 nan nan
4.261312819328417163e+02 -2.570426275792980277e+02 8.978518699583065654e+01 1.968189817803875918e-01 1.057873695198329870e+03 1.481987398072646329e+03 nan nan 1.363987903225806349e+03 1.436096142433234490e+03
5.452631343730007529e+02 -4.925222100115990429e+02 6.393711656361367659e+02 4.938570276457869279e-01 1.057971346704871166e+03 5.560019665683382755e+02 1.059014735980352043e+03 7.128669757489301446e+02 nan nan
6.440821083342565316e+02 -6.800955860180444006e+02 5.536040931873417321e+02 9.187785722327321269e-02 1.058972190034762434e+03 6.499291698400609221e+02 1.064138069705093812e+03 9.838803191489362234e+02 nan nan
4.430255597071660532e+02 -2.900370828414577318e+02 3.236148266267769600e+02 5.288673385027405083e-02 1.060135151890886618e+03 1.110920289855072497e+03 1.070111717974180692e+03 9.779189356435643958e+02 nan nan
5.263636712465220171e+02 -4.471268144340108961e+02 5.972185358845738392e+02 6.216799447084217500e-02 1.065046244131455296e+03 6.390220207253886429e+02 1.065963009667927736e+03 7.390458852867830046e+02 nan nan
4.441221328351080047e+02 -2.760734839172422426e+02 2.501117155708775499e+02 2.925876417795559847e-01 1.070994000749906263e+03 1.227944249341527666e+03 nan nan 1.402002326934264147e+03 1.175943506493506447e+03
2.498192157104947242e+01 5.318220994816098255e+02 2.511977938748757708e+02 3.933934784949124630e-01 1.071981378026070843e+03 1.258979788257940299e+03 nan nan 4.319785586658725265e+02 1.205066804407713562e+03
5.520949503476500695e+02 -4.848373216482553971e+02 4.872868518095351646e+02 6.063023677150418678e-01 1.073014005602240786e+03 8.140474967907573500e+02 nan nan 1.710123914302258299e+03 7.640615384615384755e+02
3.696645845264607289e+01 5.118363687553041927e+02 1.474413192204388281e+02 5.821925677292818513e-01 1.073129535700351198e+03 1.385836915887850409e+03 nan nan 4.530758317025440078e+02 1.347096118299445379e+03
5.868149220385447506e+02 -5.450391522529752137e+02 2.688568417211853898e+02 3.179281270962436845e-01 1.075961395694135035e+03 1.180000000000000000e+03 nan nan 1.814004213483146032e+03 1.130083286437816469e+03
5.071796677846254511e+02 -3.920786506956372364e+02 3.354642467902436351e+02 3.636445514871091689e-01 1.075967905405405418e+03 1.080974048442906678e+03 nan nan 1.575074948665297825e+03 1.028941638608305311e+03
5.203668043873166198e+02 -4.156250161721828249e+02 2.339709925716587975e+02 2.165815530330301164e-01 1.076079148936170213e+03 1.247822784810126677e+03 1.088900513478818993e+03 1.189973642172524023e+03 nan nan
2.148604458220591766e+02 1.787357940356988024e+02 4.218660022556106810e+02 1.401309483310829163e-01 1.081931482149296698e+03 1.014035330948121668e+03 1.082986770428015461e+03 5.619804241435563199e+02 nan nan
3.873585726532326134e+02 -1.550233380874192619e+02 5.804488428540078075e+02 6.058369338435057871e-01 1.083046571798188779e+03 7.349690768531150979e+02 nan nan 1.241892133772962779e+03 6.658949818934298719e+02
4.711410876072695828e+02 -3.053996047535810021e+02 1.852719260862684791e+02 1.275060508760061384e-01 1.086974888691006299e+03 1.330950263962211693e+03 nan nan 1.461988556897647868e+03 1.279948503827418335e+03
3.508722504817478125e+02 -7.565676874198415192e+01 3.750542150658354217e+02 5.063308969085162509e-02 1.086983394833948296e+03 1.052893355667225023e+03 nan nan 1.144176682692307622e+03 9.921110555277639378e+02
4.163943538840009069e+02 -2.030571283684631112e+02 4.205884833437107773e+02 7.713673877614443675e-02 1.087031417624521055e+03 9.690479452054794365e+02 1.090037550290567651e+03 8.008547244094488633e+02 nan nan
4.396239086161237424e+02 -2.445816074880190456e+02 2.568196276872238286e+02 2.752773161064474006e-01 1.087853312302839186e+03 1.219112961622013017e+03 1.095937681159420208e+03 1.031092657342657276e+03 nan nan
5.697016066124546114e+02 -5.005000841728265186e+02 5.481487333899947316e+02 4.475274262383280299e-02 1.087991395205900517e+03 7.058821936357481945e+02 1.088963297571993280e+03 8.510163339382939967e+02 nan nan
5.460311811466655172e+02 -4.518953423067400195e+02 4.456510097784914706e+02 1.917807325778955740e-01 1.088946215139442302e+03 8.890737647877522249e+02 nan nan 1.676136247606892084e+03 8.397957528957529121e+02
3.943820603796259547e+02 -1.458742801055092571e+02 8.593928823596114341e+01 4.791031459656457381e-01 1.093959230769230771e+03 1.483987261146496849e+03 1.104981464318813778e+03 1.158077906976744089e+03 nan nan
4.034814982371667611e+02 -1.652284338187126593e+02 3.276566856656341429e+02 6.404976012146113007e-02 1.094930831099195757e+03 1.114975711311589066e+03 nan nan 1.272092409240924098e+03 1.059065940713853706e+03
6.062815747278016261e+02 -5.545867730878701423e+02 1.173568471409260638e+02 1.088545744676333304e-01 1.097038840937114628e+03 1.446931497175141203e+03 nan nan 1.853958556149732658e+03 1.390940113577697502e+03
5.766142890466338713e+02 -5.015989306521511253e+02 5.705210999203804931e+02 7.405551308940649946e-02 1.097983009708737882e+03 6.670025862068965807e+02 1.096991906474820098e+03 8.229949636261891328e+02 nan nan
1.743168043766369237e+02 2.973021536349480130e+02 6.118101042233586213e+02 2.922520240219186882e-01 1.108046540880503244e+03 7.780313837375177854e+02 1.100979770366320281e+03 2.829168026101141891e+02 nan nan
3.394875852659103543e+02 -1.785861808669934447e+01 1.851035567597670024e+02 1.134167716533064085e-01 1.108993103448275861e+03 1.333973026973026890e+03 1.115001687478906433e+03 9.588722615436468004e+02 nan nan
2.610990056536971693e+01 6.034169274774354790e+02 5.534463390546517303e+02 4.227197805722854862e-01 1.114947179946284677e+03 8.951137055837563139e+02 1.108931220498988523e+03 2.089775280898876417e+02 nan nan
3.030116741115885475e+02 6.448369503374371448e+01 1.995151042197817901e+02 3.447875633483760138e-01 1.115836447332791749e+03 1.314203606557377043e+03 1.120959595959596072e+03 8.899372270742358069e+02 nan nan
1.837839110245584777e+02 3.002511711944542867e+02 4.009694748754346278e+02 7.512460329529072056e-02 1.118746691176470677e+03 1.053016566265060192e+03 1.116991571641050996e+03 5.258626482213438749e+02 nan nan
5.937007389800482997e+02 -4.957544939029905322e+02 5.874713541449630156e+02 6.772603875816449737e-01 1.127975350410826422e+03 6.378173913043477796e+02 1.125014207149404228e+03 8.009628212137780565e+02 nan nan
1.820063722637047761e+02 3.210340505394011075e+02 5.638159211850429529e+02 1.491664650065758491e-01 1.130125365378369679e+03 8.430438530734633105e+02 1.124007194244604307e+03 3.310196078431372371e+02 nan nan
6.929607263795780909e+02 -6.850155579097622649e+02 3.552948206377133147e+02 1.712017671202594460e-01 1.132881343466536009e+03 1.008055731922398536e+03 1.134961233480176134e+03 1.279223691168693904e+03 nan nan
3.332895104670733986e+02 2.537156364089589289e+01 5.930984517250712997e+02 3.595111276201144734e-02 1.133053614947197502e+03 7.518690647482014811e+02 nan nan 1.065021449704142015e+03 6.770425038639876902e+02
6.005803143404119737e+02 -4.890534763152202800e+02 1.408363307430604152e+02 1.316139071070698552e-01 1.139974358974358893e+03 1.404889636608344517e+03 nan nan 1.790950723085163418e+03 1.351008581235697875e+03
3.548056862824014388e+02 6.055336089081281292e-01 4.231029431674946295e+02 8.615710014910399339e-02 1.142943228200371095e+03 9.900125523012552549e+02 1.139963658636178025e+03 6.760009569377990601e+02 nan nan
2.854290755708203164e+02 1.602105855178653542e+02 5.895609930961722966e+02 6.620175102491796526e-01 1.157052412645590721e+03 7.809472551130247666e+02 1.150087065567896843e+03 3.869310884886452868e+02 nan nan
1.359042889698557701e+02 4.724642988160438790e+02 2.725006140041217577e+02 8.976029181094830056e-02 1.161987647967061321e+03 1.228899674267101091e+03 nan nan 6.000041916167664340e+02 1.175012630014858814e+03
2.953519892375849167e+02 1.524551893156748292e+02 1.516140049716605915e+02 5.167766576130290446e-01 1.162027332704995388e+03 1.381984905660377308e+03 1.160961890243902417e+03 8.959598880597014841e+02 nan nan
5.508441969874174902e+02 -3.550997208742215321e+02 1.074835728453035841e+02 7.185512312258273138e-01 1.165977436823104654e+03 1.459022178413011261e+03 1.167013282732447806e+03 1.311906250000000000e+03 nan nan
5.273969117894698684e+02 -3.044789221801742087e+02 2.453249942954270182e+02 1.761237807072446593e-01 1.168970040485829941e+03 1.233973160173160068e+03 nan nan 1.542978531672409190e+03 1.182927089880578251e+03
6.928528629813006319e+02 -6.408811459569277531e+02 6.377259638591867770e+02 3.527174379597506348e-01 1.170992325402916322e+03 5.029218750000000000e+02 nan nan 2.048068814638027106e+03 4.861123697326687534e+02
5.697676529610860143e+02 -3.881898781256235225e+02 4.276853994104917547e+02 1.888657277140458612e-01 1.171995286195286099e+03 9.270219333874898666e+02 nan nan 1.663052761341222777e+03 8.801070049641477908e+02
5.952063152806231727e+01 6.482598257054380610e+02 2.003540624291478309e+02 7.427403279818783899e-01 1.172994485294117567e+03 1.322996233521657359e+03 nan nan 4.400087929656274923e+02 1.278016225448334808e+03
2.741621284442851447e+02 2.133485606906582746e+02 4.592822267159992862e+02 3.482332241306813625e-01 1.175044741429401483e+03 9.649758389261744469e+02 nan nan 8.919406693711968046e+02 8.968491471215352249e+02
4.043256915819492292e+02 -4.004063590070001766e+01 4.407280842156762333e+02 2.607520802012240901e-01 1.181013256006627898e+03 9.579553191489361552e+02 1.174844292477643421e+03 6.869172099087353445e+02 nan nan
6.098091715026590691e+02 -4.560863138306876863e+02 5.964484038529282088e+02 3.254132571352746917e-01 1.182976705490848644e+03 6.300083160083160010e+02 1.173948106060606051e+03 7.690688665710187024e+02 nan nan
6.120833115845246084e+02 -4.566375997703343046e+02 5.505892881566342112e+02 1.595052242246289623e-02 1.185954722492697101e+03 7.069333675038442379e+02 1.176946198310360160e+03 8.330203408466189785e+02 nan nan
7.646510593197531591e+01 6.381423513201684727e+02 1.898988225276499975e+02 1.090391484414418855e-01 1.185977760736196387e+03 1.336041958041957969e+03 nan nan 4.650034443168771645e+02 1.290994075049374487e+03
2.247305875912906288e+02 3.393314231864919179e+02 1.721088588939099111e+02 4.483269635126411190e-01 1.187989073881373542e+03 1.354896973599484909e+03 nan nan 7.689883355764917496e+02 1.309923692636072474e+03
4.616995091965338815e+02 -1.427739381564184100e+02 2.505042290454765066e+02 8.438168485443972577e-02 1.188785001511944301e+03 1.233074168797953917e+03 nan nan 1.342039763779527448e+03 1.182128878281622974e+03
3.045675501785094070e+02 1.742634831789751502e+02 6.159364387309423137e+02 2.639274019774932034e-01 1.190079808459696778e+03 7.460116959064326920e+02 1.179032858707557580e+03 3.529125364431486673e+02 nan nan
7.073163231296944105e+02 -6.382316701371153158e+02 2.975366308777096833e+02 3.624921026396785706e-01 1.193936316695352843e+03 1.118982488479262656e+03 nan nan 2.074964534515516334e+03 1.075067216233354429e+03
5.265141738349635716e+02 -2.648527890620351286e+02 5.150476318308100190e+02 2.127088896825704845e-01 1.197815283122594792e+03 8.070436113236419260e+02 1.188846908734052931e+03 7.440950626381724078e+02 nan nan
6.305410395415742641e+02 -4.704175817466515355e+02 5.681015694832028657e+02 2.670713276287756122e-01 1.203993018617021335e+03 6.729761261261261325e+02 nan nan 1.812973136915077930e+03 6.390321761219305472e+02
4.377839915746071711e+02 -6.924393677390639823e+01 1.004181437492553499e+02 2.110175294439299298e-01 1.204079052969502300e+03 1.460950663349917022e+03 1.199987345679012378e+03 1.108990247300592046e+03 nan nan
4.134149284610446671e+02 -1.654111661071266326e+01 6.197908162790814686e+02 6.663981804847834978e-01 1.209746695095948780e+03 7.011728000000000520e+02 nan nan 1.199028890959925548e+03 6.349115341545352749e+02
7.042526162469437168e+02 -6.052775526990619710e+02 1.530865518515600456e+02 1.105521007881034856e-01 1.213980342422320973e+03 1.383991372549019616e+03 nan nan 2.043841634738186485e+03 1.328061663479923482e+03
5.068248741508261901e+02 -1.909483259128263910e+02 1.741407209935274238e+02 2.572401768124097377e-01 1.217948374760994284e+03 1.349928433268858726e+03 1.211998504113687432e+03 1.115984813971146650e+03 nan nan
6.076480903360462662e+02 -4.020539301563715640e+02 4.551225684073696129e+02 1.068497739958778336e-01 1.218772775991425533e+03 8.770474670921420284e+02 1.207914381645215371e+03 9.260151607034566723e+02 nan nan
2.124931698220634360e+02 4.217363271774272562e+02 6.125481246310661163e+02 7.171340328044206736e-02 1.222997830802602948e+03 7.919854851031321914e+02 nan nan 7.229686723023371542e+02 7.110805860805860448e+02
3.421399748754382699e+02 1.692079333620322075e+02 4.702979130765247646e+02 1.794223099018893153e-01 1.231897153351698762e+03 9.420897571277719180e+02 1.221139004937333766e+03 5.370744092508798531e+02 nan nan
9.936937830602637689e+01 6.780614574678011195e+02 2.331652486301928491e+02 4.191804017697734475e-01 1.232087557603686719e+03 1.285122388059701507e+03 nan nan 4.819952165825139332e+02 1.234948846153846262e+03
2.971695235211146837e+02 2.683196083997988808e+02 3.942921982116421873e+02 7.198754627625353342e-01 1.234014409221902042e+03 1.056010752688172033e+03 1.225080639167595791e+03 5.709084394904458577e+02 nan nan
4.581992227005004565e+02 -5.699136211661016205e+01 6.249120661750156387e+02 9.764912538373848871e-02 1.243013844515441860e+03 6.819590643274854074e+02 1.229087043521760961e+03 4.779572098475967437e+02 nan nan
3.924958643577167550e+02 8.388042513299200209e+01 4.136641959051618755e+02 7.482412279312056214e-02 1.243662790697674382e+03 1.010164790996784518e+03 nan nan 1.116188377723970916e+03 9.531368113827070374e+02
1.972245443165950007e+02 4.980124140660077501e+02 5.802416494154646216e+02 1.705162417275896680e-01 1.246766830519341738e+03 8.429781780394873749e+02 1.234969605777911511e+03 2.470121872995509875e+02 nan nan
3.813210525827283277e+02 1.235928661254577321e+02 4.783852315861694819e+02 1.296563841739371004e-01 1.254042037186742164e+03 9.239603559870549816e+02 1.240873509741203861e+03 5.569140369967356037e+02 nan nan
3.267597088736311548e+02 2.448425394558522612e+02 1.619907791352465836e+02 1.372759499780926706e-01 1.255770068027210982e+03 1.368038089089735422e+03 1.244989469250210504e+03 8.461082603254067180e+02 nan nan
6.962984309605313911e+02 -5.272486210297043954e+02 8.318285890722735587e+01 1.985747076214033902e-01 1.260874121405750884e+03 1.508886477462437369e+03 nan nan 1.964945491251682370e+03 1.447943381790359581e+03
4.806681497257811202e+02 -7.151452164224519947e+01 1.692396162325926241e+02 8.345776315964485714e-02 1.260962217860647797e+03 1.357970489604292425e+03 1.248964772727272702e+03 1.044071378091872702e+03 nan nan
5.349560271932649584e+02 -1.804879399975578167e+02 1.901907820562997529e+02 9.281039988559261489e-02 1.265019952114924081e+03 1.325056511056510999e+03 1.251992894362861307e+03 1.098928384736016824e+03 nan nan
2.918262335528926315e+02 3.323250252840499570e+02 6.278487740817291751e+02 3.321458023722685671e-02 1.266008146639511097e+03 7.550280373831775478e+02 1.252071914132379334e+03 2.721498547114985627e+02 nan nan
4.507270654548287325e+02 -1.866610113607980015e+00 6.275593862638825158e+02 1.093849279042666267e-01 1.267862936344969285e+03 6.890995343422584938e+02 nan nan 1.242047619047619037e+03 6.299448888888888405e+02
7.406762770740239148e+02 -6.099680333598414563e+02 2.656701680048219032e+02 2.830330363962213491e-01 1.270838329764453874e+03 1.177952886529528769e+03 nan nan 2.099124345549738337e+03 1.134018731988472609e+03
4.710822704625018105e+02 -3.451812925242325036e+01 2.222414780540621564e+02 1.813597986809787482e-02 1.271852731591448901e+03 1.279080395794681408e+03 nan nan 1.290073219658976996e+03 1.230041207196749838e+03
4.929457722090223797e+02 -7.922567111466553058e+01 1.777838353235760849e+02 2.264040337150997340e-01 1.272923320158102797e+03 1.345098786828422817e+03 1.259053203661327188e+03 1.042029574861367792e+03 nan nan
5.154121188233586963e+02 -1.257529991539104941e+02 9.060243625622433683e+01 1.473515317282103887e-01 1.272980431848852959e+03 1.479080657206870910e+03 nan nan 1.407980132450331212e+03 1.430104325699745459e+03
5.897781137915103500e+02 -2.830885205332947976e+02 6.012107835171806300e+02 1.772407222415436079e-01 1.277022127659574380e+03 6.619825046040515417e+02 nan nan 1.613138537906137117e+03 6.230281195079086274e+02
4.022473032196929807e+02 1.230032685052406691e+02 6.358607395200734800e+02 6.935786931270335742e-01 1.281052995391705053e+03 7.039573954983923159e+02 nan nan 1.109188363636363647e+03 6.381119285338938880e+02
4.983817790515535648e+02 -7.069003801230691408e+01 8.998168103600909262e+01 1.163737013558402422e-01 1.285042196918955142e+03 1.478023154848046261e+03 nan nan 1.350067507418397554e+03 1.430083675143560185e+03
6.562963359314768468e+02 -4.112411408730895346e+02 3.277324340910899423e+02 5.050808666039894312e-01 1.285047196450181445e+03 1.088078476365305278e+03 nan nan 1.807017980636238008e+03 1.043933367503844238e+03
7.241230907939444705e+02 -5.540426912421299903e+02 1.705702453893071606e+02 1.463355782996367260e-01 1.286025925925926003e+03 1.353021148036253862e+03 nan nan 2.027002917578410006e+03 1.298990398818316180e+03
3.342395483667722829e+02 2.825940338705212298e+02 1.110937657773068139e+02 1.929980394224982687e-01 1.286059336823734839e+03 1.436937931034482745e+03 1.272898989898989839e+03 8.839401197604790923e+02 nan nan
6.073919536197930711e+02 -2.989498883845195678e+02 1.287580363123316260e+02 6.616311297251162293e-02 1.289004793863854275e+03 1.424001988071570622e+03 nan nan 1.655036643653744022e+03 1.370973268529769030e+03
6.451287132921775083e+02 -3.792332931252324215e+02 1.909175962898425780e+02 2.924425682697402440e-01 1.289942455822383408e+03 1.320967833491012243e+03 nan nan 1.768205409974640816e+03 1.269038120104438576e+03
7.714222989224559797e+02 -6.489098595737607411e+02 1.446660774581292515e+02 7.064326999606743152e-02 1.291026327336551049e+03 1.399987791932059508e+03 1.271816827344434614e+03 1.556039561777236713e+03 nan nan
7.353909570520091847e+02 -5.683659025115414352e+02 2.636274290168601055e+02 7.339929735409669864e-02 1.294026640675763474e+03 1.184857142857142890e+03 nan nan 2.053989085948158390e+03 1.140211384524162440e+03
1.727778168142446305e+02 6.465889950598649420e+02 5.992659922081959394e+02 3.417708687285756497e-01 1.297090739879013427e+03 8.380075978959672511e+02 1.283898389783453695e+03 1.679878706199460794e+02 nan nan
7.450341891832656529e+02 -5.774001128790674784e+02 2.907806000875849008e+02 1.311271718969614364e-01 1.302961260669730791e+03 1.135012931034482790e+03 1.282077899596076122e+03 1.304036619718309794e+03 nan nan
7.885890267662526867e+02 -6.714869692419338207e+02 4.806786682716071937e+02 2.136899361723594570e-01 1.304034400948991788e+03 7.720252427184466342e+02 nan nan 2.221051251489868719e+03 7.577746727980190826e+02
2.118699982005593938e+02 5.822872065856059862e+02 2.662044093036264485e+02 1.926227782928741084e-01 1.306944007403979640e+03 1.240007307476110100e+03 1.291993784959602181e+03 5.590212014134275478e+02 nan nan
5.418067783407225306e+02 -1.194269779222072430e+02 1.143519471932427507e+02 1.257107888184772759e-01 1.313898550724637744e+03 1.442964214711729710e+03 1.295142424242424340e+03 1.151923553719008169e+03 nan nan
6.080427871763830581e+02 -2.670037312605118700e+02 5.569572000378839221e+02 9.525004303782785842e-02 1.314061250805931650e+03 7.339823819591262009e+02 1.293950807635829733e+03 7.120599999999999454e+02 nan nan
7.848928477383501559e+02 -6.468630011359566652e+02 3.009832201194282675e+02 7.011305226242520172e-02 1.316119246103660771e+03 1.108861189801699766e+03 nan nan 2.197064329366355651e+03 1.071019669827888947e+03
2.211135449450337092e+02 5.787185121731230311e+02 6.340508241611383937e+02 4.899149224287653315e-01 1.316977800201816308e+03 7.850251572327043732e+02 1.300970926711084303e+03 1.610449264136328509e+02 nan nan
4.631598700710425192e+02 5.556647629803617150e+01 5.898830256868807282e+02 1.440737620363161664e-01 1.318876288659793772e+03 7.520638992537313925e+02 nan nan 1.226955471698113115e+03 6.970111464968152859e+02
5.567643443994026029e+02 -1.468221316556753777e+02 5.862292359135566358e+02 9.283900514507395507e-02 1.320017811704834685e+03 7.149679715302490877e+02 1.299996299722479080e+03 5.958362183754993566e+02 nan nan
2.245229149764982992e+02 5.798382500228096887e+02 5.414409110857529868e+02 3.361325244916230082e-01 1.320939810834049922e+03 8.990380952380952522e+02 1.304966252220248634e+03 2.649918991899189677e+02 nan nan
7.744124638632597453e+02 -6.157586387862614856e+02 1.193102405480955213e+02 3.059331618672819220e-01 1.321948356807511800e+03 1.447098203592814343e+03 1.296946347503095240e+03 1.563064766839378308e+03 nan nan
4.096135789758844226e+02 1.789009314986183483e+02 4.357103699349502790e+02 1.236007138719682763e-01 1.322015349194167356e+03 9.879612068965517437e+02 1.304018945212493691e+03 5.879735632183908365e+02 nan nan
5.439005736410929330e+02 -1.080991537152944062e+02 2.554131788436386898e+02 2.693497486671626029e-01 1.324685772773797225e+03 1.226077125328659122e+03 1.304974946004319690e+03 9.819309145129224135e+02 nan nan
8.039355868828416760e+02 -6.768078543918742298e+02 2.454620871497173198e+02 1.356889150703263214e-01 1.324881834862385404e+03 1.209965088282503984e+03 nan nan 2.254989162561576450e+03 1.165011538461538521e+03
3.146415257091724129e+02 3.932119906711939734e+02 5.308017041410250840e+02 1.373247843806372770e-01 1.326028859060402738e+03 8.880635876840696028e+02 nan nan 8.670021030494216348e+02 8.230415447630192602e+02
4.152734298373425190e+02 1.771502104099808150e+02 6.392788162813678809e+02 1.296462392042821432e-01 1.329001269035532914e+03 7.069704570791527658e+02 nan nan 1.099013209013209007e+03 6.451224404513163790e+02
4.932242756334401292e+02 1.355009614261315498e+01 3.372642670373025453e+02 1.309488247369062219e-01 1.331914970601537789e+03 1.111136494252873490e+03 nan nan 1.291998640380693359e+03 1.061995801259622112e+03
1.798043755964215507e+02 6.997897298211195221e+02 5.006827200640886417e+02 2.571767672787568793e-01 1.332012864493996631e+03 9.620212577502214799e+02 1.316118247072157146e+03 2.579137744034707111e+02 nan nan
6.071352148688177977e+02 -2.359152987661462930e+02 4.442409474429913416e+02 4.748807258425903344e-01 1.332885817307692378e+03 9.179727212242182759e+02 nan nan 1.606007571345369797e+03 8.779939312204990074e+02
7.349817683196049529e+02 -5.075919171319329166e+02 5.600018102657171539e+02 3.856828374465823273e-01 1.339810493119266084e+03 6.681377140859839301e+02 nan nan 1.993992764109985501e+03 6.539458598726114360e+02
7.221211005717876787e+02 -4.755749422370653292e+02 1.974449317072154315e+02 9.730880801336111441e-02 1.340933687002652505e+03 1.307036237471087134e+03 nan nan 1.955949876746097061e+03 1.256010770505385153e+03
3.747266522234490935e+02 2.869846484731018563e+02 6.059785960773542683e+02 5.782530030344495975e-01 1.341003542958370190e+03 7.720169014084507353e+02 1.321944183313748454e+03 3.320258019525801956e+02 nan nan
3.017330013738410344e+02 4.582583409267025445e+02 3.617469357164537200e+02 4.514654662215025760e-02 1.345034214618973465e+03 1.111942386831275826e+03 1.326949780789158922e+03 5.259567058823529351e+02 nan nan
7.890598777966449688e+02 -6.150278391032874197e+02 1.573783620064033926e+02 2.074518473864322976e-01 1.346946327683615891e+03 1.376972998137802506e+03 nan nan 2.176954611298889631e+03 1.319753826530612287e+03
5.145543691163244375e+02 -2.205630618844926616e+00 3.564695839360957166e+02 2.400914506504156498e-01 1.351014492753623244e+03 1.081027466937945064e+03 nan nan 1.329965957446808488e+03 1.033087021755438855e+03
7.109750817777908196e+02 -4.331572362286198654e+02 2.861782772326636746e+02 1.575544225348892990e-01 1.353992420282279227e+03 1.155036597763469899e+03 nan nan 1.903187277353689524e+03 1.112127647714604336e+03
7.454976623146787915e+02 -5.083852623459626443e+02 5.489129968278581373e+02 3.212795262813620267e-01 1.356032462949894125e+03 6.869930124223602661e+02 nan nan 2.009882945467176114e+03 6.721605024424284238e+02
4.701086585148785844e+02 1.089846610823731226e+02 2.779321058124538695e+02 6.100381492546838591e-02 1.357973776223776213e+03 1.203027573529411711e+03 1.335944812362030916e+03 8.190594594594595037e+02 nan nan
8.230514254518972166e+02 -6.723562418053279544e+02 5.299960834792345850e+02 4.884547029760426262e-02 1.361887585928022645e+03 6.769005524861878484e+02 1.332038238141336024e+03 1.071951308900523600e+03 nan nan
2.710589017510285430e+02 5.624716226714393770e+02 5.375864761888886960e+02 3.206596495394474777e-01 1.364005484460694788e+03 8.999814471243042817e+02 1.346956921944035457e+03 2.840237235688499027e+02 nan nan
4.315202570085760385e+02 2.159856384846067385e+02 5.201488921117428390e+02 1.459905657582846739e-01 1.371012967430639264e+03 8.749392004441976951e+02 1.349973046555948713e+03 4.760912476722532460e+02 nan nan
7.157661242593658244e+02 -4.166499997816893597e+02 5.825500439319905581e+02 2.038504827484269866e-01 1.373974919383733322e+03 6.517873443983402240e+02 1.346938983050847355e+03 7.948871461361896991e+02 nan nan
8.091588259747067013e+02 -6.241250294722550507e+02 1.717964840317132769e+02 1.460731690173922293e-01 1.373986695050558865e+03 1.350094387755101934e+03 nan nan 2.214182586644124967e+03 1.294798649219079834e+03
7.953243509842196772e+02 -5.929330973095294439e+02 5.235815419203148622e+02 2.581167354421944893e-01 1.374975603805806259e+03 7.088625277161862641e+02 1.345037609479649745e+03 1.015936481169196213e+03 nan nan
5.361648936329039543e+02 -1.173975484535595371e+01 5.044707355928334778e+02 5.009629565924711425e-02 1.375035645098799023e+03 8.610398388540734231e+02 nan nan 1.364010442773600744e+03 8.150233555767397320e+02
3.039443332196099732e+02 5.138233133136828883e+02 1.105535819270498479e+02 2.238549292915865685e-01 1.375952755905511822e+03 1.434994142259414275e+03 nan nan 8.009909995262908069e+02 1.393979542719614983e+03
3.189384644801983768e+02 4.791429709459933974e+02 2.195701381327359059e+02 3.395593004333230525e-01 1.375986008230452626e+03 1.295000862812769583e+03 1.354043290043289971e+03 6.738755274261603745e+02 nan nan
3.711275747474521722e+02 3.610378833888495933e+02 5.784449956856594781e+02 2.240185513289070784e-01 1.376009646302250758e+03 8.189781729991915427e+02 1.357025689223057725e+03 3.339181937172774610e+02 nan nan
5.062549906970123175e+02 6.160337938402086877e+01 1.028356793314642346e+02 1.200804388136795797e-01 1.377034850348503596e+03 1.455835835351089599e+03 nan nan 1.282931445603576776e+03 1.407947692307692250e+03
6.555716734835499437e+02 -2.626221968142212404e+02 8.049495623484453688e+01 5.631787065169339135e-01 1.384863309352517945e+03 1.504028322440087095e+03 nan nan 1.696856270212001391e+03 1.445839435545385186e+03
2.981967746819764216e+02 5.432396194338625719e+02 2.969384171992752499e+02 8.596916981612758024e-02 1.384953538241601109e+03 1.199028996282527942e+03 nan nan 7.830173217854763834e+02 1.148156018829858795e+03
3.739830619070258422e+02 3.773438128961026337e+02 1.475269402861765684e+02 4.074580436707603281e-02 1.387053323593864206e+03 1.387981496379726423e+03 nan nan 9.490163934426229844e+02 1.344049520766773185e+03
3.534312246644576589e+02 4.266092464171538836e+02 3.014696473495060900e+02 7.783626282230333981e-02 1.388952729693741730e+03 1.187042863871879490e+03 1.366918938567793475e+03 6.160566037735849250e+02 nan nan
5.122972727607791512e+02 6.510800877107413953e+01 6.382746983066070925e+02 1.147695095562681761e-01 1.389016052880075449e+03 6.809836065573770156e+02 1.366887823585810111e+03 4.160665200659703373e+02 nan nan
4.761183853505357888e+02 1.498916972598090922e+02 4.680645738190835345e+02 1.313420079922512362e-01 1.389985306122448947e+03 9.369964695498675837e+02 1.367006823821340049e+03 5.779682329583057481e+02 nan nan
7.518398674015553524e+02 -4.700507311676544759e+02 4.131010840754892115e+02 1.175760696456458754e-01 1.393021266073194965e+03 9.299957002457002773e+02 nan nan 1.989086563307493634e+03 9.020151415404872068e+02
4.064759154144061881e+02 3.285395829502787706e+02 3.250900865309848768e+02 7.468275334445417801e-02 1.400987804878048792e+03 1.149984776403425258e+03 1.376964891975308547e+03 6.450980308219178596e+02 nan nan
7.747269594961279608e+02 -5.107675418446198705e+02 6.266731790000276305e+02 4.575840847789642840e-01 1.401911469690362082e+03 5.471083798882681322e+02 1.369924640555280121e+03 8.089935217903415605e+02 nan nan
8.575796915037857389e+02 -6.971848639961731351e+02 4.711871974385767885e+02 3.958133538102857063e-01 1.402076985413290004e+03 7.789663793103447915e+02 nan nan 2.346110491071428442e+03 7.739855979962429728e+02
3.253216125993034780e+02 5.177181622629790354e+02 6.374861392019528239e+02 2.541005344147575368e-02 1.403976362759286076e+03 7.669645714285713893e+02 1.385007321537522785e+03 1.969033311561071287e+02 nan nan
5.147889377183619217e+02 8.999814363580566123e+01 5.486006943581251107e+02 2.981672603304509339e-01 1.406759472011733124e+03 8.131009892827700014e+02 1.381929185779816407e+03 5.170153792380286859e+02 nan nan
7.913094888023001658e+02 -5.357103211168628150e+02 4.008851905958647421e+02 1.224609623088623589e-01 1.410041749502982157e+03 9.399708542713567567e+02 nan nan 2.101930583501005913e+03 9.150500481231953245e+02
7.627187142350979911e+02 -4.688125814576048924e+02 3.915428731874217192e+02 2.435516719091251892e-01 1.410972017673048640e+03 9.670144350423096284e+02 1.377006560962274534e+03 1.101006840796019787e+03 nan nan
7.686761972515311072e+02 -4.771540074972309071e+02 6.181796202409029775e+02 4.039758101700130499e-01 1.415048922800718174e+03 5.711005617977527891e+02 1.383843212237093667e+03 7.980685261707989184e+02 nan nan
8.226946763660640727e+02 -5.958270351666876650e+02 2.107263059009084145e+02 4.090129861263639977e-01 1.418061153578874155e+03 1.279018712574850269e+03 nan nan 2.205999517607332564e+03 1.229115577889447195e+03
6.705022141992097886e+02 -2.451487027078719336e+02 2.931781179519252305e+02 4.703243417376230529e-01 1.419159503631961343e+03 1.156866419294990692e+03 nan nan 1.701973012399708296e+03 1.114060150375939884e+03
7.948981446397738182e+02 -5.248722023606678704e+02 1.616884369045015148e+02 1.984624036304400985e-01 1.423004914004914099e+03 1.369940594059405839e+03 1.383026450511945313e+03 1.448024445707788573e+03 nan nan
6.423009414845574838e+02 -1.705173719415594462e+02 2.195214524366385831e+02 1.179144469286126373e-01 1.424956252761820679e+03 1.279070453304205330e+03 1.391091697080292079e+03 1.089080611169652229e+03 nan nan
3.345475482927586199e+02 5.406963079284430478e+02 5.948080563879400415e+02 2.346577437826633528e-01 1.425955237242614203e+03 8.230432822362488423e+02 1.406040422885572070e+03 2.389391365888181156e+02 nan nan
6.869200253814161670e+02 -2.619491065342905358e+02 4.043754422645257591e+02 1.209048660114610402e-01 1.433057408844065094e+03 9.749213036565977291e+02 nan nan 1.735204026845637600e+03 9.400024434941966547e+02
4.469751024154670063e+02 2.965808503051083562e+02 3.970674107909964619e+02 1.595858590214633832e-01 1.433765957446808443e+03 1.050034805890227517e+03 1.407992441860465078e+03 5.869844660194174821e+02 nan nan
3.760956578051681731e+02 4.655609939506124988e+02 2.214865488064173462e+02 7.852604891845432755e-02 1.435979448032883056e+03 1.292016611295681059e+03 1.409127283800243504e+03 6.898927631578947057e+02 nan nan
5.448522939052842275e+02 7.710763479573434154e+01 2.397795109807945266e+02 1.360679031281459839e-01 1.438013404825737325e+03 1.256000650618087093e+03 nan nan 1.324987508218277526e+03 1.208992034757422061e+03
8.747402267071057622e+02 -6.782984264831652581e+02 3.035718586259818039e+02 2.098281452739160502e-01 1.445988362427265201e+03 1.098032579185520262e+03 nan nan 2.357011206328279513e+03 1.065939701492537324e+03
4.238220863742541269e+02 3.870362322599887079e+02 1.973640427742463146e+02 9.263699395124286307e-02 1.452729140461215820e+03 1.322112366230677708e+03 1.422967871485943760e+03 7.619521502119927163e+02 nan nan
7.115017560043671665e+02 -2.896371323667319757e+02 5.404590250747063465e+02 6.322206821098765861e-01 1.452974774774774687e+03 7.479410646387832458e+02 1.417955205811138057e+03 7.750082644628099615e+02 nan nan
3.476126112050755523e+02 5.718880758728867022e+02 5.493266385607021220e+02 2.890702399199736594e-01 1.457005293806246755e+03 8.829983803045028026e+02 1.434053858967240330e+03 2.810444444444444230e+02 nan nan
3.111440176640954860e+02 6.599906568012775097e+02 2.262239288656944609e+02 1.036973354736563241e-01 1.458020214782059384e+03 1.291016961130741947e+03 nan nan 7.530486153846153456e+02 1.245109833971902844e+03
4.174560188489333541e+02 4.269602569712168929e+02 6.317556679231269072e+02 3.322036682914856209e-01 1.466001012145748973e+03 7.560053078556263699e+02 1.443978478093774129e+03 2.540786259541984862e+02 nan nan
8.953356412664847994e+02 -6.955384648119130588e+02 2.320842987126598587e+02 4.755561460459857281e-01 1.469066884176182612e+03 1.232026248941574977e+03 nan nan 2.405859028960817795e+03 1.189040729741196401e+03
5.980453626951870092e+02 1.540596189819201456e+01 3.512322876181968354e+02 7.897611549634533934e-02 1.474825825825825859e+03 1.087997300944669405e+03 1.439938202247190929e+03 8.138371308016877492e+02 nan nan
8.192889395221862969e+02 -5.060942174940681753e+02 3.961591682422484268e+02 2.486614518607318525e-01 1.476836879432624073e+03 9.510618066561014530e+02 nan nan 2.115102988505746907e+03 9.280476964769648021e+02
8.537265861843935681e+02 -5.856765491642263441e+02 1.561487833412807049e+02 1.971109026044114421e-01 1.477923215356928722e+03 1.380020655270655197e+03 nan nan 2.242003336113427849e+03 1.322039968025579583e+03
8.976787233901931131e+02 -6.878427009340111908e+02 3.747830472687336396e+02 1.504982178777625190e-01 1.478934443847393823e+03 9.600162538699690913e+02 nan nan 2.396979907911259943e+03 9.438645980253878633e+02
7.676016553620596596e+02 -3.671331550928608749e+02 6.086049898375573548e+02 1.199855187579188520e-01 1.487937899543378990e+03 6.139660550458715988e+02 1.451002371541502043e+03 7.439455445544554095e+02 nan nan
6.563206616697611935e+02 -9.644574480933960103e+01 4.181601219373463891e+02 1.361499833050513197e-01 1.490949179671868706e+03 9.739877924720244664e+02 1.453809286898839218e+03 8.079328621908126706e+02 nan nan
7.321363685299504596e+02 -2.703906574117798414e+02 4.664258860457262017e+02 3.943349665506661050e-02 nan nan 1.456077610273590153e+03 8.670643478260869870e+02 1.802131086142322147e+03 8.451086538461538566e+02
4.675584199207701772e+02 3.742746110054607698e+02 4.539229586096438425e+02 1.086609738902927780e-01 1.499972996901283750e+03 9.801180124223602661e+02 1.471023905996758458e+03 4.918941124780316159e+02 nan nan
8.353096050087558524e+02 -5.092288133179943657e+02 5.332074219074552275e+02 2.768064525610567372e-01 1.501009451795841187e+03 7.059990867579908809e+02 nan nan 2.136850152905198684e+03 7.048495486459378299e+02
4.467113703521458206e+02 4.282143077611365811e+02 4.257890657372432770e+02 2.457279354440419783e-01 1.502005876591576907e+03 1.023044358727097347e+03 nan nan 1.018993961352657038e+03 9.730382352941176123e+02
7.748145912613035762e+02 -3.584099696042964069e+02 1.208857506448865138e+02 2.128708113644419420e-01 1.504970936490850363e+03 1.441025936599423630e+03 1.452992346938775427e+03 1.370973206568712158e+03 nan nan
5.134220631354144189e+02 2.789894862407183496e+02 5.315369963553650905e+02 8.771260801337352198e-02 1.507992932862190855e+03 8.630897348742352051e+02 1.478991500000000087e+03 4.519936160510715695e+02 nan nan
6.142727702188183230e+02 3.880365616235097548e+01 8.027353385246729545e+01 2.600237996925930384e-01 1.510080840743734825e+03 1.491958295557570182e+03 nan nan 1.440091416608513555e+03 1.440052945563012599e+03
5.844368571670960364e+02 1.181348154202955101e+02 1.125996225985817745e+02 1.623805710695415405e-01 1.513920316101415892e+03 1.441952929394091143e+03 nan nan 1.353994895065229684e+03 1.391995978552278757e+03
8.689099400777926121e+02 -5.622827364925061602e+02 5.454404479010427167e+02 8.388507199420205951e-02 1.520052550231839177e+03 6.690504201680672622e+02 nan nan 2.231020121951219608e+03 6.769499424626006885e+02
7.063180085492750777e+02 -1.666056707366064700e+02 1.023546955150202677e+02 3.946042281150541897e-01 1.521014760147601464e+03 1.466016678752719372e+03 nan nan 1.696990285177060514e+03 1.409969261477045848e+03
3.944921662122337693e+02 5.940872509485456021e+02 3.477206079886606744e+02 2.558645184169243691e-01 1.521992424242424249e+03 1.135962252475247624e+03 1.490987358326068033e+03 5.030796900940785576e+02 nan nan
5.114021608748499261e+02 3.279140978327904463e+02 3.686795490549396845e+02 2.423504353070581319e-01 1.530977450130095349e+03 1.088963996399639882e+03 1.496004405286343626e+03 6.190179211469534266e+02 nan nan
5.129479395740743257e+02 3.329367541212989181e+02 5.516167290161390611e+02 2.742465802525527740e-01 1.535004789272030621e+03 8.429922254616132022e+02 1.505939492166396576e+03 4.049373079287031487e+02 nan nan
3.919462139094950999e+02 6.415139185182708843e+02 5.312713827413015224e+02 2.929827635933841545e-01 1.541076433121019136e+03 9.109605532786885078e+02 1.514972597988206644e+03 2.830596205962059457e+02 nan nan
7.472999127254853420e+02 -2.310388689845022725e+02 8.731649059838734672e+01 2.286692575347466505e-01 1.543054361567635851e+03 1.493939393939393995e+03 nan nan 1.799091090094574383e+03 1.432965306122448965e+03
5.066906367272208627e+02 3.682551670643730972e+02 4.509364089820981008e+02 6.044453171512668144e-01 1.545918560606060510e+03 9.820165094339622556e+02 1.512009981851179646e+03 5.059629294755877140e+02 nan nan
3.806800249925468620e+02 6.786953752390237469e+02 6.007974839090896921e+02 1.689770061146140812e-01 1.546067383512544893e+03 8.299853395061728634e+02 1.520999116607773885e+03 1.900343228200371186e+02 nan nan
8.347823207853433587e+02 -4.369456981172232872e+02 2.326844817364134030e+02 6.719716586618611209e-02 1.549089963598544045e+03 1.245849358974358893e+03 nan nan 2.080122557726465402e+03 1.200789001122334412e+03
4.213369767273502475e+02 5.894232339876597280e+02 1.597826425336170075e+02 1.022391754928401730e-01 1.550954152823920367e+03 1.373018547140649162e+03 nan nan 9.161646005509642237e+02 1.329051859099804233e+03
8.237611755483578690e+02 -4.051919613638104920e+02 3.300507139729452319e+02 4.113272272642606309e-01 1.552006692160611919e+03 1.078027001862197494e+03 nan nan 2.035969659442724378e+03 1.047033608116677215e+03
5.872447214238012521e+02 1.827742110002401432e+02 2.637054820959108383e+02 2.609219189101711356e-01 1.552926204153778144e+03 1.225060382916052959e+03 1.510032890940565494e+03 8.260135970333744808e+02 nan nan
8.555454349716922025e+02 -4.776466562103661317e+02 1.096621410676457060e+02 1.934673884560939305e-01 1.556214666248824869e+03 1.464108501643964246e+03 nan nan 2.147103567888998896e+03 1.400037512846865411e+03
9.254982657028912172e+02 -6.473496917678959335e+02 6.306991442308298019e+02 2.677500820219511635e-01 1.556915226781857427e+03 4.841166666666666742e+02 1.505988561107766373e+03 9.420377233620118886e+02 nan nan
7.257620337821000476e+02 -1.437593525618844410e+02 5.981171257041244189e+02 2.241434494382575360e-01 1.562876254180602018e+03 6.829733124018838453e+02 1.524000778816199272e+03 6.209050567595459142e+02 nan nan
9.038350118911229174e+02 -5.852205108036571346e+02 1.844433017319643113e+02 3.977245646822632485e-01 1.563982695810564564e+03 1.327020503261882595e+03 nan nan 2.311016243654822119e+03 1.275006103763987767e+03
4.489417120171680153e+02 5.530146405951059023e+02 1.400296622757680041e+02 6.583008744006249024e-01 1.566731924727632986e+03 1.398164893617021335e+03 1.525000000000000000e+03 7.520201342281878851e+02 nan nan
9.387254268152071290e+02 -6.651794858397394137e+02 6.287129580286696182e+02 7.894001979660142387e-02 1.566988165680473458e+03 4.809686379928315318e+02 1.514961217948718058e+03 9.619808414725770263e+02 nan nan
7.667016080807537719e+02 -2.266702614149067472e+02 3.357799604740212658e+02 2.502221524223030222e-02 1.574962592202318319e+03 1.087025224215246681e+03 nan nan 1.817965905096660890e+03 1.051934479054779786e+03
8.982938403634839233e+02 -5.552643167728243725e+02 2.929812152552558473e+02 3.722542048363005618e-01 1.574988338192419860e+03 1.127986341463414647e+03 nan nan 2.271996579247434511e+03 1.096050618672665905e+03
8.040059604990150319e+02 -3.100676791663085510e+02 6.365589808598331274e+02 7.381060214711177014e-01 1.580076071922544998e+03 5.770730972117557940e+02 1.538024406779660922e+03 6.820084805653709736e+02 nan nan
6.192834227320330456e+02 1.575380756549434693e+02 3.017122952901818280e+02 7.385213843748797413e-02 1.581929570170895886e+03 1.169154654654654678e+03 1.536925465838509353e+03 8.030905511811023416e+02 nan nan
8.641735814530065909e+02 -4.584940604616336373e+02 5.883791210634738036e+02 7.121514145009353314e-01 1.582936218678815521e+03 6.171696574225122731e+02 1.531949531737773214e+03 8.570403669724770452e+02 nan nan
6.353533662467059457e+02 1.232116485477445451e+02 2.851512424177711864e+02 2.707142223682265092e-01 1.585017272185824822e+03 1.191054641211323315e+03 1.538964650432050348e+03 8.440302129767211454e+02 nan nan
5.306930170592137301e+02 3.974161782707294037e+02 1.097214450659811149e+02 8.294578636419872031e-02 1.589974302897758434e+03 1.439972648432288224e+03 nan nan 1.138033687943262521e+03 1.394054106910039081e+03
8.872493715712453195e+02 -5.051322153438112537e+02 4.010779184805401769e+02 3.920048441609096379e-01 1.590010733452593968e+03 9.379185185185185674e+02 nan nan 2.207901461221431418e+03 9.240620842572061520e+02
9.060166281586823516e+02 -5.471092642285824468e+02 5.436592831537248003e+02 9.014351066968562254e-02 1.593017267267267243e+03 6.720285455369279362e+02 nan nan 2.268140789473684436e+03 6.859609325771896238e+02
8.642571771091209030e+02 -4.356518065616226068e+02 2.863321297035473663e+02 1.013791478573985994e-01 1.597988196411709168e+03 1.151061961206896513e+03 nan nan 2.118011817670230812e+03 1.114915309446254014e+03
4.477507632830756847e+02 6.235089671263762057e+02 2.116879503539345251e+02 2.584445937218696754e-01 1.598017484868863448e+03 1.307991850989522618e+03 nan nan 9.339256644518272878e+02 1.262985349716446080e+03
6.713938676542983330e+02 5.503612041538744393e+01 3.897529830619450308e+02 2.103437691980959423e-01 1.598035113386978765e+03 1.031930880159124854e+03 1.551931636726546913e+03 7.650501207729469115e+02 nan nan
7.516716264191721848e+02 -1.488526817926237698e+02 1.073510348903071900e+02 4.202617958040794077e-02 1.598947756607252586e+03 1.458962686567164155e+03 1.536990257480862965e+03 1.239860641891891873e+03 nan nan
5.666943146509092912e+02 3.299831059435501857e+02 3.140666251424676716e+02 2.510160165428173412e-02 nan nan 1.558948683015440565e+03 6.920581459133296676e+02 1.216158302733578239e+03 1.118115870153291326e+03
7.627201107115818104e+02 -1.717022018319064784e+02 1.887073564386857640e+02 1.048373717928446358e-01 1.602004590395480136e+03 1.328255805892547642e+03 1.541955147058823513e+03 1.161988035892323069e+03 nan nan
5.288333109144787159e+02 4.379706063022504736e+02 2.403231275071434823e+02 3.270804011561921909e-01 1.607005333333333283e+03 1.265935541629364479e+03 1.563992552471225508e+03 7.149814285714285234e+02 nan nan
8.639792063990875022e+02 -4.179591647080463872e+02 6.113248399059611984e+02 6.401610422204614959e-02 1.608008526187576081e+03 5.870940866650706766e+02 1.557968208092485611e+03 7.990848190167477014e+02 nan nan
5.335457738890818291e+02 4.336480039310034726e+02 3.662279563018017825e+02 1.910821886000879655e-01 1.611029441971927326e+03 1.099016369482607388e+03 1.571038613081166204e+03 5.790380730380730938e+02 nan nan
9.388608929944278998e+02 -6.046342505847286475e+02 2.577714353013477648e+02 2.488036663107336399e-01 1.611030027297543256e+03 1.189003731343283562e+03 nan nan 2.376083941605839300e+03 1.151056000000000040e+03
5.412611763071793121e+02 4.152761772498740811e+02 5.918781712590598545e+02 6.736314628910038127e-02 1.611155483572420280e+03 7.990533333333332848e+02 nan nan 1.142115535614133478e+03 7.569947609692206925e+02
4.674557913242223890e+02 6.116525122380165840e+02 5.277702923471831582e+02 1.041445663474336591e-01 1.614938775510204096e+03 9.089964463397299141e+02 1.583897861356932253e+03 3.118650366748166221e+02 nan nan
9.142208897440624469e+02 -5.297019099563210602e+02 4.106557854906676539e+02 2.125968561143858626e-01 1.619016358157554805e+03 9.159608449252962146e+02 nan nan 2.266894289185905109e+03 9.058592592592592609e+02
9.340778185162491809e+02 -5.771512573351624269e+02 1.556484826447525336e+02 2.579116899857978318e-01 1.621962386980108477e+03 1.381199620493358680e+03 nan nan 2.345987341772151922e+03 1.323069972451790591e+03
5.179379065793875725e+02 5.083060114088974046e+02 6.299226889688256961e+02 1.685825102442460310e-01 1.626814540059347109e+03 7.641235955056180273e+02 nan nan 1.070071044776119379e+03 7.198955422488356817e+02
8.606887567459109505e+02 -3.787996259509338302e+02 1.370081989028470559e+02 2.336623285385424631e-01 1.628926282051281987e+03 1.415003908431044010e+03 nan nan 2.068089506172839720e+03 1.355065662650602462e+03
6.312168258722434757e+02 2.314338472779920721e+02 3.143894949523131004e+02 1.652748711804984810e-02 1.635824786324786373e+03 1.155011307420494632e+03 nan nan 1.349051437216338854e+03 1.112977557755775479e+03
9.419628027045146155e+02 -5.710207942686537308e+02 1.197912415284372400e+02 3.800486672323475923e-01 1.639976221928665836e+03 1.449045325779036830e+03 nan nan 2.351999106344950633e+03 1.382052985702270917e+03
8.751490990828028771e+02 -3.891895685000087042e+02 4.131572317657982012e+02 1.238223587674509019e-01 1.644920903954802270e+03 9.339388048956083139e+02 nan nan 2.090089156626505883e+03 9.190690737833594994e+02
8.092215486270689553e+02 -2.185942160382338386e+02 1.643740068311199707e+02 3.144383654442872711e-01 1.645027936507936602e+03 1.368036086051353323e+03 nan nan 1.871120295462539616e+03 1.313845364351693433e+03
5.740396610395389416e+02 4.010680815865429167e+02 6.077685776891045180e+02 6.987941803228572835e-02 1.645058981233243912e+03 7.739744876620660534e+02 1.611917692307692278e+03 3.221566028473245069e+02 nan nan
4.910174715117757955e+02 6.291097255434377757e+02 3.731691033856757258e+02 4.044955203518621478e-02 1.651034319526627314e+03 1.103953757225433492e+03 1.611986381322957186e+03 4.800029651593773110e+02 nan nan
5.563632803277465655e+02 4.668318170302383123e+02 5.024645873083329661e+02 4.871426255879875988e-01 1.653960766423357654e+03 9.220009560229445924e+02 1.618004048582995893e+03 4.149834938101787998e+02 nan nan
7.315341661288479145e+02 2.551360373645316315e+01 6.053573344321980585e+02 4.386732073091966777e-01 1.665857548240635651e+03 7.040653153153152743e+02 1.621986325802615966e+03 5.260962918660287642e+02 nan nan
6.973547671106387043e+02 1.191990981742812465e+02 1.531570423941765000e+02 1.292302214783411785e-01 1.668019451812555189e+03 1.384021447721179584e+03 1.606024425287356280e+03 1.012866594943518066e+03 nan nan
7.937688211177598987e+02 -1.346020051858448596e+02 4.383459255271545771e+02 9.230152177543772540e-02 1.668951520912547494e+03 9.309774066797642718e+02 nan nan 1.784968939088342040e+03 9.090163385002094856e+02
5.590842037110403453e+02 4.892116660567027679e+02 1.789065334445371889e+02 1.156196806893522583e-01 1.669014883061658338e+03 1.347955477031802047e+03 1.617987598306110158e+03 7.640492957746479306e+02 nan nan
8.772638303893669445e+02 -3.459874276476362525e+02 4.382987012202150368e+02 6.498135262818303948e-02 1.674872465074357706e+03 8.969665615141956323e+02 1.610977099236641152e+03 9.938957718780727646e+02 nan nan
6.126698220680019631e+02 3.732756097291809283e+02 5.321912476591298855e+02 6.146788206139022215e-01 1.679967327887981355e+03 8.689363697253851342e+02 1.641980891719745159e+03 4.309608763693270816e+02 nan nan
5.900554226571598520e+02 4.399596578380529763e+02 6.302466739678669683e+02 1.246112965711632103e-01 1.683020797227036383e+03 7.490468003820438980e+02 1.649950910530483043e+03 2.829301784328937401e+02 nan nan
8.376581690949624317e+02 -2.234632108771192520e+02 4.516325374979826393e+02 3.220369299228520443e-02 1.684903868031854472e+03 8.950231381055675683e+02 nan nan 1.907148371531966177e+03 8.798736948467497996e+02
8.553629293205399335e+02 -2.659898127925613380e+02 4.046153565177470455e+02 1.762079889059288695e-01 1.687914849734826248e+03 9.660634169427354436e+02 nan nan 1.963951695786228129e+03 9.461961591220850778e+02
9.506325010898235632e+02 -5.131463091089992758e+02 1.930574261055862735e+02 6.274235490880679667e-01 1.692954870420017869e+03 1.314033038348082528e+03 nan nan 2.306987951807228910e+03 1.262012154696132484e+03
9.578589847812114613e+02 -5.232094645782447060e+02 5.470755911955085367e+02 1.158821157917317990e-01 1.696950340136054365e+03 6.660337349397590287e+02 1.629973684210526244e+03 9.879625302175664956e+02 nan nan
6.947107219266837319e+02 1.876607069405535526e+02 4.970798263978010709e+02 3.096857356469674416e-01 1.698043572984749517e+03 8.900015444015443791e+02 nan nan 1.451911516853932653e+03 8.607242231638417707e+02
6.526504679126786641e+02 3.023281721676742109e+02 5.340378083636403517e+02 1.191743587834236673e-01 1.698080723729992997e+03 8.550363501483680011e+02 nan nan 1.336092876465284007e+03 8.239257081774452445e+02
6.937471689381615079e+02 1.935494271700355569e+02 1.875299321125049516e+02 1.403829679993134905e-01 1.700924447377103206e+03 1.334097345132743385e+03 1.638026038001407414e+03 9.329052092228864694e+02 nan nan
8.978995548773053770e+02 -3.574445447921311256e+02 2.636130993158934643e+02 2.368109534277386130e-01 1.701986823855755802e+03 1.195018196856906570e+03 nan nan 2.097046826222684558e+03 1.157038167938931338e+03
9.297190285361297128e+02 -4.422322617994612983e+02 1.271768014412768650e+02 2.942269200432310328e-01 1.703019662921348299e+03 1.433991620111731891e+03 nan nan 2.216042071197411133e+03 1.369959040959040976e+03
5.944081523484853733e+02 4.727076065049855060e+02 3.253611438466935510e+02 9.490344577390738556e-02 1.704793483469094326e+03 1.154065597667638485e+03 1.655849489795918316e+03 6.200436781609195123e+02 nan nan
6.729074378438424446e+02 2.668587514786355541e+02 1.718019166825225739e+02 1.915005023356461666e-01 1.708924757281553411e+03 1.357091689008042977e+03 nan nan 1.382088669950738904e+03 1.309039593365436076e+03
7.949392226230396545e+02 -6.074699852174486381e+01 6.282188619085901564e+02 4.462990363751732636e-01 1.709886400651465692e+03 6.470543478260869961e+02 1.663002688172043008e+03 5.549619666048237150e+02 nan nan
6.184816549100814882e+02 4.323287181624918389e+02 3.771643742616449231e+02 2.402028572412502894e-01 1.716013078470824894e+03 1.081977137176938413e+03 nan nan 1.227949897048730236e+03 1.042947444204463636e+03
6.840775367863608381e+02 2.580086005168867587e+02 5.680782896803673339e+02 1.889168968799009862e-01 1.718051293487957082e+03 7.999406005221932219e+02 1.675002671415850500e+03 4.531293199554069133e+02 nan nan
7.778540704973141828e+02 3.198399266466897650e+00 5.861176521321987138e+02 3.876429590544585579e-01 1.719138563423331561e+03 7.251260647359455334e+02 1.670925669436749786e+03 5.730578098943857412e+02 nan nan
6.429426186164431556e+02 3.874777731217432688e+02 5.904194972183493064e+02 4.077272875147118780e-01 1.725011627906976855e+03 7.909042316258352230e+02 1.687000000000000000e+03 3.619262981574539140e+02 nan nan
5.653543631294328407e+02 6.043187935823392536e+02 2.452291149755301660e+02 1.787418530793292992e-01 1.729029767441860486e+03 1.264024785510009451e+03 1.677000853970964954e+03 6.429676320272571957e+02 nan nan
8.729116723219499363e+02 -2.433672714398601613e+02 1.034492518636034077e+02 5.104476872978722657e-01 1.730041834271922880e+03 1.470868374558303913e+03 nan nan 1.974963391136801647e+03 1.405992047713717739e+03
7.946946848110156907e+02 -4.425015639325204475e+00 5.566324443499637482e+02 1.231093460342129464e-01 1.739998271391529897e+03 7.671569037656903447e+02 1.687028935185185219e+03 6.189489334195216088e+02 nan nan
8.034794117951820454e+02 -2.848086530517546677e+01 4.045210050275096023e+02 1.375584898663751998e-01 1.741008520179372226e+03 9.960508365508366069e+02 1.677963503649634958e+03 8.259805996472663310e+02 nan nan
5.835923359815847107e+02 5.918287227841734648e+02 5.534093545916717858e+02 5.508169035587576201e-02 1.744030778515389329e+03 8.690898734177214919e+02 1.706104306220095623e+03 3.118243693479295757e+02 nan nan
8.934570486116540451e+02 -2.732206358646399167e+02 2.750423354112367633e+02 6.397982475375775246e-01 1.745044170890658961e+03 1.180952095808383319e+03 1.663963781749764848e+03 1.162001829268292795e+03 nan nan
6.762977681614470384e+02 3.458271880405302454e+02 6.159161813900775542e+02 2.158674065444149415e-01 1.749013684210526208e+03 7.480308324768756165e+02 1.708811467889908272e+03 3.552605187319884976e+02 nan nan
8.181862279295230564e+02 -5.188040678098347058e+01 2.482317943362538983e+02 2.396589412752827553e-01 1.751012295081967295e+03 1.237010395010395087e+03 nan nan 1.760984180790960409e+03 1.194027878349022558e+03
7.189195896398750847e+02 2.324882229571587970e+02 3.623265055453418313e+02 1.701486053061868620e-01 1.753001897533206829e+03 1.085006776379477287e+03 nan nan 1.456956265769554193e+03 1.049996566523605225e+03
7.048251575342554816e+02 2.768192258416059417e+02 3.929098901917506623e+02 5.154666138088660754e-02 1.755006831318969944e+03 1.045990264255910915e+03 1.699987020010816650e+03 6.580782369146005522e+02 nan nan
8.451994957011775114e+02 -1.210839820414430932e+02 1.483715164783437785e+02 2.334852163946976034e-01 1.755067119155354476e+03 1.393976153846153920e+03 nan nan 1.845981256890848954e+03 1.339008714596949858e+03
9.325763036102682690e+02 -3.631150403228901382e+02 1.603506213518691084e+02 1.883482137411503499e-01 1.755922872340425556e+03 1.374970203488372135e+03 nan nan 2.150026113671274743e+03 1.317958111195735000e+03
6.166515730745488781e+02 5.380143330735954805e+02 4.385019060165869291e+02 1.121702657686820953e-01 1.760958872810357889e+03 1.009969387755102048e+03 1.714991365353480887e+03 4.700687285223367553e+02 nan nan
7.041865519329634253e+02 2.953676539698887495e+02 6.064513093141860054e+02 3.275505191429367580e-01 1.762139130434782601e+03 7.511052989130434980e+02 1.719052900232018601e+03 3.940152038700759931e+02 nan nan
7.151473414467723160e+02 2.799377881523309952e+02 2.053768065268909595e+02 2.789961132548087752e-01 1.770963079835910321e+03 1.309778675282713948e+03 1.703964860287891725e+03 8.731535063500828073e+02 nan nan
8.719350982595321966e+02 -1.657672853793825425e+02 1.068760929146391447e+02 2.485027503260742454e-01 1.771971311475409948e+03 1.463017364657814142e+03 nan nan 1.914031278748850127e+03 1.400056552962297928e+03
7.121514027074451860e+02 2.940552853183954767e+02 1.330197913767769933e+02 3.238268350697409148e-01 1.773926326129665995e+03 1.411916275954454022e+03 1.703011477761836431e+03 9.450567550894509168e+02 nan nan
6.592833359438679963e+02 4.459137183134055249e+02 1.171776909225304451e+02 1.817845302411812414e-01 1.775030575539568417e+03 1.430974543080939839e+03 nan nan 1.270928452579034911e+03 1.382946679139382695e+03
8.944279079953516884e+02 -2.189217073339754052e+02 9.599439857367963214e+01 1.099883293924906885e-01 1.777837574445046130e+03 1.482854089904200464e+03 nan nan 1.983957219251336937e+03 1.417011682242990673e+03
8.289449038287530129e+02 -3.000908751721275536e+01 2.724308311167131365e+02 3.198953371246904265e-01 1.777858736059479497e+03 1.199847045191193502e+03 1.703040264754550435e+03 9.949095661265029094e+02 nan nan
8.946670587644457555e+02 -2.063865117711378616e+02 2.703781767580393876e+02 1.595139815275132822e-01 1.783983660130719045e+03 1.192851423058369619e+03 nan nan 1.971195644010514570e+03 1.154926683291770587e+03
5.982331859599412383e+02 6.450656814131713190e+02 5.571639184256140425e+02 4.175760572967793238e-01 1.784115545419992486e+03 8.698034386617100608e+02 1.745966090850927685e+03 2.898338328338328438e+02 nan nan
6.173867220199153962e+02 6.012732815823276269e+02 4.169803908076651169e+02 5.431034319314325121e-01 1.789064094179202129e+03 1.042935568704799380e+03 1.742029304029304058e+03 4.680174506828528251e+02 nan nan
9.279824881539196895e+02 -2.759792613131678536e+02 2.768496987281142196e+02 9.884488092559960692e-02 1.798025531914893691e+03 1.176946949602122004e+03 nan nan 2.068971995332555252e+03 1.141929968454258642e+03
6.080478620368565998e+02 6.562817304464201698e+02 5.282669606261221134e+02 2.243050201092215423e-01 1.800945750452079665e+03 9.070153568202348424e+02 1.759983620689655254e+03 3.199483870967741836e+02 nan nan
8.368106268840534767e+02 6.925525706781766822e+00 6.079331108101503105e+02 3.111417436543001402e-01 1.805935206422018382e+03 6.879755586592178815e+02 1.751959590368115187e+03 5.571503496503496535e+02 nan nan
9.162586882530305274e+02 -2.221803938061916313e+02 4.127144601197157385e+02 2.587312369390487587e-01 1.807940786115364972e+03 9.548929765886288124e+02 1.730962037962038039e+03 9.608873085339168938e+02 nan nan
7.109660256954693978e+02 3.817067331129850913e+02 5.962147152295553951e+02 7.856493577718069721e-02 1.809993122420907866e+03 7.780080906148867825e+02 1.765980984340044643e+03 3.709433080070134565e+02 nan nan
7.897188746431583013e+02 1.489080853077029474e+02 3.354956802586040681e+02 2.740603400263495470e-01 1.810023010546500473e+03 1.116013104838709751e+03 1.741916996047430757e+03 8.101165048543689409e+02 nan nan
8.824229048742370196e+02 -1.115222302672681849e+02 5.865691815979491821e+02 3.958885288411878589e-01 1.814020202020202078e+03 6.939466484268125441e+02 1.752031302876480595e+03 6.590191470844212063e+02 nan nan
8.491414515384101378e+02 -1.547096004265193159e+01 4.645228378863832290e+02 3.518585071769139705e-01 1.814028169014084597e+03 9.032307395993836963e+02 nan nan 1.771989285714285643e+03 8.880079588014981482e+02
9.524642860671697235e+02 -3.077150960052745745e+02 5.352270765075284089e+02 3.070087509349048172e-01 1.817926321709786180e+03 7.331026642984014643e+02 1.744005481597494054e+03 8.619847292919944266e+02 nan nan
9.357687668170661937e+02 -2.611301632028298059e+02 2.312527256340767110e+02 1.607546006798280525e-01 1.819023372287145321e+03 1.255021949078138732e+03 1.725927782162588755e+03 1.221984691580369145e+03 nan nan
6.532830717622722432e+02 5.679817100759601090e+02 3.092509574822688023e+02 1.430414695079492426e-01 1.820002475247524671e+03 1.179022202486678452e+03 1.762001752848378601e+03 6.080129533678756388e+02 nan nan
7.972540728543043542e+02 1.456518373926244863e+02 2.253212242695235261e+02 2.050095277336770327e-01 1.820015548281505744e+03 1.277938867662382791e+03 nan nan 1.605995525727069435e+03 1.233937089201877825e+03
7.433389574243784637e+02 3.247028206366861696e+02 6.312192945564758020e+02 5.412020042009251242e-01 1.827074500302846673e+03 7.189806020066889687e+02 1.781932278481012645e+03 3.590470934510669849e+02 nan nan
7.242576126890545538e+02 3.823527694552228695e+02 3.419520064179459382e+02 7.232513359372862161e-02 1.828996124031007639e+03 1.123828983248928807e+03 1.767007771105616484e+03 6.710702629193109487e+02 nan nan
6.780421150548984315e+02 5.191985898629365010e+02 2.769819441304333623e+02 1.611915774351615760e-01 1.829986888731396220e+03 1.219012678288431061e+03 nan nan 1.256073022312373269e+03 1.178077259475218625e+03
6.895874978549134084e+02 4.982825823174145512e+02 4.922938744017407089e+02 1.671207277619080334e-01 1.833958152388472172e+03 9.329030456852791531e+02 1.784985028072364230e+03 4.400275537634408352e+02 nan nan
7.403644695193385132e+02 3.546875212990343584e+02 5.392040758175430710e+02 2.620786266382907903e-01 1.836822332730560674e+03 8.501408789885610986e+02 1.785976247030878767e+03 4.570216247808299386e+02 nan nan
8.748292691131505308e+02 -4.144719493773538233e+01 3.619994611900472705e+02 1.152899910055659727e-01 1.839855713533438575e+03 1.058071086807928850e+03 1.761976218787158132e+03 9.051550075490689551e+02 nan nan
7.619608938899931445e+02 2.995084588180853302e+02 1.977030695876498498e+02 5.770387754599668600e-02 1.842945454545454595e+03 1.320964689265536663e+03 1.766997497497497534e+03 8.830535825545171065e+02 nan nan
6.758320575503993268e+02 5.630685114612986126e+02 4.432083696773615316e+02 1.012875055625556825e-01 1.844878682842287617e+03 1.004006125574272573e+03 1.793048387096774150e+03 4.660638596491228327e+02 nan nan
7.131429599592108843e+02 4.539668779410851016e+02 3.414484761948403388e+02 1.423273305373905506e-01 1.845968079539508153e+03 1.129046847888953153e+03 nan nan 1.330073390364700572e+03 1.092859999999999900e+03
7.103299156301652602e+02 4.673438269662470930e+02 5.250822299817658632e+02 1.286332820176761538e-01 1.846991055456171807e+03 8.850121527777778283e+02 1.797908133411351628e+03 4.191311706629055038e+02 nan nan
9.041346693129717096e+02 -1.037050780707811413e+02 3.296853796878671687e+02 3.468037334678744088e-01 1.853003770028275312e+03 1.102975435005117788e+03 1.768012004175365291e+03 9.900597874224978341e+02 nan nan
8.266417751785263590e+02 1.358004980210944552e+02 3.338100763754363811e+02 3.513035979165571865e-01 1.855988707653701340e+03 1.117011891891891992e+03 nan nan 1.647012288786482259e+03 1.084005011135857558e+03
9.519787284580431788e+02 -2.413871725739543876e+02 1.295117956630353717e+02 1.280222613357312744e-01 1.856914555893279385e+03 1.428033976124885157e+03 nan nan 2.075061752988047829e+03 1.365828406169665868e+03
7.172883791758307552e+02 4.662675370097538803e+02 2.445145097618747343e+02 2.511737240257851389e-01 1.857006134969325103e+03 1.259995610184372254e+03 1.788910824742268005e+03 7.388597256857855200e+02 nan nan
8.238575632526021764e+02 1.658595905079803856e+02 1.499920300624402785e+02 4.564640208953630873e-01 1.867092879256965944e+03 1.389900455927051780e+03 1.780072954663887458e+03 1.023900238948625997e+03 nan nan
9.340354235411617765e+02 -1.464422920901407679e+02 5.347046990822977932e+02 6.926863317777665063e-02 1.875038167938931338e+03 7.659816779170685095e+02 1.802182188065099353e+03 7.610617615467239148e+02 nan nan
9.026400214710448608e+02 -3.466480676069119937e+01 2.360301975211559125e+02 1.277063352454348710e-01 1.885989417989417916e+03 1.255915094339622556e+03 1.792809146877748390e+03 1.062024723829563300e+03 nan nan
6.951947235098358533e+02 6.166351890175390054e+02 6.398089700337181966e+02 3.398108283273124641e-01 1.888996606334841545e+03 7.560381077529566483e+02 1.850071921982933873e+03 2.230988142292490011e+02 nan nan
8.921717604121497516e+02 1.767256603394594805e+01 6.041502124588452034e+02 3.597473254369706330e-01 1.891955934195064629e+03 6.911532797858099002e+02 1.831008036162732196e+03 5.700396600566572261e+02 nan nan
9.339375756292319011e+02 -1.047583440924614422e+02 6.103627435410024873e+02 5.873640980600178807e-01 1.895735099337748352e+03 6.529822222222222763e+02 1.828006705783738425e+03 6.370000000000000000e+02 nan nan
8.153914753029772555e+02 2.604484153610952148e+02 2.168296633619211775e+02 1.948645564903020433e-02 1.898010101010100925e+03 1.293077456647398776e+03 1.814948763250883303e+03 8.950577875619152337e+02 nan nan
9.078123207839821589e+02 -2.331179696966504622e+01 1.521160787835862322e+02 4.570315172524075376e-01 1.899997310020174837e+03 1.389018093249826052e+03 nan nan 1.854923793395427538e+03 1.332961233480176134e+03
7.544320386431670613e+02 4.620172295951198294e+02 5.879783107018972714e+02 4.964189837049276521e-01 1.900897921983229935e+03 7.980876638047898268e+02 1.851994091580502300e+03 3.559528795811518194e+02 nan nan
8.514696395027283415e+02 1.672664381092710926e+02 1.772611755179757154e+02 2.820311300452991166e-01 1.906979279279279353e+03 1.350006306306306215e+03 nan nan 1.659219458018658315e+03 1.300071843634442757e+03
7.653622259711098650e+02 4.460484252408764974e+02 1.835981168331813649e+02 3.002495120142948393e-01 1.910953764861294530e+03 1.342029827315541525e+03 1.831967469095640809e+03 8.260134831460674150e+02 nan nan
9.280527132847161056e+02 -5.563700262990624168e+01 3.297690518637131731e+02 1.108137383184903124e-01 1.913048300536672741e+03 1.105988403211418472e+03 1.823203915171288827e+03 9.680326555760937026e+02 nan nan
7.255902726344469329e+02 6.011181261696123102e+02 3.472283283402758798e+02 6.335865231069054415e-02 1.922860106382978756e+03 1.130027341079972757e+03 nan nan 1.270965231345279562e+03 1.094968738086160783e+03
8.699707752390473843e+02 1.601399061894886415e+02 4.967684728195144430e+02 1.643065539773562456e-02 1.926986962190351960e+03 8.769304461942257376e+02 1.858979647218453238e+03 6.288822269807280918e+02 nan nan
9.255072807921279718e+02 -3.239903856598496557e+00 5.842175480727295280e+02 1.544144966250003692e-01 1.932024856596558266e+03 7.149847457627118956e+02 1.863958528037383076e+03 6.150759178593652905e+02 nan nan
8.785467028201055655e+02 1.481551944253436659e+02 2.956803899826059592e+02 2.821466690554177426e-01 1.936059701492537215e+03 1.172992233009708798e+03 1.849046372067648690e+03 8.800300489168413378e+02 nan nan
9.522950100891512193e+02 -7.712532272245580600e+01 3.048625760242533147e+02 4.547458588667718793e-01 1.940026645768024991e+03 1.143932234432234509e+03 nan nan 1.946005469078670558e+03 1.113029439696106465e+03
8.612948465021430593e+02 2.216669259106419929e+02 5.700457324454151831e+02 1.770102416328815931e-01 1.941037466547725217e+03 7.799682259488084810e+02 1.880944248412138222e+03 5.061215686274509835e+02 nan nan
8.809560238851599934e+02 1.527672573253706503e+02 1.724955719723694187e+02 6.351849187983412692e-01 1.941946382428940524e+03 1.356971356360572827e+03 1.845953925716972208e+03 1.020961845102505663e+03 nan nan
9.522785870736403240e+02 -5.097990680675606257e+01 1.818597868832167421e+02 4.138720589341309264e-01 1.953941822173435867e+03 1.341967242406194146e+03 nan nan 1.929098609355246481e+03 1.290099914236706582e+03
9.546518368345130057e+02 -4.384494032031301458e+01 6.077037017253508111e+02 3.173191196372087131e-01 1.955948652118100199e+03 6.679744245524296957e+02 1.886959512195121988e+03 6.130585106382978893e+02 nan nan
8.821253206649122376e+02 1.808971917832793395e+02 1.489492550644631592e+02 9.459349193165075831e-02 1.957029174425822475e+03 1.392043593130779300e+03 1.856968072289156680e+03 1.032090240641711262e+03 nan nan
9.506328065609224041e+02 -3.439989290207795136e+01 2.647721366733990749e+02 6.353702403547354383e-01 1.958999581589958098e+03 1.209968652037617630e+03 1.856996365105008181e+03 1.041022047244094438e+03 nan nan
7.904365063288908004e+02 4.977280961750579991e+02 5.323261323852983651e+02 3.047982319225204240e-01 1.961943411159477591e+03 8.750284775465498797e+02 1.905926157697121425e+03 4.139230024213075012e+02 nan nan
9.104701895952644009e+02 1.449263541885573829e+02 3.111705794018210440e+02 1.454830715670481778e-01 1.980039375928677600e+03 1.148938304482911690e+03 nan nan 1.742815432338115443e+03 1.117827632163482804e+03
8.646287209506990621e+02 3.021016066457746660e+02 1.636932901486564447e+02 1.924283970188121751e-01 1.984047430830039502e+03 1.369925392670157180e+03 1.887873533246414581e+03 9.449758935993349951e+02 nan nan
8.981109540944355558e+02 2.029426797473436466e+02 4.430257760772295796e+02 5.445648350734680898e-01 1.986062785388127850e+03 9.600939024390244185e+02 nan nan 1.689971654856190071e+03 9.438664357197844765e+02
9.272856007908775382e+02 1.212838834180221568e+02 3.121348613529585236e+02 1.351149134377008787e-01 1.994038863351441705e+03 1.145929714008725114e+03 nan nan 1.778247535028541733e+03 1.115123058542413446e+03
9.571582785940372560e+02 1.841591228844793093e+01 1.640487326640243566e+02 2.634982316662049517e-01 1.994044827586206793e+03 1.370000885739592604e+03 nan nan 1.885986700443318568e+03 1.316967344423906297e+03
9.388366854956151428e+02 9.485029803218188249e+01 3.524215874119803402e+02 4.933468049025351854e-01 1.998849220103986227e+03 1.083036942675159253e+03 nan nan 1.808955610357583282e+03 1.058149778106508847e+03
8.937108770910006115e+02 2.586359851201349329e+02 4.464494866807651192e+02 2.956890090201534926e-01 2.003013972055888189e+03 9.609907120743033602e+02 1.927974125874125775e+03 6.470418168709444444e+02 nan nan
7.894535335774796749e+02 6.255604381162415848e+02 5.960287404690113817e+02 6.018473216697487471e-01 2.008949560388708960e+03 8.079670602858918755e+02 1.960942833123160881e+03 2.878510331571359870e+02 nan nan
7.843836623533827606e+02 6.433267068939977662e+02 2.309366460978572206e+02 1.222325594298900864e-01 2.013885231048021751e+03 1.282150887573964610e+03 1.933959928443649460e+03 6.868989979959919765e+02 nan nan
9.438700632531913470e+02 1.406328976700949056e+02 5.820509027142435343e+02 2.440017936709346635e-01 2.023007158836689086e+03 7.429769833496571891e+02 1.953993276283618570e+03 5.490445816186556840e+02 nan nan
8.989662678144139818e+02 3.008438109809994216e+02 2.437930497618472998e+02 2.484055421832396526e-01 2.030067087608524162e+03 1.255048441247002302e+03 1.935079453225117504e+03 8.641109474717721923e+02 nan nan
9.416212736242002848e+02 1.671853332876502805e+02 5.887192262758011339e+02 1.079702081852381979e-01 2.031037362637362548e+03 7.379147169811320737e+02 1.962987121699935642e+03 5.270071994240461208e+02 nan nan
8.033185526808541681e+02 6.450493729670340599e+02 2.939975968120529046e+02 5.073538899826749438e-01 2.037918191232309255e+03 1.200095602294455148e+03 1.960079502637528321e+03 6.220410301178524151e+02 nan nan
9.263107509653924581e+02 2.313890982839745618e+02 2.381739312370947061e+02 4.137594070324181472e-01 2.039952900130832859e+03 1.260974775784753319e+03 1.940023682938617640e+03 9.142279495990836722e+02 nan nan
8.549237025866325439e+02 4.913581646706732045e+02 1.512390226098700055e+02 1.741276544493758349e-01 2.047036879432624119e+03 1.386949099451840311e+03 nan nan 1.476311268969971024e+03 1.338123083475298017e+03
8.655100818610928854e+02 4.593240983259304357e+02 1.962741040601861187e+02 1.733510455931926986e-01 2.047998162890385856e+03 1.325085714285714175e+03 1.953993349455864518e+03 8.289175603217157686e+02 nan nan
8.258955657695745458e+02 6.111017700240475961e+02 1.574656265278003673e+02 1.761017228412142255e-01 2.054930343511450246e+03 1.377975167144221587e+03 1.963033152909336877e+03 7.889459843638948087e+02 nan nan
9.181334159655467602e+02 3.120007471980267724e+02 2.719327951371263339e+02 9.406411107930756632e-02 2.060962411347517900e+03 1.214915915915916003e+03 1.965115801704105252e+03 8.309091308165056944e+02 nan nan
9.398804872431820741e+02 2.397913988965288183e+02 2.103058896670012530e+02 5.451121997312080580e-01 2.062924153166421092e+03 1.302069059271343122e+03 1.957986402966625519e+03 9.451003911342894526e+02 nan nan
8.839574371674465283e+02 4.467022308678177183e+02 5.732087923025858345e+02 2.610268421212406098e-01 2.062983027834351560e+03 8.080353280461428085e+02 2.002971811460258778e+03 4.060550143266475516e+02 nan nan
8.950377334282362654e+02 4.175780010135844122e+02 6.112230160835448487e+02 4.482290401348865139e-01 2.065975075204125460e+03 7.510000000000000000e+02 2.008888274772996510e+03 3.748207767898923635e+02 nan nan
8.253106458056411157e+02 6.729052070404902679e+02 4.894996325149421637e+02 7.543717478862099757e-01 2.072937415334597517e+03 9.481490329920363820e+02 nan nan 1.348150289017341038e+03 9.289950980392156907e+02
8.282270064345581204e+02 6.739838492550481988e+02 4.048385994290493386e+02 1.838971857962048984e-01 2.077993777777777723e+03 1.058019776440240776e+03 nan nan 1.351267512251369226e+03 1.031078068592057662e+03
9.426055014928047058e+02 2.788152362720950919e+02 6.041509353706229604e+02 4.001073658212718209e-01 2.078087750556792798e+03 7.347132420091323866e+02 2.012005025125628208e+03 4.549573590096285898e+02 nan nan
9.264748322122142099e+02 3.285432234626226773e+02 2.826291103366490347e+02 1.932056274013663200e-01 2.079004748982360979e+03 1.200037610619468978e+03 nan nan 1.649037629350893667e+03 1.165823590274185108e+03
9.081893345759229987e+02 4.323801528767826881e+02 6.342470756618548648e+02 7.304129595315941303e-01 2.089982121573301356e+03 7.209581905414667062e+02 2.032051813471502555e+03 3.430171526586620985e+02 nan nan
8.512598410871836450e+02 6.558489606884868408e+02 1.881665187702575395e+02 1.520334251064061615e-01 2.103016196447230868e+03 1.338130461922596851e+03 nan nan 1.386964257347100784e+03 1.294934464148033840e+03
8.895375052967003739e+02 5.317982861572072579e+02 2.183629985342088276e+02 8.103149388713011547e-02 2.106943795214246165e+03 1.296081845238095184e+03 2.010984048404840451e+03 7.750971937029431729e+02 nan nan
9.444065656694622248e+02 3.967375719846360198e+02 5.832968069466764973e+02 4.544901031288298698e-01 2.125010129431626410e+03 7.830119284294235058e+02 2.059973151590251746e+03 4.280990795885219313e+02 nan nan
9.292544698014179403e+02 4.826114200553433875e+02 3.116223085616629191e+02 3.461309936336819382e-01 2.139941406250000000e+03 1.167059280169371959e+03 2.048004513217279055e+03 7.040349962769918193e+02 nan nan
9.308440290976091092e+02 4.764040077181462038e+02 1.595826433383546430e+02 3.405722371014460181e-01 2.142001848428835274e+03 1.376021120293847616e+03 2.034007170172084216e+03 8.758824928639390919e+02 nan nan
9.381059367741155484e+02 4.782269288988459834e+02 2.846334800827651748e+02 7.225079948420730647e-01 2.150910382513661261e+03 1.203070565797838526e+03 nan nan 1.577008083689966725e+03 1.170931108719052645e+03
9.594333743657330160e+02 4.835441590305738941e+02 4.315977925657728065e+02 2.796041225998320279e-01 2.178957070707070670e+03 1.002009104704097126e+03 2.096023878437047642e+03 5.729137809187278663e+02 nan nan
9.188396903230917587e+02 6.359285722620193155e+02 4.477008232165770778e+02 4.857073905501371192e-01 2.178998037291462424e+03 9.959952015355086132e+02 2.103007623007622897e+03 4.789246376811594246e+02 nan nan
9.459085749141682982e+02 5.511832259269440328e+02 4.216948661691053530e+02 6.724394249439269444e-02 2.185014209591474355e+03 1.022024118738404468e+03 2.102879742547425394e+03 5.509628685839097670e+02 nan nan
9.466272565453595007e+02 5.791259084114516327e+02 4.564781462991870171e+02 1.657173436474235206e-01 2.195105986261040016e+03 9.780092272202998629e+02 2.117020833333333485e+03 4.989155193992490354e+02 nan nan
1.037731396217692037e+01 -5.807928159171759717e+02 2.377832154795948441e+02 5.032433892592767799e-02 nan nan 3.450078397212543564e+02 1.136006944444444343e+03 8.920564424173318230e+02 1.170930391547545014e+03
1.032937282597298037e+02 -6.545233714001625458e+02 4.848100297945378543e+02 1.679567938105742675e-01 nan nan 3.650397319291527083e+02 8.949572901325478824e+02 1.105040404040403928e+03 6.999066901408450576e+02
8.581987908647592178e+01 -6.227945380580898700e+02 4.869815576334980847e+02 1.722963598073543046e-01 nan nan 3.700147523709167672e+02 8.679862401100791658e+02 1.053006389776357764e+03 7.009945392491467828e+02
1.530553725546523225e+01 -5.031341025807034839e+02 5.601888333423927406e+02 2.895940131083138414e-01 nan nan 3.740265168539326055e+02 6.829650224215246226e+02 8.570243445692883597e+02 5.879691358024691681e+02
5.121694368793496821e+00 -5.578191176022636455e+02 9.062070821130679121e+01 3.548309834283615571e-01 nan nan 3.750090128755364844e+02 1.294993835314839316e+03 8.679633027522935436e+02 1.448954041204437317e+03
9.366964042146744873e+01 -6.244390907098718344e+02 5.134545268565042306e+02 1.211478707550846523e-01 nan nan 3.750198065407646482e+02 8.360259556394526044e+02 1.067932138284250868e+03 6.519464398235664930e+02
9.845238244651282855e+01 -6.162052391695937104e+02 4.697188350712723945e+02 2.197104662260163377e-01 nan nan 3.930321921308124615e+02 8.899724208375894250e+02 1.071056264964086267e+03 7.359304123711340253e+02
3.848778156862324806e+01 -5.261298280767632605e+02 4.196222882731178174e+02 2.404270637953343226e-01 nan nan 3.999798460974715795e+02 8.839782359679267074e+02 9.099598173515981898e+02 8.409929149797570744e+02
5.025133786599006669e+01 -4.942051995746441548e+02 5.743060083873975827e+02 1.710509445966615916e-01 nan nan 4.220788381742738693e+02 6.689348058425365480e+02 9.120375234521576431e+02 5.679483870967742405e+02
8.360594463167740287e+01 -5.271533260378463410e+02 5.732994201669019958e+02 3.803236181969377877e-02 nan nan 4.359888698630136901e+02 6.969844285269387001e+02 9.890109573241061298e+02 5.649725568942436666e+02
1.866141167249424768e+02 -6.725626902764732904e+02 5.462600421179070054e+02 2.621965545627792382e-01 nan nan 4.479943793911007219e+02 8.480114678899082037e+02 1.262962381149235171e+03 5.879747590637907706e+02
1.271680087378496893e+02 -5.490012092725453385e+02 5.659127778232689252e+02 1.452095006807791466e-01 nan nan 4.729897186147186403e+02 7.310026795284029504e+02 1.077027528426092204e+03 5.771081081081081265e+02
1.198370390572600002e+02 -5.278129362003162441e+02 5.952095253406138227e+02 3.551649145524894413e-01 nan nan 4.779991035410129712e+02 6.780031474820143558e+02 1.051071187710753065e+03 5.288670940170940185e+02
1.547986723690121380e+02 -6.079905170176418778e+02 3.714707351014948813e+02 6.673056569635215096e-01 nan nan 4.810096195889811952e+02 1.029997434801197187e+03 1.163126233552631675e+03 9.230217687074830337e+02
5.948594094394966447e+00 -3.944911608449507412e+02 1.374875695038101640e+02 1.799861612108025199e-01 nan nan 4.938311850311850435e+02 1.138003365114974713e+03 7.780140641904074528e+02 1.361913678618857830e+03
8.273233072175591474e+01 -4.706601685707934166e+02 3.572070127904713104e+02 3.325192087573881072e-01 nan nan 5.029902169289663902e+02 9.420022696323195532e+02 9.530019349845201759e+02 9.649266584260403761e+02
6.142716121338771273e+01 -4.016731290551742291e+02 2.664788831351364706e+02 5.212027677259656322e-01 nan nan 5.389792027729636175e+02 1.006004658385093194e+03 8.770194660734149465e+02 1.132893308080808083e+03
2.121011303108305412e+02 -6.050642264801194870e+02 5.207295432307585088e+02 2.922608788375834488e-01 nan nan 5.390088339222614877e+02 8.479681409295352523e+02 1.259031077054065463e+03 6.541695150115473325e+02
1.051893153383194246e+01 -3.405189403843986042e+02 1.190486946576423435e+02 6.317681755384562114e-01 nan nan 5.400118284869394074e+02 1.128998481781376540e+03 7.569335585585585022e+02 1.393899736147757267e+03
1.468024063722420465e+02 -5.339932145672071329e+02 8.695851912875035339e+01 3.384435084654690007e-01 nan nan 5.569884305835009854e+02 1.327022648941408079e+03 1.100958643507030501e+03 1.452964594127806549e+03
1.181225375232390604e+02 -4.426720385246065348e+02 4.477699332233153200e+02 1.727845028422286822e-01 nan nan 5.580191214470283967e+02 8.219851814001021921e+02 9.959717451523545151e+02 8.098499193114578247e+02
2.278897201929822245e+02 -6.021861343930088424e+02 5.387859669800346865e+02 3.149225942353742758e-01 nan nan 5.600175939134569489e+02 8.270136718750000000e+02 1.283236271342870396e+03 6.230094816687736738e+02
2.643899395711146028e+01 -3.252370354781048150e+02 1.453144413637225227e+02 1.783938893987914720e-01 nan nan 5.660121665886757683e+02 1.094016941391941373e+03 7.761702025072323750e+02 1.348025265285497653e+03
1.655423175535693190e+02 -4.886833680546621963e+02 5.357942339700351795e+02 2.830187715375764301e-01 nan nan 5.719890319504053195e+02 7.470250929368029347e+02 1.103175638371290461e+03 6.489300837026095223e+02
1.859583085682400565e+02 -5.084876028142907103e+02 6.351575374882888809e+02 3.768061686574206148e-01 nan nan 5.720338069573738267e+02 6.299396551724138362e+02 1.149989682842949833e+03 4.709440587995100032e+02
1.889309293152299745e+02 -5.139566271422306727e+02 5.500377463106426603e+02 3.876523966231438800e-01 nan nan 5.800082135523614397e+02 7.490195870831128104e+02 1.158189550425273410e+03 6.199490822972172737e+02
1.545169579074118076e+02 -4.502258908215706015e+02 5.932821815486638570e+02 5.295660312167055350e-01 nan nan 5.830258410531448590e+02 6.469516837481697848e+02 1.060939590075512342e+03 5.558982717989002822e+02
1.850626374232421654e+02 -4.811871273721353646e+02 6.097302341673549790e+02 3.547738094641577633e-01 nan nan 5.949236330772706651e+02 6.489995213020583833e+02 1.131007065473386774e+03 5.230044444444444025e+02
2.110621990575582458e+02 -5.616482209026286228e+02 2.190880512846854629e+02 2.192974387487854337e-01 nan nan 6.010265633646928336e+02 1.207996093750000000e+03 1.227936606587942833e+03 1.210005598320503850e+03
1.185740972983428918e+02 -3.670224842760599131e+02 5.932328856893194597e+02 7.048671654001226194e-01 nan nan 6.029922385620915293e+02 5.939494382022471655e+02 9.530452140452140384e+02 5.729005145797598288e+02
8.686165785059955624e+01 -3.048711277662731050e+02 3.781279970159986874e+02 5.988556246479472822e-01 nan nan 6.290502325581395553e+02 8.228869778869778884e+02 8.669580645161290704e+02 9.499900990099009732e+02
4.621388874812824810e+01 -2.066533653658674723e+02 6.249041444782092185e+02 5.971847075771825608e-01 nan nan 6.328822238478419422e+02 4.571072695035460924e+02 7.530195763799742963e+02 5.519108867427568157e+02
1.634902862626484534e+02 -3.958805208383525951e+02 6.005949184918727042e+02 1.380395184348161830e-01 nan nan 6.350160295930949133e+02 6.099969078540507326e+02 1.043050930460333120e+03 5.581034084344310031e+02
1.511191338587932194e+02 -3.564123933911401423e+02 6.198655753593245663e+02 1.705638768265804461e-01 nan nan 6.480172721858249361e+02 5.610093457943925159e+02 1.000034955448937581e+03 5.339235048678719977e+02
2.257469189780282761e+02 -4.787483737374489010e+02 5.201588890741878686e+02 8.613276306018712025e-02 nan nan 6.560052610279238934e+02 7.780117117117116550e+02 1.195996226415094270e+03 6.840301441677588627e+02
5.850104566836164111e+01 -2.395396267482080077e+02 1.076401825643546317e+02 4.810087273056734558e-01 nan nan 6.639748786754211096e+02 1.096037198488811327e+03 7.847624924744129657e+02 1.411860203340595490e+03
3.202233367997939126e+02 -6.382571931448815121e+02 3.658115961586653384e+02 4.876910566861809015e-01 nan nan 6.660033929673040802e+02 1.107897498262682348e+03 1.465039285714285825e+03 9.379085953878407054e+02
2.960149459657831130e+02 -5.619347037153063411e+02 5.853858619839114681e+02 4.143944669581840490e-01 nan nan 6.759928734321550792e+02 7.589511815920398021e+02 1.367091958939264259e+03 5.560261270491803316e+02
2.493544583855599512e+02 -4.663137862038743719e+02 5.469498981005154974e+02 1.719768482064190640e-01 nan nan 6.930184049079754232e+02 7.419740034662045218e+02 1.226029953917050761e+03 6.420795402298850831e+02
1.082113255462771946e+02 -2.155245151226029066e+02 5.193729548747802482e+02 2.162977689491620004e-01 nan nan 7.069151108518086630e+02 6.080686490455212834e+02 8.549462517680339033e+02 7.289185317815577037e+02
7.902536793586943986e+01 -1.889915837746064540e+02 2.896683308321196364e+02 3.190496815251908647e-01 nan nan 7.079835709857408119e+02 8.648007826396300288e+02 7.939555314533622550e+02 1.109031363088057788e+03
1.679033797470599438e+02 -2.879033188856458310e+02 5.758693659392473592e+02 2.029170683541675901e-01 nan nan 7.220290827740492432e+02 5.868313989004276436e+02 9.880516181892667191e+02 6.259845335911068105e+02
4.103795933718632796e+02 -6.888839727609838519e+02 5.930981246454098255e+02 1.407786375725511019e-01 nan nan 7.269860365198710497e+02 8.600110253583241047e+02 1.651057444314185204e+03 5.211364349189753966e+02
2.712019740849889331e+02 -4.629798237280780882e+02 4.814814915919674263e+02 9.022595094405683191e-02 nan nan 7.279969849246231206e+02 8.320232558139534831e+02 1.259242119565217308e+03 7.581716504854368850e+02
6.705347443229736371e+01 -1.353816078089137704e+02 2.815505082130281380e+02 4.009234693110778069e-01 nan nan 7.310214785214785707e+02 8.430020650490448588e+02 7.491560408594575620e+02 1.125871729957805883e+03
1.354707327569180109e+02 -2.585825291927039302e+02 1.968062845899725346e+02 1.907929164671980926e-01 nan nan 7.310394500896593399e+02 1.025995597697256926e+03 9.189660766961651461e+02 1.261000000000000000e+03
4.205488584758898583e+02 -6.555014706014716239e+02 6.014580842414275139e+02 2.219145047690917472e-01 nan nan 7.670049972237645761e+02 8.300299999999999727e+02 1.640186038333040187e+03 5.161338247802665364e+02
4.203247753519660250e+02 -6.689315713493610929e+02 3.647263872207785766e+02 2.718766616773851327e-02 nan nan 7.729649021864212273e+02 1.162073888541014412e+03 1.654016181229773565e+03 9.409966159052453349e+02
2.122743507370610416e+02 -3.212546164598589939e+02 8.643693562337935532e+01 5.765121575109932728e-01 nan nan 7.840046162723600673e+02 1.211995171997586112e+03 1.076119223985890585e+03 1.446805340557275485e+03
2.485872885839608841e+02 -3.339717931178623189e+02 6.056803836420490370e+02 3.420973750821781345e-01 nan nan 7.859097308488612725e+02 5.920562499999999773e+02 1.141083912841909978e+03 5.729352769679300081e+02
1.851520843231054130e+02 -2.226670303657705574e+02 6.119939871581291300e+02 5.607906225263901978e-02 nan nan 7.868823529411764639e+02 5.121131725417440066e+02 9.790619621342513028e+02 5.830098661028893048e+02
4.004087566206549127e+02 -6.158964966323011367e+02 3.537630974802984269e+02 2.747284683268536032e-01 nan nan 7.879853826311264129e+02 1.133943231441048056e+03 1.579142309167625626e+03 9.667999999999999545e+02
1.692398337407534257e+02 -1.891519456790614413e+02 6.266803303778364125e+02 4.461526212699252758e-01 nan nan 7.899792899408283802e+02 4.729897494305239434e+02 9.370225563909774564e+02 5.660406779661017254e+02
1.432451847090935075e+02 -1.364399198874196202e+02 2.738891813950332335e+02 3.146399049716549351e-02 nan nan 8.160225303292894523e+02 8.709694835680751339e+02 8.680721700444884164e+02 1.140163466812945671e+03
1.715613743470426016e+02 -1.572850356575210640e+02 4.509950423308384302e+02 8.565489215243762833e-02 nan nan 8.249803370786517007e+02 6.778834080717489314e+02 9.230267965895250200e+02 8.541864336246359244e+02
2.328748279163614541e+02 -2.526954622675420126e+02 5.043281234341902177e+02 7.103147506284646084e-02 nan nan 8.300582191780821404e+02 6.759423423423423856e+02 1.069027956003666304e+03 7.559216614090431676e+02
8.335784036300560729e+01 1.680509370582819173e+01 5.752617219503971455e+02 3.120133735475456582e-01 8.197518276260100265e+02 7.919831546707504231e+02 8.310023364485981574e+02 4.248990430622009740e+02 nan nan
2.746174024918806253e+02 -3.112064625477872823e+02 6.267460099053827207e+02 5.867590142680988441e-01 nan nan 8.329228694714131507e+02 5.579966555183946184e+02 1.168063023358307646e+03 5.469271168274383399e+02
5.111169779582128569e+01 5.379109060260382336e+01 2.364226489371355910e+02 1.686886372758012453e-01 nan nan 8.360966837926202970e+02 7.940838142346798350e+02 6.409807445442875178e+02 1.208007407407407300e+03
4.479600493754198283e+02 -6.096281875756677664e+02 5.525167380908515042e+02 3.029810493416464356e-01 nan nan 8.430353081986834241e+02 8.769924374636416360e+02 1.647997753650318145e+03 6.179231155778894617e+02
4.007445823775478857e+02 -5.562505665207241918e+02 1.120487788957700843e+02 3.438358584378835014e-01 nan nan 8.469543726235741588e+02 1.395896564885496218e+03 1.536000000000000000e+03 1.403018936635105547e+03
4.525942389274771216e+01 7.373226551595138289e+01 1.235134649199325168e+02 5.073393484476209636e-01 nan nan 8.470039106145251253e+02 9.059923119165293883e+02 6.229547134935304484e+02 1.383073365940417943e+03
1.641700097192463375e+02 -9.146085900640539990e+01 5.226008672528895431e+02 3.367124881994314478e-01 nan nan 8.559947795823666183e+02 5.558610436893203541e+02 8.790385812072183853e+02 7.510399159663865021e+02
1.712816399083608303e+02 -1.183100212839558623e+02 2.809110449272686196e+02 2.969639176843480444e-01 nan nan 8.589681034482758832e+02 8.599600389863547889e+02 9.019346478873239903e+02 1.130855488141202386e+03
2.567813309257928722e+02 -2.448312194217445494e+02 5.881407825690278059e+02 2.625616337649770426e-01 nan nan 8.600076184166942994e+02 5.709175078315349765e+02 1.101053611994547964e+03 6.230150273224044213e+02
2.168904247425942344e+02 -7.243885574044178099e+01 6.242855819539735194e+02 5.779779776747092646e-01 nan nan 9.260018939393939945e+02 4.330178571428571672e+02 9.479681611435997866e+02 5.999785853341985558e+02
4.333077167176786588e+02 -4.671438913396165162e+02 5.778714714406180519e+02 1.205868392355658736e-01 nan nan 9.279954925949774633e+02 7.511085538933640464e+02 1.515983805668016203e+03 6.060397489539749358e+02
1.441115513204894967e+02 7.633051065373459210e+01 6.124029816333353438e+02 5.390744662717130709e-01 nan nan 9.360570243649559643e+02 3.659401135776974456e+02 7.719542225730070868e+02 6.439901904212348427e+02
2.285033917661845351e+02 -6.773061473743057093e+01 6.351194100977975268e+02 1.919673762397223205e-01 nan nan 9.420080450522928004e+02 4.189963669391462417e+02 9.630745033112582405e+02 5.859543596730245554e+02
2.589272001044521971e+02 -1.274653259162379868e+02 9.042286923212967054e+01 7.121818835220548871e-02 nan nan 9.608541076487251757e+02 1.104915194346289809e+03 1.037982989064398453e+03 1.434858131487889295e+03
1.918594993262721573e+02 6.560483851420133306e+01 4.166574074110413903e+02 4.798174872159222115e-02 nan nan 9.909896049896050272e+02 6.150339715873996056e+02 8.440034825870646955e+02 9.380431769722814579e+02
2.779366869488820271e+02 -9.074150377392096800e+01 4.482594948228619955e+02 1.160318694684260299e-01 nan nan 9.929707130730050721e+02 6.729886486486486774e+02 1.046958864426419495e+03 8.740561342592592382e+02
5.649884121919681093e+02 -6.160424824461680373e+02 6.338996093142013706e+02 3.502609488037551344e-01 nan nan 9.959995791245790997e+02 8.018804453049370977e+02 1.834091947115384528e+03 4.860330634278002435e+02
5.347911047946147391e+02 -5.800516623352368697e+02 2.257075491663213427e+02 5.281199374660705548e-01 nan nan 9.969626204238920764e+02 1.318006375674350238e+03 1.763980906027705032e+03 1.201162400706090011e+03
3.402324851818408433e+02 -1.711648542866890068e+02 6.163827187323379349e+02 1.195594297972897152e-01 nan nan 1.010940975609756151e+03 5.170363321799308096e+02 1.183024869866975223e+03 6.020430868167202334e+02
3.624247016762518570e+01 4.360779102264186804e+02 4.495552178491765289e+02 3.373293975954837487e-01 nan nan 1.032919078242229261e+03 3.870138371474188261e+02 4.809873617693522760e+02 9.269565916398713625e+02
3.670706718654689098e+02 -1.641821298020638835e+02 5.430483899413604831e+02 9.324392923326066396e-02 nan nan 1.050965172286031930e+03 6.140267446719599320e+02 1.218053811659192888e+03 7.200842020850039944e+02
2.917967298110644379e+02 -1.432837268034908007e+01 5.794406982984598926e+02 1.920476966465597957e-01 nan nan 1.052991709183673493e+03 4.779615384615384528e+02 1.027056556867619747e+03 6.869835125448029203e+02
6.185216824873153030e+01 4.299830602711389815e+02 2.186398731843512735e+02 2.977842614787582498e-01 nan nan 1.061057940808670310e+03 6.430069476609540970e+02 5.150183688464364877e+02 1.247181102362204683e+03
1.862882917563440799e+02 1.997012423230749789e+02 1.979624499953763177e+02 1.637228724259753576e-01 nan nan 1.068010245901639337e+03 7.968912621359223749e+02 7.749430469862363680e+02 1.270971742543171104e+03
5.881860170663755980e+02 -5.241436685676147818e+02 4.965920791120663580e+02 1.454299917637228434e-01 nan nan 1.099076000000000022e+03 9.419727223131478695e+02 1.795060893633847400e+03 7.441406193078323668e+02
3.530180768390218304e+01 5.621775933104803471e+02 4.011459845716199197e+02 3.236309982084955017e-01 nan nan 1.099979336595976065e+03 3.909233942251030953e+02 4.378797872340425670e+02 1.005041966426858494e+03
8.759780747970049219e+01 4.547807803214328715e+02 1.263299725610691553e+02 1.670744315781984013e-01 nan nan 1.101999179655455237e+03 7.339792913023469509e+02 5.400254945054945210e+02 1.375110680686220348e+03
4.572849940021897623e+02 -2.519580231747553967e+02 5.742640384903889981e+02 5.056400349012782347e-02 nan nan 1.106877830750893963e+03 6.419172151021822401e+02 1.403194850382741834e+03 6.609636776390465229e+02
4.432766782418939755e+01 5.558823648080152680e+02 3.061490755843999523e+02 4.374740101554180360e-01 nan nan 1.106954365079365061e+03 4.951115023474178543e+02 4.509972191323693096e+02 1.132916824196597418e+03
6.514423844606415059e+02 -6.148135823112237404e+02 3.706940245857122704e+02 1.171682359621001313e-01 nan nan 1.125857768052516349e+03 1.193087890625000000e+03 1.968925212027756288e+03 9.490420301348136718e+02
2.254360924925101131e+02 2.384717982493746433e+02 5.655084291209961975e+02 7.076051505096020433e-02 nan nan 1.126018611670020164e+03 3.709125000000000227e+02 8.150043343653251213e+02 7.470238582140422068e+02
5.272019154607561404e+02 -3.329090735025271215e+02 5.020551458571694639e+02 1.626471824919665243e-01 nan nan 1.146094154395359283e+03 8.001329653788259293e+02 1.560056330749353947e+03 7.658808411214953367e+02
4.311559510664632739e+02 -1.411242463974092516e+02 3.902536864568483566e+02 1.767973904096385440e-01 nan nan 1.147040737148399558e+03 8.080511508951406086e+02 1.297059371763893751e+03 9.649629462268413818e+02
2.379537106691148551e+02 2.583978954163723074e+02 3.274814264094590612e+02 5.204833547068137001e-02 nan nan 1.154170800850460637e+03 6.380350740452065565e+02 8.219930868650435514e+02 1.087863326653306558e+03
6.578164731964345719e+02 -5.807855405766290460e+02 5.064195163804131994e+02 2.237650695307927817e-01 nan nan 1.155932026143790836e+03 9.870231681034482563e+02 1.946032173913043380e+03 7.219740500463392436e+02
4.645732871076722859e+02 -1.938956922125497613e+02 2.564726884971271375e+02 3.542668429677340303e-01 nan nan 1.157912176724137908e+03 1.008912189485846284e+03 1.378053851907254966e+03 1.170011834319526542e+03
7.099607084819901957e+02 -6.908797288749065046e+02 1.719731840843495263e+02 1.507436541485973058e-01 nan nan 1.158062995096190207e+03 1.531063829787233999e+03 2.131008270158511550e+03 1.293031186440677857e+03
6.849846004095657008e+02 -6.359157769487954965e+02 2.560042005516655195e+02 4.045854150956852968e-01 nan nan 1.160000925069380173e+03 1.371878097125867271e+03 2.040250554323725055e+03 1.147143502824858842e+03
6.281645463056959215e+02 -4.619186610705822318e+02 4.929770807518526681e+02 2.365745379908056889e-01 nan nan 1.195985823336968451e+03 9.189448105436573542e+02 1.804081392498161222e+03 7.649372990353697332e+02
5.770241397868828699e+02 -3.338044051292953327e+02 6.277402398383371747e+02 1.935592872334981618e-01 nan nan 1.209849886277482938e+03 6.460792349726775683e+02 1.631140958377054858e+03 5.689715430861723462e+02
2.047017104400311496e+02 4.537494245811942051e+02 9.975759037664936102e+01 5.894967298006981160e-01 nan nan 1.222021726010862949e+03 7.869269819193324338e+02 6.959492263056092725e+02 1.410048465266558878e+03
1.084479191621239096e+02 6.689393172050336034e+02 4.688098093927472974e+02 1.242935502716267515e-01 nan nan 1.227876073161627573e+03 2.911631868131868259e+02 4.990108910891088954e+02 9.290336300692383702e+02
5.415503415217920065e+02 -2.109720268995566812e+02 3.519752141942272488e+02 1.853676265709207904e-01 nan nan 1.242101458465440601e+03 9.241461442786069256e+02 1.498040129900255124e+03 1.021064324171153316e+03
6.774667652296451479e+02 -4.853673462251906585e+02 2.002787266081074051e+02 3.490868370604839344e-01 nan nan 1.248992325402916322e+03 1.330034930139720473e+03 1.899985108303249035e+03 1.250892987249544603e+03
2.996254819494379831e+02 3.550752013535633296e+02 5.704795055579567133e+02 4.478492894331066732e-02 nan nan 1.272938714499252683e+03 3.320197316495659265e+02 8.639786245353159302e+02 7.629943019943019635e+02
2.066511285534786850e+02 5.709112028545756630e+02 1.427873781930310315e+02 9.866438519739360868e-02 nan nan 1.281042866282789419e+03 6.909342969776610062e+02 6.550294310006539718e+02 1.351969135802469054e+03
8.282264801861592787e+02 -6.678741559490155169e+02 2.699841052190825508e+02 3.061438108487700704e-01 nan nan 1.340116693679092350e+03 1.429171641791044749e+03 2.281108312342569207e+03 1.123981791697013932e+03
2.792035862521491936e+02 5.719576528795873855e+02 5.017494681212543810e+02 3.508188541769605706e-01 nan nan 1.359845164896590177e+03 3.220781781101291585e+02 7.489722593582887384e+02 8.820708509819021401e+02
7.358805924569695662e+02 -4.223866239569126151e+02 3.497725221853864355e+02 9.921094387930604053e-02 nan nan 1.368002200220021905e+03 1.116096966911764639e+03 1.928237276478679405e+03 1.010171040723981946e+03
6.512493025715402837e+02 -1.612086768167791320e+02 6.022234775814314389e+02 1.953106810751803757e-01 nan nan 1.415060027285129536e+03 6.060994718309858627e+02 1.613079343971631261e+03 6.517606800348735305e+02
4.637080375637141856e+02 3.202478653244646125e+02 5.935023735107439506e+02 3.269258613725753437e-01 nan nan 1.443032485322896264e+03 3.509672284644194633e+02 1.091078688524590234e+03 7.358939064200217217e+02
4.108140773231800722e+02 4.527724133555794310e+02 4.004594033727374836e+02 1.521188131011069755e-01 nan nan 1.443944287949921772e+03 5.071922809457580001e+02 9.630547159979155367e+02 1.008036082474226760e+03
3.113219452463615653e+02 6.978194901405722703e+02 2.642797257077756399e+02 2.167001963945032472e-01 nan nan 1.448975527426160397e+03 5.329035532994923869e+02 7.391287057122198121e+02 1.198057232987832322e+03
5.115155254269470220e+02 2.331313214466164823e+02 3.803020921559809722e+02 1.748596694976099486e-01 nan nan 1.450017806935332601e+03 6.499431500465983618e+02 1.195934426229508290e+03 1.019155261221486398e+03
4.307889757394449930e+02 4.264859726542102294e+02 5.950860167329431079e+02 2.360478170771879158e-01 nan nan 1.457937208315655425e+03 2.999483810417644349e+02 1.000060814124570925e+03 7.481092838196286721e+02
9.197331229358487690e+02 -6.725369721568865771e+02 3.729934105292554705e+02 2.623435175299377864e-01 nan nan 1.473044040210627145e+03 1.327115942028985501e+03 2.413021413276231215e+03 9.499936842105263395e+02
8.447625384562046520e+02 -4.907970080156296149e+02 4.985974199544258454e+02 7.809311623512915634e-01 nan nan 1.481954865424430636e+03 9.980763827919226969e+02 2.133977482465854337e+03 7.648099228964130134e+02
4.132519763447777450e+02 5.385705067265868138e+02 4.417967410463813849e+02 3.683381768046269933e-01 nan nan 1.488036478984932501e+03 4.260212244897959408e+02 9.289821542383683664e+02 9.619566408032861773e+02
7.134617619203588674e+02 -7.819442046526249612e+01 2.252778172082163053e+02 1.529589809007895207e-01 nan nan 1.529997648902821311e+03 1.046979188345473403e+03 1.644072631578947266e+03 1.225952836637047085e+03
4.127120297860366804e+02 6.275006848175571577e+02 5.332356627814855301e+02 5.383720927697355219e-02 nan nan 1.530988467083133173e+03 2.898836363636363558e+02 8.909727642276423012e+02 8.539499080882352473e+02
8.315806688736398655e+02 -3.310973488885188090e+02 1.667166919584167317e+02 1.074584528796105887e-01 nan nan 1.545117318435754214e+03 1.315131578947368325e+03 1.988971179989124494e+03 1.309075917546505707e+03
7.038447890228204642e+02 -2.101762173088908980e+01 2.980593544567773847e+02 1.544259015372081989e-01 1.601931194793119403e+03 1.162954518252543494e+03 1.550066240120436532e+03 9.248955645161290704e+02 nan nan
4.755195562660206861e+02 5.753515227872256901e+02 5.738229314409350081e+02 1.305641451574939271e-01 nan nan 1.577895259449071091e+03 2.749706554878048905e+02 9.889787234042553337e+02 7.989760132340777545e+02
9.261844573903928222e+02 -5.108148213210384938e+02 6.245014813557355637e+02 1.724340919589558707e-01 nan nan 1.593971756821445751e+03 8.588676318510858891e+02 2.259876435461644633e+03 5.651806531624638410e+02
9.298700726778265562e+02 -4.732739410696299274e+02 4.379782825573500986e+02 7.198527195320206240e-02 nan nan 1.612969192339716983e+03 1.096013698630137014e+03 2.235978194726166294e+03 8.709273907910271646e+02
7.454684203086451362e+02 9.276697969189831028e+00 4.339835227774236159e+02 1.169763165699861940e-01 nan nan 1.624035555555555447e+03 7.540076923076923094e+02 1.625229064039408968e+03 9.300116414435390197e+02
8.611901679681820951e+02 -2.703565043481757471e+02 3.069533264969177253e+02 7.410431001011844043e-02 nan nan 1.624110671936758990e+03 1.109914370811615754e+03 1.976948654244306454e+03 1.095015259895088320e+03
8.514091581427841220e+02 -2.330173239549606308e+02 5.832645923640051251e+02 2.983733107979863464e-01 nan nan 1.644940832553788596e+03 7.230896445131376140e+02 1.930135506003430464e+03 6.820957270619410338e+02
6.329126029251214050e+02 3.530674450183345812e+02 6.369078846748848264e+02 1.872960420203328147e-01 nan nan 1.660908695652173947e+03 3.180149142431021687e+02 1.285028742514969963e+03 6.940286123032904015e+02
8.258772558002697224e+02 -1.150910492635459974e+02 3.936444831572534326e+02 1.700938730349808858e-01 nan nan 1.663058269570335597e+03 8.951075896580483686e+02 1.812978650137740942e+03 9.780085531004989434e+02
8.246152615722496648e+02 -1.003156245066108454e+02 3.243031645733875052e+02 2.621064393981402119e-01 nan nan 1.665041632653061242e+03 9.718489692890198057e+02 1.802147401908801612e+03 1.081053145336225498e+03
5.877463290824698561e+02 6.049131222608871212e+02 2.903949146997268826e+02 5.184770705080225806e-02 nan nan 1.703965738758030056e+03 5.989797917942437380e+02 1.108979401993355395e+03 1.163962855061908158e+03
5.765023513324830446e+02 6.158121580493819920e+02 4.851134524476001388e+02 3.820963407358456410e-01 nan nan 1.704997377294866965e+03 3.779379258137774400e+02 1.090988516746411506e+03 9.200048732943470213e+02
6.771404335332797473e+02 4.279950492517876910e+02 5.479405079811144788e+02 2.596137135311742394e-01 nan nan 1.742994008388256361e+03 4.019671268902038150e+02 1.300062664907651651e+03 8.230727781665500515e+02
8.190243980468864038e+02 1.606385962136954504e+02 5.663274604141138298e+02 1.730596448277464117e-01 nan nan 1.798842815814850610e+03 5.300380057212913698e+02 1.620023313905079021e+03 7.698164228409626730e+02
9.564949036978905497e+02 -3.102107534599487515e+00 4.997523190760205694e+02 1.570674632508386459e-01 nan nan 1.898977499999999964e+03 7.319897610921501609e+02 1.894920980926430502e+03 8.458168911539861483e+02
9.532823790454048094e+02 5.589239573997571142e+01 3.192500888549515707e+02 2.402236149386408059e-01 nan nan 1.905972592592592491e+03 9.227629107981221068e+02 1.853148654810761627e+03 1.102103621169916323e+03
1.871636704709774435e+01 5.625456505098718480e+02 3.937281567206652539e+02 3.184922046653250738e-01 nan nan 1.083051308363263161e+03 3.950745222929936062e+02 4.160515390121689165e+02 1.015018548387096757e+03
1.612071198781693582e+01 2.510297575645382722e+02 3.655920482883119575e+02 5.874084882298600263e-01 nan nan 9.110352472996020197e+02 5.529993849938499579e+02 5.150044014084506898e+02 1.025838264299802859e+03
6.473426830214967254e+01 2.981600623154412801e+02 6.289441167586739994e+02 5.281566494880894913e-01 nan nan 9.812246879334257983e+02 2.429449938195302821e+02 5.699819023569023102e+02 6.561697502312673578e+02
6.317188114209345429e+01 5.957123637176044184e+01 4.826794550085548963e+02 6.638438251023244252e-01 8.239155716162943008e+02 9.261854812919731330e+02 nan nan 6.591108805217907047e+02 8.301764478764479236e+02
3.722933901372283003e+02 4.640629733929725944e+02 2.616004753333231747e+02 3.175273121613719773e-01 nan nan 1.405007033248081825e+03 6.470413507925568410e+02 9.089500947567909179e+02 1.191987412587412564e+03
2.172770142811034191e+02 -9.260336121799268128e+00 6.279905474112308639e+02 5.715932075519656319e-01 nan nan 9.669249011857707501e+02 3.999833729216152278e+02 9.171232993197278347e+02 6.080090185676392593e+02
2.468111221493488756e+02 5.870687382289043654e+01 4.671977918919781700e+02 2.780741119946086304e-01 nan nan 1.047994732881865957e+03 5.710160583941606092e+02 9.259678832116787817e+02 8.639840484048404505e+02
1.240409913673005704e+01 -6.831063710109739304e+02 5.742288680841326141e+02 3.437899079422942483e-01 nan nan 2.150092457420924461e+02 7.660073421439060439e+02 9.610478229835831598e+02 5.140543806646525127e+02
1.498229475051360104e+01 -6.932531765248274951e+02 6.184480156561361355e+02 4.830199469689311353e-01 nan nan 2.029966254218222730e+02 7.130091848450057341e+02 9.720334316617502282e+02 4.260400890868596662e+02
4.363102023173006216e+01 -6.718381113757073990e+02 5.532810085456311526e+02 2.352646381119628816e-01 nan nan 2.670009756097560967e+02 7.969930761622156297e+02 1.009976368159203957e+03 5.601112433075550143e+02
5.769682650780770672e+01 -6.617349431823449777e+02 6.034231534656814802e+02 4.670758872026662956e-01 nan nan 2.860048992923244668e+02 7.260077777777777328e+02 1.029033959975742846e+03 4.700032851511169270e+02
7.178131991536309897e+01 -6.948156960761486971e+02 5.816358293853144232e+02 1.102020683153137337e-01 nan nan 2.779909576654335979e+02 7.800040866366980481e+02 1.075972682926829293e+03 5.030391115403186859e+02
1.703577621627948702e+02 -4.465757631234278620e+02 3.566639721518387205e+02 2.736932220571748342e-01 nan nan 6.259693555655700266e+02 9.529887494591085897e+02 1.085006334841629041e+03 9.729528130671506005e+02
1.256273328323079994e+02 -6.124241228399465626e+02 5.533969866456977797e+02 2.000829909935051831e-01 nan nan 4.199672836848902193e+02 7.840028887818970134e+02 1.115911669890393341e+03 5.840898437500000000e+02
1.086328687850852219e+02 -6.934973546706875140e+02 5.262115528445328891e+02 2.332482289382276919e-01 nan nan 3.329815384615384346e+02 8.649865076874804117e+02 1.141160720471077184e+03 6.130545212765957785e+02
1.221258508007395847e+02 -6.685985256634342022e+02 5.441397835837150296e+02 5.162191440418255617e-01 nan nan 3.689948884758364329e+02 8.290028315243039287e+02 1.147967414916726966e+03 5.869764521193092150e+02
2.213489452412526646e+02 -4.469580630246864530e+02 5.918794765113361791e+02 2.693540485058422140e-01 nan nan 6.689069597069596966e+02 6.640543209876543642e+02 1.168108813928182826e+03 5.661268271711091984e+02
1.375783347604089784e+02 -6.933247093638376555e+02 6.020758030912734284e+02 5.075693780094252539e-01 nan nan 3.599291443850267456e+02 7.690293696275072080e+02 1.192298619824341358e+03 4.728377944325482076e+02
3.814271660614614348e+02 -1.398921488689915691e+02 8.108688954979334085e+01 4.019378586055077918e-01 nan nan 1.093878328981723143e+03 1.155920376175548654e+03 1.225882649109217709e+03 1.447990612648221258e+03
1.997314402335989314e+02 -6.959004409978203967e+02 5.199802331168482397e+02 1.346672706076779691e-01 nan nan 4.480078268876611673e+02 9.019943688409197193e+02 1.302998545454545365e+03 6.330044809559373107e+02
2.997987333504598837e+02 -5.388819441775283394e+02 5.725003064241319635e+02 4.487091461722224062e-01 nan nan 6.999810694121554207e+02 7.639405840886203123e+02 1.356887926367081718e+03 5.849090909090908781e+02
2.702938422905230027e+02 -6.148541473120095588e+02 6.243824514754506936e+02 5.010590982698055473e-01 5.519340974212034325e+02 5.809141055949567090e+02 nan nan 1.362878943835309883e+03 4.699626808834729559e+02
2.683418006546087895e+02 -6.382539373746587898e+02 6.072497053842512287e+02 3.674533881110029765e-01 nan nan 5.760113335851907550e+02 7.660041698256254676e+02 1.377102168949771794e+03 4.939763624425476110e+02
4.534475462148955103e+02 -2.724693381310503923e+02 5.884266072372355438e+02 2.531408484726360708e-01 nan nan 1.088078182562423308e+03 6.330366537300560594e+02 1.411133865520417658e+03 6.341266391907081470e+02
5.718209487570799183e+02 -2.892486650547645013e+02 6.013116677332048994e+02 9.897357626372452200e-02 nan nan 1.231897594278283577e+03 6.559303209459459367e+02 1.592094620868438142e+03 6.200893470790377933e+02
7.555423881922580449e+02 -1.319561295585625373e+02 4.411136771901658449e+02 4.916912034769068129e-01 nan nan 1.563956846030900351e+03 8.259287717330341820e+02 1.733039749723960313e+03 9.029881578947367871e+02
8.549839555161457838e+02 -5.946019337322594538e+02 1.440889777205760822e+02 6.353372946419877376e-01 nan nan 1.423074385964912381e+03 1.546026011560693632e+03 2.252134309357097209e+03 1.342051094890510967e+03
9.491824897718955754e+02 -6.231517740895160387e+02 4.940249647915296123e+02 1.326898964061318797e-01 nan nan 1.552969616908850639e+03 1.131057116953762488e+03 2.401217524980784219e+03 7.561383709519136573e+02
9.502122351191999314e+02 -6.802847115688364283e+02 6.388948311636839890e+02 5.814001666939941915e-01 nan nan 1.522932541824069176e+03 9.608996515679442609e+02 2.455022367194781054e+03 5.020716310229322517e+02
