# X,Y,Z,error,cx_i,cy_i
-2.204545110432459296e+03,-1.355319180150017246e+03,3.976844010656001842e+02,3.954489303839678338e-01,3.817820590006020609e+01,1.379988970588235361e+03,3.806739526411657693e+01,1.067084865629420165e+03,nan,nan,2.749673489278752641e+02,1.255848214285714221e+03
-2.079160011705934721e+03,-1.508060327121345608e+03,4.345220614973937359e+02,6.762820763547395808e-01,5.603314470493128852e+01,1.439179487179487069e+03,6.996563011456628089e+01,1.133027079303675009e+03,nan,nan,3.479769129287598730e+02,1.325780015491866834e+03
-2.405553971010161604e+03,-1.331814923359798058e+03,1.689135437589232538e+02,9.959356587342678147e-01,5.790913160250671154e+01,1.381998870694522793e+03,5.504978749241044511e+01,1.030963942307692378e+03,nan,nan,2.020555758683729550e+02,1.220008102955195454e+03
-2.489567489831818875e+03,-8.813381627977872768e+02,1.597767418026846258e+02,4.250885239300679630e-01,6.294927536231884346e+01,1.218138421733505766e+03,1.405784061696658149e+01,8.651818181818181301e+02,1.420729653882132766e+02,9.059144800777453383e+02,nan,nan
-2.023190724150041660e+03,-1.136831903726390237e+03,4.920362870768701100e+02,2.330399223153490629e-01,7.605902439024390560e+01,1.283173643410852719e+03,5.203732204694112795e+01,9.999136690647482055e+02,3.261167919799498804e+02,1.012063604240282643e+03,nan,nan
-2.100063776099259940e+03,-7.223872583493059665e+02,4.704275518792803155e+02,8.349663766851005420e-01,8.409689629068887484e+01,1.124092756183745678e+03,1.590287769784172589e+01,8.309484361792053733e+02,3.210231513476157374e+02,8.079281370923162058e+02,nan,nan
-2.496341464694305614e+03,-9.148225765412353212e+02,7.896069460395617057e+01,3.566620129026760178e-01,8.491072961373390626e+01,1.235014476614699333e+03,4.192728828058169199e+01,8.738527724665392498e+02,1.478579842931937094e+02,9.309754653130287352e+02,nan,nan
-2.065803258999235823e+03,-1.301708188282976153e+03,3.844396266740031365e+02,4.694335495166123695e-01,8.889808429118774313e+01,1.354985673352435469e+03,8.391758241758242320e+01,1.051940179461615116e+03,nan,nan,3.449506016466118012e+02,1.221835607094133593e+03
-2.211040950908046398e+03,-8.431111689804105254e+02,3.254119585667064030e+02,4.376454891482910448e-01,9.112788632326819993e+01,1.185055319148936178e+03,3.905189094107299752e+01,8.679470365699874037e+02,2.690794649881982536e+02,8.800347985347984832e+02,nan,nan
-2.085409623413941063e+03,-8.352992978006960811e+02,4.413109565993559613e+02,3.169096744796238152e-01,9.197970573313038756e+01,1.169937363437727527e+03,3.609790605546123032e+01,8.749327286470144145e+02,3.229835361488904937e+02,8.669271523178807684e+02,nan,nan
-2.024168855652143975e+03,-7.549031802531858375e+02,4.988817367009003192e+02,3.808674663653253134e-01,9.611249999999999716e+01,1.132079872204472849e+03,3.193427230046948395e+01,8.480105820105819703e+02,3.560820152314001348e+02,8.229887556221889326e+02,nan,nan
-1.929085086161065874e+03,-1.484155077811615911e+03,4.122587489292225200e+02,1.707979822517975699e-01,1.131467576791808938e+02,1.426051153460381101e+03,1.241270536692223487e+02,1.129024360535931692e+03,nan,nan,4.260748175182481532e+02,1.302890384615384619e+03
-1.934073633514918129e+03,-1.020456829074977577e+03,4.851659082000801959e+02,5.764496888872137070e-01,1.139089108910891071e+02,1.235050680786686826e+03,7.811185914034179234e+01,9.568479948253557268e+02,3.850046760187040604e+02,9.589903774981495417e+02,nan,nan
-1.910915995177715104e+03,-1.113289527779693572e+03,4.785176249175781891e+02,2.036213838815532917e-01,1.179891696750902526e+02,1.271021110242376835e+03,9.210718635809988086e+01,9.938266666666667106e+02,3.909117259552041901e+02,1.007951593860684739e+03,nan,nan
-2.174661989916569382e+03,-1.002448646829525046e+03,2.525842075939834501e+02,6.424930872856569053e-01,1.181323119777158723e+02,1.247945776255707869e+03,8.107751937984495783e+01,9.260382932166302226e+02,nan,nan,2.821938923897237146e+02,1.068990000000000009e+03
-2.087744641303253957e+03,-8.201813366768908509e+02,3.610031851511065497e+02,3.067711399568697761e-01,1.190780012187690460e+02,1.170055803571428669e+03,6.311313518696069025e+01,8.649466923570969357e+02,3.320136363636363512e+02,8.710509615384615927e+02,nan,nan
-1.919536568964188291e+03,-9.227764150536376064e+02,4.892312667395998460e+02,3.348167152440352790e-01,1.228605593838670416e+02,1.194209900990098959e+03,7.713714285714286234e+01,9.189239130434782510e+02,3.999402877697841632e+02,9.121042543244507215e+02,nan,nan
-2.067866495918690362e+03,-8.081588437740366544e+02,3.665199458592254018e+02,3.538255711521438029e-01,1.240070810385523146e+02,1.164105719237435096e+03,6.691017587939698785e+01,8.611082148499209552e+02,3.428634232121922878e+02,8.660067873303167971e+02,nan,nan
-1.859047982759660727e+03,-1.359417566314274154e+03,4.608362308613951086e+02,1.025603494807533766e-01,1.269117647058823479e+02,1.370942307692307622e+03,1.249868061874431362e+02,1.089918810748999476e+03,nan,nan,4.481429970617041931e+02,1.249998068254990358e+03
-1.941463167339856682e+03,-9.134980157823748641e+02,4.475001783858585327e+02,2.197394925890714390e-01,nan,nan,8.413866039952996800e+01,9.119559164733178704e+02,3.930482832618025668e+02,9.119380300065231495e+02,3.740195374800637751e+02,1.039042627883650994e+03
-1.878157209813934060e+03,-1.211277459616729629e+03,4.577553544480422829e+02,3.247391450251658207e-01,1.302511520737327260e+02,1.311057121096725041e+03,nan,nan,4.029814126394052209e+02,1.060985590778097958e+03,4.281537953795379394e+02,1.181048897411313419e+03
-1.919256153954886486e+03,-9.384171374939206771e+02,4.556342258861758978e+02,8.798825572051726107e-01,1.327053625837903610e+02,1.201833087693441485e+03,9.010411810411810052e+01,9.228702222222221963e+02,4.020762331838565160e+02,9.249857262804365519e+02,nan,nan
-2.386191757447413238e+03,-8.818347325487917487e+02,3.013404635514013563e+01,7.179494956472204370e-01,1.328320491211172509e+02,1.221952986725663777e+03,nan,nan,2.139281305114638485e+02,9.290860585197934824e+02,1.968882057015092357e+02,9.970382475660640011e+02
-2.133363684552617087e+03,-9.091712156823756459e+02,2.561757364319218482e+02,4.467894301825124370e-01,1.341337271750805655e+02,1.211992079207920824e+03,8.899600798403193380e+01,8.920193832599119332e+02,3.129248989023685681e+02,9.249622997172479018e+02,nan,nan
-1.984145835198277837e+03,-1.341719348041619469e+03,3.176462538738809940e+02,4.277302664215023587e-01,1.349952316076294210e+02,1.370997508305647898e+03,1.329399224806201687e+02,1.064075555555555638e+03,3.499725925925926049e+02,1.135982415902140701e+03,nan,nan
-1.812437737038350406e+03,-1.327732605055721478e+03,4.830980274694761079e+02,6.335843418499845781e-01,1.358289800995024734e+02,1.355922187981509978e+03,1.318204212781149636e+02,1.081969547325102894e+03,nan,nan,4.680372015546918192e+02,1.236051055139550726e+03
-1.882830356111577430e+03,-1.396557085052486173e+03,4.035053527291420892e+02,6.465168727373615809e-01,1.361274271844660291e+02,1.389100584036340024e+03,nan,nan,3.910341151385927674e+02,1.160001737116386721e+03,4.450945330296127622e+02,1.259058099794941882e+03
-2.006785061910179820e+03,-9.294907144303526820e+02,3.593343121995249021e+02,3.298831832164048072e-01,1.381534582132564708e+02,1.208982832618025668e+03,9.412830396475770556e+01,9.099560595322466270e+02,3.661785118451784911e+02,9.280183823529412166e+02,nan,nan
-1.873808533733962349e+03,-1.422436205020339685e+03,3.898056427005756746e+02,4.937996387790239972e-01,1.429239200515796142e+02,1.399906491499227286e+03,1.460007272727272607e+02,1.105948470209339803e+03,3.959277638190955031e+02,1.174895819054146614e+03,nan,nan
-1.978175651845030188e+03,-8.829486144187549144e+02,3.751650729493743484e+02,5.926016014815210786e-01,1.441508608523849944e+02,1.187864501484197717e+03,9.617188693659281284e+01,8.939296046287367972e+02,3.831289629231595768e+02,9.059864672364672060e+02,nan,nan
-2.087935197666574823e+03,-1.075400188714045726e+03,2.321621855176626923e+02,3.148900122984697458e-01,1.460455696202531612e+02,1.274021343873517708e+03,nan,nan,3.259980793854033436e+02,1.009121330724070503e+03,3.348431952662721756e+02,1.097047481181239164e+03
-2.088685334598595546e+03,-7.942233407756242514e+02,2.770553758430257858e+02,3.098918890691657602e-01,1.470778715120052027e+02,1.166101773323053294e+03,9.098014705882353326e+01,8.510635481023830380e+02,nan,nan,3.078702363724071347e+02,9.689962168978562431e+02
-1.890725873434302912e+03,-1.018066167087316330e+03,4.248635828908110739e+02,3.577246912106515353e-01,1.478467230443974643e+02,1.234994271164863221e+03,nan,nan,4.139936000000000149e+02,9.690308943089430613e+02,4.112113345521023575e+02,1.084939277108433771e+03
-1.833535387192152939e+03,-9.961964277966950476e+02,4.817085503594121860e+02,3.570870040874347673e-01,1.488683255572835549e+02,1.220981787137165611e+03,nan,nan,4.409950757575757621e+02,9.539902964959568408e+02,4.340472727272727411e+02,1.079004918032786918e+03
-1.798545727370212489e+03,-1.261042759022439668e+03,4.689828746674318722e+02,6.243638286933014259e-01,1.491010309278350405e+02,1.328919900908340196e+03,1.379951871657754054e+02,1.054858657243816197e+03,nan,nan,4.721603498542273769e+02,1.201988200589970575e+03
-2.008125287900380272e+03,-7.076503642940980399e+02,3.577170382387926679e+02,7.660651508863255410e-01,1.498498360655737827e+02,1.124056572379367708e+03,8.570032344255379542e+01,8.231399728208115221e+02,3.830374123148869785e+02,8.239488084730803621e+02,nan,nan
-2.166292152630047440e+03,-1.313772944997531340e+03,1.027817382623438363e+02,3.607134589462591134e-01,1.508762811127379280e+02,1.371007550335570386e+03,1.461412349183818264e+02,1.028959857270294378e+03,nan,nan,3.298731778425656103e+02,1.190961084086171013e+03
-2.202389205154242973e+03,-9.211916482601075131e+02,1.334796904891615270e+02,2.212692022554957616e-01,1.519554655870445288e+02,1.224977114427860670e+03,1.097310012062726230e+02,8.880488354620586051e+02,2.909921121822962391e+02,9.430609756097560421e+02,nan,nan
-2.096307162146003066e+03,-8.428634943705995966e+02,2.441627159816660537e+02,5.523077807966264574e-01,1.520220264317180749e+02,1.186980352644836330e+03,nan,nan,3.389154078549848919e+02,8.980231941683233572e+02,3.119753176043557232e+02,9.889847577572128330e+02
-1.996271498984342088e+03,-7.768972331603411021e+02,3.361767397349060502e+02,2.439026848678715054e-01,1.570102239532619421e+02,1.151867042253521049e+03,nan,nan,3.859531109107304019e+02,8.599425837320574146e+02,3.479899095337508470e+02,9.629878286270691206e+02
-2.187579908173634976e+03,-8.043490715437620793e+02,1.524174677175116415e+02,4.194684693971320044e-01,1.570533402382185386e+02,1.181034316676700882e+03,1.027549495704146381e+02,8.460960841189267967e+02,3.059163774061217964e+02,8.879587366276108469e+02,nan,nan
-1.905847942740525241e+03,-9.839098291700128129e+02,3.850783446431339598e+02,4.050604146331186484e-01,1.580154258886653338e+02,1.225001618122977334e+03,1.201082513247539794e+02,9.369286359530261734e+02,nan,nan,4.048960751796572595e+02,1.064088484059856910e+03
-1.960644037351823272e+03,-9.264586656976756558e+02,3.437200956947830832e+02,7.896006179271558567e-01,1.580816098378982701e+02,1.205842014882656031e+03,1.138936309914642209e+02,9.100788288288288186e+02,3.919511201629327957e+02,9.317963311382878828e+02,nan,nan
-1.952329886186154226e+03,-8.783826191151712237e+02,3.462420419125894000e+02,5.801488679016620909e-01,1.620627231004589532e+02,1.187176666666666733e+03,nan,nan,4.000627482128673478e+02,9.089776632302405233e+02,3.769596290234588309e+02,1.011850451467268613e+03
-2.220050928767471305e+03,-9.225926303828373420e+02,8.480996185007745680e+01,4.800060841178042659e-01,1.620657303370786622e+02,1.229191217342968230e+03,1.200234806629834310e+02,8.850748829953198538e+02,2.881538461538461320e+02,9.489621365787694458e+02,nan,nan
-2.177434123376768184e+03,-8.045460558123295414e+02,1.440639034604079143e+02,2.336433732222248649e-01,1.620973645680819857e+02,1.181116191904048037e+03,1.090380868024800662e+02,8.460040749796251021e+02,3.120817790530846310e+02,8.898961141950832143e+02,nan,nan
-1.907823823107167755e+03,-9.759719208887127024e+02,3.643971867480221363e+02,5.149599388495704755e-01,1.639529253530598396e+02,1.223060652009097794e+03,1.269033546325878632e+02,9.319542801556419818e+02,4.141105263157894569e+02,9.549401159047006331e+02,nan,nan
-1.803470659532573109e+03,-7.969827092196903777e+02,4.826184675443989249e+02,5.560719881313979096e-01,1.689646437994722987e+02,1.141936288088642641e+03,1.130750605326876581e+02,8.719170549860205028e+02,4.720300500834724744e+02,8.580435540069686340e+02,nan,nan
-2.039240627623905084e+03,-6.676403168164505360e+02,2.754558456301493834e+02,1.582806461189143199e-01,1.691377694470477877e+02,1.117973630831643050e+03,1.019404371584699476e+02,8.028723544973545359e+02,3.789429121231558497e+02,8.159446609508963775e+02,nan,nan
-2.076685271388785168e+03,-8.334667370040804144e+02,2.141361339468955407e+02,6.071490043048936025e-01,1.691459566074950658e+02,1.183987462686567142e+03,1.169447480267152457e+02,8.631281296023563527e+02,3.530766355140186761e+02,8.990815913688469436e+02,nan,nan
-1.809598269452312024e+03,-1.410761236300651262e+03,3.724624594994779727e+02,9.842257178249047556e-01,1.710361648444070681e+02,1.394073127753303879e+03,1.710500863557858509e+02,1.103026104417670695e+03,4.328873351977626953e+02,1.173117191283292868e+03,nan,nan
-1.949324913840556746e+03,-9.461749751224838292e+02,2.973406742779534397e+02,2.690723843711042562e-01,1.750918953414167163e+02,1.216987388724035554e+03,1.341245136186770424e+02,9.149974683544303389e+02,4.011321243523316298e+02,9.471085594989561969e+02,nan,nan
-1.877297562355208584e+03,-1.392391025526185786e+03,2.864266828950070476e+02,3.373208660936513614e-01,1.770061881188118775e+02,1.390117927743694509e+03,1.780544715447154545e+02,1.085047483380816630e+03,4.059612661391087158e+02,1.168056373793803914e+03,nan,nan
-1.755968887554438197e+03,-9.583296784748424670e+02,4.780696471350495358e+02,9.266310092280386490e-01,1.771064599483204063e+02,1.205006790123456767e+03,1.361097560975609895e+02,9.379710467706013333e+02,nan,nan,4.729651817716334108e+02,1.055992263056092952e+03
-1.966791825966684428e+03,-1.338501401306940579e+03,2.008410815703531114e+02,4.393980700989882915e-01,1.788628257887517066e+02,1.372930352536543523e+03,1.759286199864038167e+02,1.053070607553366244e+03,nan,nan,4.189679287305122557e+02,1.207054687500000000e+03
-2.101425537475259716e+03,-1.281194677995185657e+03,7.219486576446836068e+01,5.076311744799215653e-01,1.810898550724637630e+02,1.357826328310864483e+03,1.741620775969962551e+02,1.017013036809815958e+03,nan,nan,3.631162657502863453e+02,1.169926421404682287e+03
-1.808800360765991854e+03,-1.116106693085307597e+03,3.766677529051652868e+02,3.199204723665360350e-01,1.841878116343490319e+02,1.273924812030075145e+03,1.600447761194029965e+02,9.909693637077768926e+02,nan,nan,4.652210854092526802e+02,1.121974556213017649e+03
-2.004711302925671816e+03,-9.140616387399542191e+02,2.011205801992577733e+02,4.884464530405421279e-01,1.891736842105263179e+02,1.211996121024049671e+03,1.479488859764089170e+02,8.949683333333333621e+02,3.849548872180450871e+02,9.420194174757281189e+02,nan,nan
-2.145018456057310686e+03,-1.332315209107458259e+03,-9.853784777473103773e+00,3.029737803739764868e-01,1.909451776649746080e+02,1.381099163679808953e+03,1.879502857142857124e+02,1.027118589743589837e+03,nan,nan,3.558718065693430503e+02,1.182083955223880594e+03
-2.197040910944886036e+03,-8.207726652417480864e+02,2.863010997208859010e+01,4.154334338791459413e-01,1.910151642796967053e+02,1.194959521619135330e+03,1.409265442404006592e+02,8.459737609329446286e+02,3.150164960182025311e+02,9.119008480104370165e+02,nan,nan
-1.938894527214863274e+03,-6.353176372765395854e+02,3.109624393049719515e+02,7.531090795217036948e-01,1.910273264401772622e+02,1.099882352941176578e+03,1.200098704503392923e+02,7.949859044635865075e+02,4.290345609065155941e+02,8.008429844097995556e+02,nan,nan
-1.768772672752709013e+03,-1.220885233609994202e+03,3.778171549727517231e+02,2.523585741810907002e-01,1.919436163318211186e+02,1.314964346349745256e+03,1.758965995836224749e+02,1.033025962399283799e+03,4.680413073082160622e+02,1.079921108742004208e+03,nan,nan
-1.987726887814619886e+03,-7.924241604699262780e+02,2.308132452207058520e+02,1.497941958255704364e-01,1.920714285714285836e+02,1.165051766639276821e+03,1.380995024875621766e+02,8.510034752389226469e+02,nan,nan,3.658994685562444715e+02,9.600272525027808115e+02
-2.089947125889674680e+03,-9.203790051460219956e+02,1.089392379791077161e+02,4.328826973177526405e-01,1.921072596468279983e+02,1.221994522691705697e+03,1.519217935349322204e+02,8.900231425091352548e+02,3.510160116448325880e+02,9.520384930384930158e+02,nan,nan
-1.671351172140307881e+03,-1.164438928634953299e+03,4.827442428394788863e+02,2.441821785432578551e-01,1.930301418439716201e+02,1.283981153626499236e+03,1.709243967828418249e+02,1.023925644916540250e+03,5.159822552947911163e+02,1.045920321185917146e+03,nan,nan
-2.068245913184024630e+03,-1.063273716584382100e+03,9.755985890815532002e+01,2.960820582711847782e-01,1.950300086355785822e+02,1.274923711927127897e+03,1.669629343629343623e+02,9.419929435483870748e+02,3.521279122887162885e+02,1.020077633007600411e+03,nan,nan
-1.876066651750416213e+03,-1.332665972172593683e+03,2.369433020372082979e+02,5.304555187915762637e-01,1.959936708860759609e+02,1.366916151202749234e+03,1.919061930783242360e+02,1.057981277533039702e+03,4.159434324065196620e+02,1.143934981192907117e+03,nan,nan
-1.702655247404443571e+03,-1.283815819628539884e+03,4.204494938808068127e+02,1.906124161851847909e-01,1.961133400200601784e+02,1.336948344370860923e+03,1.861161377447670588e+02,1.063841660261337438e+03,nan,nan,5.269863739591219201e+02,1.201014333895446953e+03
-1.701362235765964670e+03,-8.697265844391704377e+02,4.809048960094515337e+02,5.022884188374757697e-01,1.989600950118764899e+02,1.166928038017651033e+03,1.500814682184422679e+02,9.040763500931099088e+02,5.210832313341493318e+02,8.998975356679636661e+02,nan,nan
-1.999664218172290703e+03,-7.718054400468313361e+02,1.982849337374647973e+02,4.549691147967727112e-01,1.990077081192189041e+02,1.159972164231036913e+03,1.448863905325443682e+02,8.409140337986774512e+02,nan,nan,3.620712383488681780e+02,9.479528105482304454e+02
-1.843292413271588430e+03,-1.145465083423198621e+03,2.894254571889025556e+02,2.249683969214777701e-01,2.001004983388704375e+02,1.290929964539007187e+03,1.779599133261104953e+02,9.940011173184357176e+02,4.420349013657055934e+02,1.048957781978575895e+03,nan,nan
-1.959923598985987610e+03,-7.201760039995992884e+02,2.374181810006835747e+02,8.144655989389205653e-01,2.010469543147208071e+02,1.137101226993865112e+03,1.428949852507374771e+02,8.240159108989657852e+02,4.190757349277528760e+02,8.501047120418847953e+02,nan,nan
-1.717354563501242183e+03,-9.362815927802585065e+02,4.490296589511418688e+02,4.866285150648726465e-01,2.011181619256017541e+02,1.195990350877192895e+03,1.578789279112754116e+02,9.289428950863214141e+02,5.100086264100862650e+02,9.350028694404591079e+02,nan,nan
-2.260827683007057203e+03,-1.152914098323570670e+03,-1.297312835403040197e+02,2.583954997571553114e-01,2.021836016096579556e+02,1.322006835269993189e+03,1.849990262901655171e+02,9.530387596899224718e+02,nan,nan,3.021998474446987188e+02,1.095011506276150612e+03
-1.752706268332850868e+03,-1.276845656846110842e+03,3.503341422460918011e+02,3.419499892887601367e-01,2.030692225772097856e+02,1.338012542759407097e+03,1.920759897828863245e+02,1.052950236966824605e+03,nan,nan,5.070011869436201550e+02,1.190012866333094962e+03
-1.878503673941388115e+03,-9.495441787289322519e+02,2.762982370777645542e+02,2.599491994772020753e-01,2.030873493975903727e+02,1.217000764525993873e+03,1.639632352941176521e+02,9.169755213055303784e+02,nan,nan,4.280393610952652352e+02,1.035002853067046999e+03
-1.742860259980581532e+03,-1.142402596135000749e+03,3.816688989738439659e+02,4.598789727237964087e-01,2.031593172119488031e+02,1.282953719008264443e+03,1.800575382374362619e+02,1.003912156166814498e+03,4.871506293138448882e+02,1.042021319796954231e+03,nan,nan
-1.912100639131604567e+03,-5.701564525285549507e+02,2.966500091030949307e+02,3.616776586997236254e-01,2.060752212389380418e+02,1.076116055846422341e+03,1.311649560117301974e+02,7.690075757575757507e+02,nan,nan,3.819390926041019156e+02,8.550378486055776648e+02
-2.023661460833716774e+03,-1.226835390510543220e+03,6.103874008875457946e+01,2.156859630187064336e-01,2.110119402985074544e+02,1.336080858085808586e+03,1.979141696292534220e+02,1.000010752688172033e+03,3.659062327633756126e+02,1.101954015544041340e+03,nan,nan
-1.666744318463708396e+03,-1.044519683067300321e+03,4.353399359117934182e+02,1.763753583169647421e-01,2.159610580455547506e+02,1.238005059021922534e+03,1.839117063492063551e+02,9.729967741935483900e+02,5.299653141361256985e+02,9.920677631578947739e+02,nan,nan
-1.825400509105389347e+03,-1.321022766187790239e+03,2.272607092137597533e+02,1.419251189423813286e-01,2.159920239282153602e+02,1.362020986358866821e+03,2.101111918604651123e+02,1.055001787310098280e+03,nan,nan,4.850089430894308862e+02,1.195993133047210222e+03
-1.712882006251201574e+03,-8.984217496668981084e+02,4.093181030948104535e+02,4.370462895398965486e-01,2.161118820468343529e+02,1.183038387715930867e+03,1.719552618200305005e+02,9.110415070242656839e+02,5.179983801295895773e+02,9.230248853962017392e+02,nan,nan
-2.021732996606898041e+03,-9.964313427171211970e+02,7.761451163806516718e+01,3.007482760157352275e-01,2.178510416666666742e+02,1.249881059245960614e+03,1.851321585903083644e+02,9.179095869056898209e+02,3.829465165376495293e+02,9.939682926829268581e+02,nan,nan
-2.116859545725785210e+03,-8.061950216642378564e+02,1.707203343395328332e+01,1.767706279385941881e-01,2.181325153374233139e+02,1.187892517006802791e+03,1.681355170199100826e+02,8.428083623693379423e+02,3.570772753291356594e+02,9.109292351679771400e+02,nan,nan
-1.934062322938353645e+03,-1.252609622338168492e+03,1.156996152439738808e+02,2.665634908002932346e-01,2.200697435897435810e+02,1.341990217391304441e+03,2.089343814080656045e+02,1.016958369470945399e+03,nan,nan,4.380604026845637691e+02,1.154878545454545474e+03
-1.615969564084813555e+03,-9.239281359711185360e+02,4.915176224055239231e+02,3.004819395282031791e-01,2.210732684602175198e+02,1.183905621096460891e+03,1.779103225806451576e+02,9.309384236453201993e+02,5.610491871613172634e+02,9.290350877192981898e+02,nan,nan
-1.740235576819573225e+03,-1.169706795059141086e+03,3.217625842324359269e+02,3.950701594342233558e-01,2.211322683706070222e+02,1.295856551724137944e+03,2.020451021846370736e+02,1.010200671140939562e+03,4.910098901098901365e+02,1.061943670502725581e+03,nan,nan
-1.726206082225857699e+03,-9.036296634284686888e+02,3.745949435179649072e+02,1.270707404790414052e-01,2.228931419457735217e+02,1.187958185683912006e+03,1.791008695652173799e+02,9.109111888111888220e+02,5.131220527045769586e+02,9.290365088419852100e+02,nan,nan
-2.105467376288358082e+03,-1.293206362136548023e+03,-7.212190239655821244e+01,3.732923935690750650e-01,2.230026525198938998e+02,1.366963636363636397e+03,2.170860820595333962e+02,1.011072758037225071e+03,nan,nan,3.791559207753898022e+02,1.155080954852101740e+03
-1.935747953176998180e+03,-1.210778832635935714e+03,1.069319256360368655e+02,2.918896047711054265e-01,2.241375404530744220e+02,1.325963782696177077e+03,2.100787008119924906e+02,1.000850036049026698e+03,nan,nan,4.351388888888889142e+02,1.135946436888681774e+03
-1.724332630535451244e+03,-8.310131701445236558e+02,3.803458129631944189e+02,7.771891137983399922e-01,2.259413604378420644e+02,1.159056042031523702e+03,1.740858480749219552e+02,8.819218025182240126e+02,5.189760914760914829e+02,8.949942390782525763e+02,nan,nan
-1.913361112452790167e+03,-8.566126124926004195e+02,1.843972119669095946e+02,4.335063246630657674e-01,2.259743788819875761e+02,1.189082213438735153e+03,1.789179655455291140e+02,8.759661508704061816e+02,4.370434546442151031e+02,9.219778225806451246e+02,nan,nan
-1.824205623776523453e+03,-8.112174961839550633e+02,2.810398100140907900e+02,3.622587381358933212e-01,2.260151426907396512e+02,1.163017634092578874e+03,1.739972954699121033e+02,8.658650116369278749e+02,4.770697278911564467e+02,8.930332725615314757e+02,nan,nan
-1.982793792203543262e+03,-8.690085249482596055e+02,1.084882056352308695e+02,3.062308105524552126e-01,2.269740740740740819e+02,1.200991578947368453e+03,1.821221608348680263e+02,8.739333333333332803e+02,4.089893858984078747e+02,9.340139116202946070e+02,nan,nan
-1.850930819365695015e+03,-1.210791535763886941e+03,1.804871152409083948e+02,6.679096008183768030e-01,2.281001780943900314e+02,1.321981250000000045e+03,2.130408515535097820e+02,1.009963316214233259e+03,4.430122448979591923e+02,1.090023376623376635e+03,nan,nan
-1.689492158623500472e+03,-1.281057415464102633e+03,3.328327927781954827e+02,2.757220760687784655e-01,2.289029688631426609e+02,1.338886589403973403e+03,2.180964912280701640e+02,1.054963702359346598e+03,5.091114188981225084e+02,1.118025568181818244e+03,nan,nan
-1.800705704372961918e+03,-8.969984454648911196e+02,2.776143271376035386e+02,2.842673057507084655e-01,2.300020345879959223e+02,1.193967573221757220e+03,1.860643863179074344e+02,9.000433862433862942e+02,4.829066484517304048e+02,9.349280860702151585e+02,nan,nan
-2.008050613494642221e+03,-9.583622755472001700e+02,5.550170190150241467e+01,4.715656092426248613e-01,2.309810834049870891e+02,1.237006352087114237e+03,1.940652920962199346e+02,9.030212491951062930e+02,3.950939334637964748e+02,9.800156250000000000e+02,nan,nan
-1.908546818155611390e+03,-1.246427579696957309e+03,1.041396221280928671e+02,2.338048853960015272e-01,2.319552880481513455e+02,1.339045188284518872e+03,2.200777453838678355e+02,1.014952631578947376e+03,4.181179461108286546e+02,1.112101309049516203e+03,nan,nan
-1.917497218491298554e+03,-9.508798847764579705e+02,1.411503375641046034e+02,5.834050901328683425e-01,2.329187935034802877e+02,1.227012809564474765e+03,1.951452991452991341e+02,9.089784172661870798e+02,4.320039795338260546e+02,9.699434464404524761e+02,nan,nan
-1.877236733245190635e+03,-7.493877262516399469e+02,2.089890112998273537e+02,4.138263034326357670e-01,2.349183168316831711e+02,1.146982091690544394e+03,1.780668058455114817e+02,8.369382422802850670e+02,4.610252252252251992e+02,8.719817518248174792e+02,nan,nan
-1.936205143775313445e+03,-1.327761970418310284e+03,5.297011768709770507e+01,6.234400872525621695e-01,2.351492938802958861e+02,1.373053932584269660e+03,2.300417482061317571e+02,1.038954366640440639e+03,4.031404786680541292e+02,1.153046134663341718e+03,nan,nan
-1.641793137916100932e+03,-1.090710774190835537e+03,3.949251655976432289e+02,3.047174980580231729e-01,nan,nan,2.070909574468085168e+02,9.889434343434343191e+02,5.429579184066816424e+02,1.020931364031277099e+03,5.470384236453202220e+02,1.105084670724958414e+03
-1.879164319837839230e+03,-7.739377017286894898e+02,1.985335467507117926e+02,4.151991592805992504e-01,2.360871306960440563e+02,1.155921222810111658e+03,1.819253867151956285e+02,8.459702878365831111e+02,4.590511210762331871e+02,8.850030284675954135e+02,nan,nan
-1.549826854972199044e+03,-1.020529579398029341e+03,4.993934996769498866e+02,2.827784321636794274e-01,2.360911458333333428e+02,1.219933769419460305e+03,2.010381731424676275e+02,9.730976845151953967e+02,5.889609507640068387e+02,9.789558182949594993e+02,nan,nan
-1.799375269823810868e+03,-1.272306874956687807e+03,1.932125821495968410e+02,4.780272487624264710e-01,2.371178861788617951e+02,1.342960980036297542e+03,2.268884318766066883e+02,1.034925531914893554e+03,4.640127542226818491e+02,1.122040182648401924e+03,nan,nan
-2.353341379981750833e+03,-9.592915531491429419e+02,-3.108599656870632089e+02,5.475580441924877695e-01,2.380435172723194341e+02,1.263978545264259537e+03,2.049967231021299767e+02,8.750594688221708566e+02,2.710170848905499383e+02,1.004990546927751552e+03,nan,nan
-1.653487418563259553e+03,-8.503209469459777665e+02,4.071272027813389514e+02,3.657384583152312185e-01,2.390444793301936102e+02,1.161889810972798614e+03,1.901725085910652808e+02,8.940034305317324197e+02,5.520948795180722755e+02,9.039632047477745118e+02,nan,nan
-1.853996360927701971e+03,-9.601823365868091287e+02,1.791976053148740107e+02,8.415905109667564110e-01,2.409272151898734080e+02,1.225977794793261864e+03,2.020335463258786035e+02,9.159689213893966553e+02,4.600154071900220174e+02,9.740346863468635092e+02,nan,nan
-2.028857819304162149e+03,-1.358438970211421292e+03,-6.612406389287022535e+01,4.985579278582596419e-01,2.410521023765996347e+02,1.388971181556195916e+03,2.389813499111900512e+02,1.035976307996051446e+03,3.671042036708111027e+02,1.174040622884224831e+03,nan,nan
-1.610855905176244505e+03,-1.285770098945687096e+03,3.743558135988326399e+02,3.172309300517954789e-01,2.410973845297718299e+02,1.337056436271401481e+03,2.311756393001345771e+02,1.063967661691542389e+03,5.470582191780821404e+02,1.119994920993227879e+03,nan,nan
-1.977505278066519850e+03,-1.087978297498623078e+03,2.727951054711340007e+01,8.528654080387653158e-01,2.430173824130879439e+02,1.284960597826086996e+03,2.159940476190476204e+02,9.498938775510204096e+02,4.031022530329289566e+02,1.042999014778325090e+03,nan,nan
-1.688377170877426806e+03,-7.563722140517858179e+02,3.715849629524682882e+02,2.429911655200627518e-01,2.431892450879007299e+02,1.130115337423312894e+03,1.869516728624535347e+02,8.529516270888302643e+02,5.431885451505016817e+02,8.628024861878452612e+02,nan,nan
-2.086796973057666946e+03,-8.309018052373687624e+02,-5.558393040151898390e+01,4.250200864437602699e-01,2.460249768732655014e+02,1.199887876025524065e+03,2.008958990536277724e+02,8.490798668885191773e+02,3.780094683175528303e+02,9.329794952681387485e+02,nan,nan
-1.865891492880097076e+03,-8.725626554128547241e+02,1.595597540865290114e+02,3.632108431794123793e-01,2.469858870967742064e+02,1.195031729785056314e+03,2.020075653370013811e+02,8.820132122213046841e+02,nan,nan,4.410703771849126156e+02,9.859151712887438634e+02
-1.910544685217235156e+03,-1.211557577950247833e+03,5.294363421903811684e+01,2.227707807987785171e-01,2.479820749592612685e+02,1.327925146198830362e+03,2.339924698795180689e+02,9.981288056206088868e+02,nan,nan,4.530506644518272310e+02,1.127940179989412400e+03
-1.807594141886447233e+03,-1.363517846272236739e+03,1.354873980169858783e+02,3.354880705911774119e-01,2.480351089588377818e+02,1.381017998560115302e+03,2.451083333333333201e+02,1.062997311827956992e+03,nan,nan,5.049187449718423295e+02,1.200945540647198186e+03
-1.830827215494629399e+03,-1.013142666578155968e+03,1.641479471261125980e+02,2.363798107301106899e-01,2.488872326636422656e+02,1.246085557299843003e+03,2.171990620114642923e+02,9.359162967660114418e+02,4.690450450450450717e+02,1.000900229885057456e+03,nan,nan
-2.415753291244726825e+03,-9.661654461160069332e+02,-4.127212073599887390e+02,2.853067312571940239e-01,2.489428141459744097e+02,1.273039215686274474e+03,2.169023218574859868e+02,8.710411081322610016e+02,2.549770916334661308e+02,1.015105740181268857e+03,nan,nan
-1.559865767696619287e+03,-9.094113484710429702e+02,4.646010259546345083e+02,1.029133540077116216e-01,2.490214953271027980e+02,1.177989701338825853e+03,2.051092335546167646e+02,9.250133729569093930e+02,5.930255102040816837e+02,9.290089659294679905e+02,nan,nan
-2.266753696498507907e+03,-8.676401275560242539e+02,-2.540997547456376822e+02,3.471526314819743386e-01,2.499150579150579290e+02,1.229049361702127726e+03,2.098964285714285722e+02,8.489722222222221717e+02,3.120877742946708508e+02,9.630421052631578505e+02,nan,nan
-1.615091259781888084e+03,-1.172816051770849072e+03,3.584827452485392882e+02,5.096626472740878322e-01,2.499648148148148152e+02,1.291950000000000045e+03,2.309796978281397628e+02,1.019002575660012894e+03,nan,nan,5.690480263157894569e+02,1.137020014295925648e+03
-2.332097347513987643e+03,-1.231424306610691247e+03,-3.803467886784355869e+02,2.395021740897790019e-01,2.499880167765128931e+02,1.358906754772393469e+03,2.399306095979247857e+02,9.620083841463414274e+02,nan,nan,3.080237191650853674e+02,1.101010848126232759e+03
-2.023164582894468595e+03,-1.218921936121911131e+03,-7.224640295717797756e+01,2.498261891449262417e-01,2.510535483870967823e+02,1.337998453209590025e+03,2.379789473684210463e+02,9.879928514694202022e+02,nan,nan,4.130110091743119369e+02,1.120015509601181748e+03
-1.877663162974087300e+03,-7.632392867242469947e+02,1.477874138146983682e+02,6.349211947846364890e-01,2.511922261484099010e+02,1.155968697123519405e+03,1.991152204836415365e+02,8.389014308426072830e+02,nan,nan,4.289608404966571129e+02,9.350575342465753010e+02
-1.749821384945227919e+03,-1.092077690817095572e+03,2.260398170529274751e+02,2.091890604466571657e-01,2.518978433598183813e+02,1.269960933260987531e+03,2.259989939637827092e+02,9.729904862579280689e+02,4.990523780854906590e+02,1.035019430051813515e+03,nan,nan
-2.241297331401496194e+03,-8.171554501944328877e+02,-2.271164015525583864e+02,2.089048277437356438e-01,2.519517326732673155e+02,1.209987647058823541e+03,2.069536532170120040e+02,8.329291635267520633e+02,3.249775334608030448e+02,9.400930232558139323e+02,nan,nan
-2.086158220148397959e+03,-1.197871089859805124e+03,-1.363650061986923561e+02,1.980793824965709493e-01,2.520954861111111143e+02,1.334044563279857357e+03,2.379732724902216319e+02,9.740375657400451246e+02,nan,nan,3.890779848171152366e+02,1.106032773780975276e+03
-2.193902504831059559e+03,-7.535416968298267193e+02,-1.763290393817680695e+02,6.723200954608984370e-01,2.540464566929133809e+02,1.182962036238136307e+03,2.030520078999341536e+02,8.140976562500000000e+02,3.461828571428571308e+02,9.100335135135135260e+02,nan,nan
-2.087530652963810098e+03,-9.378842777664704045e+02,-9.883605730612794105e+01,4.700414680229385578e-01,2.540871710526315894e+02,1.240096774193548299e+03,2.170585967617579115e+02,8.859298860648553955e+02,3.739246722288438605e+02,9.841163166397415125e+02,nan,nan
-1.907101848692305794e+03,-1.234915253126573361e+03,2.907305473097108361e+01,2.935334140041669371e-01,2.550864197530864317e+02,1.336928471248246751e+03,2.429952971355280056e+02,1.004939017169922977e+03,4.269769200159172442e+02,1.113962867457452376e+03,nan,nan
-1.828263424870177005e+03,-5.877154097438310600e+02,2.102646969223464168e+02,4.262457576408136828e-01,2.571068139963167596e+02,1.085924976258309698e+03,1.870424164524421542e+02,7.750393700787401485e+02,4.971646341463414842e+02,8.030005592841163207e+02,nan,nan
-2.283810231737666982e+03,-1.185484843228688078e+03,-3.530349109406182038e+02,2.225291674322649460e-01,2.581065934065933902e+02,1.340999325691166632e+03,2.439026086956521624e+02,9.500192131747484154e+02,nan,nan,3.229904988123515182e+02,1.084000000000000000e+03
-1.894714692875601031e+03,-7.365182945058530777e+02,1.114014337112333379e+02,6.977581047051805152e-01,2.591743486973948052e+02,1.149004918032786918e+03,2.029809471965160697e+02,8.269325681492108515e+02,4.620781758957654688e+02,8.800137457044673965e+02,nan,nan
-2.200604551870442720e+03,-1.312691971490130072e+03,-2.969858052524600680e+02,2.085331787313173535e-01,2.600537727666956016e+02,1.381994376757263353e+03,2.550106979113601540e+02,9.978839922229423109e+02,nan,nan,3.631534177215189629e+02,1.139022433718558887e+03
-1.817414691858343076e+03,-5.231617904877819001e+02,2.113771140275891014e+02,6.812392336134064363e-01,2.620106707317073074e+02,1.062012345679012242e+03,1.888816942551119666e+02,7.499143401015228392e+02,5.070061855670103341e+02,7.749993136582017996e+02,nan,nan
-1.601078717979224621e+03,-9.627071062110758248e+02,3.695509818679067848e+02,6.492263184654234465e-01,2.622400738688827460e+02,1.207986899563318730e+03,2.239413287316652372e+02,9.380908296943231335e+02,5.740203942895989258e+02,9.639972008397480749e+02,nan,nan
-2.445713369652549773e+03,-1.166299846228738943e+03,-5.292041190127358732e+02,3.491853502576411361e-01,2.631054287962234639e+02,1.344033035714285688e+03,2.470424999999999898e+02,9.290126953125000000e+02,nan,nan,2.722673088500903305e+02,1.062924791086350979e+03
-1.742261426511431864e+03,-6.191661379421232141e+02,2.665219697455967776e+02,9.299804678822035653e-01,2.649381362568519762e+02,1.088114617940199423e+03,1.980870353581142354e+02,7.919310000000000400e+02,5.329668820678514294e+02,8.140109060402684236e+02,nan,nan
-1.787912314999822456e+03,-1.314793423726251376e+03,1.070611246378044399e+02,3.264421066639216495e-01,2.650245700245700391e+02,1.362064120054570367e+03,2.579802306425041252e+02,1.043943497757847581e+03,4.740182138660399573e+02,1.150028089887640363e+03,nan,nan
-1.632781093704122213e+03,-1.213602544095047961e+03,2.863303243184877260e+02,1.686821145089879848e-01,2.650459057071960274e+02,1.311993114001530330e+03,2.489143013100436690e+02,1.027971982758620697e+03,5.461880126182965114e+02,1.092039900249376615e+03,nan,nan
-2.153319894578593903e+03,-1.308469220480133799e+03,-2.664258516282621372e+02,3.728008995604887299e-01,2.651414728682170789e+02,1.379026428571428596e+03,2.591904218928164028e+02,9.999511305616338177e+02,nan,nan,3.809061121613106593e+02,1.139093567251461991e+03
-1.509771190109401914e+03,-9.837875312934672820e+02,4.548207803509740188e+02,1.858439582551445202e-01,2.651460000000000150e+02,1.206883710801393818e+03,2.279458077709611530e+02,9.560227531285552232e+02,nan,nan,6.041444493981275627e+02,1.055937874659400450e+03
-1.500473816215381248e+03,-7.782649842124363886e+02,4.896813642685463037e+02,3.505415818033120190e-01,2.669507537688442085e+02,1.122001062699256181e+03,2.129916201117318337e+02,8.749271636675235868e+02,6.309748224661071845e+02,8.660050541516245630e+02,nan,nan
-2.002061971804011591e+03,-1.013560175464502549e+03,-7.537750017996604868e+01,5.366559681961491357e-01,2.680009960159362663e+02,1.262996003996003992e+03,2.380372200263504681e+02,9.171437908496732234e+02,nan,nan,4.089678111587982698e+02,1.030025454545454522e+03
-2.169769940903664065e+03,-1.267726273432046355e+03,-2.977316632445621849e+02,5.161407427311237583e-01,2.709222474460839862e+02,1.365054672600127105e+03,2.620730117340286824e+02,9.839585987261147011e+02,3.319902912621359405e+02,1.145057873485868186e+03,nan,nan
-1.632479829283834306e+03,-1.275963500561912952e+03,2.591446062248997464e+02,8.389495641491088174e-01,2.709275484414490052e+02,1.338968430826369513e+03,2.590518218623481630e+02,1.049054898648648759e+03,5.441066014669926290e+02,1.124055010893246163e+03,nan,nan
-1.718755051892315350e+03,-9.561337493921494115e+02,2.139392584370236534e+02,3.632889730141131146e-01,2.718943089430894133e+02,1.218045678144764679e+03,2.350413399857448269e+02,9.219649122807018102e+02,5.250273414776032723e+02,9.740106851037083970e+02,nan,nan
-1.431818498790750482e+03,-1.178820043338630512e+03,4.837974029099801214e+02,5.143891917022646032e-01,2.730009606147934846e+02,1.283017408123791029e+03,2.519552380952380872e+02,1.039982960596379144e+03,nan,nan,6.540353227771011007e+02,1.148006510416666742e+03
-1.669276255210020963e+03,-7.752115380857464970e+02,2.908556593049084427e+02,2.431036772334121687e-01,2.730176082171680036e+02,1.142958059210526244e+03,2.199973118279569917e+02,8.569944664031620505e+02,5.570694519804666243e+02,8.839579560155239051e+02,nan,nan
-2.009031116621275942e+03,-1.035129977643586017e+03,-1.037181363318126444e+02,2.551797519014909477e-01,2.730940288263554976e+02,1.272047543581616537e+03,2.449136302294197094e+02,9.219247822644497319e+02,4.050944803580308076e+02,1.031854957507082190e+03,nan,nan
-1.463560013694945155e+03,-9.069409446025725856e+02,4.873582704114658668e+02,2.026408749357732353e-01,2.739487643158529409e+02,1.172000000000000000e+03,2.309366515837104146e+02,9.289532412327311022e+02,6.420484311050477118e+02,9.300145631067961176e+02,nan,nan
-1.850754640855192520e+03,-1.259138863226482044e+03,1.868198438710091835e+01,3.472237009212862380e-01,2.741237960339943243e+02,1.345024166099387230e+03,2.639695251594613978e+02,1.014909242298084905e+03,nan,nan,4.879231502064147321e+02,1.141899913344887409e+03
-1.695550907378333022e+03,-1.267572237975232156e+03,1.781330229235519198e+02,2.772611680300521297e-01,2.750269382391589943e+02,1.338930107526881784e+03,2.641051903114187098e+02,1.036932612312811898e+03,5.180311004784689430e+02,1.125058896466211991e+03,nan,nan
-1.505007048884988535e+03,-7.105303469174082238e+02,4.701339572068033021e+02,2.617885996293299322e-01,2.750370370370370097e+02,1.097031716417910502e+03,2.150093023255813875e+02,8.459208992506245295e+02,nan,nan,5.890223835450696015e+02,9.240106583072100648e+02
-1.742124711793350343e+03,-1.162798192048209330e+03,1.399536606934819645e+02,5.324779430828602278e-01,2.769525821596243986e+02,1.301980198019801946e+03,2.569986666666666792e+02,9.929200652528547835e+02,5.049808733309274658e+02,1.076968778696051459e+03,nan,nan
-1.810399268270515449e+03,-1.300235521197572098e+03,4.424247674763562088e+01,2.246715016559151235e-01,2.769873646209386493e+02,1.359069508804448560e+03,2.698910585817060905e+02,1.033002234636871435e+03,4.690388888888888914e+02,1.146983364140480489e+03,nan,nan
-1.775780324666167417e+03,-7.852060164814276959e+02,1.590584310923106841e+02,3.511218922253527830e-01,2.780827272727272543e+02,1.159950710900473950e+03,2.279486983154670838e+02,8.510276100086281303e+02,5.131090431877832998e+02,9.008815967523680683e+02,nan,nan
-2.304152345836887889e+03,-1.068424429765291961e+03,-4.265189609467514629e+02,3.577684114276561966e-01,2.780908045977011511e+02,1.304964924838940533e+03,2.540132398753894165e+02,9.069312123817712745e+02,nan,nan,3.149553980825343729e+02,1.028969303423848942e+03
-2.017027690677029568e+03,-1.300706018656463357e+03,-1.772696043494063076e+02,5.634641383928908898e-01,2.798796296296296191e+02,1.370895771292435938e+03,2.720005068423720331e+02,1.008875709779179829e+03,nan,nan,4.328150436046511800e+02,1.141041705716963406e+03
-2.235539886451294478e+03,-7.793286838422654910e+02,-3.234801529207696262e+02,5.252435874941295824e-01,2.810295790671217446e+02,1.202153891164423612e+03,2.358292143120619642e+02,8.170307855626326727e+02,3.419945355191256908e+02,9.358968660968661197e+02,nan,nan
-2.063386840899099752e+03,-8.447280017932607734e+02,-1.591289324843610586e+02,3.538377517232098035e-01,2.819084124830393421e+02,1.210071139854486773e+03,2.390502313284864613e+02,8.509814540059346655e+02,3.990026780931976305e+02,9.520206451612903038e+02,nan,nan
-1.543559589557073650e+03,-1.168202977398936582e+03,3.316642858160284959e+02,1.624374331283416073e-01,2.829813208805870772e+02,1.289025974025973937e+03,2.620322784810126677e+02,1.018003065134099643e+03,5.921091304347826281e+02,1.070019497178039956e+03,nan,nan
-1.838864380322622537e+03,-7.858612693911467204e+02,7.312050147227269292e+01,3.625760394934244846e-01,2.839526671675432112e+02,1.167999128160418422e+03,2.350542832909245021e+02,8.459517045454545041e+02,4.889869174161896694e+02,9.089451371571071832e+02,nan,nan
-1.953500329641584358e+03,-8.406403971406932669e+02,-5.361250234552581873e+01,1.829370723542011190e-01,2.840570680628272271e+02,1.198924222797927541e+03,2.400557971014492864e+02,8.569081551860649597e+02,nan,nan,4.180705697856769234e+02,9.549969456322540964e+02
-1.897842387590253111e+03,-1.088396702019562099e+03,-4.310793110909401094e+01,1.924881336600200443e-01,2.860181405895691569e+02,1.285989333333333434e+03,2.618941584731058470e+02,9.481029023746701796e+02,4.490608067429259336e+02,1.054027137042062350e+03,nan,nan
-2.486174684918225012e+03,-1.054644777199283226e+03,-6.443720087362023605e+02,4.572979255487697459e-01,2.861330589849108605e+02,1.311991235059761038e+03,2.639345403899721418e+02,8.870337620578777660e+02,nan,nan,2.620279975654290752e+02,1.009051816958277300e+03
-1.830826793766550281e+03,-7.504694837200128177e+02,7.688040103887246346e+01,5.314690255703773403e-01,2.870363972856261512e+02,1.153907187718074056e+03,2.349550224887556169e+02,8.330678960603520409e+02,4.950037854889590108e+02,8.939854121079504239e+02,nan,nan
-1.606566757472496420e+03,-9.879414476822659026e+02,2.780679641933179482e+02,2.872528884458822596e-01,2.870434012400354504e+02,1.222972014925373060e+03,2.520034602076124486e+02,9.419332096474953460e+02,5.750110981308411056e+02,9.870006313131312936e+02,nan,nan
-1.817867792726474136e+03,-7.239613761880947322e+02,9.013728582949336499e+01,3.932094520793408265e-01,2.881154855643044357e+02,1.143979724249797300e+03,2.340030737704917954e+02,8.240052966101694665e+02,nan,nan,4.619541803034811096e+02,9.090530141085934019e+02
-2.077791104027414349e+03,-1.107554084523597112e+03,-2.441331632247149344e+02,4.208911088200692485e-01,2.889734093067426670e+02,1.306005133470225928e+03,2.679313333333333276e+02,9.369711769415532672e+02,nan,nan,3.990594249201278103e+02,1.055109961190168178e+03
-1.678930325706275426e+03,-8.960066540595710194e+02,2.047386377291715291e+02,3.860590580929854632e-01,2.899978798586572566e+02,1.194923444976076553e+03,2.480368171021377748e+02,8.989971509971510386e+02,5.499722759509993466e+02,9.500275862068965580e+02,nan,nan
-1.505078193778919513e+03,-8.828087939167335207e+02,3.870282573696775330e+02,2.508352584142870545e-01,2.920079051383399360e+02,1.170818241903502894e+03,2.478862853204686303e+02,9.109401561144840116e+02,6.270836949783013097e+02,9.300171585449553504e+02,nan,nan
-1.460150632558025109e+03,-1.169808617836323947e+03,3.927249280142408452e+02,4.393829723029172851e-01,2.921351674641148293e+02,1.283986703988803356e+03,2.708912848158130942e+02,1.027910732196589834e+03,nan,nan,6.439375000000000000e+02,1.132988985507246298e+03
-1.808349660798004152e+03,-9.079348018659824220e+02,5.258320164713896361e+01,4.709534558665160464e-01,2.939315718157181436e+02,1.212040404040403928e+03,2.540994277539341795e+02,8.909568403908795062e+02,4.970175070028010964e+02,9.679923488905891418e+02,nan,nan
-2.077407069405966013e+03,-1.215647546272571390e+03,-2.819293398152813097e+02,2.309121522523918391e-01,2.950793180133431974e+02,1.345011686143572661e+03,2.819097222222222285e+02,9.709634888438133657e+02,3.779083665338645233e+02,1.123994708994709072e+03,nan,nan
-1.725153384454585648e+03,-1.202327342275269984e+03,8.894467675660584405e+01,2.875252152108850323e-01,2.952764705882352700e+02,1.317980464625132072e+03,2.790909849749582463e+02,1.004009199632014770e+03,nan,nan,5.380032925682031646e+02,1.121004117647058820e+03
-2.110451546362828594e+03,-8.129405530202514001e+02,-2.539711233683696605e+02,3.032504693343749946e-01,2.958821714990746727e+02,1.205958102766798447e+03,nan,nan,3.900330123796423436e+02,9.479637841832964114e+02,3.639659090909090651e+02,9.309798561151079639e+02
-1.454952251760209720e+03,-8.477283755132624492e+02,4.350034069399786745e+02,4.710224073627811703e-01,2.959728476821192089e+02,1.151992094861660007e+03,nan,nan,6.518976797261316278e+02,9.091138433515483257e+02,6.259081803005008169e+02,9.860894391106619423e+02
-1.637201535137942301e+03,-8.067785315565149631e+02,2.406861983579839830e+02,3.256959743969844445e-01,2.960806686046511800e+02,1.156992303745510526e+03,2.480149365197908935e+02,8.680542570951586185e+02,5.740992995467655646e+02,9.069826718837339286e+02,nan,nan
-1.492020810865393287e+03,-1.169232955511893351e+03,3.384058301680539671e+02,3.365438266783146726e-01,2.979752704791344513e+02,1.287926251691475045e+03,2.770483351235230884e+02,1.021024676850763854e+03,6.180983015954709572e+02,1.072014344262295026e+03,nan,nan
-2.193841261487330485e+03,-1.078202458856851763e+03,-3.998322303156882640e+02,5.354427000505221912e-01,3.009060901906090066e+02,1.304090858725761791e+03,2.770980392156862990e+02,9.147859203693018344e+02,nan,nan,3.620217633928571672e+02,1.032007868852459069e+03
-1.669894358746156286e+03,-1.279429153420765260e+03,1.142353647222148254e+02,4.893175936607007670e-01,3.010729751403367800e+02,1.345029810298103030e+03,2.919266467065868369e+02,1.036902896081771814e+03,nan,nan,5.670323715693174336e+02,1.154986373959121920e+03
-1.700627380936977488e+03,-6.779605039429691260e+02,1.682493756997793639e+02,2.540084476255319301e-01,3.039909584086799441e+02,1.116981499513145081e+03,2.450142721217887640e+02,8.129958158995815438e+02,nan,nan,5.099942196531791865e+02,8.900796460176991332e+02
-1.413237479127201595e+03,-8.896201146215418021e+02,4.476230680759398979e+02,2.979993048495017671e-01,3.041233411397345776e+02,1.165994823123382275e+03,nan,nan,6.710277486910995322e+02,9.298786031042128570e+02,6.480368980612882979e+02,1.005898863636363672e+03
-1.665038019317380076e+03,-8.727191088820007963e+02,1.670944661749949205e+02,3.565403136396759209e-01,3.060120481927710898e+02,1.187999237223493537e+03,nan,nan,5.609901105293774890e+02,9.450344387755102389e+02,5.400104302477184319e+02,9.789274245343609664e+02
-1.410749809544178788e+03,-1.001235293059313676e+03,4.265638834718423595e+02,4.839964653303387432e-01,3.068987012987013259e+02,1.211916666666666742e+03,2.710331707317073437e+02,9.649897225077081657e+02,nan,nan,6.571517970401691855e+02,1.056955859969558560e+03
-1.476529809969780445e+03,-8.186669437354734100e+02,3.772100973709161735e+02,5.807217319820657808e-01,3.070123927550047824e+02,1.145926237161531390e+03,2.591365883807169439e+02,8.859454409566517370e+02,6.458970990695128194e+02,9.020099601593625493e+02,nan,nan
-1.792390711901776058e+03,-1.285099951162261050e+03,-4.018084467873141108e+01,4.587292215129050721e-01,3.080665626625064988e+02,1.355996289424860834e+03,2.990470701248799514e+02,1.021954128440366958e+03,4.860734649122807127e+02,1.147057716436637293e+03,nan,nan
-2.067866710079131735e+03,-8.194977236237394891e+02,-2.565367230052206082e+02,4.159277290778921887e-02,3.080734597156397854e+02,1.207100381194409238e+03,nan,nan,4.091873058144695960e+02,9.530335689045936078e+02,3.850880281690140805e+02,9.319900311526479300e+02
-1.804221401094303246e+03,-9.421528046721296050e+02,-1.905047063243722638e+00,1.700713011245888195e-01,3.090463096960926350e+02,1.227995024875621993e+03,2.730660919540229656e+02,9.009834881320949762e+02,5.010431873479318483e+02,9.889881780250348129e+02,nan,nan
-1.635112276263274680e+03,-1.371158023065275756e+03,1.142314104107821464e+02,1.119568444160594201e+00,3.098739495798319581e+02,1.379994334277620510e+03,3.039915540540540633e+02,1.070851535836177391e+03,nan,nan,5.891175771971496715e+02,1.194024390243902417e+03
-2.378068611254838288e+03,-1.050002039659785169e+03,-6.268661196584658910e+02,5.552279703214981765e-01,3.100513000702740669e+02,1.308048799380325363e+03,2.869895219384413849e+02,8.900145513338723049e+02,nan,nan,3.069675638371290347e+02,1.004039755351681947e+03
-1.661115035506498316e+03,-1.228597289580491406e+03,9.558254973038309288e+01,2.443181048844255132e-01,3.119027611044417654e+02,1.325900616860863693e+03,2.980180761781794558e+02,1.016818246110325276e+03,5.439988571428571049e+02,1.116003024803387689e+03,nan,nan
-1.681770174842726647e+03,-1.085840357808288218e+03,8.684199268278236161e+01,3.151813660157882224e-01,3.149902991107518346e+02,1.272870650529500836e+03,2.889934782608695514e+02,9.631196883852691144e+02,5.439638346727898579e+02,1.049917883211678827e+03,nan,nan
-1.468800827935272764e+03,-9.102499531074179231e+02,3.377882816727646969e+02,4.040134000530952729e-01,3.169623893805309649e+02,1.183873227689741498e+03,2.769249236141423012e+02,9.199797047970479298e+02,6.461038834951456238e+02,9.510064591896652928e+02,nan,nan
-1.442417785895006546e+03,-1.129014538297570198e+03,3.326200926943334366e+02,9.695349891683437138e-02,3.180650037792894977e+02,1.270051044083526676e+03,2.940203761755485630e+02,1.006991999999999962e+03,6.460611111111111313e+02,1.055992993630573210e+03,nan,nan
-1.724437517561329287e+03,-7.914444253689619018e+02,7.247629107078402910e+01,4.796733109769837911e-01,3.180730633802816669e+02,1.166034830430797456e+03,2.711245474293990014e+02,8.509653641207814871e+02,5.441467225609756042e+02,9.179508116084604126e+02,nan,nan
-1.643805871642130342e+03,-7.167771465463789582e+02,1.742781316358809249e+02,7.913197658304639281e-01,3.189409417398244386e+02,1.128933027522935845e+03,2.620223735408560515e+02,8.299914438502673875e+02,5.809908361970217356e+02,8.751038721573447674e+02,nan,nan
-1.940604759443994681e+03,-1.186926387367975394e+03,-2.208926789809501940e+02,3.468607117867234524e-01,3.190773508594539862e+02,1.329194509073988002e+03,3.030277777777777715e+02,9.701225626740947519e+02,4.381471179624664956e+02,1.112085028478437835e+03,nan,nan
-2.035304890116003435e+03,-1.319148024552777088e+03,-3.423477045259812712e+02,3.276720609370570858e-01,3.190869947275922414e+02,1.381944495837187787e+03,3.129198743126472664e+02,1.002906168549087738e+03,nan,nan,4.430837438423645267e+02,1.128879660217083483e+03
-1.672131881809911647e+03,-9.960461929560489125e+02,9.250589933147635691e+01,2.963280840564315732e-01,3.198960964408725545e+02,1.237993364299933546e+03,2.881072740631888109e+02,9.309792207792207819e+02,5.540508628519527292e+02,1.009059131344845582e+03,nan,nan
-1.486749610868104355e+03,-8.466776788953176265e+02,3.205623247120586825e+02,5.252405167141390718e-01,3.199637389202256372e+02,1.161095726495726467e+03,2.731339846475924560e+02,8.929405450041288077e+02,6.419462915601022814e+02,9.229788106630211360e+02,nan,nan
-2.201177749673728613e+03,-7.979651921697715125e+02,-4.418286321029769965e+02,1.545056102019862487e-01,3.210700231481481524e+02,1.213922496570644626e+03,2.780321141837645200e+02,8.199434822242479868e+02,3.700356943669827388e+02,9.588829656862744741e+02,nan,nan
-1.487630206390723515e+03,-9.502573052610697459e+02,2.983047410413004172e+02,3.188156734591384711e-01,3.211026392961877036e+02,1.202947511929107122e+03,2.839919110212335909e+02,9.330230366492146459e+02,6.359016794961511323e+02,9.729986085343227842e+02,nan,nan
-1.999005949391145577e+03,-7.970623261801578110e+02,-2.320840003435549193e+02,1.173719994182723242e-01,3.219573033707865193e+02,1.196034322280395600e+03,nan,nan,4.402223107569720923e+02,9.439960828203693382e+02,4.129401080019636652e+02,9.221585949973390370e+02
-1.464947546797204041e+03,-9.149567774731684722e+02,3.262566527734552437e+02,6.594847649533571721e-01,3.221617046117921745e+02,1.187051903114186871e+03,2.809979090433873239e+02,9.210575627679118043e+02,nan,nan,6.310440960313571850e+02,1.007014138118542633e+03
-2.123987966563683585e+03,-8.320685300515639256e+02,-3.753508007826206949e+02,4.228844853754845090e-01,3.229484609878310835e+02,1.218978773584905639e+03,2.830376432078559787e+02,8.359901873327386284e+02,3.949550797649034166e+02,9.690343347639485501e+02,nan,nan
-2.070430453160509842e+03,-1.121728603806925321e+03,-3.647701758528511391e+02,4.358505728965638704e-01,3.238826589595375935e+02,1.314936575052854096e+03,3.029504065040650289e+02,9.350180265654648792e+02,3.970649563318777382e+02,1.090980624999999918e+03,nan,nan
-2.222610508718069013e+03,-1.105965758128515290e+03,-5.305064166463779429e+02,2.418030959047522688e-01,3.251400911161730960e+02,1.318983169705469891e+03,3.050611035111718934e+02,9.159775086505189847e+02,nan,nan,3.669805389221556879e+02,1.030935342732134131e+03
-1.713794773441791904e+03,-8.732216673695855889e+02,4.804946438597715996e+01,8.039937316729973971e-02,3.251636815920397794e+02,1.196970833333333303e+03,2.840402144772118049e+02,8.811294433266264150e+02,nan,nan,5.261391184573002420e+02,9.699095163806551909e+02
-2.025876251449479241e+03,-8.841827128503896347e+02,-2.896009911311759311e+02,3.081793968326017041e-01,3.259283314669652896e+02,1.228944860449285216e+03,2.882442484662576589e+02,8.598909807355516932e+02,4.270729295426452268e+02,9.859970760233918554e+02,nan,nan
-1.316397606664371324e+03,-8.029956361936411895e+02,4.961970780793304243e+02,7.898100793037294842e-01,3.259376205787781373e+02,1.123969889064976314e+03,2.760079772079772056e+02,8.929729151817533648e+02,nan,nan,6.909208819714656329e+02,9.639601275917065095e+02
-1.271735915763736330e+03,-1.179262230493589868e+03,4.924170877926501362e+02,2.514006986400700860e-01,3.260256603773584629e+02,1.276955970149253744e+03,3.051069868995633101e+02,1.048061759729272353e+03,7.249563335955940602e+02,1.071968869731800851e+03,nan,nan
-1.837644240205399228e+03,-9.455078034280908241e+02,-1.003316728445747827e+02,2.352255633729301021e-01,3.261222943722943910e+02,1.235026333558406577e+03,2.920113735783027096e+02,8.960188340807175109e+02,4.929726989079563282e+02,1.000040115998066653e+03,nan,nan
-1.808203611038489726e+03,-8.153604077405886983e+02,-5.081104734425974812e+01,3.326422333375442242e-01,3.269674418604651009e+02,1.185953137410643421e+03,2.821190667739340370e+02,8.519819004524887305e+02,5.119907292954264335e+02,9.390432098765431874e+02,nan,nan
-1.971398766142682462e+03,-1.081468678930735905e+03,-2.674901867490000882e+02,2.562231648603202072e-01,3.270971896955503553e+02,1.295010304219823411e+03,3.038476104598737493e+02,9.300151607034566723e+02,4.359657639243740164e+02,1.069127223900637773e+03,nan,nan
-1.671145236890031811e+03,-7.652328112912209690e+02,1.016973908921749512e+02,5.491345828370952642e-01,3.279197780020181767e+02,1.152144477611940374e+03,2.781939586645469262e+02,8.449532775453277509e+02,5.690814277746793550e+02,9.049820478723404449e+02,nan,nan
-1.754467949388091256e+03,-1.006006969157102276e+03,-2.651331061836134850e+01,6.433444211927811240e-01,3.280550070521861699e+02,1.249997650743930990e+03,nan,nan,5.219153016380344070e+02,1.022873417721518990e+03,5.218702928870293363e+02,1.023042533081285455e+03
-2.168198223291376053e+03,-9.358382743526383365e+02,-4.573808974495251505e+02,3.223588701027721437e-01,3.281383928571428328e+02,1.259000000000000000e+03,nan,nan,3.761312942931741645e+02,1.017868131868131854e+03,3.709641277641277384e+02,9.670240096038415913e+02
-2.332769458630085410e+03,-8.215363076437963628e+02,-6.305193545154555750e+02,2.726007201070136388e-01,3.320564971751412600e+02,1.233945567651632928e+03,nan,nan,3.319339766378872696e+02,9.830626920712968513e+02,3.111010041346721664e+02,9.120201342281878851e+02
-2.105478898042462788e+03,-8.305007527014869311e+02,-3.895112568014657768e+02,1.335306884168364350e-01,3.320595567867035811e+02,1.218920807453416046e+03,nan,nan,4.050156159629843842e+02,9.710007158196134469e+02,3.839825327510916964e+02,9.270273618998451184e+02
-1.658893485961336182e+03,-7.180443113005220539e+02,1.081739883375526148e+02,3.098374163763178424e-01,3.321411432604093079e+02,1.134983093829247764e+03,2.780648030495552803e+02,8.269977426636569362e+02,5.779785536159600952e+02,8.839547987616099363e+02,nan,nan
-1.404457941126929427e+03,-1.085632698350976398e+03,3.305270666831980861e+02,4.812578605646544161e-01,3.329297274275979817e+02,1.250973625140291915e+03,3.061108614232209675e+02,9.911117187500000227e+02,6.680346220427005619e+02,1.038077861708309229e+03,nan,nan
-1.736380471827892961e+03,-1.189789422723754114e+03,-5.434569758213168456e+01,1.848085800811758717e-01,3.330489705063995416e+02,1.319005111821086302e+03,3.169692757863935526e+02,9.890639192598822547e+02,5.208903177004538065e+02,1.107984158415841648e+03,nan,nan
-1.895893003036139135e+03,-9.407682838201642426e+02,-1.902416795786699311e+02,9.535217462485053030e-02,3.340244667503136498e+02,1.239909848484848453e+03,nan,nan,4.739398616285258186e+02,1.004979591836734699e+03,4.660580143540669837e+02,9.839540983606557347e+02
-1.423979682902407603e+03,-9.820989112630250020e+02,3.175433228988698602e+02,1.433012036560643021e-01,3.350970350404312512e+02,1.211947063089195126e+03,3.001303335919317306e+02,9.489605504587156020e+02,6.649643268124281121e+02,9.890750893921334637e+02,nan,nan
-1.408925700303299436e+03,-9.067814326196908041e+02,3.426436315336924849e+02,2.476190332483692025e-01,3.359622475856014034e+02,1.180000000000000000e+03,2.950000000000000000e+02,9.210547945205479436e+02,6.760925226586102781e+02,9.520373308446103238e+02,nan,nan
-1.576042552875964020e+03,-1.027832960699409341e+03,1.389311680031481728e+02,3.709752859280449067e-01,3.359938784433755927e+02,1.244942548350398283e+03,3.049567999999999870e+02,9.489035532994923869e+02,5.960532089961601514e+02,1.023012033694344154e+03,nan,nan
-1.894402587928808316e+03,-1.029601439403970744e+03,-2.110698109090438663e+02,2.297437379635712817e-01,3.361608015640273948e+02,1.272030250145433456e+03,3.091020613373554511e+02,9.179642857142856656e+02,4.701278018088871136e+02,1.044980112187659415e+03,nan,nan
-1.643796756290096710e+03,-1.069405311822665681e+03,5.174695128480063744e+01,1.812992266342754177e-01,3.369827586206896513e+02,1.267040096230954305e+03,3.110300075018754455e+02,9.559796437659033472e+02,5.659765193370166116e+02,1.047980490523968683e+03,nan,nan
-2.200898449608079773e+03,-1.134704636269259481e+03,-5.568776102375596793e+02,3.691559946044201124e-01,3.370144541650817587e+02,1.328933301797540253e+03,3.180126262626262701e+02,9.249540540540540405e+02,3.581140869565217599e+02,1.106965437788018335e+03,nan,nan
-1.833821327190511283e+03,-1.331103729250224887e+03,-1.952435585427651858e+02,2.622218280198395646e-01,3.371538004750593700e+02,1.378050580997949510e+03,3.309675471698113256e+02,1.023994359387590634e+03,nan,nan,5.199654377880184484e+02,1.144077023498694416e+03
-1.538176616118287484e+03,-9.485324434994806779e+02,1.803433430504627779e+02,2.172992313885103444e-01,3.389976771196283494e+02,1.210917407878017684e+03,3.030984400215169217e+02,9.230499390986601611e+02,6.171160500399254261e+02,9.840081143740339940e+02,nan,nan
-2.007346158008109796e+03,-1.185674530084405205e+03,-3.663878125926726739e+02,3.582736843157736661e-01,3.392238372093023031e+02,1.335135577372604075e+03,3.231065743944636779e+02,9.579726468222042968e+02,nan,nan,4.491481932602517304e+02,1.071974818130945778e+03
-1.408655447707170879e+03,-8.718522881613807840e+02,3.320717079032959305e+02,2.941468902300934940e-01,3.410184049079754800e+02,1.167023737066342164e+03,2.970955414012738629e+02,9.070177304964538507e+02,nan,nan,6.560020833333333030e+02,9.851844946025514673e+02
-1.957047803755279801e+03,-8.157629292755826782e+02,-2.664883690533934555e+02,3.403264148665849365e-01,3.420331801939765342e+02,1.203052890528905209e+03,nan,nan,4.619208741522230639e+02,9.579878755930416219e+02,4.369336138382421950e+02,9.259762892708951085e+02
-1.352242868893555396e+03,-8.463214140677911246e+02,3.937632916982503843e+02,4.644956351790865412e-01,3.420934169278996819e+02,1.150919354838709751e+03,2.970053050397877996e+02,9.020040683482505983e+02,nan,nan,6.800366213821617976e+02,9.769210371243370901e+02
-1.948382258001959599e+03,-9.713766953992138724e+02,-2.824199886212940100e+02,2.944458998202555966e-01,3.421093932322053774e+02,1.257004887218045042e+03,3.110835664335664319e+02,8.919814896430145836e+02,4.560214917825537100e+02,1.025038614218693510e+03,nan,nan
-2.388383293954842884e+03,-8.879547128628436212e+02,-7.471711956022826371e+02,5.636956262750866253e-01,3.429857621440535809e+02,1.261925411968777098e+03,3.100636758321273305e+02,8.340016366612111369e+02,3.169138176638176674e+02,1.016992878942014272e+03,nan,nan
-1.526969094286239397e+03,-7.480509259865967806e+02,2.106190081276489252e+02,8.383502541756081561e-01,3.430663956639566550e+02,1.132058025621703109e+03,nan,nan,6.339643431635388424e+02,8.909702930549980238e+02,5.969125705076551185e+02,9.210275768535261705e+02
-1.601530863893789501e+03,-9.900292163657933315e+02,8.913458412281198662e+01,2.222693879836024067e-01,3.430864833906070999e+02,1.233965863453815246e+03,3.111053795136330109e+02,9.308659953524399953e+02,5.889956092206366520e+02,1.009991535671100337e+03,nan,nan
-1.875124130343195475e+03,-9.442224284988432146e+02,-2.009376489731288018e+02,4.645315498954862288e-01,3.430968169761273430e+02,1.241114102564102495e+03,nan,nan,4.840057692307692037e+02,1.008085658663205663e+03,4.771082535885167317e+02,9.840532507739937955e+02
-2.079797247369597244e+03,-1.132091793363709257e+03,-4.611065104580741263e+02,3.916614079356972589e-01,3.449751176866173523e+02,1.321869014084506944e+03,3.270967428293631656e+02,9.329473684210526017e+02,4.021898777173913118e+02,1.102940069991250994e+03,nan,nan
-1.811173962235606950e+03,-1.067585073972734790e+03,-1.608193890586696284e+02,4.984618204970828192e-01,3.451806876371616681e+02,1.280973577235772382e+03,3.210148247978436871e+02,9.369817455790074519e+02,5.020055302537410284e+02,1.059969209558823422e+03,nan,nan
-1.391462008680783129e+03,-6.365478627814156880e+02,3.650862132871172889e+02,8.485583071266656896e-01,3.469287155346335112e+02,1.073886398763523857e+03,2.850200148257968635e+02,8.140401891252954556e+02,nan,nan,6.500434316353887425e+02,8.740043397396156024e+02
-1.670642984487930562e+03,-7.297907676106053714e+02,4.112767841989433748e+01,1.097861126279175314e+00,3.469502439024390128e+02,1.143027522935779871e+03,2.941431411530815012e+02,8.280247376311843936e+02,5.760151734104046000e+02,8.989944794952681377e+02,nan,nan
-1.825028439769495890e+03,-8.253794541740348905e+02,-1.436244057302550345e+02,2.985501692042256128e-01,3.470126436781609414e+02,1.195012048192771090e+03,nan,nan,5.111440313111546061e+02,9.539532467532467308e+02,4.869642172523961676e+02,9.359714091218515932e+02
-2.095102513746224759e+03,-1.166022745222278445e+03,-4.866520691239692269e+02,7.003524691776309430e-01,3.470156351791530938e+02,1.334902310231023193e+03,3.290300341296928082e+02,9.419952038369305001e+02,nan,nan,4.219962654409652600e+02,1.053980787704130535e+03
-1.773415910179984849e+03,-1.016847103244227242e+03,-1.179957947812840757e+02,2.370106035388369892e-01,3.470698659139026176e+02,1.259950375939849664e+03,3.180383386581469836e+02,9.220319792566983779e+02,5.200540540540540633e+02,1.035987206823027691e+03,nan,nan
-1.285589479762308429e+03,-6.937337795268050513e+02,4.776285620443238145e+02,2.801620422103940911e-01,3.471012070566388275e+02,1.081074906367041194e+03,2.889916230366492300e+02,8.460063492063492276e+02,7.459726114649681676e+02,8.407342119714442106e+02,nan,nan
-2.039565397115578435e+03,-9.895308159285589227e+02,-4.136863419442855729e+02,3.747061774895568687e-01,3.498806262230919515e+02,1.270991913746630644e+03,3.210206185567010380e+02,8.889515859766277117e+02,4.259783633841886399e+02,1.042040976821192089e+03,nan,nan
-1.947613029338094293e+03,-1.049239390780522854e+03,-3.274936030631974972e+02,3.433861793484913050e-01,nan,nan,3.261167883211678600e+02,9.169573215599705236e+02,4.549451152579582640e+02,1.062002531645569661e+03,4.630255831452219581e+02,1.017949139865370284e+03
-1.552056603393119985e+03,-8.653330947757380045e+02,1.388888650156607696e+02,1.083338785395012577e-01,3.500168144298379502e+02,1.182945167286245351e+03,3.080263473053892085e+02,8.879831555306008113e+02,6.180867810292634204e+02,9.509394977168949481e+02,nan,nan
-1.797269061953871187e+03,-7.400435386025824300e+02,-1.122268803180265593e+02,3.956640044508337173e-01,3.500831656606304705e+02,1.161973642172524023e+03,nan,nan,5.270015015015014797e+02,9.159145642201834789e+02,4.920560846560846358e+02,8.999413159454653623e+02
-1.625524457948097734e+03,-5.656451527916975692e+02,1.021586373859298646e+02,2.576215920128920311e-01,3.501419406575781750e+02,1.078952469711090316e+03,2.860176991150442518e+02,7.689769673704414572e+02,6.041321029626031986e+02,8.209471496437054157e+02,nan,nan
-1.797901395829875582e+03,-1.104750170009031535e+03,-1.724588582067682694e+02,4.159493868997672372e-01,3.509608801955990316e+02,1.294008498583569462e+03,3.289079572446555630e+02,9.489334862385320548e+02,nan,nan,5.199487179487178992e+02,1.051993449781659365e+03
-1.671296576684617776e+03,-6.232356298728453794e+02,3.635852339453219173e+01,1.048357842905538240e+00,3.509873987398739814e+02,1.106927522935779734e+03,2.940198105081826156e+02,7.879150214592274324e+02,5.829257812500000000e+02,8.519284759358288284e+02,nan,nan
-1.591437355533033269e+03,-1.265303430814439707e+03,3.105079259304048733e+01,2.848961540623249911e-01,3.511662730278696358e+02,1.340970191226096631e+03,3.389779559118236421e+02,1.027917148362235139e+03,5.799976303317534985e+02,1.140978332239001929e+03,nan,nan
-1.583127301177209119e+03,-5.935985909717720688e+02,1.371926232364751286e+02,3.114031611408308309e-01,3.519963031423289976e+02,1.084972860125260922e+03,2.899791183294663597e+02,7.819290540540540633e+02,nan,nan,5.659444214019079027e+02,8.439561234329797799e+02
-1.291832410628968546e+03,-7.980909116694989507e+02,4.374675380058294536e+02,8.775249521642839445e-01,3.520489999999999782e+02,1.126944389275074400e+03,3.029529737206085542e+02,8.869967426710097698e+02,7.380262906309751543e+02,8.939790960451977071e+02,nan,nan
-1.938820548758764289e+03,-1.217358928914947910e+03,-3.465332847254778699e+02,2.744084516477880431e-01,3.520516165626772818e+02,1.344089722675367057e+03,3.379023952095808454e+02,9.719273535952557950e+02,4.490587663914521386e+02,1.135867800329127704e+03,nan,nan
-1.342321174538275500e+03,-8.785515995177451032e+02,3.649058616132778639e+02,1.925972508646857373e-01,3.529448888888888973e+02,1.164981870229007654e+03,3.100656660412757901e+02,9.140364806866953131e+02,nan,nan,6.879485081809432359e+02,9.889741676234214083e+02
-1.851400061610473358e+03,-1.152473769234765541e+03,-2.471343561125622159e+02,2.707171211399017063e-01,3.531038847664775062e+02,1.316031942297784553e+03,3.350410557184750928e+02,9.592019124678190565e+02,4.849713963116296327e+02,1.103121108742004253e+03,nan,nan
-1.682751347699124608e+03,-9.025390983567933745e+02,-2.315860794433616832e+01,2.670423927356340155e-01,3.531132183908046045e+02,1.211044943820224717e+03,nan,nan,5.630651428571428596e+02,9.799687092568448179e+02,5.489169728141072255e+02,9.750875451263538025e+02
-1.296757045765235262e+03,-8.336467848329872368e+02,4.172946145114594287e+02,4.978702616482797438e-01,3.550672131147541108e+02,1.141985815602836965e+03,3.080555555555555429e+02,9.000554838709676915e+02,7.340722819593787563e+02,9.139861722187303030e+02,nan,nan
-2.195744429553374175e+03,-8.243033483036357438e+02,-5.866222942721034315e+02,5.168520497313188189e-01,3.571360655737705088e+02,1.228876867901972446e+03,nan,nan,3.869164420485175242e+02,9.860397877984084971e+02,3.659943820224718820e+02,9.120760869565217490e+02
-2.359451665895397582e+03,-1.091750066199158255e+03,-8.108022024655260793e+02,4.331142183921486422e-01,3.579871208973826242e+02,1.326968508002064937e+03,3.380462471569370564e+02,8.950103256552819175e+02,3.219604685212298705e+02,1.102921673003802198e+03,nan,nan
-2.469022023851857284e+03,-8.514988574640175329e+02,-9.013389750468611510e+02,2.057013266545108243e-01,3.589527139527139639e+02,1.259005716798592857e+03,nan,nan,3.050222072678330960e+02,1.015021100226073827e+03,2.899120805369127538e+02,9.080061871616395592e+02
-2.128774904155767217e+03,-8.100514389311172181e+02,-5.195347585976060145e+02,3.092189358387072984e-01,3.590192554557124254e+02,1.219893114754098406e+03,nan,nan,4.099488372093023258e+02,9.759376609994848195e+02,3.871348903717826602e+02,9.089424418604651237e+02
-2.092919753749001302e+03,-1.204095275427258002e+03,-5.443339086629961230e+02,8.409039753333817646e-02,3.600684931506849580e+02,1.348998363338788977e+03,3.460842572062084059e+02,9.508911128903122290e+02,4.000301624129930360e+02,1.139049566294919487e+03,nan,nan
-2.454554968843746337e+03,-9.734284702205518442e+02,-9.117126388035569562e+02,1.292031270317759717e-01,3.609739478957915821e+02,1.295981077147016094e+03,3.339441542788268293e+02,8.520172599784250451e+02,3.030603609209707656e+02,1.062140914709518029e+03,nan,nan
-1.685890655967688417e+03,-9.607269133725145593e+02,-6.466997077944851924e+01,1.636382513983339615e-01,3.610666666666666629e+02,1.234126951092611762e+03,3.280688282138793852e+02,9.079408204438466328e+02,nan,nan,5.539613970588235361e+02,9.969817567567567949e+02
-1.512164001821643978e+03,-1.111827322244730112e+03,1.030619724085769917e+02,3.000596272226274674e-01,3.620067466266866631e+02,1.276954793452844797e+03,3.390552099533437058e+02,9.799058721934369487e+02,6.240260475651189154e+02,1.067994307400379512e+03,nan,nan
-1.785186194891935202e+03,-8.316797861808261132e+02,-1.578271778325030255e+02,1.126166257770144091e-01,3.620184899845916675e+02,1.196991610738255076e+03,3.202090261282660322e+02,8.539570217917676018e+02,5.300352822580645125e+02,9.601306187202537785e+02,nan,nan
-1.768038326166688876e+03,-1.135224824693821574e+03,-1.910235669262403064e+02,4.559032008250190615e-01,3.629804041641151002e+02,1.304964876033057863e+03,3.440876736111110858e+02,9.598806104129264440e+02,nan,nan,5.370318618042226717e+02,1.060987141444114741e+03
-1.391539117669814004e+03,-7.116309518018089193e+02,2.958443273842128178e+02,7.969267652129223833e-01,3.630515873015872899e+02,1.108024048096192473e+03,nan,nan,6.989156171284635093e+02,8.700169721656483262e+02,6.570239377618192975e+02,9.050202985074627122e+02
-1.430497289886314547e+03,-1.136914478467145273e+03,1.875973367885357845e+02,5.043975875969464173e-01,3.631612212104981268e+02,1.280063032367972710e+03,3.420712830957230040e+02,9.989739952718675795e+02,6.580935251798561012e+02,1.074832355406538227e+03,nan,nan
-1.884378794624402872e+03,-9.527207756596920945e+02,-3.007458893333487140e+02,2.070477472101631411e-01,3.659149560117302258e+02,1.249019118869493013e+03,3.340827023878858313e+02,8.870289664252798048e+02,4.880590596330275162e+02,1.022063100961538453e+03,nan,nan
-2.247318092923317181e+03,-8.842131841497260893e+02,-6.964826813561127210e+02,4.274539545197546531e-01,3.680657894736842195e+02,1.254942920681986607e+03,3.339357408390865771e+02,8.380784543325527238e+02,3.720223309880697684e+02,1.017003770028275198e+03,nan,nan
-1.298850677013564564e+03,-6.628230589625146649e+02,3.898079681318581038e+02,4.227538346636770528e-01,3.690056089743589496e+02,1.077102233676975857e+03,3.111257175660160783e+02,8.289468371467025918e+02,nan,nan,6.970442441622285514e+02,8.860122352941176587e+02
-2.259508857958407589e+03,-9.308231217383730609e+02,-7.280732998272004579e+02,2.909192831490066689e-01,3.698931539374752901e+02,1.270910992217898865e+03,3.400810938236680840e+02,8.508238120662039137e+02,3.671236897274633293e+02,1.038053673788431524e+03,nan,nan
-1.640189228475736627e+03,-9.875916607613886526e+02,-5.115784437661226747e+01,1.716733460895552010e-01,3.699770992366412088e+02,1.241932584269662811e+03,3.390940561724362965e+02,9.200608760207869636e+02,nan,nan,5.759317729083664972e+02,1.007981721698113233e+03
-2.352078924613495928e+03,-1.072419463645417864e+03,-8.529258449424456785e+02,7.139544159126380574e-02,3.701189608021877575e+02,1.321849047141424307e+03,3.490988750740082764e+02,8.870801033591731084e+02,nan,nan,3.480861407249466879e+02,9.919418604651162923e+02
-2.086259325031351182e+03,-8.203594175687712777e+02,-5.227238300787329308e+02,1.537892233768654304e-01,3.711867983834755478e+02,1.222011396011396073e+03,nan,nan,4.279707283866575835e+02,9.819923195084485315e+02,4.071329651656754436e+02,9.119638242894056930e+02
-2.341866164196935188e+03,-9.489497712211611997e+02,-8.329791952711833574e+02,3.635350575273025853e-01,3.721579925650557357e+02,1.282917674418604747e+03,3.440048134777376845e+02,8.500117810117810677e+02,3.430009990009990020e+02,1.051035935563816565e+03,nan,nan
-1.661768616759024781e+03,-1.139780312300656760e+03,-1.092729093895349877e+02,2.532721127249240589e-01,3.729808342728297816e+02,1.300923276983094865e+03,3.529403066812705561e+02,9.698369289340101886e+02,5.638586889301175233e+02,1.094007327586206884e+03,nan,nan
-1.601104866299246169e+03,-1.161196335696029109e+03,-4.594577388735494594e+01,4.851736063273174859e-01,3.732169811320754889e+02,1.304957939011566850e+03,3.549371534195933577e+02,9.840760193503800792e+02,5.869612676056337932e+02,1.100019747668678065e+03,nan,nan
-1.486943917454424763e+03,-7.891996174086364135e+02,1.242847371524895266e+02,3.295612802691987309e-01,3.780039525691699396e+02,1.153023057216054667e+03,3.310296347346657626e+02,8.600390390390390394e+02,nan,nan,6.249544900446973088e+02,9.309757399320718605e+02
-1.869054096813486694e+03,-1.122806470614409136e+03,-3.626154302320488796e+02,7.662465825330535552e-01,3.801404349428676710e+02,1.310962790697674336e+03,3.591583157894737042e+02,9.418969603297269941e+02,4.889114031369224449e+02,1.098942551119766222e+03,nan,nan
-1.376093574377011237e+03,-7.159988197642081786e+02,2.511238527925215465e+02,1.798383141660947759e-01,3.810007716049382793e+02,1.112122204472843350e+03,3.279403367496339570e+02,8.410034381139489597e+02,7.069719101123595237e+02,8.790053156146179845e+02,nan,nan
-1.454415986855192386e+03,-8.982643426189277989e+02,1.344953603988402335e+02,2.658918815623829701e-01,3.810372424722662572e+02,1.192018072289156635e+03,3.418954802259887060e+02,9.039966216216216708e+02,6.630920964501004846e+02,9.708515901060070519e+02,nan,nan
-1.658817756610219021e+03,-1.218666241984467433e+03,-1.462189147290374933e+02,4.623654531920182720e-01,3.810508393285371653e+02,1.330861674466978684e+03,3.660543278084714416e+02,9.949357476635514104e+02,nan,nan,5.880510281797410244e+02,1.097055419323197611e+03
-2.351862702168959913e+03,-1.074341726203853341e+03,-9.108137767921396062e+02,5.030876799307326674e-01,3.829134065934065916e+02,1.323943181818181756e+03,3.628865726548129942e+02,8.849657683903859606e+02,nan,nan,3.551445108289768200e+02,9.879984909456740070e+02
-1.336030420861337006e+03,-9.489724656166428076e+02,2.528571562055225286e+02,1.852027546243754375e-01,nan,nan,3.479699699699699522e+02,9.349586523736600157e+02,7.129719133996488836e+02,9.859968944099379087e+02,6.998778386844165880e+02,1.010073424068767963e+03
-2.313438774290432775e+03,-9.429074949914472654e+02,-8.475643783230156032e+02,1.803108560530667370e-01,3.831865526622619313e+02,1.280907937999060550e+03,nan,nan,3.570865148861646503e+02,1.051107542579075471e+03,3.549261672095548192e+02,9.420840336134453992e+02
-1.373375114100221253e+03,-6.030892265759310931e+02,2.563968087974945433e+02,1.013274160102053179e+00,3.839585987261146443e+02,1.069979871175523385e+03,nan,nan,7.150790864876295245e+02,8.289224323677279926e+02,6.629345847554038755e+02,8.490379518072288647e+02
-1.988409872654408446e+03,-1.197495821665516814e+03,-5.237679864763439355e+02,2.158711408326824399e-01,nan,nan,3.691364087301587347e+02,9.528316326530612059e+02,4.451234504132231677e+02,1.139018782383419648e+03,4.740013966480447039e+02,1.058970423661071209e+03
-2.373817591809137411e+03,-8.387996894013178917e+02,-9.106849839755644780e+02,3.494119376268884913e-01,nan,nan,3.509972413793103669e+02,8.130107361963190442e+02,3.470288173652694468e+02,1.014909044193216801e+03,3.299477203647416559e+02,9.000483546004029449e+02
-1.758627954975338071e+03,-7.158645786274290685e+02,-1.958111531765386530e+02,3.996762054510628048e-01,nan,nan,3.351621872103799546e+02,8.109502003434458857e+02,5.530502725620835918e+02,9.179779853235489782e+02,5.160451745379876911e+02,8.820091292134831065e+02
-1.686066567946940268e+03,-1.154978380200117499e+03,-1.867607967620934346e+02,3.793733786563880384e-01,3.860933470861268688e+02,1.309993694829760443e+03,3.670398293029871866e+02,9.690111464968152859e+02,nan,nan,5.750800438596490949e+02,1.067016676961087114e+03
-1.710645347022354827e+03,-8.992877470694060094e+02,-1.812515132254299886e+02,4.767209193693990321e-01,3.869941733430444515e+02,1.220032894736842081e+03,nan,nan,5.620198019801980536e+02,9.950184357541899089e+02,5.480185810810810381e+02,9.599725765306122867e+02
-1.544971946969431428e+03,-9.692873492314269015e+02,-5.986051161468664006e+00,1.508401612758908106e-01,3.880354757929883363e+02,1.229984533591106810e+03,3.550597504924490977e+02,9.190154753131909047e+02,6.230834242093784496e+02,1.013937384898710889e+03,nan,nan
-1.799518790476650338e+03,-1.230661252635964047e+03,-3.361186053366435544e+02,3.619177708804775517e-01,3.890517529215358650e+02,1.345034077555816793e+03,3.750345471521941931e+02,9.820030395136777770e+02,nan,nan,5.409759427828348635e+02,1.085062237762237828e+03
-2.073281847559366724e+03,-9.705786994010954913e+02,-6.090442464447139628e+02,2.769515910822542559e-01,3.899041811846689711e+02,1.273953426480372627e+03,3.610655687709667632e+02,8.730279146141215278e+02,4.320550502632838743e+02,1.050958435207823868e+03,nan,nan
-1.488893174288305318e+03,-5.895438385782275645e+02,1.044450803240953860e+02,3.209796980540323141e-01,3.909884955752212363e+02,1.082044144144144184e+03,3.299505300353357029e+02,7.820306298533217841e+02,nan,nan,6.139662537377189437e+02,8.371244323342416465e+02
-1.546893249581779628e+03,-8.939949075634477822e+02,-8.585195812287340189e+00,3.510067914731722083e-01,3.910738209159262055e+02,1.203020202020202078e+03,3.530375408052230455e+02,8.908780332056194311e+02,6.270607311320754889e+02,9.810298408488063160e+02,nan,nan
-2.263042968009882316e+03,-8.878891424315670520e+02,-8.201003785881677004e+02,3.464377780977742627e-01,3.920897590361445850e+02,1.261071520618556633e+03,nan,nan,3.789707252162342002e+02,1.030004507888805392e+03,3.691485587583148344e+02,9.219842519685039406e+02
-2.044136948529948086e+03,-1.246519976821645969e+03,-6.304138555439942593e+02,4.943628473342046026e-01,3.930043636363636210e+02,1.364951859956236376e+03,3.810394011032308867e+02,9.610230769230769283e+02,nan,nan,4.640124999999999886e+02,1.068033149171270679e+03
-2.370855884026227159e+03,-9.851432622100010121e+02,-9.749011582405615854e+02,2.759399838296007768e-01,3.951559112028910477e+02,1.300003056234718770e+03,3.699086567164179087e+02,8.550796460176991332e+02,3.448877781360851600e+02,1.074937124364308829e+03,nan,nan
-1.561168963589921532e+03,-1.049714622444774477e+03,-6.687821257178276824e+01,1.961285900408261951e-01,3.960505154639175203e+02,1.262951749095295554e+03,3.692900158478605590e+02,9.439675324675324646e+02,6.140225334957368659e+02,1.054984116479152817e+03,nan,nan
-1.669935932990572610e+03,-9.680806923000461666e+02,-1.838039498753016403e+02,2.735497624514963699e-01,nan,nan,3.660857623318385663e+02,9.049521739130434526e+02,5.760494233937397439e+02,1.025979654120040777e+03,5.709638356164383595e+02,9.880076775431862188e+02
-1.959287873005021765e+03,-1.210089065898167746e+03,-5.470788877831677155e+02,3.809090739050008945e-01,3.970824607329843161e+02,1.348054387237128367e+03,nan,nan,4.589193702290076544e+02,1.146980270574971883e+03,4.899716216216216367e+02,1.060006833712983962e+03
-1.755376278949652487e+03,-1.080764261909568859e+03,-2.972260127599399766e+02,1.405207713121563728e-01,3.971222535211267655e+02,1.290046540880503244e+03,3.740398648648648532e+02,9.348610719322990690e+02,5.379811568799299266e+02,1.081001578947368444e+03,nan,nan
-1.524349324599534611e+03,-7.066674173720859926e+02,2.064656370623061576e+01,2.546552372206449810e-01,3.971451800232288178e+02,1.132013058419244089e+03,3.469222614840989536e+02,8.229032830523514122e+02,nan,nan,6.090661290322581181e+02,8.859782493368700216e+02
-1.591782489241091980e+03,-1.255693260004670719e+03,-1.390195648450236092e+02,2.154698711129157118e-01,3.980093457943925159e+02,1.342971198928332115e+03,3.850490278951817231e+02,1.011001813236627413e+03,nan,nan,6.200210674157303856e+02,1.109981428571428523e+03
-1.440817239269350011e+03,-1.065494068507143538e+03,6.396404678395222021e+01,2.676356786697342560e-01,3.980700594844679472e+02,1.258985457063711920e+03,3.710851305334846870e+02,9.629029192124914971e+02,6.629584309133489342e+02,1.053999356499356509e+03,nan,nan
-1.339665518229329791e+03,-6.640838048776596452e+02,2.351937685754311076e+02,3.095218379568696609e-01,3.989167671893848137e+02,1.093021433850702124e+03,nan,nan,7.280509291121817341e+02,8.600245170876671637e+02,6.840013289036544393e+02,8.760267341040462270e+02
-1.484176521377737572e+03,-9.742514426137431656e+02,3.192183433538816573e+01,4.305809582899728927e-01,nan,nan,3.638984375000000000e+02,9.249821289821289838e+02,6.498895510528407158e+02,1.015015136718750000e+03,6.420151311365165157e+02,1.004981524249422591e+03
-1.807840225841534220e+03,-1.165809765406304905e+03,-3.793307546632975686e+02,2.142768366391304413e-01,4.000343195266272005e+02,1.324016857720836242e+03,3.821139393939394040e+02,9.569610778443113759e+02,nan,nan,5.371231178033658580e+02,1.054945831732616170e+03
-2.299949437275951368e+03,-9.985013076483209034e+02,-9.205818826570953206e+02,3.543972793704755486e-01,4.009277777777778056e+02,1.299851597051597082e+03,3.759916094584286839e+02,8.630082508250825413e+02,3.670297176820208165e+02,1.078983183183183201e+03,nan,nan
-1.367734432192656641e+03,-4.627627643370989858e+02,2.196935372960083157e+02,5.394652661552257200e-01,4.020485347985347744e+02,1.021897868561278869e+03,nan,nan,7.270608011444920749e+02,7.730187353629976315e+02,6.600334467120181898e+02,7.800355477855478057e+02
-1.179059129484739287e+03,-7.690829326424340024e+02,3.979652382025579413e+02,9.535183617458619088e-01,4.030244803695150040e+02,1.113941652224147902e+03,3.532025671881267499e+02,8.769882478632478069e+02,nan,nan,7.630514435695538396e+02,9.330845744680850657e+02
-1.633583174542746292e+03,-1.079047580004354813e+03,-1.809129554141616154e+02,2.379634021837186697e-01,4.031320249776985065e+02,1.280878265155248982e+03,3.791554934823091116e+02,9.448945244956772740e+02,nan,nan,5.937967343201587482e+02,1.033871076865250870e+03
-1.502648506453377422e+03,-1.096084857222092523e+03,-3.879849857649797684e+01,1.473307241615860741e-01,4.050470809792843738e+02,1.277053324555628706e+03,3.810156971375807871e+02,9.649620253164556516e+02,6.369326500732064460e+02,1.074986417657045877e+03,nan,nan
-2.425033619854748395e+03,-1.194115394930060347e+03,-1.119511902096504855e+03,1.568397662782764490e-01,4.059774806474313777e+02,1.368037599421547384e+03,3.918918116249469676e+02,9.090986590038314716e+02,nan,nan,3.580491206791995182e+02,1.015032520325203222e+03
-1.698726278152377972e+03,-9.778417439208674296e+02,-2.539659838230278694e+02,3.898493776953657064e-01,4.069145191703331079e+02,1.249994354269583710e+03,nan,nan,5.669884149552395911e+02,1.036072858731924271e+03,5.640614394382679393e+02,9.869531859557866937e+02
-1.650568780985179274e+03,-9.120678808947322977e+02,-1.908306571812569246e+02,2.104499477643363148e-01,4.069401769911504516e+02,1.222983940042826589e+03,3.720886899918633048e+02,8.849513002364066097e+02,5.889953588004284484e+02,1.003968452679018583e+03,nan,nan
-1.696489868220863855e+03,-1.173733120074979752e+03,-2.848128271509290244e+02,2.915247140841294438e-01,4.080091407678244764e+02,1.321012181616832777e+03,3.899889908256880631e+02,9.691127482383087681e+02,5.579361147327249455e+02,1.121967409948542127e+03,nan,nan
-1.792834251798401510e+03,-9.054173534258102336e+02,-3.552911495356343039e+02,3.020631266932178316e-01,4.080317139001349460e+02,1.233000000000000000e+03,nan,nan,5.369295692665890556e+02,1.011983702737940007e+03,5.260118623962040374e+02,9.510272425249169146e+02
-1.712434779299146385e+03,-8.828758743651809482e+02,-2.658146251079076592e+02,2.834427244657748424e-01,4.091013395457192701e+02,1.218891411042944810e+03,nan,nan,5.681194817658349621e+02,9.969703143189755110e+02,5.531050477489768582e+02,9.460091743119265857e+02
-1.240959018353310512e+03,-9.002421856636008215e+02,2.831820527288394373e+02,1.742507942610615201e-01,4.091152278621711957e+02,1.175096144460712594e+03,3.699650744735490662e+02,9.210289256198346948e+02,7.609560375146542128e+02,9.649950341402854974e+02,nan,nan
-1.703503182740334978e+03,-1.116451308208849923e+03,-2.949104927539435153e+02,4.230165213805956448e-01,4.099618705035971402e+02,1.301003009781790752e+03,3.899418070444104387e+02,9.489741518578351815e+02,5.590003076923077288e+02,1.098011260285838034e+03,nan,nan
-1.307275395020843462e+03,-7.901603298684427727e+02,2.170366383220942907e+02,3.029004022509952376e-01,4.100155535224153596e+02,1.139924953095684714e+03,nan,nan,7.368835002635740921e+02,9.199975399753997181e+02,7.070458221024258592e+02,9.329955849889624915e+02
-1.411334393616318494e+03,-6.758994921639084623e+02,1.090106581659361069e+02,7.240706552047557198e-02,4.100399628252787920e+02,1.110002901353965171e+03,3.569979959919839416e+02,8.179195068890500124e+02,6.979788018433180241e+02,8.789752941176470813e+02,nan,nan
-1.869589360815750297e+03,-9.566231389231130606e+02,-4.629146677934524519e+02,3.217571195933596750e-01,4.109077412513255467e+02,1.257954460386774826e+03,nan,nan,5.080622246696035518e+02,1.039919866444073477e+03,5.051994967649173418e+02,9.649695961995249718e+02
-1.469823159120444416e+03,-8.126601019912091033e+02,8.366236456327955651e+00,4.120229452465525299e-01,4.129291598023064012e+02,1.168991712707182387e+03,3.709462469733655894e+02,8.639573964497041061e+02,6.669829172141918434e+02,9.480134847409510712e+02,nan,nan
-1.833627465840397917e+03,-8.331128878979627643e+02,-4.194400770804951435e+02,3.195506052431649757e-01,nan,nan,3.760630899155489146e+02,8.418780760626398205e+02,5.290771020272516125e+02,9.879951541850219883e+02,5.090891304347825894e+02,9.168766265060240812e+02
-1.053515537179098146e+03,-1.159508164033984485e+03,4.617878068975585393e+02,2.808634972404464580e-01,4.140445312499999773e+02,1.263047263681592085e+03,3.901142172523961449e+02,1.046965485921889240e+03,8.380578727841501632e+02,1.075975680370584769e+03,nan,nan
-1.393667661242603117e+03,-1.021302067475047238e+03,6.463370079110929112e+01,4.101345034891777375e-01,4.141954545454545382e+02,1.239973045822102449e+03,3.850483870967742064e+02,9.480137741046831934e+02,6.879281655844156376e+02,1.037054289869122613e+03,nan,nan
-1.142178821632356176e+03,-4.991204717401100197e+02,4.363762930188302107e+02,3.526430711808672958e-01,4.149631255487269641e+02,1.002974634146341486e+03,3.479485766758493810e+02,7.661003717472118524e+02,8.281041358936485040e+02,7.669786710418375151e+02,nan,nan
-1.216133166682116325e+03,-8.692429560559116908e+02,2.930199180517504942e+02,5.392191563860411208e-01,4.159875111507582233e+02,1.161013120899718842e+03,nan,nan,7.740339087546238943e+02,9.510357362908195000e+02,7.530392817059483832e+02,9.730052910052910420e+02
-2.074500345058189851e+03,-9.558495702656972526e+02,-7.253377771054390450e+02,3.697248416611447763e-01,4.170551044083526904e+02,1.273988629185091668e+03,3.890713530655390855e+02,8.639072481572482047e+02,4.438738461538461593e+02,1.054965270684371717e+03,nan,nan
-1.485966456229375126e+03,-7.180467879008872387e+02,-1.062808093384147767e+01,4.614121334865493168e-02,4.170634005763688492e+02,1.137025238744884064e+03,3.679889380530973426e+02,8.269907192575406043e+02,6.660922358435493607e+02,9.090094403236682865e+02,nan,nan
-2.495571255928379742e+03,-8.949952527193485139e+02,-1.217975427259412527e+03,5.447870899563964642e-01,4.171126760563380458e+02,1.284122395833333258e+03,nan,nan,3.289321922317313920e+02,1.057025641025641107e+03,3.229669351420093335e+02,9.029351441241684597e+02
-1.796851325689552141e+03,-9.090413211594042195e+02,-4.055750994532245386e+02,3.308171038318417634e-01,nan,nan,3.850411785587504596e+02,8.692325017325017598e+02,5.389976658886295127e+02,1.018835347432024150e+03,5.289172740524780920e+02,9.479553990610328356e+02
-1.928237144889576939e+03,-1.093099690236123024e+03,-5.831346295525496544e+02,4.232485686431239347e-01,4.190569044006069817e+02,1.309953637090327675e+03,3.970219198790627502e+02,9.179358669833728754e+02,nan,nan,4.990329776915615980e+02,1.009975792253521149e+03
-1.205837577581853338e+03,-8.177527794930515483e+02,2.983990608217173417e+02,1.616379112110581107e-01,4.199990892531876057e+02,1.140955383123181264e+03,3.750820170109356013e+02,8.900324015247775833e+02,nan,nan,7.549938537185003042e+02,9.489993710691824162e+02
-1.323476320601098223e+03,-8.851683136165518135e+02,1.467620735610482825e+02,2.183012158440008899e-01,4.200296875000000227e+02,1.181967901234567989e+03,3.810534653465346651e+02,9.039683257918552499e+02,7.259567126725219168e+02,9.699436443331245528e+02,nan,nan
-1.507353710386348212e+03,-8.037867980672815520e+02,-6.993012872484469256e+01,4.251498193046874818e-01,4.229823484267075742e+02,1.173004248088360328e+03,3.800778546712802495e+02,8.560283562250775731e+02,6.540236518448439256e+02,9.510111587982833043e+02,nan,nan
-1.731904967337080052e+03,-9.111826795889807045e+02,-3.465457893117518893e+02,2.181986454667014241e-01,4.230129995185363327e+02,1.233032542746828540e+03,3.889033989266547451e+02,8.750234474017744333e+02,5.630673603504928906e+02,1.016086982248520712e+03,nan,nan
-1.911582566332722081e+03,-1.119526550324167374e+03,-5.889774451909588606e+02,1.453652754868210439e-01,4.240293906810035764e+02,1.317989690721649595e+03,4.040313938886563392e+02,9.269053905390538830e+02,4.900962589323245311e+02,1.114956521739130494e+03,nan,nan
-2.143524218548026511e+03,-9.744853132320990881e+02,-8.381826344351824218e+02,1.095836165277633695e-01,4.240732578916021680e+02,1.286022849462365684e+03,3.970316455696202524e+02,8.631434384537130882e+02,4.249400479616306825e+02,1.069074462768615604e+03,nan,nan
-1.986840906154120376e+03,-1.234000572933740841e+03,-6.950129243808933097e+02,4.704682542526681943e-01,4.249705735660847949e+02,1.361005574136008818e+03,4.109499241274658630e+02,9.550116861435726605e+02,nan,nan,4.932100213219616194e+02,1.055021287128712856e+03
-1.897372887480773898e+03,-8.048602462055835076e+02,-5.330861585544572563e+02,8.612676800163744373e-01,4.250519203413940090e+02,1.211045586107091140e+03,3.869647988505747094e+02,8.270544776119403423e+02,5.120159123055162809e+02,9.859632216014897494e+02,nan,nan
-1.623618239140820151e+03,-7.960451262014560143e+02,-2.123798605911080131e+02,4.299208142403754818e-01,4.250765926986399563e+02,1.182929207688701354e+03,nan,nan,6.100732146879928450e+02,9.589821491074553705e+02,5.839598479448800390e+02,9.109590195327460833e+02
-1.047893381466635219e+03,-6.731811804349863451e+02,4.916896862580982770e+02,2.901285637068114487e-01,4.259267100977198766e+02,1.061060414788097432e+03,3.699795783926218746e+02,8.460077683615819524e+02,nan,nan,8.219538461538461434e+02,8.910092643051771120e+02
-1.371087725018809124e+03,-8.914838528159336875e+02,6.858898401834733249e+01,4.525529149887262403e-01,4.259621661721068335e+02,1.190972266244056982e+03,3.869456404736275772e+02,8.999654046997388832e+02,7.060169491525423382e+02,9.799736995908825747e+02,nan,nan
-1.767888435869607292e+03,-8.099911477477978679e+02,-3.888956175433778526e+02,3.599953124838566332e-01,4.269153696498054273e+02,1.201960465116279011e+03,nan,nan,5.569766627771294907e+02,9.779698910954516577e+02,5.339645432692307168e+02,9.080750493745885024e+02
-1.483166613751833893e+03,-1.182814324769471114e+03,-1.121963198539418585e+02,3.408729401046286522e-01,4.271002372479240989e+02,1.312129279811098058e+03,4.089946949602122004e+02,9.918655462184873386e+02,nan,nan,6.629946782776971759e+02,1.078019354838709660e+03
-2.139105665507418507e+03,-7.931163912324749390e+02,-8.198417449691578440e+02,5.878042759367646530e-01,4.271037735849056389e+02,1.229044785668585973e+03,3.899843581445523455e+02,8.080124146492861428e+02,4.370056743780008901e+02,9.988858447488584034e+02,nan,nan
-2.333114574915612593e+03,-1.023433261585846139e+03,-1.099503324655423512e+03,2.126260310602461068e-01,4.299814241486068340e+02,1.314919268030139847e+03,nan,nan,3.719122580645161520e+02,1.099919258046917548e+03,3.812223340040241624e+02,9.529780858676207345e+02
-1.393628109061624400e+03,-9.597984275909487906e+02,3.464053232636858493e+00,1.221629324699966129e-01,4.330271883289124730e+02,1.221035810810810744e+03,4.000244798041615581e+02,9.210669975186103784e+02,6.941358189081224737e+02,1.015951727642276410e+03,nan,nan
-2.015004384839488466e+03,-6.521555518991098097e+02,-6.831600655467635761e+02,4.156738147414650864e-01,nan,nan,3.868896882494004785e+02,7.689382022471910432e+02,4.860679245283018872e+02,9.378692767086927233e+02,4.438715874620829140e+02,8.310531343283581691e+02
-1.561168921119093284e+03,-1.005848817707605804e+03,-2.066428701169315616e+02,2.714531280840098426e-01,4.340048648648648850e+02,1.253913139087410627e+03,4.059303534303534207e+02,9.199569495694956913e+02,nan,nan,6.239847242921013049e+02,9.979677274764679851e+02
-1.603237327226985599e+03,-1.100517468824215939e+03,-2.701512445501573438e+02,2.458167052254796869e-01,4.341236793039154804e+02,1.291991549295774576e+03,4.120387275242047167e+02,9.479529683885890563e+02,nan,nan,6.149812878370941007e+02,1.031999413145539847e+03
-1.552137269520154859e+03,-9.953578228765787799e+02,-1.972397785211958308e+02,3.425746833125718482e-01,4.350679518072288943e+02,1.249956232686980684e+03,nan,nan,6.288861251457442449e+02,1.043977261243051998e+03,6.269095084979329613e+02,9.940345945945946369e+02
-1.441068069897637770e+03,-1.043983450861318033e+03,-7.730060867173591532e+01,3.840134323237633929e-01,4.360290416263310931e+02,1.257885529157667406e+03,4.090906630581867489e+02,9.450378842030021360e+02,6.709339576145885076e+02,1.059013083048919270e+03,nan,nan
-1.100495793064890222e+03,-5.459896520877495050e+02,4.046423634295088050e+02,5.006447774778317594e-01,4.370055299539170619e+02,1.022028320312500000e+03,3.731095890410958873e+02,7.859846575342465940e+02,nan,nan,7.910558558558558389e+02,8.240159118727050327e+02
-2.085179280915660001e+03,-7.443867637374154356e+02,-7.978811303958043482e+02,3.498081417473690169e-01,4.380054095826893104e+02,1.212034618410700205e+03,nan,nan,4.610174848688635052e+02,9.810325144508670974e+02,4.319078212290502847e+02,8.629967447916666288e+02
-1.677074148602751620e+03,-8.054130829877384485e+02,-3.454412738047232665e+02,4.237038047834538190e-01,4.421211298207496156e+02,1.195936537276648096e+03,4.020777385159010464e+02,8.399796397807360790e+02,5.939183333333332939e+02,9.750260777009046933e+02,nan,nan
-2.115952860345138106e+03,-7.470564419384820667e+02,-8.601157541385347258e+02,2.334489566753783496e-01,4.429270260359369331e+02,1.217041648007165350e+03,4.040251162790697776e+02,7.919667405764967043e+02,4.539606580829756695e+02,9.869672256097560421e+02,nan,nan
-1.743227894147437610e+03,-1.206429322024530165e+03,-4.892037994929910951e+02,1.466097928233441872e-01,4.440673352435530319e+02,1.340005098324836126e+03,4.289600271002710201e+02,9.659446227929373663e+02,nan,nan,5.760676982591876367e+02,1.056989136649513966e+03
-1.603411189537204109e+03,-1.260669443685070291e+03,-3.363287684079094220e+02,4.206062395040721102e-01,4.450235620235620217e+02,1.350942039106145330e+03,4.330008532423208294e+02,9.979990494296578163e+02,nan,nan,6.280937136204889839e+02,1.090028337531486159e+03
-1.300402412314604135e+03,-8.523415068071835776e+02,8.113010200347315504e+01,2.670823175354610224e-01,4.459233615221987179e+02,1.172974642392717897e+03,4.060906432748537895e+02,8.879293023255813750e+02,7.409197190165579059e+02,9.649724099099098567e+02,nan,nan
-1.580008400826920933e+03,-1.019005218488758715e+03,-2.780806858063722871e+02,2.225371401443101416e-01,4.459532763532763511e+02,1.262864330130016924e+03,4.189035971223021306e+02,9.199624413145539847e+02,nan,nan,6.211865819769749351e+02,9.970141601562500000e+02
-1.308282027040889034e+03,-7.468785858146824239e+02,8.597531919678694123e+01,1.628878565019653002e-01,4.461102320675105375e+02,1.133924984106802185e+03,nan,nan,7.430642633228840168e+02,9.179951130116065769e+02,7.101086744639376320e+02,9.019117346938775199e+02
-1.069629418732566137e+03,-9.473000688124971020e+02,3.509161180851589279e+02,1.082416928256357130e-01,4.471437873033098072e+02,1.182946275946276046e+03,4.109950273495772990e+02,9.509675245098038658e+02,8.409518973810796751e+02,9.869614354579539395e+02,nan,nan
-1.377324368028230538e+03,-1.230420651958304006e+03,-8.508540501025505876e+01,2.485105192039719635e-01,4.511587171052631788e+02,1.325990884718498592e+03,4.359572573463935896e+02,1.014035211267605632e+03,6.900651588583737066e+02,1.143979952830188722e+03,nan,nan
-1.586794347727177410e+03,-8.487806016894425056e+02,-2.864923424340698261e+02,2.495213196256254318e-01,4.519191132414619574e+02,1.203982620320855631e+03,4.150142772159429114e+02,8.599644772117962930e+02,nan,nan,6.091023720349562609e+02,9.259571776155718226e+02
-1.096409698130002198e+03,-7.290927093600728313e+02,3.260961196557993844e+02,7.126056004842603597e-01,4.529906629318393811e+02,1.098991444866920119e+03,4.030478114478114549e+02,8.599978054133138130e+02,nan,nan,8.030327749453750812e+02,9.059736955584303360e+02
-1.201498274824071586e+03,-8.841188778257990180e+02,1.704373162835530877e+02,4.668286823293539278e-01,4.531318607764391118e+02,1.175895552560646820e+03,nan,nan,7.830294384057971229e+02,9.730117584179582764e+02,7.650047704233750210e+02,9.669837194740138102e+02
-1.781318323016041177e+03,-8.552551462229286017e+02,-5.226010622947125057e+02,2.697715709200856349e-01,4.531401303538174830e+02,1.225004907306434006e+03,4.179344262295081762e+02,8.469770387965162399e+02,5.580409181636726998e+02,1.008958454106280215e+03,nan,nan
-2.288250262706183548e+03,-7.462923637635343539e+02,-1.125916965565053943e+03,4.044831681724465056e-01,4.539693460490462940e+02,1.233004985754985682e+03,nan,nan,4.110203962703962475e+02,1.005006706908115348e+03,3.849486251808972384e+02,8.489670588235294417e+02
-1.704503811289473788e+03,-7.435166178301182072e+02,-4.227022977257357752e+02,2.209960742773939557e-01,4.551664442961974828e+02,1.180069255404323485e+03,nan,nan,5.909329805996472942e+02,9.580501567398118823e+02,5.611245190626093517e+02,8.759544086021505791e+02
-2.459812595696807421e+03,-8.292544080595977221e+02,-1.371502471727734019e+03,1.684316241754338084e-01,4.561748586341887517e+02,1.270971627408993527e+03,4.260269438029253024e+02,7.939690098261527282e+02,3.649481081081081015e+02,1.046976000000000113e+03,nan,nan
-1.285703898050219777e+03,-7.588746605106409788e+02,7.180929881960295802e+01,4.639683927247634787e-01,4.569919224555735013e+02,1.138012944983818670e+03,nan,nan,7.530234423195557838e+02,9.259531554977228325e+02,7.219896265560165602e+02,9.060058187863673993e+02
-1.742689057575604238e+03,-6.286275631370878045e+02,-4.607338733062365463e+02,1.121243104377248168e+00,4.569932716568545175e+02,1.145024411508282583e+03,nan,nan,5.849650019661817169e+02,9.169834070796459855e+02,5.400614425645592291e+02,8.268506281991624292e+02
-1.590676068488788360e+03,-1.025180220311123094e+03,-3.348875357061446607e+02,2.336703200563831073e-01,4.570913978494623393e+02,1.267934489402697409e+03,4.300660327522451212e+02,9.188441704035874409e+02,6.179763349514563515e+02,1.067994132985658325e+03,nan,nan
-2.182309199647778769e+03,-9.249799023405170146e+02,-1.036915263354234639e+03,5.335722485699342377e-01,4.580637626262626441e+02,1.279107761385503636e+03,4.298860335195530524e+02,8.400405405405405190e+02,4.320839225330464046e+02,1.064990063233965657e+03,nan,nan
-1.369953133285849617e+03,-9.542921761203874667e+02,-6.604438930315231460e+01,2.644319625129473716e-01,4.589560375146541560e+02,1.221937182741116658e+03,4.259951377633711331e+02,9.159608091024019814e+02,7.080555891238670938e+02,1.021990706319702554e+03,nan,nan
-1.527173971092799775e+03,-1.120359880017477735e+03,-2.939155691928816623e+02,1.704807017065501640e-01,nan,nan,4.410613636363636374e+02,9.559595041322313591e+02,6.379583333333333712e+02,1.106980659840728094e+03,6.510546786922209321e+02,1.034991331269349757e+03
-2.008129035153802761e+03,-1.184618970375083563e+03,-8.772467956282965815e+02,7.122956153762945997e-01,4.620547169811320600e+02,1.350036703601108002e+03,4.449367088607594951e+02,9.289618949536560422e+02,4.711376190476190686e+02,1.157924347362813023e+03,nan,nan
-1.431438179693910797e+03,-1.187853788462449302e+03,-1.836023273515518213e+02,6.004476493883830202e-01,4.620878754171301352e+02,1.314960759493670821e+03,4.430507487520798691e+02,9.899276485788113860e+02,nan,nan,6.900275516593612792e+02,1.071014294996751232e+03
-1.705134295855568780e+03,-9.871080298910019337e+02,-4.872969120074786247e+02,4.381551583073393097e-01,4.621217423678332352e+02,1.264993386868209654e+03,4.339726669269816739e+02,8.949765135699374241e+02,5.799630715123095115e+02,1.060981639344262248e+03,nan,nan
-1.593879008378473372e+03,-1.085816694067583512e+03,-3.803168808247868924e+02,2.837977932707481110e-01,4.649813352476668911e+02,1.290991863905325545e+03,nan,nan,6.160054844606946745e+02,1.096990837696335120e+03,6.251182598039215463e+02,1.014991071428571445e+03
-1.713643243566663386e+03,-7.954745367310325719e+02,-4.838899808531933218e+02,1.535787102460174358e-01,4.650409429280397262e+02,1.200986449864498582e+03,nan,nan,5.879857293868922170e+02,9.849507908611599305e+02,5.649676258992806197e+02,8.929861218195836727e+02
-1.804929294753223303e+03,-8.024109478161265088e+02,-5.971134424666403220e+02,2.768666170768104839e-01,4.659728571428571513e+02,1.212012399708242128e+03,nan,nan,5.570003855050115362e+02,9.949762273901808385e+02,5.350771717171717228e+02,8.909371651242084909e+02
-2.235964667965015906e+03,-9.838519886443041287e+02,-1.154909133637662080e+03,4.797607244566672868e-01,4.660335195530726082e+02,1.303013888888888914e+03,4.420096426545661075e+02,8.510250481695568396e+02,4.190845070422535059e+02,1.093127784290738646e+03,nan,nan
-9.808794694531917457e+02,-8.139638226505732064e+02,4.081800519207336606e+02,2.558409487730207155e-01,4.669245283018867667e+02,1.121979353062629116e+03,4.229527950310559277e+02,9.030000000000000000e+02,nan,nan,8.629502971366828206e+02,9.490035523978685887e+02
-1.627167311576712109e+03,-1.095276085289889579e+03,-4.306522206132162864e+02,9.254366031749250432e-02,4.671203949867071969e+02,1.297115235217954250e+03,4.449518815545959001e+02,9.360013860013859812e+02,nan,nan,6.151188010899182927e+02,1.015031156381066467e+03
-1.225089404285139381e+03,-7.726733920781632605e+02,9.752386671989911804e+01,5.369040808233083162e-01,4.690391061452514236e+02,1.139008243500317121e+03,nan,nan,7.800657300551931712e+02,9.319924637681159538e+02,7.499262258209627134e+02,9.119889937106918296e+02
-1.178589880125241280e+03,-9.669703384961082975e+02,1.217438870365262744e+02,8.045897846614556981e-01,4.701951844262295026e+02,1.209915814792543642e+03,nan,nan,7.909982300884955748e+02,1.016990384615384642e+03,7.809901840490797440e+02,9.980057434588385377e+02
-1.031125205570650451e+03,-5.728675290586971869e+02,3.587032276098996704e+02,3.745901346100663498e-01,4.710194040194040213e+02,1.034097432024169166e+03,4.130727611940298516e+02,7.980000000000000000e+02,nan,nan,8.280205213533000688e+02,8.309893617021276668e+02
-1.596588261523658730e+03,-9.724277773501137290e+02,-3.935679252821854561e+02,3.508159989167769499e-01,4.710246418338109038e+02,1.252038536903984323e+03,nan,nan,6.219607605177993719e+02,1.052048698167791599e+03,6.190941901408450576e+02,9.680136847440445536e+02
-1.417932184236437251e+03,-9.796113939744461732e+02,-1.811860569927220297e+02,9.479151254762489820e-02,4.720708973723351392e+02,1.239032258064516100e+03,4.420792857142857315e+02,9.169862068965517210e+02,nan,nan,6.850277240490006534e+02,9.839955099422707008e+02
-2.287318198036160084e+03,-7.639016203708923740e+02,-1.233638435302105790e+03,1.983602937962896384e-01,4.749846910880262385e+02,1.242988757026858138e+03,4.400415407854985119e+02,7.829704675963904492e+02,4.210346666666666806e+02,1.020002391200382590e+03,nan,nan
-1.728596908803605402e+03,-9.895317726806265455e+02,-5.721585014881170537e+02,1.766193923706334823e-01,4.750513219284603679e+02,1.270025758443045333e+03,nan,nan,5.760057958091841783e+02,1.068934530095036962e+03,5.761748589846897630e+02,9.639935162094762973e+02
-1.778665375869365562e+03,-7.654652389620122221e+02,-6.067345679719135205e+02,2.130410139498116751e-01,4.759882869692532950e+02,1.200028106508875680e+03,4.369473684210526585e+02,8.139546079779917136e+02,5.709370897155361035e+02,9.830098039215686185e+02,nan,nan
-1.353143167366067473e+03,-7.704734698514292859e+02,-9.281288407599913626e+01,7.899694380109141545e-02,4.769204252577319494e+02,1.156899674872271362e+03,4.341606595092024463e+02,8.469453164556962292e+02,nan,nan,6.990075386355069895e+02,8.999666820916241932e+02
-9.941545284266586577e+02,-5.308318586887252195e+02,3.888161320462326671e+02,4.029860520799553592e-01,4.769962797619047592e+02,1.012952342487883698e+03,4.169663414634146079e+02,7.820499451152579695e+02,nan,nan,8.440213379469435040e+02,8.120088547815820448e+02
-8.952079891958832150e+02,-7.359857605402175977e+02,4.950168118036971805e+02,3.396499916864830215e-01,4.770026954177897665e+02,1.078930009587727682e+03,4.270386297376093125e+02,8.789992711370261986e+02,9.368506988564167841e+02,8.799747612551159364e+02,nan,nan
-1.725986829302971955e+03,-9.575566534459951527e+02,-5.734935418944439789e+02,3.026224782988941597e-01,4.770229489386115915e+02,1.258970904490828616e+03,4.480056369785795027e+02,8.800025188916877141e+02,5.790175970873785900e+02,1.056989046391752481e+03,nan,nan
-1.403932505986317210e+03,-8.207352760354796146e+02,-1.613719285466313238e+02,2.408284200413652043e-01,4.771626506024096557e+02,1.181050059594755567e+03,4.370784844384303369e+02,8.609868613138686442e+02,7.041064467766117332e+02,9.739921622867681208e+02,nan,nan
-1.623164740626402363e+03,-9.058309131487874311e+02,-4.504936566213830247e+02,3.991226908127190609e-01,4.789221064179923246e+02,1.233951561504142774e+03,nan,nan,6.180213238560639866e+02,1.028986133333333328e+03,6.079120961682945108e+02,9.369158225637443138e+02
-1.298244831857710551e+03,-9.517009771659027138e+02,-5.631633163782139206e+01,5.164063547216712902e-01,4.790620233858667802e+02,1.218013390139987905e+03,nan,nan,7.410664352999503990e+02,1.022985014409221890e+03,7.310035992801439306e+02,9.799831249999999727e+02
-1.369768281080247334e+03,-8.451454725082782033e+02,-1.338189052143518154e+02,5.072623315790288911e-01,4.799044013251301521e+02,1.186033618581907149e+03,nan,nan,7.169466918714555277e+02,9.830149253731343606e+02,6.970569925471284023e+02,9.299772727272727479e+02
-1.559661605312894835e+03,-1.290239465282603760e+03,-4.273409643263083808e+02,5.625108634631752480e-01,4.799513444302176595e+02,1.362991003460207594e+03,4.679824414715719172e+02,1.003042608695652120e+03,nan,nan,6.539814340588987989e+02,1.089994486560992527e+03
-8.771413084194673502e+02,-1.326988523506784531e+03,4.324962405791930564e+02,4.804255051869801285e-01,4.800386503067484796e+02,1.329950601646611858e+03,4.660063926940639476e+02,1.119965391621129356e+03,nan,nan,9.349798705966929901e+02,1.183960784313725526e+03
-1.938031255412249720e+03,-9.594656051602916023e+02,-8.462872613103952517e+02,3.798946924560175353e-01,4.801167477414871314e+02,1.276938059701492648e+03,nan,nan,5.111150842581175766e+02,1.072022889114954296e+03,5.111283783783783861e+02,9.369059314179795592e+02
-2.444141746089233948e+03,-7.513263404682217015e+02,-1.479434847746024388e+03,2.524833386076224540e-01,4.810617283950617207e+02,1.252970051132213257e+03,4.479519774011299660e+02,7.689873228933631708e+02,3.870624367195409832e+02,1.029933777592669685e+03,nan,nan
-2.472630951109814305e+03,-9.934904888710831301e+02,-1.551926563645157557e+03,6.072357350204468096e-01,4.810838747784997054e+02,1.322963527851458821e+03,nan,nan,3.680146153846154107e+02,1.114996652719665235e+03,3.759229357798164983e+02,9.139776190476191005e+02
-1.228556125952058210e+03,-6.763221414735425014e+02,5.303679498229764278e+01,2.622585837272740084e-01,nan,nan,4.330731566820276726e+02,8.209860186418109151e+02,7.839594145043246272e+02,8.959680054458815448e+02,7.460202349869451837e+02,8.650205298013245283e+02
-1.140172776853630467e+03,-7.525805903269841792e+02,1.554254173317414427e+02,7.292152568618259778e-01,4.819869451697127829e+02,1.124939068100358327e+03,nan,nan,8.199811778992107065e+02,9.199700446144040598e+02,7.870298117154811735e+02,9.040864864864864785e+02
-1.617905419712905996e+03,-8.964360486305622544e+02,-4.558008415692244739e+02,1.697270283642789146e-01,nan,nan,4.491098684210526244e+02,8.679198675496688793e+02,6.209614935822637563e+02,1.026016795865633185e+03,6.100365602471678130e+02,9.330250746268657167e+02
-1.361635442238362430e+03,-1.014650534917161622e+03,-1.606275395246076130e+02,2.938341323786879955e-01,4.830070521861777024e+02,1.248980190755685953e+03,4.550743967828418022e+02,9.320182748538011310e+02,nan,nan,7.109646067415729931e+02,9.990067650676506901e+02
-1.432189607464593109e+03,-1.169003203950134093e+03,-2.713649455757063151e+02,5.628890950376175262e-01,4.840746887966805048e+02,1.311972162740899421e+03,nan,nan,6.769582231623479629e+02,1.129046275395033945e+03,6.929656004828002551e+02,1.053952441344324598e+03
-1.529496898927442089e+03,-1.033359753320555910e+03,-3.779561951573471674e+02,1.951260326351969276e-01,4.850209564750134064e+02,1.271036505086774469e+03,4.589921589127025641e+02,9.209223241590214002e+02,6.470017028522776172e+02,1.077909931840311629e+03,nan,nan
-1.268818293386636242e+03,-8.163333843643964656e+02,-3.050472696108887405e+01,3.209315133198395453e-01,4.859868001820664745e+02,1.165929315068493224e+03,4.459860139860139725e+02,8.700368455074337817e+02,nan,nan,7.370114114114113590e+02,9.220196078431372371e+02
-1.558352316231079158e+03,-1.010927952059263475e+03,-4.188263738675070726e+02,2.411204901302679282e-01,4.869291553133514867e+02,1.266078512396694123e+03,nan,nan,6.380382615156017891e+02,1.071008011310084839e+03,6.391233893010543170e+02,9.799570463320463887e+02
-1.072794620931639201e+03,-5.745812183957453954e+02,2.456588565618032192e+02,3.012452330919652144e-01,4.870275150472915016e+02,1.046978383458646704e+03,nan,nan,8.581205821205820712e+02,8.340071090047393909e+02,8.100029359953024368e+02,8.260188014101057661e+02
-2.197460223871885319e+03,-9.001637760461923108e+02,-1.198933724997831405e+03,5.132998039256446710e-01,4.870465601111883416e+02,1.279062089116143170e+03,nan,nan,4.431220600162205869e+02,1.067921275535625227e+03,4.381479146459747653e+02,8.978926774734488845e+02
-1.320117414668934998e+03,-6.088751611704243487e+02,-7.479621828698758179e+01,1.823048730745565338e-01,4.880556521739130176e+02,1.097036837376459971e+03,4.359995780590717231e+02,7.880203355363497622e+02,nan,nan,7.050085054678007737e+02,8.289893816364772192e+02
-1.678787989496574937e+03,-1.285164785058055941e+03,-6.111881660721259095e+02,8.836238322482331542e-01,4.899583835946924069e+02,1.369005252790545001e+03,4.760591000671591928e+02,9.859856424982052658e+02,nan,nan,6.160168112798264701e+02,1.071973684210526244e+03
-2.286333070414816575e+03,-9.079764581747064085e+02,-1.335031245401249862e+03,3.785474813832421792e-01,4.900013097576947985e+02,1.288017844886753664e+03,nan,nan,4.219024612579763129e+02,1.077962839711591869e+03,4.179585635359115940e+02,8.939912023460410637e+02
-1.521353053707409344e+03,-9.189906040941272067e+02,-3.794996458290977444e+02,2.450563989515652796e-01,nan,nan,4.590578778135048310e+02,8.819444105070250544e+02,6.570870736086176294e+02,1.032053348050036902e+03,6.479082693176683279e+02,9.449709906951286484e+02
-1.790709504866500993e+03,-1.213099036002472303e+03,-7.464976675207485641e+02,5.898833733598092266e-01,4.910680803571428328e+02,1.350988435788192419e+03,4.749239046887009863e+02,9.510591949486977228e+02,nan,nan,5.763451944240645162e+02,1.035938604240282757e+03
-1.495387332900244246e+03,-5.902039399607243695e+02,-3.097833362520551646e+02,9.768629765450270730e-01,4.930068201193520849e+02,1.113973190348525577e+03,nan,nan,6.830859422958870937e+02,8.950154777927322129e+02,6.379842105263157919e+02,8.119931412894376308e+02
-1.444993135956845208e+03,-1.218857730291190137e+03,-3.325480921638813356e+02,3.402102397649648946e-01,nan,nan,4.770127490039840836e+02,9.900056726094003352e+02,6.709025803054239532e+02,1.154986046511627819e+03,6.939622758194186645e+02,1.066998003992016038e+03
-1.926850935471957882e+03,-8.648762061216668826e+02,-8.839562569341657081e+02,2.612936021296527467e-01,4.939993021632938053e+02,1.249019354838709660e+03,4.619410555174777073e+02,8.329901215805471111e+02,5.250209523809523944e+02,1.040040214477211748e+03,nan,nan
-1.386242983671902493e+03,-6.910251767868642219e+02,-2.050588702805676746e+02,1.833541624138911585e-01,4.969432432432432165e+02,1.137993817619783613e+03,4.511154362416107233e+02,8.119646209386281726e+02,7.210702629193109487e+02,9.269300349825088006e+02,nan,nan
-1.176519081308907062e+03,-5.522624942861776844e+02,7.217847032822858466e+01,1.157648605554030263e+00,4.989847457627118388e+02,1.060015496809480510e+03,4.410140405616224371e+02,7.750207468879667658e+02,nan,nan,7.639386091127098553e+02,8.070175159235668616e+02
-1.133657689576482881e+03,-7.633529849831813863e+02,9.618975808678170836e+01,2.131587385372911703e-01,4.990423797881010728e+02,1.133016211604095588e+03,4.550943293347873464e+02,8.599554020100503067e+02,nan,nan,7.930649801587301226e+02,9.039545208446128299e+02
-1.471432555043679031e+03,-9.531706291531669422e+02,-3.601540414255541691e+02,1.562915206390077250e-01,nan,nan,4.700248243559718730e+02,8.960452006094463968e+02,6.759779686333084783e+02,1.046091105354058755e+03,6.699566987416728807e+02,9.590883499350368311e+02
-1.863956719965677848e+03,-1.271493448362494746e+03,-8.901890029127905564e+02,7.994115320065954267e-01,5.010716824644549661e+02,1.375010996119016909e+03,4.870308953341740335e+02,9.590699346405228880e+02,5.260499999999999545e+02,1.196981514609421538e+03,nan,nan
-9.446662690158142368e+02,-6.593333798599380771e+02,3.454717984121268728e+02,5.565979662640997416e-01,5.019707740916271632e+02,1.063995819397993273e+03,4.500505933791380357e+02,8.369937973811164511e+02,nan,nan,8.740055035773252712e+02,8.690114220445459523e+02
-1.422271107837726049e+03,-9.323389416627916262e+02,-3.025104289762879262e+02,2.530433960460983234e-01,5.020610034207525700e+02,1.229045454545454504e+03,4.700926553672316572e+02,8.930445632798573570e+02,nan,nan,6.871656104773975358e+02,9.539925253603844340e+02
-8.313239601432792369e+02,-9.033959805474246423e+02,4.569123343520346339e+02,7.308365706615298218e-02,5.041980198019801946e+02,1.148072996426748432e+03,4.660210185933710818e+02,9.499109477124183059e+02,9.600262850467289582e+02,9.659550949913643763e+02,nan,nan
-9.471541011582633018e+02,-6.447672424022208588e+02,3.316718699334104485e+02,6.480847010600222502e-01,5.050055865921787586e+02,1.061063829787233999e+03,4.521530454895913635e+02,8.290023430178068793e+02,nan,nan,8.729701014415376221e+02,8.610110803324099606e+02
-2.071019578667122005e+03,-7.255147352358053467e+02,-1.104973808530612132e+03,2.565813904155578862e-01,5.050486366985998643e+02,1.221006083650190021e+03,nan,nan,4.948980921358771639e+02,1.003987179487179446e+03,4.679108695652174106e+02,8.370664160401003073e+02
-1.450618346047217301e+03,-9.105532409497396884e+02,-3.481701116557302385e+02,2.827399264430259795e-01,5.051130298273155290e+02,1.225041617819460726e+03,nan,nan,6.869556034482758378e+02,1.028133179723502280e+03,6.759561611374407448e+02,9.419387277829747518e+02
-1.317783393617578213e+03,-7.847692931969437495e+02,-1.685857721101370714e+02,4.245722917370969296e-01,5.059932724651609988e+02,1.165918996006845418e+03,nan,nan,7.440935334872979183e+02,9.639654747225647498e+02,7.198754803996924920e+02,8.990576395242452463e+02
-1.673716354472602234e+03,-7.356842198363900707e+02,-6.126552179342785394e+02,2.936002286390071991e-01,5.070718204488778156e+02,1.187980670835702085e+03,4.670265686828716980e+02,8.060567632850242035e+02,6.170106918238993785e+02,9.769854976928147607e+02,nan,nan
-2.150346247460111499e+03,-9.817150910014870533e+02,-1.258367844876611798e+03,2.810046387019186631e-01,5.080470798569725730e+02,1.303916270783847949e+03,4.829833729216152278e+02,8.489902597402597166e+02,nan,nan,4.661213636363636397e+02,9.209918557300755992e+02
-1.745193090772809455e+03,-1.053782305176517866e+03,-7.622215391285492387e+02,1.702428011563753285e-01,5.109635364635364567e+02,1.298914330218068471e+03,4.879736706246773110e+02,9.019731663685151943e+02,nan,nan,5.872382651660718693e+02,9.730052930056710920e+02
-1.955361735568742006e+03,-8.144368252409664137e+02,-1.010369376787098531e+03,2.163982099622665523e-01,5.139414922168544990e+02,1.239911421911421940e+03,4.800078291814946851e+02,8.120522696011004200e+02,5.270861702127659782e+02,1.031972151898734182e+03,nan,nan
-1.432125318835314829e+03,-8.206243861558293702e+02,-3.558573605470361372e+02,3.067243721015615598e-01,5.148993464052288118e+02,1.193908688433868292e+03,4.780026232948583242e+02,8.510012232415901963e+02,nan,nan,6.800382754069511293e+02,9.039696663296258521e+02
-1.703735038214347242e+03,-8.686028806182180233e+02,-7.070063198301377270e+02,1.563245791284756936e-01,5.160148200423429898e+02,1.235978723404255334e+03,4.830503903477643917e+02,8.459984709480122547e+02,nan,nan,5.899795299469294605e+02,9.059529810954919640e+02
-1.439255193214533847e+03,-8.583431975872745170e+02,-3.809383412393981416e+02,2.682830921456906270e-01,5.179992882562277146e+02,1.207962857142857047e+03,nan,nan,6.959976717112922415e+02,1.010997368421052670e+03,6.800569550930996456e+02,9.179796923076922894e+02
-1.972683871254295127e+03,-1.005696872784236689e+03,-1.091607559154372211e+03,6.609987770930030315e-01,5.199877697841726558e+02,1.301975212464589276e+03,nan,nan,5.151096992799660939e+02,1.106032223983095719e+03,5.211090107120353423e+02,9.360121786197564688e+02
-1.205687963457748765e+03,-7.874269023046433631e+02,-8.348348217046378750e+01,3.114538178956677839e-01,5.201640974639483375e+02,1.157021726010862949e+03,4.789969992498124611e+02,8.579850863422292377e+02,7.919384178114637507e+02,9.610026795284029504e+02,nan,nan
-1.288907818561487147e+03,-6.911439780765686010e+02,-1.823853104449751186e+02,1.794821953750754540e-01,5.210048154093097992e+02,1.132989547038327601e+03,nan,nan,7.629940688018980381e+02,9.289134328358209132e+02,7.280733178654292033e+02,8.569776041666666515e+02
-1.638930448170064665e+03,-7.398713569149734894e+02,-6.309361737106606824e+02,2.430886981981132955e-01,5.210445956160241394e+02,1.189008377760852909e+03,4.809571750563486034e+02,8.080496664195700305e+02,6.320653061224489875e+02,9.819351216469120800e+02,nan,nan
-1.409779870586122343e+03,-9.179379073757426113e+02,-3.664823347712603550e+02,1.569195211378368038e-01,5.211336056009334925e+02,1.226994620040349673e+03,nan,nan,7.049523578026252153e+02,1.035007860752386250e+03,6.950133928571428896e+02,9.419827798277982538e+02
-9.573991061981345183e+02,-5.106420433835838253e+02,2.677116708731579706e+02,4.098535902384198848e-01,5.219791099000908616e+02,1.015979166666666629e+03,4.640353378797271944e+02,7.708812698412698410e+02,9.149643895348837077e+02,8.089930124223602661e+02,nan,nan
-1.125472307521519724e+03,-1.048130653671010805e+03,-2.562195177198573148e+01,5.701233357087256426e-01,5.229403846153845734e+02,1.248002092050209285e+03,nan,nan,8.140203134068485724e+02,1.068968408262454432e+03,8.130141532454856588e+02,1.016956475583864062e+03
-1.184128816995863190e+03,-8.540053791456066392e+02,-7.690689001990365625e+01,1.186675541284621938e-01,5.230760330578511912e+02,1.180000000000000000e+03,4.860379572118702640e+02,8.840087082728591668e+02,7.979622201492537670e+02,9.889937205651491468e+02,nan,nan
-1.384672739313793954e+03,-7.098567674970428243e+02,-3.193071899516419307e+02,2.345000639009377219e-01,5.240437788018433594e+02,1.151843838727995490e+03,nan,nan,7.250103721781574677e+02,9.480453674121405356e+02,6.931130179991628211e+02,8.589414285714285597e+02
-9.759453605214522440e+02,-8.279519427262550835e+02,1.952203985566708866e+02,1.518583447740102232e-01,5.240494011976047659e+02,1.143976131687242741e+03,4.840867346938775313e+02,8.959981481481481751e+02,nan,nan,8.679912331969608204e+02,9.360023557126030482e+02
-1.552150250674117160e+03,-8.601724494285822402e+02,-5.559004463694661808e+02,3.423100955880191698e-01,5.249220389805097966e+02,1.222030427150380319e+03,4.910253443526170827e+02,8.529030159668834585e+02,6.570748044882692511e+02,1.024071839080459768e+03,nan,nan
-1.334929041856754338e+03,-1.012059942147729544e+03,-2.983522837913218382e+02,3.365412919769042444e-01,5.249840616966580455e+02,1.253921524663677019e+03,nan,nan,7.291211822660098960e+02,1.069998843930635758e+03,7.289816803537586338e+02,9.840149253731343606e+02
-1.362860089896428917e+03,-7.958914997519792678e+02,-3.209419849741980215e+02,1.808456808000655780e-01,5.280154711673699239e+02,1.180982808022922654e+03,4.899790613718411691e+02,8.460033840947546651e+02,nan,nan,7.070273368606701752e+02,8.940018083182640112e+02
-2.452122732064630327e+03,-7.520575506911505954e+02,-1.800137927215506807e+03,2.910072501119039812e-01,5.289786223277909585e+02,1.266060136391816513e+03,nan,nan,4.141572135515797299e+02,1.052988947621335910e+03,3.940581395348837077e+02,8.199672597864769159e+02
-1.556219846150898775e+03,-8.625697146631947589e+02,-5.837096573367069823e+02,7.201307073223771615e-01,5.300265654648956115e+02,1.223013779527559109e+03,nan,nan,6.559794847328244032e+02,1.027976706392199276e+03,6.429537572254334918e+02,9.079692750840134750e+02
-8.993225581475902572e+02,-2.092454215672134978e+03,1.210746786480586934e+02,5.786206591534148735e-01,5.309818376068376438e+02,1.671976817702845210e+03,nan,nan,8.729775815217391255e+02,1.558981144781144849e+03,9.569875091844231747e+02,1.451984126984126988e+03
-1.004102491349205366e+03,-7.587305414718165366e+02,1.381128163690418376e+02,3.574556105427348918e-01,5.309971651311126379e+02,1.122965277777777828e+03,4.880134961439588892e+02,8.639906204906204721e+02,8.819161290322580271e+02,9.320057088487154715e+02,nan,nan
-1.038958199112186776e+03,-7.082750698365763355e+02,9.176426012118744779e+01,2.969116310606993991e-01,5.329391468005019306e+02,1.108980320699708500e+03,nan,nan,8.679453453453453449e+02,9.140292470441817159e+02,8.350745568300312698e+02,8.759776376146788834e+02
-1.417005753470590207e+03,-7.209588075244275842e+02,-4.037373027352649615e+02,8.817542325169119843e-02,nan,nan,4.919170249355116198e+02,8.149791780821917655e+02,7.140726933830381995e+02,9.600125477359520119e+02,6.839782608695652470e+02,8.589956359102244505e+02
-9.691315426785854470e+02,-9.324788184411196426e+02,1.543143601645649028e+02,3.528666136588275992e-01,5.340580126364158104e+02,1.187038659793814531e+03,4.990192444761225943e+02,9.350311252992817117e+02,nan,nan,8.760285261489699451e+02,9.789781985083189966e+02
-1.013226836118389087e+03,-6.527097777590520309e+02,1.224840761895376460e+02,3.338127244971009766e-01,5.349500384319753721e+02,1.085018633540372775e+03,4.869528005034612761e+02,8.209670175438596971e+02,nan,nan,8.439186778593914369e+02,8.520090651558073205e+02
-2.194974071531682966e+03,-6.283167983501798517e+02,-1.427776036571486429e+03,7.614326058774364414e-01,5.351379629629630017e+02,1.209951011714590095e+03,nan,nan,4.811307517084282495e+02,9.950310910118711263e+02,4.451115646258503489e+02,7.899468531468531864e+02
-1.621814487677511806e+03,-7.689898225558450804e+02,-6.910675845142312710e+02,4.929797579780731964e-01,5.379688135593220295e+02,1.201994425087108084e+03,5.000588642659279799e+02,8.159759475218659190e+02,6.410498209052425409e+02,9.989929886064854827e+02,nan,nan
-1.165368765953142656e+03,-9.795590288525849019e+02,-1.331210638951296801e+02,2.955392700951830487e-01,5.389373297002724712e+02,1.228977667493796616e+03,5.090018856065367459e+02,9.281129132875857977e+02,8.010557663125948693e+02,1.047988609397247274e+03,nan,nan
-1.140953955123219430e+03,-1.407934841965928172e+03,-1.574975819498708347e+02,3.767531200154282112e-01,5.399579560155239051e+02,1.389974547890154099e+03,5.310422654268808174e+02,1.079954867256637272e+03,nan,nan,8.261015187849719723e+02,1.151171861086375884e+03
-1.609949659084162477e+03,-9.226859697245397456e+02,-7.062049700936080399e+02,2.362969551327539774e-01,5.400793750000000273e+02,1.251004781420765084e+03,nan,nan,6.380588910133843683e+02,1.059048049476688902e+03,6.310410427066001375e+02,9.239454244762954431e+02
-2.415881901696172463e+03,-5.845400198438861707e+02,-1.807802510416235918e+03,2.494349856971957990e-01,5.409841437632135239e+02,1.220919816723940357e+03,nan,nan,4.370105189340813467e+02,1.003022137404580121e+03,3.980457559681697717e+02,7.639731142643763633e+02
-2.051400547587553774e+03,-6.647739588033551854e+02,-1.262354852739389571e+03,3.247814386343581550e-01,5.411075268817204460e+02,1.209996489174956196e+03,5.031140495867768436e+02,7.579694323144104828e+02,5.190240532241555229e+02,9.980246690734055619e+02,nan,nan
-1.370912657866417931e+03,-8.449069666400182541e+02,-3.971041370016614565e+02,3.807401409423211702e-01,nan,nan,5.069613333333333571e+02,8.599555073250135138e+02,7.269966301600674115e+02,1.010054389312977150e+03,7.091709183673469852e+02,9.089716247139588177e+02
-2.474675092354409571e+03,-9.594076390863463075e+02,-1.953344649140502952e+03,3.269093581663347070e-01,5.430273224043716027e+02,1.327003144654088146e+03,5.189225626740947064e+02,8.099602021478206098e+02,4.080523446019629432e+02,1.126110461718293436e+03,nan,nan
-2.474897709453913649e+03,-7.807376548762439370e+02,-1.956937466820315649e+03,5.119147127126905117e-01,5.449793014230272092e+02,1.278994645247657218e+03,5.179752407152682281e+02,7.619882697947214183e+02,4.181504587155963577e+02,1.072026225769669281e+03,nan,nan
-1.940600371761167935e+03,-9.974573695306580703e+02,-1.174521723063395939e+03,2.603365138735893591e-01,5.450329749103942731e+02,1.300956059532246627e+03,nan,nan,5.349678217821782482e+02,1.109990215264187782e+03,5.390115755627009548e+02,9.269891818796484131e+02
-1.586917631007869204e+03,-8.962847378489684615e+02,-6.942154411314138542e+02,4.636012609423962871e-01,5.451078046041549214e+02,1.240991320520768795e+03,5.130139567341242355e+02,8.589773926149208592e+02,6.479240451388889142e+02,1.048994502473886769e+03,nan,nan
-1.197795371430690693e+03,-9.066286657640772546e+02,-1.923837126412030045e+02,3.419735530533274392e-01,5.451226920786182291e+02,1.206997541487400213e+03,nan,nan,7.919976998274870539e+02,1.021962375073486214e+03,7.790154100165107138e+02,9.450208695652173674e+02
-1.767377327634702624e+03,-8.083918409187372163e+02,-9.220898235973570536e+02,4.495867435802490264e-01,5.451404893449092697e+02,1.229953890489913647e+03,nan,nan,5.949207079646017746e+02,1.029009178743961456e+03,5.770011815675462685e+02,8.701594571670907499e+02
-2.201220438337034921e+03,-7.633212007491190434e+02,-1.524760743701379170e+03,6.408654557480421010e-01,5.469462857142857501e+02,1.252073170731707251e+03,5.159768745620182244e+02,7.770316409124355914e+02,4.789674754775425640e+02,1.046004214328717580e+03,nan,nan
-1.403281791982587265e+03,-1.112134166647214897e+03,-4.990177992576308839e+02,3.649096110212179944e-01,nan,nan,5.260341494845361012e+02,9.449077025232403457e+02,7.029474145486415182e+02,1.124991444388525451e+03,7.139943449575871455e+02,1.006932453021838455e+03
-2.460447035849854274e+03,-1.013939790229567734e+03,-1.979249661044179220e+03,1.876385212168015792e-01,5.489965301873698991e+02,1.342006681514476668e+03,nan,nan,4.121676413255360671e+02,1.144989060169070171e+03,4.210417381360777540e+02,8.939570787956438380e+02
-1.368973032551383085e+03,-1.011622174417860379e+03,-4.521543711829932022e+02,3.639632895836169002e-01,5.499807121661721112e+02,1.261993757094211105e+03,5.240073964497041743e+02,9.149862174578867098e+02,nan,nan,7.210604428485936523e+02,9.709836683417084942e+02
-1.360665755129656191e+03,-9.485767437978539647e+02,-4.367150198375007903e+02,2.652033349833685105e-01,nan,nan,5.210282051282051725e+02,8.939926224010730493e+02,7.269746192893401258e+02,1.055983323749281226e+03,7.210833333333333712e+02,9.469021113243761647e+02
-1.594034951334801235e+03,-7.011235658566577058e+02,-7.091300610692018154e+02,1.305708388262486752e-01,5.509116254602840854e+02,1.179992523364486033e+03,5.110345043914680332e+02,7.939385437541750434e+02,6.569492044063647427e+02,9.770132538104704736e+02,nan,nan
-2.403881918535758359e+03,-8.490326988549605858e+02,-1.878180553067561277e+03,4.289382026058772279e-01,5.509836065573770156e+02,1.292967509025270829e+03,nan,nan,4.319438202247191043e+02,1.089965986394557831e+03,4.230879721669979858e+02,8.469766153846153429e+02
-8.932868213366888313e+02,-3.966178755317994842e+02,2.528201549824962058e+02,7.155524133018603683e-01,5.511350210970464332e+02,9.719909706546275174e+02,4.880214757709251217e+02,7.229925971622454881e+02,nan,nan,8.890392584514721648e+02,7.369838619922091993e+02
-7.682452263326176762e+02,-1.148917692568777511e+03,3.237346494597323954e+02,5.782814998422193264e-01,5.540120634920634757e+02,1.256989623865110161e+03,nan,nan,9.779164535379369454e+02,1.097970900692840587e+03,9.780144766146993334e+02,1.085007299270072963e+03
-1.574127638817998104e+03,-9.717480342110854963e+02,-7.423252033437677255e+02,4.139786742569094291e-01,5.560977995110024494e+02,1.267996853366897312e+03,5.289621166566446391e+02,8.810156862745097897e+02,6.519319438536792859e+02,1.081966136480246178e+03,nan,nan
-1.261344445722369073e+03,-1.014106022126613084e+03,-3.450107556200032377e+02,1.861365917017562543e-01,5.580168119551681229e+02,1.255009803921568619e+03,nan,nan,7.629812362030904751e+02,1.078000592768227534e+03,7.620124688279302063e+02,9.779876382563435300e+02
-2.117494638346634474e+03,-8.651661358476585519e+02,-1.486931543073015064e+03,1.695188295855290794e-01,5.590153031194820414e+02,1.277943880597014868e+03,5.309915590863952275e+02,8.080000000000000000e+02,5.009734468937875818e+02,1.079953203342618281e+03,nan,nan
-8.954722230039143369e+02,-1.120794957822688957e+03,1.261886268071683475e+02,3.963445508001081641e-01,nan,nan,5.361000658327847077e+02,1.008890972222222217e+03,9.150072127769191184e+02,1.096987726787619977e+03,9.179844640082858405e+02,1.055986133333333328e+03
-1.375246305897143657e+03,-8.040234861781484597e+02,-4.835502178558639912e+02,2.376642523467991097e-01,5.609778461538461443e+02,1.194021912350597631e+03,5.250364025695931787e+02,8.418781226343678554e+02,nan,nan,7.100319567354965784e+02,8.859737136465324738e+02
-1.262910266240518695e+03,-1.204043566531370516e+03,-3.851750608836780430e+02,5.817986225440973103e-01,5.609865248226950598e+02,1.323976968796433766e+03,5.439621661721067767e+02,9.869555369127516542e+02,nan,nan,7.719472490073737845e+02,1.049942705256940371e+03
-1.475115801974435499e+03,-1.105243724048830018e+03,-6.526135127587760962e+02,2.646697318369837792e-01,5.610289855072463752e+02,1.305019018404907911e+03,5.399822017139090349e+02,9.319603340292275107e+02,nan,nan,6.920012674271229116e+02,9.929846350832266353e+02
-8.201454283921651722e+02,-7.633937541820250772e+02,2.675963674208312568e+02,4.841246587873769269e-01,5.610913838120104629e+02,1.106920590302178425e+03,nan,nan,9.680452203777905424e+02,9.269932390903503574e+02,9.380063931806073469e+02,9.069800554016620708e+02
-2.146743536002733890e+03,-6.903066394847312495e+02,-1.535908105707814002e+03,5.792738093402921562e-01,5.630182291666666288e+02,1.230995087719298226e+03,nan,nan,5.040374699209350524e+02,1.026017163504968494e+03,4.761079839172888910e+02,8.050227864583333712e+02
-2.449392461797023770e+03,-8.693960051338960966e+02,-2.060668381498105646e+03,1.950088955693309034e-01,5.639874292897549140e+02,1.305951487710219908e+03,5.389874141876430258e+02,7.830201257861634758e+02,4.300490066225165720e+02,1.105051271003877673e+03,nan,nan
-2.471855605196724355e+03,-5.560676664078266640e+02,-2.091906439357216641e+03,2.230797255094900677e-01,5.650065681444991696e+02,1.226078222222222166e+03,nan,nan,4.410132681564246013e+02,1.012858690744920978e+03,4.029477668433005420e+02,7.460088924818107898e+02
-8.709859902776614717e+02,-8.337121606855872642e+02,1.677250282239103853e+02,7.225141404353915275e-01,5.659802775748721615e+02,1.143992447129909351e+03,nan,nan,9.399965909090908553e+02,9.679880668257756042e+02,9.169575694080670019e+02,9.319731506849315110e+02
-1.336815118011991217e+03,-1.183365800920805214e+03,-4.993572269632299481e+02,3.414310832616351266e-01,nan,nan,5.469689320388349643e+02,9.709460610361958288e+02,7.270707616707617262e+02,1.156017476788640124e+03,7.450257352941176805e+02,1.031994155464640471e+03
-7.625186225473678405e+02,-2.770263872170540935e+02,3.812192242814808765e+02,4.342270600223607779e-01,5.670010183299389155e+02,9.059954285714285334e+02,4.990242550242550124e+02,6.789714703730796828e+02,nan,nan,9.489783298097252100e+02,6.790154440154440181e+02
-8.418158994762665088e+02,-5.862853955824099330e+02,2.369877230244141231e+02,4.871456972775906613e-01,5.670463917525772786e+02,1.041992907801418369e+03,5.149428571428571786e+02,8.040450321658327084e+02,nan,nan,9.210500532481363507e+02,8.240292708887706112e+02
-2.336092062964445631e+03,-6.995676730276247781e+02,-1.882221431499310029e+03,4.106543018375329868e-01,5.689581367924528195e+02,1.252926638604930758e+03,nan,nan,4.640103848503359814e+02,1.046090239410681306e+03,4.390422641509434243e+02,7.970046985121377929e+02
-1.210344663024610554e+03,-3.088314724481151075e+02,-2.428731248214166669e+02,9.660670048910636742e-01,5.689868287740628148e+02,1.005996960486322223e+03,nan,nan,8.179744058500914434e+02,7.909952335557674132e+02,7.480155541153596914e+02,6.839834289356277850e+02
-1.442442891955051891e+03,-9.810923383877701554e+02,-6.357989168955009518e+02,6.054472752809091363e-01,5.699865196078430927e+02,1.263063118811881168e+03,nan,nan,7.000941602535083348e+02,1.082088070829450089e+03,6.980267958950969387e+02,9.459687868080094404e+02
-1.335624130643734816e+03,-8.146461437583479892e+02,-4.717366173884056479e+02,3.771035366396714994e-01,5.700560625814863442e+02,1.196004707464694093e+03,5.339800124921923725e+02,8.469546089385474943e+02,7.459957325746798915e+02,1.006990332975295360e+03,nan,nan
-1.269216410324419485e+03,-7.990439714227053400e+02,-3.824614266020948321e+02,2.472994998713900772e-01,5.700591216216216708e+02,1.182984681372548948e+03,nan,nan,7.718977816441931736e+02,9.949760665972944480e+02,7.499535333978702738e+02,8.879628466771323474e+02
-6.319802638688186107e+02,-1.065769140111023944e+03,4.667150836142658363e+02,1.622524405538766923e-01,5.700912280701754753e+02,1.207951784596117704e+03,5.410108864696734372e+02,1.027018644067796686e+03,1.051046696472925987e+03,1.051007820646506843e+03,nan,nan
-1.559078782383324778e+03,-1.024097298721601419e+03,-7.988609932246391736e+02,1.604948740712193456e-01,5.709587416193913896e+02,1.285970638057594670e+03,5.461120121642169352e+02,8.959779785431959453e+02,6.579583555792845573e+02,1.106994649227110585e+03,nan,nan
-1.312953958581235838e+03,-7.190200897588609905e+02,-4.356437075014169977e+02,4.321990713161777964e-01,5.710372670807453233e+02,1.159974831184775894e+03,nan,nan,7.590127307447485236e+02,9.680148005148005268e+02,7.300400943396226694e+02,8.529833024118738649e+02
-1.431785204108657354e+03,-7.701959573843683984e+02,-6.057184862704215220e+02,4.940540505771508495e-01,nan,nan,5.350437693099896705e+02,8.239555021046302272e+02,7.140143383859074220e+02,9.999990262901654887e+02,6.909238991021803713e+02,8.659633165829145582e+02
-2.312028263708060877e+03,-5.101296034867039566e+02,-1.872564109822782711e+03,7.054996363738693654e-01,5.750390482001220107e+02,1.200937300063979592e+03,nan,nan,4.810304709141274202e+02,9.899419245442984447e+02,4.369892058596761899e+02,7.350095770151635861e+02
-1.186871235368615316e+03,-1.063510879155503517e+03,-3.303977044712804059e+02,2.428681549621387881e-01,5.760236907730673011e+02,1.270028967254408144e+03,5.510540897097624793e+02,9.449723600283487031e+02,7.920589872008903285e+02,1.099970777323202810e+03,nan,nan
-1.470026703014314762e+03,-9.212133627899343082e+02,-6.914986745665563603e+02,2.202259627558823818e-01,5.761121704991587649e+02,1.245897392290249400e+03,5.459963150621832710e+02,8.699417789757412720e+02,6.941216606498195461e+02,1.063029424491562168e+03,nan,nan
-8.973674077040656130e+02,-1.486201199270878988e+03,3.048584164106703742e+00,8.927622103503317641e-01,5.790064641241111758e+02,1.411027967257844466e+03,5.730408805031446491e+02,1.133059555555555562e+03,nan,nan,9.320297872340426011e+02,1.194018641010222382e+03
-1.899040181186807104e+03,-8.022424858029180541e+02,-1.282118288339942183e+03,5.587062578660817458e-01,5.799800128949065083e+02,1.246985723997280729e+03,nan,nan,5.690859691808597063e+02,1.051061800486618040e+03,5.530787278415015180e+02,8.510466816647918904e+02
-1.723559848166635447e+03,-7.570832093964236265e+02,-1.038526120148922473e+03,2.194056670814551191e-01,5.810198456449834339e+02,1.217916083916083835e+03,5.460011668611434743e+02,7.989880728185812586e+02,6.220581395348837077e+02,1.023019871420222103e+03,nan,nan
-1.357554292583223969e+03,-9.622002996976799523e+02,-5.732905622362278564e+02,4.574130627852599495e-01,5.810356234096692560e+02,1.250960501567398069e+03,5.540507201001878457e+02,8.920000000000000000e+02,7.329054600606673375e+02,1.072974662162162076e+03,nan,nan
-1.007664338529676684e+03,-7.279407511483857434e+02,-7.488511889923158549e+01,6.577390505141246235e-01,5.820878504672897407e+02,1.128918117343649328e+03,nan,nan,8.820293566520924742e+02,9.440177890724269218e+02,8.530526315789473983e+02,8.710146500271297327e+02
-1.499281847460690869e+03,-1.021009967787032565e+03,-7.786310732793766647e+02,6.117134177772123316e-01,5.840198265179677719e+02,1.282993630573248311e+03,5.580396099939061969e+02,8.979739682539682235e+02,6.809461663947797661e+02,1.105972972972972912e+03,nan,nan
-1.444098388701395834e+03,-6.207473000921725088e+02,-6.634445164953742733e+02,8.690747042361319785e-01,5.849253187613843465e+02,1.146002699055330595e+03,5.420420693575895257e+02,7.719307832422585989e+02,7.190482827277252227e+02,9.500273037542661996e+02,nan,nan
-9.125287775097538088e+02,-6.671270228785861036e+02,5.249039460564910087e+01,1.284052303373039994e-01,5.849279100529100788e+02,1.091999272197962227e+03,5.399716732542819955e+02,8.269710451977400680e+02,9.268894430590190723e+02,9.080192678227360830e+02,nan,nan
-1.310846589382432740e+03,-7.605724488886415884e+02,-5.052553771399437323e+02,2.619773307425278808e-01,nan,nan,5.480407925407924949e+02,8.279139650872817811e+02,7.600863802559415490e+02,9.910027085590465958e+02,7.359246753246753769e+02,8.650530565167243822e+02
-1.700588285952875367e+03,-9.885400577759502312e+02,-1.065766167993095451e+03,3.749056060349340025e-01,5.869968494013862710e+02,1.289025316455696156e+03,5.609642445213379460e+02,8.690656682027649822e+02,6.200094552003602075e+02,1.107997892518440494e+03,nan,nan
-5.802904664536279142e+02,-1.180662917631754453e+03,4.646113552854671411e+02,5.240963338375383973e-01,5.870558441558441700e+02,1.254983187626092786e+03,nan,nan,1.072032372281234302e+03,1.108989333333333434e+03,1.070964616222101313e+03,1.108905829596412559e+03
-7.650112538332315353e+02,-4.535786476703088397e+02,2.641752232962498397e+02,5.195708123408083745e-01,5.890923566878981319e+02,9.859653179190751189e+02,5.339598337950138784e+02,7.520021786492375213e+02,nan,nan,9.530031168831168316e+02,7.599864229765013306e+02
-2.422421741331949761e+03,-1.188078800168508451e+03,-2.245669750513397048e+03,4.436558669951251033e-01,5.899795560747663785e+02,1.394994039735099250e+03,5.699667535853976688e+02,8.589544179523142020e+02,4.370176390773405615e+02,1.210982044198894982e+03,nan,nan
-9.638424851914129476e+02,-5.601335751780483179e+02,-2.715045484996761971e+01,2.665084587102545810e-01,5.900410183875530947e+02,1.061978691019786993e+03,5.400026160889469793e+02,7.799882271468144381e+02,9.089321401938851750e+02,8.720747800586510721e+02,nan,nan
-1.954329093246776210e+03,-7.123626944722556118e+02,-1.412102568800382642e+03,3.137989271243398215e-01,5.901167222486898254e+02,1.227997794928335225e+03,5.559938537185003042e+02,7.700192926045016293e+02,5.629584555229716898e+02,1.029977714285714228e+03,nan,nan
-2.449696111789678980e+03,-3.602254781238299870e+02,-2.271733552394974140e+03,7.680570622694897764e-01,5.909979522184299867e+02,1.182988522238163569e+03,nan,nan,4.690204449789537193e+02,9.700409090909090537e+02,4.149327461969575666e+02,6.789818031430934298e+02
-2.427819654488295782e+03,-3.222404910739671777e+02,-2.228891992971997752e+03,5.919443699067667986e-01,5.919464378575142973e+02,1.170967741935483900e+03,5.620071225071225172e+02,6.329732851985559137e+02,nan,nan,4.180403100775193934e+02,6.679407894736841627e+02
-1.877764248848293619e+03,-1.133587708073235490e+03,-1.368758133066010259e+03,5.419891545170157920e-01,5.929843847595252555e+02,1.346049201277955262e+03,nan,nan,5.650556097560975104e+02,1.172084221748400751e+03,5.840326197757390219e+02,9.569035585353275337e+02
-1.524371980855140237e+03,-8.256044345021363142e+02,-8.416646915666425457e+02,6.169291551509475946e-01,5.939102914389799253e+02,1.224948313384113135e+03,5.609773507206589329e+02,8.310035587188611998e+02,6.850865345733926688e+02,1.038049346879535506e+03,nan,nan
-1.190035586807038726e+03,-8.973994773205821502e+02,-4.100230512342919269e+02,3.129017884541036021e-01,5.970502225047679303e+02,1.215981723237597862e+03,nan,nan,8.009195402298850013e+02,1.039934245134139928e+03,7.890715042372880816e+02,9.230032485110990592e+02
-8.013162750231913378e+02,-6.421913586969869812e+02,1.604807981129383734e+02,5.543030693269074272e-01,5.970744606819763476e+02,1.067965313653136491e+03,nan,nan,9.790102848101265636e+02,8.899591516103691902e+02,9.420306435137895278e+02,8.430105686965274572e+02
-1.107529568271223752e+03,-9.012211742747159633e+02,-3.002815483279463251e+02,1.929324059370378375e-01,5.979434180138567854e+02,1.208008338678640257e+03,5.659680792515134726e+02,8.920570150922302446e+02,nan,nan,8.210302619692863573e+02,9.309740704500978836e+02
-8.974545803686488625e+02,-9.160923836541918490e+02,-9.938973832704604661e+00,1.914051737532912190e-01,5.980861486486486456e+02,1.188973984771573669e+03,5.650280316879951670e+02,9.209986550100874183e+02,nan,nan,9.089296155928532244e+02,9.539830409356725340e+02
-8.071395666344557185e+02,-7.821539193628025259e+02,1.300986835407736919e+02,3.469809920999879504e-01,5.989878048780487916e+02,1.124989773557341096e+03,5.589771640998407065e+02,8.800368303571428896e+02,9.699920972644376889e+02,9.519837251356238994e+02,nan,nan
-9.306950875261427427e+02,-8.793563240752512229e+02,-5.518140385906266943e+01,3.832337869892676885e-01,5.989901840490797440e+02,1.178967459324155243e+03,5.639723444374607197e+02,9.030123697916666288e+02,9.089959999999999809e+02,1.008964658169177255e+03,nan,nan
-2.279601024093919477e+03,-7.743007438920083132e+02,-2.009359142290433965e+03,4.854179569941159400e-01,5.990241254523522230e+02,1.275967336683416988e+03,5.709161248374512070e+02,7.630261168384879511e+02,4.880431765612952972e+02,1.078964813870474245e+03,nan,nan
-1.740951719916336742e+03,-8.322915917526099747e+02,-1.175862362513033759e+03,3.583858146511236242e-01,5.999961685823755033e+02,1.247024230517354226e+03,nan,nan,6.200031206657420171e+02,1.059984047402005444e+03,6.060614617940199196e+02,8.629916417910447990e+02
-2.291786661351853581e+03,-5.968680622475619657e+02,-2.029359492298809982e+03,2.570913760475342369e-01,5.999967553536664582e+02,1.230009296148738485e+03,nan,nan,4.939656957928802399e+02,1.026906054279749469e+03,4.609775662814411703e+02,7.579667374380750289e+02
-8.617449029549350143e+02,-7.212929172218823624e+02,5.396801672093182844e+01,1.101007829449339309e-01,6.000288683602771016e+02,1.110005810200129190e+03,5.580381294964029166e+02,8.500229390681004134e+02,9.470755952380952749e+02,9.329605418138986579e+02,nan,nan
-1.656776568794864033e+03,-7.048028125523471772e+02,-1.043246041474584445e+03,4.746925519638856006e-01,6.000576553491351888e+02,1.200999323410013631e+03,nan,nan,6.510747275557862395e+02,1.007975652173913090e+03,6.230150602409638623e+02,8.220081047381546568e+02
-2.393179345071251646e+03,-1.248599493261230691e+03,-2.283244938215294042e+03,1.003681426379028130e+00,6.020335267569309963e+02,1.410035928143712681e+03,nan,nan,4.450500715307582027e+02,1.232018208302986068e+03,4.769574105621805984e+02,9.439371833839918509e+02
-1.276972315009968042e+03,-1.006167623802452567e+03,-5.764629188466642518e+02,4.825644521956666266e-01,nan,nan,5.780311475409836248e+02,9.089928272564255849e+02,7.640542841937200365e+02,1.094015625000000000e+03,7.640489038785834737e+02,9.550071343638525150e+02
-1.264034811626086821e+03,-7.398307772514720000e+02,-5.283106463789719101e+02,1.532983923145989358e-01,6.049939061547836445e+02,1.171934478371501200e+03,5.669685430463575813e+02,8.209912335629304607e+02,7.809863501483679329e+02,9.869886506935687294e+02,nan,nan
-2.225218714028535487e+03,-3.422319566601610177e+02,-1.928806904535493459e+03,5.616618171586341690e-01,6.049945578231292984e+02,1.158006479481641463e+03,nan,nan,5.210561797752809525e+02,9.469847792998477871e+02,4.639098873591989900e+02,6.770173010380623282e+02
-8.112124522599964394e+02,-8.285093983171443597e+02,9.279332017338516891e+01,1.035393532415948004e+00,6.050031705770450117e+02,1.145003376097231694e+03,nan,nan,9.669570267131242645e+02,9.769750889679714874e+02,9.429468599033816645e+02,9.220000000000000000e+02
-2.437106151420812694e+03,-4.379005777324483120e+02,-2.393025894155317019e+03,4.343520396172695364e-01,6.060390324354041240e+02,1.206995840760546571e+03,nan,nan,4.748825042881646823e+02,9.999867654843832270e+02,4.329899434318039084e+02,6.999920634920634939e+02
-1.043576970613800313e+03,-1.966582675958994514e+03,-3.779437797053210488e+02,2.574127535479990292e-01,6.079681372549019898e+02,1.607973877551020450e+03,nan,nan,8.129742489270386159e+02,1.494944819129368398e+03,8.950014074595355851e+02,1.325992862241256262e+03
-6.128468218820094080e+02,-7.701695367220012258e+02,3.835113128008743502e+02,9.419960429815281699e-01,nan,nan,5.650413057961359300e+02,8.959922096317280875e+02,1.067107948969578047e+03,9.249905607995558512e+02,1.038963097713097795e+03,9.140080213903743243e+02
-9.230777543155080593e+02,-5.205318637696967699e+02,-5.408481928011717343e+01,8.982567930362321817e-01,6.099985569985569782e+02,1.049016141429669460e+03,5.599848042080654977e+02,7.659582294264339453e+02,nan,nan,8.820188577586206975e+02,7.779572047670638995e+02
-1.781883623027619024e+03,-9.449830620604545857e+02,-1.301982992143371348e+03,2.237848355121929422e-01,6.100175791059768926e+02,1.285994940978077466e+03,nan,nan,6.060512214342001016e+02,1.106048715677590735e+03,6.049954389965791961e+02,8.959511164755582513e+02
-2.112986833695916630e+03,-8.758034564811912333e+02,-1.809236271899453186e+03,3.452977506343570258e-01,6.100642813826561905e+02,1.292013724266999361e+03,nan,nan,5.250297979797979906e+02,1.103961674528301955e+03,5.198769583492548918e+02,8.520259610584123493e+02
-5.273589758283604851e+02,-1.412202735046995940e+03,4.230898101632025714e+02,2.158659594290876782e-01,6.119852941176470722e+02,1.357969162995594615e+03,5.970210526315789821e+02,1.169976915005246610e+03,nan,nan,1.102025349198137519e+03,1.203997336174747034e+03
-1.455695571198320295e+03,-1.032399129938942906e+03,-8.648486362490041301e+02,2.870122797795913172e-01,6.130092213114753577e+02,1.288985091743119256e+03,5.879817987152034675e+02,8.980724637681159948e+02,nan,nan,7.069545454545454959e+02,9.480878896269800862e+02
-2.020095105898141355e+03,-7.936860269009475815e+02,-1.676131129474977342e+03,1.717436950880835145e-01,6.139822251481238027e+02,1.262975415282392078e+03,nan,nan,5.529445619974608235e+02,1.072959216965742144e+03,5.380520622041919978e+02,8.299853454291695698e+02
-1.293690992482140928e+03,-1.027936531585475677e+03,-6.547108989735594378e+02,8.980510441559376167e-01,6.160195312500000000e+02,1.275989218328840934e+03,5.900736775818639899e+02,9.109760928961749187e+02,7.589224691358024302e+02,1.106994363021420440e+03,nan,nan
-6.740996781481255766e+02,-7.917637550023512176e+02,2.469417831980003939e+02,2.831561323401444175e-01,6.169346330275229775e+02,1.114016883116883037e+03,5.769878283151825826e+02,8.949906040268456309e+02,1.033067299396031103e+03,9.489239280774550025e+02,nan,nan
-9.381042317829782178e+02,-1.957717360140627989e+03,-2.629298898324373113e+02,4.436234068369111494e-01,6.169858420268255941e+02,1.605062134502923982e+03,6.270030211480362823e+02,1.265026194144838200e+03,nan,nan,9.350600583090379132e+02,1.336038123167155391e+03
-1.290959028702386149e+03,-7.120552689584758355e+02,-6.258600822447986047e+02,4.099183081117983574e-01,6.179611819235226449e+02,1.169983322642719713e+03,5.799373169302870110e+02,8.070467404674046747e+02,nan,nan,7.471282151208106370e+02,8.380373027259684022e+02
-1.909856708038958459e+03,-1.081527160943559011e+03,-1.555678373583687289e+03,2.620780763490304088e-01,6.179687315634217839e+02,1.336996938150643018e+03,5.960432835820895434e+02,8.710028344671202376e+02,5.689620437956203887e+02,1.163016819571865426e+03,nan,nan
-8.619641654266739579e+02,-1.307531043328731357e+03,-8.945913257069457813e+01,3.964275000423664874e-01,6.180037243947858769e+02,1.341999374217772129e+03,6.030034818941504682e+02,1.061976522377109404e+03,9.209704049844236806e+02,1.197952099031216449e+03,nan,nan
-9.156705711341506913e+02,7.955729431098569648e+01,-1.200774383079570917e+01,3.855305901188672557e-01,6.180178384050367413e+02,8.370146137787056659e+02,5.409924953095684259e+02,5.220173515981734909e+02,9.579510548523206808e+02,6.220079928952042110e+02,nan,nan
-1.687605317216334470e+03,-1.083686386383588797e+03,-1.229321776744332510e+03,5.194816513627305010e-01,6.189412162162161621e+02,1.322990701001430580e+03,nan,nan,6.289728877679697234e+02,1.152033586818757840e+03,6.419705696202531726e+02,9.459870401337792600e+02
-1.246788436234719029e+03,-9.225431783864559065e+02,-5.921660299848485920e+02,2.940908446368251661e-01,nan,nan,5.890225927918235129e+02,8.809472140762463823e+02,7.809773024879965533e+02,1.063979187817258889e+03,7.730112762685802181e+02,9.209066733567485699e+02
-9.833247117374178288e+02,-7.142348658050919994e+02,-2.084401374936728359e+02,8.079387152557666596e-01,6.200776647027316812e+02,1.132006157635468071e+03,5.809609271523179359e+02,8.310138985406532584e+02,8.939906716417910957e+02,9.560000000000000000e+02,nan,nan
-1.298183719128478060e+03,-8.849419145995495910e+02,-6.789814930420699284e+02,2.182283872183353735e-01,6.230089285714285552e+02,1.229030286034772871e+03,5.919463470319634553e+02,8.630000000000000000e+02,nan,nan,7.540273119310014636e+02,9.019860320744955970e+02
-1.064988292696629287e+03,-1.057489865280032518e+03,-3.809871991199047443e+02,3.102030157478313233e-01,6.250187424425635072e+02,1.266980503144653994e+03,6.000084841628959111e+02,9.439657534246575779e+02,8.450664435946462163e+02,1.106004797441364644e+03,nan,nan
-1.562688570591671123e+03,-7.950116057110807333e+02,-1.058657216124741126e+03,2.956337800404254534e-01,6.259829812206572797e+02,1.225932307692307631e+03,5.940342661336379706e+02,8.139888406695598633e+02,6.820132142857142981e+02,1.043954002653693124e+03,nan,nan
-2.096600743099552346e+03,-7.173823202341609431e+02,-1.881500093853368526e+03,3.775896139916229965e-01,6.260148809523809632e+02,1.251955271565495195e+03,nan,nan,5.440490943755958142e+02,1.059981656804733802e+03,5.220128834355828076e+02,7.979518469656992465e+02
-1.244812756415774174e+03,-8.992925126371685565e+02,-6.276277416452522857e+02,5.311829199609646723e-01,6.269623059866962649e+02,1.229983880597014831e+03,nan,nan,7.840946893787574936e+02,1.057956924754634656e+03,7.739854851031321914e+02,9.089749034749034990e+02
-8.715834909527500258e+02,4.548102997869365538e+01,-6.530200046161053207e-01,2.858479147190342018e-01,6.289809705042816859e+02,8.449623217922606955e+02,5.540174471992653480e+02,5.369867674858222699e+02,9.749868312757201920e+02,6.349697217675941374e+02,nan,nan
-1.823322718966501952e+03,-1.095277762428649339e+03,-1.496010224833439452e+03,3.201359596798020180e-01,6.300364705882352609e+02,1.337007228915662608e+03,6.080139534883720671e+02,8.799919003115264786e+02,5.950565302144249245e+02,1.167038381018841619e+03,nan,nan
-9.360840674796164649e+02,-1.169396551264200525e+03,-2.394121808506114917e+02,4.959301753696741533e-01,6.319681415929203467e+02,1.297008991650610142e+03,6.100131147540984102e+02,9.970013898540653372e+02,8.940313765182186216e+02,1.146998979591836815e+03,nan,nan
-9.317762653153022256e+02,-3.085452645824914271e+02,-1.417744403719341619e+02,5.188510072410733587e-01,6.320569020021074493e+02,9.839745417515274539e+02,nan,nan,9.340558659217876993e+02,7.899684519442406554e+02,8.699538119087368386e+02,6.810660432495616305e+02
-1.130603962441428166e+03,-8.316107129340839492e+02,-4.893938863475980838e+02,1.899413980028830384e-01,6.339532544378698731e+02,1.195998712169993496e+03,5.999577999051683719e+02,8.578858780614904163e+02,8.300273573923166168e+02,1.023976895734597178e+03,nan,nan
-7.321122046810711481e+02,-6.256658948647076386e+02,1.022991958087246047e+02,7.193407800784298312e-01,6.349783306581059605e+02,1.065001627339300285e+03,nan,nan,1.009967374810318688e+03,8.929808868501529560e+02,9.719637479085331506e+02,8.300046296296296759e+02
-1.632137965905358442e+03,-6.097119237050429774e+02,-1.186548988142502822e+03,5.807986370238711338e-01,6.350006553079947480e+02,1.178944918032786973e+03,nan,nan,6.719650900900901433e+02,9.889751861042183236e+02,6.368710204081633037e+02,7.809959959959959406e+02
-1.291504391637306298e+03,-1.177758925968946414e+03,-7.653485593956087314e+02,2.901001414460658290e-01,6.359583975346687339e+02,1.328946357085668524e+03,6.159769230769230717e+02,9.540608240680182917e+02,nan,nan,7.729449838187701971e+02,1.004041122399612959e+03
-9.663825165457750472e+02,-5.971207513639695890e+02,-2.409584220558539300e+02,2.456963008099739831e-01,6.359718687206965342e+02,1.092986715867158637e+03,5.920012376237623357e+02,7.870279187817259299e+02,nan,nan,8.679083476764200213e+02,8.040153477218225362e+02
-1.302769808166284747e+03,-9.965679090309840831e+02,-7.776804010639633589e+02,7.569383692109722672e-02,6.389516935036091354e+02,1.269969213226909915e+03,6.129677261613692281e+02,8.950147540983606405e+02,nan,nan,7.609592417061611513e+02,9.369564281871973890e+02
-1.784853830834278597e+03,-1.127811473237464270e+03,-1.503406428862141183e+03,8.300981786087956449e-01,6.390319148936169995e+02,1.345993602047344893e+03,6.200459965928449719e+02,8.890096969696969609e+02,6.079930232558139096e+02,1.180010676156583713e+03,nan,nan
-1.134017406703949973e+03,-9.326310036846934963e+02,-5.323225706118207654e+02,4.728082316208929714e-01,6.390386533665835032e+02,1.232990439770554531e+03,6.100266114725014859e+02,8.899751116783662610e+02,8.250103448275862092e+02,1.066961787184009381e+03,nan,nan
-6.248628036639206584e+02,-1.310866354215174169e+03,1.616026679418116032e+02,2.272428968657888293e-01,6.420309139784945955e+02,1.326996426018584771e+03,nan,nan,1.033994663820704318e+03,1.191968443960827017e+03,1.046039617486338784e+03,1.129989323843416287e+03
-1.557217136428014555e+03,-1.148612090599656767e+03,-1.176962502419928342e+03,1.819125738615412768e-01,6.420442054958183462e+02,1.338073288915808689e+03,6.220363961813842479e+02,9.159834761321909582e+02,6.720366178428761259e+02,1.176978768577494748e+03,nan,nan
-2.276506168114691718e+03,-1.142167072638967056e+03,-2.401517085421239244e+03,3.787007716358372633e-01,6.429788235294117840e+02,1.384007845503922681e+03,6.210006807351940097e+02,8.439723837209302246e+02,nan,nan,5.149555555555555202e+02,9.039927344782034879e+02
-7.760934407488623492e+02,-1.993394207874763424e+03,-1.407232397466285647e+02,3.987057806419256889e-01,6.430126448893572615e+02,1.619996913580246883e+03,6.520461741424802540e+02,1.300012448132780037e+03,nan,nan,1.002000000000000000e+03,1.361978599221789864e+03
-1.168775514160533021e+03,-8.930944727094472455e+02,-6.012821973411198542e+02,2.432332634296588969e-01,6.440075757575757507e+02,1.224047293746715695e+03,6.140103046594981606e+02,8.728850682995761190e+02,8.139494059026446848e+02,1.055994031221303885e+03,nan,nan
-1.109912141324941331e+03,-6.502281706239394907e+02,-4.948730643456693201e+02,2.818069324995574054e-01,nan,nan,6.049752112676056868e+02,7.949734680985470732e+02,8.470418023887078789e+02,9.560507411630558181e+02,8.140670620437956586e+02,8.160029225523624063e+02
-5.266732760394430670e+02,-5.853289802548612215e+02,3.754241899068167072e+02,2.659013151622822702e-01,6.440496838301716025e+02,1.013960377358490518e+03,5.959787092481702757e+02,8.199737387698686462e+02,nan,nan,1.074063668519454268e+03,8.220015544041450539e+02
-8.366770081646288872e+02,-6.161737773392499093e+02,-9.778048653966678216e+01,6.657409575775421473e-01,6.459430014430014353e+02,1.083041577060931786e+03,nan,nan,9.609002808988764173e+02,9.090904176904176666e+02,9.239560480841472554e+02,8.169914566424604345e+02
-2.085859280512911027e+03,-1.662020300151416450e+03,-2.100184233927908735e+03,2.146164713478568853e-01,6.480109066121335673e+02,1.514035714285714221e+03,nan,nan,5.149828326180257818e+02,1.365006854531606905e+03,5.809241268566840972e+02,1.067014098690835908e+03
-1.961327078393429474e+03,-7.209945356327204991e+02,-1.823630055078636815e+03,4.905149306615408378e-01,6.509642267473858510e+02,1.246999390615478433e+03,nan,nan,5.849049716803020829e+02,1.061941027801179416e+03,5.650313315926892983e+02,7.990006788866259058e+02
-2.171324195116961164e+03,-6.835356124268985241e+02,-2.253909903139179733e+03,7.645043225241979767e-01,6.549941018766755860e+02,1.257967479674796778e+03,nan,nan,5.411559180576631434e+02,1.069958477508650503e+03,5.200496083550914364e+02,7.749661426844014613e+02
-6.034837871675476890e+02,-5.744777580611580561e+02,1.689420498881866877e+02,5.590115625275003941e-01,6.650488006617039218e+02,1.033984562607204225e+03,nan,nan,1.069983228511530342e+03,8.690128479657387288e+02,1.030990610328638468e+03,8.070149484536082127e+02
-7.491742556781127860e+02,-7.983253234380129015e+02,-7.983134332251911758e+01,5.344660256888232874e-01,6.660068621334996806e+02,1.145023139462163954e+03,6.300066269052352936e+02,8.769733969986357351e+02,9.909606648199445544e+02,9.849813242784380236e+02,nan,nan
-6.973955607301979853e+02,-8.267092078123436067e+02,-3.662708837842413079e+00,9.707133013201568739e-01,6.660771889400921282e+02,1.147986436498150397e+03,nan,nan,1.015023678414096935e+03,9.909897435897436253e+02,9.930115728563913535e+02,9.100140771637121588e+02
-6.649901571111458907e+02,-2.048903098424129894e+03,-9.790729309878818754e+01,3.388752577458494231e-01,6.709582392776524102e+02,1.644049822064057025e+03,6.789887556221889326e+02,1.330039735099337804e+03,nan,nan,1.049923219814241520e+03,1.383950095969289805e+03
-1.526129789558876382e+03,-9.982602184087845671e+02,-1.283266297165635933e+03,3.339979862912836328e-01,6.720354929577464418e+02,1.295951716114019746e+03,6.469822006472492149e+02,8.679767576990121825e+02,6.959415584415584135e+02,1.131024271844660234e+03,nan,nan
-3.574792017204628678e+02,-1.042068565355203418e+03,4.628101595432578961e+02,4.699131294448351537e-01,6.769960451977401590e+02,1.186992687385740510e+03,6.459918952618453432e+02,1.028970995385629521e+03,nan,nan,1.170972078593588321e+03,1.036987742594484189e+03
-7.235677864577741047e+02,-7.035420917467272375e+02,-1.071775363293979524e+02,4.061049576657622673e-01,6.820098522167487545e+02,1.111018711018710974e+03,6.439497746297488447e+02,8.399515803631472863e+02,1.004977516059957225e+03,9.509393282773564806e+02,nan,nan
-1.764291414361952320e+03,-1.161358668735839046e+03,-1.755256162227844925e+03,4.593562480547690452e-01,6.840272028385570593e+02,1.362042196531791888e+03,6.630471491228070136e+02,8.879994202898550384e+02,nan,nan,6.469022491349480788e+02,9.370905624404194896e+02
-2.020498625865482381e+03,-6.392118253986732270e+02,-2.218578754300701803e+03,5.369888924137575792e-01,6.859884848484848590e+02,1.242049851632047421e+03,nan,nan,5.890817510548523614e+02,1.061006610576923094e+03,5.650472049689441292e+02,7.590560859188543645e+02
-1.222459565442139592e+03,-6.110154116019972435e+02,-8.701946773141219182e+02,3.313991766395453786e-01,6.869866098600122086e+02,1.150038247995064694e+03,nan,nan,8.120132377275234603e+02,9.760243196294151176e+02,7.790400686891814530e+02,7.849289398280802743e+02
-2.096955850822791490e+03,-8.857175672537620130e+02,-2.411981857849990320e+03,3.617806090875718694e-01,6.880212367270455616e+02,1.313999356499356509e+03,nan,nan,5.630243470562195398e+02,1.138900549725137353e+03,5.610553652968036431e+02,8.260083382966050749e+02
-7.234505972383514063e+02,-1.859276096876538304e+03,-2.530670547198442648e+02,4.176703800697093016e-01,6.898740824392998547e+02,1.561962579159470351e+03,nan,nan,9.591175979983319166e+02,1.454022686025408348e+03,1.017151069518716554e+03,1.291996450304259724e+03
-6.526386930640426272e+02,-1.894628291009196801e+03,-1.463288217309656716e+02,1.334001411378364921e-01,6.899687500000000000e+02,1.576944870900209253e+03,6.910370634354953836e+02,1.271971705137751314e+03,nan,nan,1.048065941101152475e+03,1.318057594936708938e+03
-1.563696331907533249e+03,-8.355542119687492004e+02,-1.460249131580924995e+03,2.411033497086147170e-01,6.940546095126247792e+02,1.255976146788990718e+03,6.650391802290536134e+02,8.129576783555017983e+02,6.980186230248307311e+02,1.087075014425851123e+03,nan,nan
-7.320432270639605576e+02,-1.859281021295408664e+03,-2.895401763876994323e+02,2.064532866276266587e-01,6.949842573579740019e+02,1.561963855421686731e+03,nan,nan,9.550093945720250304e+02,1.453992287917737713e+03,1.012973279893119525e+03,1.286956668923493680e+03
-7.398523982362481775e+02,-1.960088125172768514e+03,-3.089965883745458655e+02,7.430542389291060479e-01,6.950014992503747635e+02,1.602997776130466946e+03,6.970007733952049875e+02,1.270056215360253418e+03,nan,nan,1.012961960025789836e+03,1.320054108216432951e+03
-4.669474190358202463e+02,-1.013904488146752215e+03,2.068507651968896255e+02,3.465623216463554201e-01,6.950253399258343734e+02,1.197955028107432781e+03,nan,nan,1.118026966292134830e+03,1.060951209837366150e+03,1.108028041610131140e+03,1.000982624599908604e+03
-8.735825948944579977e+02,-5.157202872328948615e+02,-4.031998196416111000e+02,1.604703224965382535e-01,7.000631349782293000e+02,1.074993793638479474e+03,nan,nan,9.470645161290323131e+02,9.060036563071297451e+02,9.059871220604703694e+02,7.589988655700510662e+02
-1.954654016268697660e+03,-4.708763365261282274e+02,-2.204857245651067387e+03,4.994280301849423620e-01,7.010224019912881204e+02,1.197013274336283075e+03,nan,nan,6.160251976284584998e+02,1.014095665961945087e+03,5.780438892640107724e+02,7.069720028715003082e+02
-4.472458505854609143e+02,-2.123017297983266872e+03,1.148637603139598866e+02,3.306617626580817260e-01,7.020072267389340368e+02,1.679990592662276640e+03,nan,nan,1.090021075581395280e+03,1.586038987688098587e+03,1.147975512905360802e+03,1.438996637525218603e+03
-1.047844014099179049e+03,-3.418605516706954006e+01,-6.516766977454999505e+02,6.308168142236867393e-01,7.060009910802774584e+02,9.519423459244533205e+02,nan,nan,8.999293478260869961e+02,7.579847512038522837e+02,8.190286624203821475e+02,5.570313700384123194e+02
-1.033672006778190735e+03,-6.664906433039058129e+02,-7.243277955872354141e+02,2.280733529979210861e-01,7.119675796534377241e+02,1.153005441354292543e+03,nan,nan,8.790556521739130176e+02,9.889891891891892328e+02,8.510258481421648185e+02,8.080124190064794902e+02
-1.944037029850203453e+03,-1.588904165851128027e+03,-2.367481079674241300e+03,6.556483329574538388e-01,7.170504256712507640e+02,1.494990765171503881e+03,nan,nan,5.809928358208954933e+02,1.349028056112224476e+03,6.310158428390367362e+02,1.022959766385464036e+03
-1.895011608955493330e+03,-1.521122755615299866e+03,-2.276573807066327390e+03,4.669644666282259382e-01,7.180429917550059145e+02,1.474918002466091139e+03,nan,nan,5.949686946249261155e+02,1.327942446043165546e+03,6.409559508682762043e+02,1.008993062966915659e+03
-4.776529659393354450e+02,-1.001290917885758859e+03,6.633832780889872538e+01,4.376792310003203013e-01,7.229940054495913273e+02,1.202027663331371286e+03,nan,nan,1.106046153846153857e+03,1.067987654320987758e+03,1.097999504950495066e+03,9.830529002320186009e+02
-9.369417372230578849e+02,-1.346451910528069902e+03,-7.010414975148482881e+02,9.432147776598528433e-01,7.250076112412177736e+02,1.377017613636363649e+03,7.069343817787419084e+02,1.023978868862647573e+03,8.879570524412296209e+02,1.244974224343675360e+03,nan,nan
-7.949536568037347024e+02,-3.295945919748417055e+02,-3.901338790044699181e+02,1.439300371812454460e-01,7.250453736654803834e+02,1.008985307621671268e+03,nan,nan,9.859492187500000000e+02,8.390125523012552549e+02,9.319624746450303974e+02,6.799580419580419175e+02
-1.213420306944589356e+03,-7.731913910612075824e+02,-1.104444084762524653e+03,4.948172303987817267e-01,7.279862621637091706e+02,1.212971618357487841e+03,6.969390243902439579e+02,8.130269814502529471e+02,8.140459770114943012e+02,1.052978520286396133e+03,nan,nan
-7.108300192767532053e+02,-1.015186049830832303e+03,-3.568510184020061047e+02,2.960629743948797743e-01,7.319705382436260379e+02,1.239978518937252602e+03,7.059721380981224002e+02,9.420052253429131497e+02,9.940042857142857429e+02,1.100992191312835530e+03,nan,nan
-3.682576569324691036e+02,-2.077187539393647057e+03,1.237222241046922591e+02,7.907612362765578107e-01,7.320075440067057571e+02,1.658020270270270203e+03,nan,nan,1.129018795180722918e+03,1.564906097018246555e+03,1.179008408408408513e+03,1.419946851530906997e+03
-1.869122972043763411e+03,-4.781065796264157939e+02,-2.324073948517108875e+03,1.823203125801456936e-01,7.339893416927899352e+02,1.201985340981516856e+03,7.079677033492822602e+02,6.840064516129032199e+02,6.450029779630732492e+02,1.026014066496163650e+03,nan,nan
-1.877260860706026506e+03,-2.780336355350408439e+02,-2.345442342635122714e+03,2.803472318533021812e-01,7.350053821313240405e+02,1.151983588002263787e+03,nan,nan,6.500357348703170146e+02,9.720108556832694831e+02,6.020824679291387156e+02,6.440695053224796993e+02
-6.214413548982921611e+02,-1.429605444976833269e+03,-2.679757933800821661e+02,1.352494090675681326e-01,7.360342270393610988e+02,1.389001192605843698e+03,7.209660231660232057e+02,1.098932724252491653e+03,nan,nan,1.041947780678851132e+03,1.124996476391825126e+03
-1.413319384240593536e+03,-6.698870827212615495e+02,-1.485051387386249417e+03,2.520736750700381390e-01,7.379953890489913420e+02,1.205995142683667382e+03,nan,nan,7.580248728094968556e+02,1.040972773681225135e+03,7.340698070374573945e+02,7.839958382877526901e+02
-9.045949556834924579e+02,-3.403127175724148401e+02,-6.337272865403335800e+02,4.646385602861806130e-01,7.380666183924691950e+02,1.037975409836065637e+03,nan,nan,9.410132547864507160e+02,8.689519586104952396e+02,8.889827945776851266e+02,6.800137203166226527e+02
-1.897421695498767804e+03,-2.903581050914792741e+02,-2.471799963205509812e+03,6.131081804379930889e-01,7.420186972255729643e+02,1.159988186650915623e+03,7.170050568900126109e+02,6.299701789264413492e+02,6.460214105793451154e+02,9.839826666666666597e+02,nan,nan
-7.121765942803554026e+02,-1.740759662956056673e+03,-4.682006844937683923e+02,5.694645995609945999e-01,nan,nan,7.349857954545454959e+02,1.181057763975155240e+03,9.659214200239330239e+02,1.405066666666666606e+03,1.013180993690851778e+03,1.217934296365330738e+03
-5.408463305389707330e+02,-1.822831946328822369e+03,-2.200623348431952877e+02,2.474972794965414336e-01,nan,nan,7.409977876106195254e+02,1.243966001478196631e+03,1.041979452054794592e+03,1.441977648202137971e+03,1.087981142857142913e+03,1.275011931818181893e+03
-1.314546100481117719e+03,-8.274248727344626104e+02,-1.400545113257568573e+03,2.949316371262100112e-01,7.489754816112083518e+02,1.244948818897637693e+03,7.200063091482650179e+02,8.179920544835414375e+02,7.829927455357143344e+02,1.088998233215547771e+03,nan,nan
-5.890907221190566361e+02,-2.033574510956703080e+03,-3.427865332206119433e+02,4.422557198736833395e-01,7.520220220220220426e+02,1.631007625272331097e+03,nan,nan,1.010978559176672434e+03,1.535954276037256477e+03,1.072976125511596138e+03,1.334109845947756185e+03
-7.666221259253602511e+02,-1.815199569749685679e+03,-6.243533517737942020e+02,3.337160639132861206e-01,7.539632009345793904e+02,1.543034542314335113e+03,nan,nan,9.390097666847531173e+02,1.436933996856993190e+03,9.939336305101535345e+02,1.225966356107660431e+03
-5.810933396098045023e+02,-7.754766417946144657e+02,-2.632577107672732950e+02,4.728436991125930522e-01,7.599838616714697537e+02,1.143019382192610465e+03,nan,nan,1.057961496746203920e+03,1.003005455537370381e+03,1.037032090199479626e+03,8.659601100412654660e+02
-4.003609198131077846e+02,-9.258379848488483503e+02,1.897453714617874354e+01,2.123738102246814086e-01,7.610769230769230944e+02,1.173012406947890895e+03,7.310969793322734631e+02,9.439600938967136017e+02,1.140018606663781839e+03,1.043974499089253186e+03,nan,nan
-1.624770782818891803e+03,-2.020442316437024829e+03,-2.130003383888153621e+03,3.754243585080734857e-01,7.629190687361418668e+02,1.609014359563469270e+03,7.469946380697050472e+02,1.097935364727608430e+03,6.540196078431372371e+02,1.491007042253521149e+03,nan,nan
-1.805563998959570199e+03,-8.388510957069879623e+02,-2.461839937544236363e+03,2.340845785536734558e-01,7.630377687391052177e+02,1.297953556731334402e+03,nan,nan,6.550240240240240155e+02,1.136036092097075198e+03,6.500733421168204131e+02,8.050960676953708344e+02
-1.036258926726747404e+03,-6.876877369912302811e+02,-1.030006901286297079e+03,4.207629381020088211e-01,7.650270921131848354e+02,1.178011750154607398e+03,nan,nan,8.799621483375958633e+02,1.023989029072956669e+03,8.569647964796479300e+02,8.009976931949249774e+02
-1.202157063411546233e+03,-1.089333159891951482e+03,-1.343503634120070728e+03,2.490214907259346300e-01,7.659951245937161275e+02,1.317984470327232430e+03,7.429655358104469087e+02,8.999375703037120502e+02,8.098889975550122244e+02,1.175976963350785354e+03,nan,nan
-9.253407338619175562e+02,-8.080678477873952943e+02,-8.757359380417830153e+02,2.680598885781216856e-01,nan,nan,7.380281690140844830e+02,8.400053872053872510e+02,9.150060572687224294e+02,1.057022184300341223e+03,9.000155844155843852e+02,8.500187327823691703e+02
-5.741916683623620656e+02,-5.740818132641777538e+02,-2.682971891701640175e+02,2.533582617810048454e-01,7.660546116504854126e+02,1.072012919896640824e+03,7.280029655990509809e+02,7.879981818181818198e+02,nan,nan,1.034037522603978232e+03,7.819986046511627364e+02
-1.436034651952674949e+03,-4.675565184716195972e+02,-1.715980723736862501e+03,2.758692710907428292e-01,7.670125000000000455e+02,1.161978316326530603e+03,7.350539340101522612e+02,7.030006468305303997e+02,7.648980355472403971e+02,9.949750398300584493e+02,nan,nan
-1.500760655417431735e+03,-1.446377481000624812e+03,-1.894917017280268055e+03,8.501863386407914058e-01,7.670160990712074636e+02,1.441973325062034746e+03,nan,nan,7.099877551020408646e+02,1.304985074626865753e+03,7.480267639902676819e+02,1.005983268983268999e+03
-1.227361404363706924e+03,-8.737199470384767892e+02,-1.386253639686926363e+03,3.814446136539784704e-01,7.690106981981981562e+02,1.255993162393162493e+03,7.410398179749715837e+02,8.339827278141750639e+02,8.109870934434692344e+02,1.106006651884700659e+03,nan,nan
-8.852895325349020368e+02,-1.171150904090253107e+03,-8.850542934364387975e+02,6.356828473478529640e-01,7.759179063360882083e+02,1.321945166760881875e+03,nan,nan,9.160192410475681299e+02,1.189935347111817691e+03,9.279386562804284040e+02,9.780036363636363603e+02
-7.543931269075911814e+02,-7.658397253163466303e+02,-6.326481371191154039e+02,2.830488841826966362e-01,7.759353796445880107e+02,1.170977066988533579e+03,nan,nan,9.820438508064515872e+02,1.027007637474541752e+03,9.630471920717319563e+02,8.439910134797803494e+02
-6.334344588401031615e+02,-2.823317532286428673e+02,-4.036475065232341990e+02,1.871715314448352263e-01,nan,nan,7.330101010101010388e+02,6.729973226238286088e+02,1.050068079640333963e+03,8.309689399054692558e+02,9.980317047817047751e+02,6.560321052631578596e+02
-3.408861388861328692e+02,-1.845408934031957187e+03,-2.880700911643462447e+01,7.136902101388651332e-01,7.790181476846057649e+02,1.550996270975761263e+03,nan,nan,1.138992690726359115e+03,1.455975757575757598e+03,1.175084363245566919e+03,1.304020242914979690e+03
-4.753675859381974647e+02,-1.507826452627297613e+03,-2.437620515170168574e+02,2.371193505347051478e-01,7.800415394013439254e+02,1.416008615384615496e+03,nan,nan,1.078977284199899032e+03,1.306006622516556263e+03,1.103006532066508271e+03,1.152018562874251529e+03
-4.446682528426442786e+02,-1.395516336685918986e+03,-1.889774920028868905e+02,4.875289094644968402e-01,7.810124504810413555e+02,1.369008844339622556e+03,7.630000000000000000e+02,1.101089928057554062e+03,nan,nan,1.114007086614173204e+03,1.114935531135531164e+03
-1.120413583534608506e+03,-1.126342637329676108e+03,-1.322590862332547204e+03,5.271306101932683452e-01,7.839614928909952596e+02,1.326962476547842471e+03,nan,nan,8.369852780806979808e+02,1.189960242959690731e+03,8.479935518538420638e+02,9.370005494505494426e+02
-2.738229330073174879e+02,-7.400332335632714376e+02,9.833030633997714176e+01,3.908225100020419895e-01,7.930677186061801649e+02,1.089974530831099173e+03,nan,nan,1.203922216820612448e+03,9.629919719016558020e+02,1.180987527839643690e+03,8.659638172772500866e+02
-7.260712065073446411e+02,-1.417865663285153630e+02,-6.386692801095239247e+02,5.152967544860508342e-01,7.940795180722891473e+02,9.690076335877862448e+02,nan,nan,1.014944789510006899e+03,8.090110294117647527e+02,9.539884041965764254e+02,5.960308943089430613e+02
-6.989146312046509593e+02,-8.095333342752556973e+02,-6.623032837185304516e+02,2.076596856662131785e-01,nan,nan,7.670005602240896678e+02,8.549917840375586593e+02,1.000992420414350704e+03,1.048023991832567617e+03,9.859849462365591535e+02,8.570575692963752772e+02
-6.991028604953456806e+02,-3.633092180587825055e+02,-6.381600408557115998e+02,2.375236509058525625e-01,7.990532268795741402e+02,1.038009433962264211e+03,nan,nan,1.016979680696661831e+03,8.860432868672046425e+02,9.719681496461072356e+02,6.849946723494938396e+02
-1.654675845124030786e+02,-6.439738703944295821e+02,2.681825028229827694e+02,3.616850547899941870e-01,7.990621387283237027e+02,1.031023682200152734e+03,nan,nan,1.265039304610733097e+03,9.079751879699248320e+02,1.237995809324253514e+03,8.309735589635113229e+02
-3.436778399245651627e+01,-1.768164086299514565e+03,4.384353704987782976e+02,5.696967356887413514e-01,8.010168018539976629e+02,1.510023242300987704e+03,nan,nan,1.320004928806133648e+03,1.417973199329983345e+03,1.333088514225500603e+03,1.335024576734025231e+03
-1.123811905382141731e+03,-9.106823750702022835e+02,-1.428780956125925286e+03,3.340829506473486643e-01,8.019897727272726797e+02,1.265998842592592609e+03,nan,nan,8.459504388229220240e+02,1.124015760869565156e+03,8.410928725701943449e+02,8.599901677270098617e+02
-4.176131220213472375e+02,-7.394587041957762494e+02,-2.054003096130905703e+02,2.126347917646016494e-01,8.029600591715976634e+02,1.119943344334433505e+03,7.699667790081848580e+02,8.579785227867993171e+02,nan,nan,1.105894569956401028e+03,8.499418655097614419e+02
-1.189426704300349911e+03,-1.033353066152843894e+03,-1.560338579315753577e+03,1.672814856401646788e-01,8.030243196294151176e+02,1.308008844339622556e+03,nan,nan,8.210329545454545723e+02,1.169051535087719230e+03,8.260507131537242458e+02,8.940022358859698670e+02
-3.681469753250457302e+02,-1.576324768555832406e+03,-1.847801908922839687e+02,1.074436385214533329e+00,8.049752873563218145e+02,1.440992852888624157e+03,nan,nan,1.125998274374460834e+03,1.336016239316239307e+03,1.149040369649805370e+03,1.181008517034068063e+03
-8.180820200373113948e+02,-4.106826868013824878e+02,-8.996087980097536274e+02,2.713181123167907050e-01,8.080172966047405225e+02,1.077998040496407611e+03,7.710551132884262415e+02,7.089828025477706888e+02,nan,nan,9.269961197339246155e+02,6.990454797559623330e+02
-3.281455602664863136e+02,-1.339872830112613201e+03,-1.295033465623745030e+02,1.261483099526570506e-01,8.110032310177706449e+02,1.342000561797752880e+03,7.900180932498260518e+02,1.091949067431850835e+03,nan,nan,1.161902580305423953e+03,1.095016618911174874e+03
-1.995531479711993086e+02,-1.314147576467688395e+03,1.007683916204967289e+02,2.812163516849289224e-01,8.120564784053156018e+02,1.318933333333333394e+03,7.889008073817761897e+02,1.110893643031784904e+03,nan,nan,1.226950520833333258e+03,1.106063775510204096e+03
-4.283782070257464625e+02,-1.655476243900485315e+03,-3.527407117569163688e+02,2.815903386569468259e-01,8.159780888618380459e+02,1.474968377088305488e+03,8.009984962406015256e+02,1.176978527607361912e+03,nan,nan,1.122024268823895454e+03,1.190933413317336544e+03
-1.116131953458472481e+03,-1.049431109031373580e+03,-1.571871615900912730e+03,3.827781074317623822e-01,8.239994252873563028e+02,1.310996468510888690e+03,nan,nan,8.450424481737413771e+02,1.176988871224165450e+03,8.509934604904632351e+02,8.969945444626296194e+02
-9.635718028264000168e+02,-2.126635180227931414e+02,-1.241700233611233443e+03,5.015264165671166063e-01,8.240111498257839457e+02,1.048998612074947914e+03,nan,nan,9.239843750000000000e+02,8.920013054830287729e+02,8.700513784461153364e+02,6.219816106531388868e+02
-1.076174877494282498e+02,-7.817238065750157148e+02,2.197251791686062745e+02,4.780945156667217311e-01,8.290456249999999727e+02,1.088003929273084395e+03,nan,nan,1.283040847983453887e+03,9.749808533916849456e+02,1.263046663321625601e+03,8.879752066115702291e+02
-5.402761868916438743e+02,-7.980091795726626742e+02,-5.715325516217666291e+02,9.043964066936349688e-02,nan,nan,7.999532293986636660e+02,8.590122306348281427e+02,1.063993710691823935e+03,1.041980678851174844e+03,1.047976481230212585e+03,8.540013824884792939e+02
-7.468739198331217040e+02,-8.904541840847688263e+02,-9.494743378625333889e+02,2.643439223968899743e-01,8.310619375330862795e+02,1.229002234636871435e+03,8.039611054247696984e+02,8.680048309178744148e+02,nan,nan,9.691126248864668469e+02,8.709693978282330136e+02
-3.182390919751081810e+02,-1.948214328929814883e+03,-2.637715500774824591e+02,3.009503310441698498e-01,8.339954867827208318e+02,1.593017743979721217e+03,8.220511756569848103e+02,1.291994277539341965e+03,1.132999468650371909e+03,1.504042670682730886e+03,nan,nan
-2.048865235981503474e+02,-1.514335203795920734e+03,-2.785562544956597009e+01,8.055984014157853146e-01,8.340147341447790268e+02,1.408026862026862091e+03,nan,nan,1.205983927674535380e+03,1.307942746239689541e+03,1.222017292784734536e+03,1.170988861386138524e+03
-8.839560343389559876e+02,-7.831253108938419700e+02,-1.208605065599166664e+03,5.674480519839216752e-01,8.340718697361032810e+02,1.211998807394156302e+03,8.070493348115298886e+02,8.209935446009390034e+02,nan,nan,9.169722222222221717e+02,8.229605122732124300e+02
-5.660502722509388605e+02,-1.516890326928679769e+03,-6.898075905875716671e+02,6.343246599591898516e-01,8.349953106682297630e+02,1.429972401644157344e+03,8.169652366863905399e+02,1.092941851568477432e+03,1.027968875502008132e+03,1.321982581967213036e+03,nan,nan
-6.159161170038853470e+02,-1.158530365910600949e+03,-7.614967766520475152e+02,3.025317443419635599e-01,8.360184667039731039e+02,1.306022564667033521e+03,8.120272997032641342e+02,9.689968434343434183e+02,1.019006560962274420e+03,1.186941021590310584e+03,nan,nan
-2.044931877567057086e+02,-1.226251680178094603e+03,-2.607281271690671431e+01,3.308709295211421098e-01,8.369727074235808004e+02,1.288023576768257726e+03,nan,nan,1.212969382176052477e+03,1.182959080717488860e+03,1.214958203368683826e+03,1.056946737683089168e+03
-4.031056716285050356e+02,-1.053085461069733583e+03,-3.872592762812831211e+02,1.606810354611398484e-01,8.379863713798978324e+02,1.245976317347542818e+03,8.119907727797001371e+02,9.639889298892989018e+02,nan,nan,1.113943938667944394e+03,9.610005022601707196e+02
-6.136505137121768030e+02,2.671375211713872488e+01,-7.540715628032085078e+02,7.163677465114760556e-01,8.479528753993610053e+02,9.240431034482758150e+02,8.050563467492260088e+02,5.589331585845346808e+02,nan,nan,9.920102163461538112e+02,5.260066585956416247e+02
-6.433753723951695065e+02,-1.506907936102526946e+03,-9.044016247646467264e+02,4.873374305434399756e-01,nan,nan,8.300041766109785613e+02,1.069984271022383609e+03,9.950636507101525012e+02,1.322986134220743224e+03,1.025016345592527841e+03,1.083946470588235343e+03
-9.167752434973834852e+02,-6.601240756690446005e+02,-1.360378322922161033e+03,2.442333467479874398e-01,nan,nan,8.199685230024213070e+02,7.779625603864734558e+02,9.239848730415991440e+02,1.044964673913043498e+03,9.029984076433121345e+02,7.749770114942529062e+02
-4.615356721232901691e+02,-1.738938992167357810e+03,-6.197844198433714382e+02,6.937183707462032389e-01,8.539958826556870690e+02,1.509006157003591625e+03,8.379412117576484889e+02,1.175924492385786834e+03,nan,nan,1.103094410521371628e+03,1.187918839153959652e+03
-4.428508368773541974e+02,-2.115647420153236453e+03,-6.122133888236674011e+02,7.779888020100331758e-01,8.550102189781022162e+02,1.655948555320648438e+03,8.439960629921259851e+02,1.297046153846153857e+03,nan,nan,1.120956917185256088e+03,1.314978880157171034e+03
-4.469603741313329692e+02,-1.790244198826188722e+03,-6.013079557726873645e+02,7.856474135467172992e-01,nan,nan,8.399483028720626407e+02,1.194922379603399349e+03,1.069930668841761872e+03,1.433958813838550213e+03,1.109968622100954917e+03,1.207020027945971151e+03
5.675559203868152736e+01,-1.843467428949532859e+03,3.375108320184567106e+02,5.000432703387444056e-01,8.600170789163721565e+02,1.543978236607142890e+03,nan,nan,1.352055929570170974e+03,1.461010346611484692e+03,1.363959589867310115e+03,1.344069534472598662e+03
-1.088174367716042525e+03,-4.199461157273108824e+02,-1.795196691761879265e+03,4.782296470874822791e-01,8.649399141630901795e+02,1.144995243757431581e+03,nan,nan,8.780283018867924056e+02,9.979606807511737543e+02,8.430185851318944970e+02,6.860323886639675948e+02
-1.261446866670786306e+02,-4.061059195218944637e+02,1.620859312895538551e+01,1.193519681368914176e-01,8.650439560439560864e+02,9.650232558139534831e+02,nan,nan,1.267936549900859291e+03,8.459963556851312205e+02,1.233008008542445168e+03,7.100005288207297554e+02
-1.043087771918957515e+03,-1.070698563124759858e+03,-1.756149972402911544e+03,1.868837433792321645e-01,8.679846426461901956e+02,1.321987804878048792e+03,nan,nan,8.700505709624795827e+02,1.194003370786516825e+03,8.780064356435643731e+02,8.910109261186264575e+02
-2.243819212253422961e+02,-7.111210596639845107e+02,-2.005079331276444634e+02,3.419005931034805879e-01,8.680018303843806962e+02,1.101991787744788326e+03,nan,nan,1.206072185764765209e+03,9.860131787032156581e+02,1.185068097014925343e+03,8.329916707496325898e+02
-4.029473000669639191e+02,-1.575073627489161652e+02,-5.032844453639403355e+02,5.621466220575113137e-01,8.680080128205128176e+02,9.469811320754716917e+02,nan,nan,1.136967633175994706e+03,8.109595890410959100e+02,1.086966413867822212e+03,5.980094496942746218e+02
-6.536448015895572894e+01,-4.381073431718288020e+02,1.043693325245240402e+02,8.593341686474542662e-02,8.700024772914946425e+02,9.639638752052545669e+02,8.340084317032039962e+02,7.599369171695008163e+02,1.299009803921568619e+03,8.499783258594917470e+02,nan,nan
-1.533911654778422751e+01,-2.083310918086165657e+03,1.274845426508640145e+02,7.326090599407572013e-01,8.709932523616733988e+02,1.658002412545235302e+03,nan,nan,1.294003831417624497e+03,1.575942795076031871e+03,1.322016538688718356e+03,1.403967723669309180e+03
-4.587534460371736600e+01,-1.420784329600845695e+03,8.205106846589788461e+01,3.143962857846006043e-01,8.730180921052631220e+02,1.359921208850512585e+03,nan,nan,1.286004768717215029e+03,1.267961318051575972e+03,1.292006610576923094e+03,1.140893461104847802e+03
-9.374848654980165747e+02,-1.129982288744231937e+03,-1.597297617068590171e+03,2.474354691533152961e-01,8.739559118236472841e+02,1.331992686170212664e+03,nan,nan,9.019714285714285325e+02,1.209007178354500184e+03,9.119978632478632790e+02,9.160106382978723332e+02
-1.038883952495312855e+02,-1.766561920164141839e+03,-5.905506675212976830e+01,1.352103860908179522e-01,nan,nan,8.560090206185567467e+02,1.265975130890052469e+03,1.243014794520547866e+03,1.426050579557428819e+03,1.266021134593993338e+03,1.259000550964187369e+03
-7.730565500979739681e+02,-6.824187299173140673e+02,-1.267831739554764454e+03,2.895641901878050484e-01,8.750133333333333212e+02,1.182022426682001196e+03,nan,nan,9.719878110716099400e+02,1.050018172377985366e+03,9.529541622760800692e+02,7.830021703743896069e+02
-5.821106355001973043e+02,-4.502986889175216447e+02,-8.962463589167458622e+02,3.321721900912818493e-01,8.750470085470085451e+02,1.081936237373737413e+03,nan,nan,1.050972304648862519e+03,9.479959514170039938e+02,1.016992636229749678e+03,7.089761431411531021e+02
-5.760850093968459760e+02,-2.002717952309981229e+03,-9.868653362900407728e+02,4.007958705132542154e-01,8.780163666121112556e+02,1.605974817221770991e+03,nan,nan,1.002988000000000056e+03,1.515962622950819650e+03,1.061998756991920345e+03,1.233974660074165740e+03
-2.153979643600718532e+02,-1.218785865386835667e+03,-2.895205542480761096e+02,3.353221275977342208e-01,8.820345211581292233e+02,1.297989702517162414e+03,8.579831795984807741e+02,1.037994432071269557e+03,1.191986432160804043e+03,1.195998987341772136e+03,nan,nan
-8.446251972473484102e+02,-6.004624671333328934e+02,-1.457619899200758027e+03,9.390333175893944562e-02,8.830163934426229844e+02,1.170017467248908360e+03,8.539796367638965648e+02,7.589431171786120558e+02,nan,nan,9.258942351339082961e+02,7.499759590792839390e+02
-7.349569142502103887e+02,-8.673433031888725964e+02,-1.258868503932823614e+03,1.169349232558312274e-01,8.830489160644802951e+02,1.236017476788640124e+03,8.560346368715083827e+02,8.489547277936962928e+02,9.790921747479596888e+02,1.110994450050454134e+03,nan,nan
-2.194608543325379628e+02,-9.057299156760004735e+02,-3.491665334744978963e+02,1.428248723939952169e-01,8.939804955192408897e+02,1.183925849639546868e+03,8.659014285714285961e+02,9.189803817603393554e+02,nan,nan,1.183967089611419397e+03,9.009879065888239893e+02
-9.967361284823798542e+02,-8.919098973608348615e+02,-1.857742879890243785e+03,4.778459241705800831e-01,nan,nan,8.680143693453965170e+02,8.289833620195065578e+02,8.910636223704464101e+02,1.144977186311787136e+03,8.879913751796837005e+02,8.299760837070253956e+02
-2.940377844498261766e+02,-6.444012544827586453e+02,-4.792229211561761986e+02,4.214943076738753014e-01,8.940286247666459758e+02,1.103027690371302697e+03,nan,nan,1.165036612021857991e+03,9.860204191295002829e+02,1.142936440677966175e+03,7.929893198426082108e+02
-4.497312092783237745e+02,-9.043124124271337223e+02,-8.161034909018065946e+02,1.066127142857619808e-01,8.980214395099540070e+02,1.218018935516888405e+03,8.709710078232857313e+02,8.869569945625308947e+02,1.086961573650503169e+03,1.103021535580524414e+03,nan,nan
-8.318764872552761744e+02,-6.829070867127582005e+02,-1.568825605500039046e+03,1.243374217410063293e-01,9.009488448844884942e+02,1.198980515759312311e+03,8.730107238605897919e+02,7.809935656836461249e+02,nan,nan,9.330021762785636383e+02,7.729966405375140539e+02
-7.731163983673317261e+02,-7.289720832015149199e+02,-1.471233400886871777e+03,2.694444869943712906e-01,9.030313211845102614e+02,1.205995415472779314e+03,8.760351784790481133e+02,7.989826972010177997e+02,9.689884868421053170e+02,1.079031368307193134e+03,nan,nan
-4.234324858487318721e+01,-4.955164027075177273e+02,-3.948638026936707490e+01,3.033625405750348669e-01,9.040365398956002991e+02,9.999824840764331384e+02,nan,nan,1.294958904109588957e+03,8.920155210643015380e+02,1.266962451684152484e+03,7.449561262707329661e+02
-6.317212444802389655e+02,-1.114205527102519909e+03,-1.219968345781727749e+03,2.290027074663430195e-01,nan,nan,8.799287388654477127e+02,9.289800105207785919e+02,1.007085526315789480e+03,1.194950102880658505e+03,1.013969936708860814e+03,9.269787414965986727e+02
-9.593971060591878768e+02,-2.011684979944028328e+03,-1.920082746707930255e+03,5.410825802991925393e-01,9.069721043056397320e+02,1.599977846153846258e+03,8.848553791887125044e+02,1.127826599326599307e+03,nan,nan,9.308477911646585881e+02,1.148831000518403243e+03
-3.530502845984495934e+02,-5.114158128646789692e+01,-6.643350101427271284e+02,6.483337438592248203e-01,9.100597439544808367e+02,9.279940476190475920e+02,nan,nan,1.151008672448298967e+03,7.979909784871616694e+02,1.098999430848036354e+03,5.529824945295405314e+02
-3.665031334201282789e+02,-5.668325102026694822e+02,-7.414291217124614377e+02,3.822146173021880311e-01,9.140095751047276735e+02,1.099984586929716443e+03,nan,nan,1.128997279651795452e+03,9.810169584245076067e+02,1.103974200785193489e+03,7.530486870897154859e+02
9.245740776982314557e+00,-1.128685662885098509e+03,-3.025494755629575394e+01,1.130318081208325776e-01,9.170270562770563174e+02,1.242015925315760569e+03,nan,nan,1.304972999509082001e+03,1.149981576253838284e+03,1.299993870815653054e+03,1.008978053435114475e+03
-4.265114508911245821e+02,-1.709940619218811264e+02,-8.654028500785321967e+02,7.542138786152983165e-01,9.180007836990595251e+02,9.870238663484486779e+02,nan,nan,1.114099022801302908e+03,8.589789550072569000e+02,1.068036099137930933e+03,6.010028089887640590e+02
-8.000063340364375790e+02,-5.973491754042051980e+02,-1.650288531485140538e+03,1.188449320041723295e-01,9.200646203554119893e+02,1.177980252331321935e+03,nan,nan,9.629746063991874507e+02,1.049994761655317006e+03,9.410418628990057641e+02,7.419098143236074065e+02
-5.490104447417502342e+02,-3.560709212308178735e+02,-1.144923003923671786e+03,5.502078109978634224e-01,9.219975772259236919e+02,1.069980234712785659e+03,nan,nan,1.059005500550055103e+03,9.429719008264462445e+02,1.023006889242183320e+03,6.679761778718899450e+02
-4.423016125742821032e+02,-4.045983665958165716e+02,-9.420197851219982113e+02,2.067519598388579960e-01,9.229981785063752113e+02,1.066006760909649756e+03,nan,nan,1.099963149078726929e+03,9.429710950528070725e+02,1.066034609334032439e+03,6.879994588744589237e+02
-8.489482384345818673e+02,-1.117204595874113238e+03,-1.809740095918893303e+03,3.406848739743756904e-01,nan,nan,9.000515313563441850e+02,8.969661432777232903e+02,9.309553336836573862e+02,1.215949897750511354e+03,9.400182926829268126e+02,8.970219780219780432e+02
1.035325729654599058e+02,-1.936406407911698807e+03,9.793778260875275521e+01,1.075827874403606499e+00,9.259948096885813129e+02,1.585003411028993696e+03,nan,nan,1.346988421694089084e+03,1.509926884139482581e+03,1.363020833333333258e+03,1.337980565371024795e+03
-1.734345115663792853e+02,-6.944581224115411260e+02,-4.406007987884919999e+02,8.640108281056879669e-01,9.269398879266428821e+02,1.113034206306787837e+03,nan,nan,1.211979336595976065e+03,1.005014657980456036e+03,1.192051995798319240e+03,8.120010899182561843e+02
-5.827552886962239427e+02,-6.454886511115599887e+02,-1.275660592407393779e+03,1.130095170522564807e-01,9.290232809962100191e+02,1.166018619934282697e+03,nan,nan,1.036934087555336873e+03,1.044993200836820051e+03,1.016995412844036650e+03,7.660152207001522129e+02
-8.102175285781631828e+02,-1.753955561628458327e+03,-1.785844587976907178e+03,4.273018985215972787e-01,9.300011280315849262e+02,1.519973165388827965e+03,nan,nan,9.230278080697928544e+02,1.419997705106138937e+03,9.699797225186766809e+02,1.084039246467817975e+03
-2.673430255322649032e+02,-8.331943816621679844e+02,-6.555718067509578759e+02,1.901403270939241719e-01,nan,nan,9.020133832976445092e+02,8.750275675675675302e+02,1.161994241842610336e+03,1.071939659143251902e+03,1.150007006071929027e+03,8.549791469194312867e+02
-4.674513291350697841e+02,-3.361341996086408699e+02,-1.045539318034421967e+03,2.658403509990701075e-01,9.310548744892001878e+02,1.054031795511221844e+03,nan,nan,1.089988782950084214e+03,9.300078431372548948e+02,1.053051788574479360e+03,6.609927170868347730e+02
-1.140776083852314997e+02,-2.406647493567010372e+02,-3.464629953049369533e+02,4.428554072956836229e-01,9.329819884726224473e+02,9.450298730395817302e+02,9.009558165548098714e+02,6.679994285714285525e+02,nan,nan,1.211991731266149827e+03,6.289325731284085350e+02
-7.816645857061419065e+02,-4.957377693747741318e+02,-1.720739005334196008e+03,2.760299258365719877e-01,9.339647382920110203e+02,1.152968543046357581e+03,nan,nan,9.709770173646578542e+02,1.024993707393812201e+03,9.440071154898740815e+02,7.070155997848305560e+02
-7.157947539230869438e+01,-1.327908002817049464e+03,-3.011765295656712738e+02,4.070590813947205233e-01,9.340366684127815233e+02,1.336966614501825688e+03,nan,nan,1.246986666666666679e+03,1.245989949748743811e+03,1.252963290278722070e+03,1.061999355670103114e+03
-4.414382458786178063e+02,-1.514200868209582040e+03,-1.089675018545488228e+03,3.557437888496752243e-01,9.390375854214122455e+02,1.431994356659142113e+03,9.159880043620502192e+02,1.064990888382687899e+03,nan,nan,1.091036092396535196e+03,1.061972444889779581e+03
-2.371332809245775763e+02,-1.519359448559326665e+03,-6.982926250808810664e+02,5.378345153211535612e-01,9.430540540540540633e+02,1.424039915966386616e+03,9.190400552486187280e+02,1.105834564254062116e+03,1.154049009900990086e+03,1.332045941807044301e+03,nan,nan
-5.005468443819235631e+02,-1.681311826684503785e+03,-1.254329022216404383e+03,4.023389433276133853e-01,9.449985822306238106e+02,1.491008429458740011e+03,9.219880239520957730e+02,1.100015993907082930e+03,nan,nan,1.071940490081680309e+03,1.101114888628370409e+03
4.107657650631911395e+01,-2.115870711912028128e+03,-1.467189237093585632e+02,4.460365695578320522e-01,9.459465056082830188e+02,1.664004938271604942e+03,nan,nan,1.293011404561824747e+03,1.588979629629629699e+03,1.322950110864745056e+03,1.366965277777777828e+03
2.257557452751131066e+01,-8.774708930139012182e+02,-1.651140211645260081e+02,4.838497535377830339e-01,9.469604863221884443e+02,1.152010144153764031e+03,nan,nan,1.303043172219615144e+03,1.058043583535109065e+03,1.290993488372092997e+03,8.959860205032618978e+02
7.698193368504948353e+01,-2.098795966910194863e+02,-4.007552083306507740e+01,2.647410211498644750e-01,9.480028089887640590e+02,8.899828815977175509e+02,9.159715747583854863e+02,6.629655756207674813e+02,1.348015721120984381e+03,7.889770674079221635e+02,nan,nan
-4.090003157387902206e+02,-2.003713470600269147e+03,-1.106448548183750290e+03,2.099499398535678296e-01,9.490100214745883704e+02,1.602955427749820274e+03,9.280163934426229844e+02,1.209969426751592437e+03,nan,nan,1.114025641025641107e+03,1.212981645944345701e+03
-1.017757062257502980e+03,-1.891659116593279578e+03,-2.413069706063758986e+03,9.129342847007079209e-01,9.500490605427975197e+02,1.563968931016324404e+03,nan,nan,8.560579302587176471e+02,1.460985923423423401e+03,9.079926624737945531e+02,1.078012820512820554e+03
-5.595883946864521477e+02,-1.454996918387274036e+03,-1.414198924604613467e+03,2.748855111293986297e-01,9.510275330396475510e+02,1.419965669988925811e+03,9.270141583639224336e+02,1.021002724795640347e+03,nan,nan,1.044012993262752616e+03,1.019004688232536296e+03
1.429293856546869392e+02,-2.004818556981875417e+03,3.906996421557568056e+01,4.839666569376916416e-01,9.529885386819483983e+02,1.615983651226158145e+03,9.260428336079077098e+02,1.381021240916713168e+03,nan,nan,1.375043502509760174e+03,1.352023652365236558e+03
9.521320265980176600e+01,-4.549540104955107722e+02,-5.586607511573492957e+01,2.426145713001109649e-01,nan,nan,9.259983333333333348e+02,7.660240963855421796e+02,1.348988865692414720e+03,8.850491452991452661e+02,1.322959936742224500e+03,7.230320715036802994e+02
-8.939086221045013190e+02,-2.114254939523325447e+03,-2.204002154532233817e+03,2.886931323090550783e-01,9.580947567909033751e+02,1.627948874010955478e+03,9.310000000000000000e+02,1.137096021947873851e+03,8.868885077186963599e+02,1.533075268817204233e+03,nan,nan
-3.598808144494524299e+02,-1.612588061615009565e+03,-1.100247476917220411e+03,4.226753743481112546e-01,9.650039193729003273e+02,1.464964969896004277e+03,9.409634268537074604e+02,1.096158982511923796e+03,1.090953139643861277e+03,1.372965388213283404e+03,nan,nan
-5.298514401472565396e+02,-1.650772932316974902e+03,-1.473855189105458521e+03,2.582085919696862075e-01,nan,nan,9.430201484623542001e+02,1.073970164609053427e+03,1.022050955414012719e+03,1.388012018027040540e+03,1.056924963924964004e+03,1.072994500000000016e+03
-1.027442276367699208e+02,-1.954384229852544195e+03,-5.830637618853667163e+02,4.876360876325997462e-01,9.680483091787439207e+02,1.588934613388687012e+03,9.439416846652268305e+02,1.264961926091825262e+03,1.203047826086956547e+03,1.508924342105263122e+03,nan,nan
-7.121158243776677921e+01,-1.139105972002629642e+03,-5.185923241113599715e+02,1.715020256181357394e-01,9.709677592692100916e+02,1.274033080260303677e+03,nan,nan,1.235959710743801679e+03,1.182981876332622505e+03,1.235947501261988918e+03,9.719989621172807119e+02
-1.924827373162496258e+02,-9.536164066392872201e+02,-7.799582503707898695e+02,7.013258482058359888e-01,9.720047244094488406e+02,1.226001608579088497e+03,nan,nan,1.180001058201058186e+03,1.126008858780614901e+03,1.175004724409448727e+03,8.889506172839505780e+02
-3.969183803871032978e+01,-6.076336635330151239e+02,-4.622139674461593017e+02,6.996796787220084246e-01,9.740213143872114188e+02,1.078960923623445751e+03,9.470436291522062220e+02,8.089354523227383424e+02,1.261984583761562135e+03,9.810046997389033550e+02,nan,nan
-1.224484255998000322e+02,-1.242545419787889386e+03,-6.569542766847056328e+02,1.532693547720913319e-01,9.750121273370389190e+02,1.318978756476683884e+03,9.489840288511077233e+02,1.021009921671018333e+03,nan,nan,1.212000441111601276e+03,9.990018034265103779e+02
-6.415191334988853669e+02,-2.067289056992421138e+03,-1.781206595223142131e+03,6.939205810066254587e-01,9.750510204081632537e+02,1.615083670715249582e+03,nan,nan,9.689901234567901156e+02,1.528144282425172605e+03,1.027974424552429582e+03,1.168002594033722517e+03
-3.870945698674308488e+01,-1.496737433569490804e+03,-4.929241799445430843e+02,6.776388082738650509e-02,9.770069296375266958e+02,1.407008966244725798e+03,9.508806722689075741e+02,1.124956521739130494e+03,1.242909175162187239e+03,1.322973214285714221e+03,nan,nan
-5.873085740352416906e+01,-2.097841697670137819e+03,-5.451398707433336313e+02,3.851388344155441956e-01,9.770598360655737906e+02,1.647000856164383549e+03,9.519678266579120418e+02,1.317966090850927685e+03,nan,nan,1.259022478736330413e+03,1.303010876132930434e+03
-4.665193452958112061e+02,-2.113232713647405944e+03,-1.426836174998488332e+03,6.364384210007089093e-01,9.780311909262759400e+02,1.636017108639863181e+03,nan,nan,1.032070931849791350e+03,1.551990182328190713e+03,1.088965559655596508e+03,1.211965677719604400e+03
-3.010990029522753275e+02,-5.713093068827303114e+02,-1.058506150097841783e+03,2.499157412768164832e-01,9.799774774774774642e+02,1.121027730616864801e+03,9.530252873563218827e+02,7.709686252139190401e+02,nan,nan,1.117006829268292677e+03,7.420024642681123623e+02
-3.688936446213342037e+02,-2.074515352399672338e+03,-1.262195424018911126e+03,8.762094735549784685e-01,9.830008665511264780e+02,1.625020321761219293e+03,9.610755873340142443e+02,1.216943107221006585e+03,1.071042456406368501e+03,1.542846475924633523e+03,nan,nan
-7.485574948051910269e+02,-4.010270505551425799e+02,-2.093366186430999278e+03,8.195788700355706169e-01,9.840449999999999591e+02,1.145952874158467012e+03,nan,nan,9.789491362763915276e+02,1.023992907801418482e+03,9.499805447470816944e+02,6.690005027652086937e+02
-3.563435348231897137e+02,-1.945012387310513532e+03,-1.271457759028542114e+03,4.354990359326583182e-01,9.900421511627906739e+02,1.578969298245614027e+03,9.640955085183272786e+02,1.179952751528627005e+03,nan,nan,1.123979827089337277e+03,1.174973930152483945e+03
5.799849377726864041e+00,-7.728010732486359302e+02,-4.756402627530157474e+02,2.195991525663986976e-01,9.909847064627527971e+02,1.136916256157635416e+03,9.639595755432036412e+02,8.700277920741121989e+02,nan,nan,1.260992400536432797e+03,8.349641751437417270e+02
-2.904634280299258080e+02,-2.088457645981095993e+03,-1.149245527898395721e+03,4.947446359555465745e-01,9.920098219766728107e+02,1.632002559181061997e+03,9.670057273768613868e+02,1.234882224645583392e+03,nan,nan,1.153009861932938747e+03,1.229086443079829905e+03
-3.399726279165855658e+02,-1.485569859425219647e+03,-1.291259110086603641e+03,3.804680302289288885e-01,9.980111794298491077e+02,1.423939153439153415e+03,9.719673105497771530e+02,1.044991529910005283e+03,nan,nan,1.118019185774450079e+03,1.032006129184346946e+03
4.300965240955532209e+01,-2.137850459393636356e+03,-4.482527445404417108e+02,3.122946249924960505e-01,9.980298181818182002e+02,1.665921220723917713e+03,9.700355660936573940e+02,1.348969678953626726e+03,1.268004022526146400e+03,1.591983981693363830e+03,nan,nan
-7.053378807486228652e+01,-2.084661661881238160e+03,-7.141596167973270894e+02,7.400497602987913259e-01,1.000030424799081516e+03,1.637963589743589637e+03,nan,nan,1.206041154791154895e+03,1.561903468208092590e+03,1.244039934354485695e+03,1.276076727642276410e+03
-4.460543004832622387e+02,-1.518244261136614568e+03,-1.558501595100702389e+03,2.067111357575716346e-01,1.001989033942558763e+03,1.439960486322188444e+03,9.760118870728083493e+02,1.033010458167330626e+03,nan,nan,1.078101527403414138e+03,1.023985604606525953e+03
3.116962054734301546e+02,-8.611437958588091988e+02,1.472487992929985694e+02,2.594741985674406393e-01,1.002005770340450113e+03,1.108968975069252110e+03,nan,nan,1.452020705092333628e+03,1.034991433466590479e+03,1.438027343750000000e+03,9.029588644264194954e+02
1.417436146048552814e+02,-7.817111024118671594e+02,-2.629860560160428236e+02,1.440637849444945939e-01,1.004990990990991008e+03,1.118963626779124979e+03,9.779140096618357347e+02,8.889797930014785834e+02,nan,nan,1.329029332129963905e+03,8.470036579789666575e+02
1.140425610874002018e+02,-4.343944731194044948e+02,-3.213937481660558433e+02,6.919737600873441252e-01,1.005015432098765473e+03,1.000012598425196870e+03,nan,nan,1.333980271270037065e+03,9.090070287539936089e+02,1.307990126165660968e+03,7.049845047039291330e+02
6.441852054132247707e-01,-1.762711254638465107e+03,-6.111973212407617666e+02,2.958885942706390160e-01,1.009004810261892089e+03,1.511003124999999955e+03,9.809713038053649825e+02,1.203986102337334160e+03,1.245024851431658590e+03,1.432961244541484803e+03,nan,nan
9.100491054704701099e+00,-1.614229087841288674e+03,-5.919673631754200187e+02,1.576482875967019914e-01,1.009055131467345177e+03,1.452976946498477673e+03,9.810306220095693561e+02,1.157039436619718344e+03,nan,nan,1.270052807735217584e+03,1.130975384615384655e+03
3.318828037953779813e+02,-5.104923410161220545e+02,1.219151368192246707e+02,6.234114139371905727e-01,1.012986280487804834e+03,9.699488852637302898e+02,9.879898882384246690e+02,8.039622139435870167e+02,1.461030626780626790e+03,8.960007739938080249e+02,nan,nan
2.258908886471339770e+02,-1.502240678601518539e+03,-1.305776191860006463e+02,3.114862633261195057e-01,nan,nan,9.849503105590061978e+02,1.176994385527136728e+03,1.379992677824267730e+03,1.320985444743935204e+03,1.382985095812633062e+03,1.136071947194719542e+03
2.290562748470582335e+02,-1.091045901397573516e+03,-1.201592152138331357e+02,2.101559623664638055e-01,1.014021943573667727e+03,1.224968619246861863e+03,9.859882533197139765e+02,1.021940733299849285e+03,nan,nan,1.379944782168186521e+03,9.779953271028036852e+02
-5.101573238266176986e+02,-2.011994008762270141e+03,-1.875088041848760668e+03,2.829840325050622662e-01,1.022992696287279387e+03,1.595967323943661995e+03,nan,nan,1.012015743440233223e+03,1.509999446596568987e+03,1.063043511450381629e+03,1.139998315080033763e+03
4.101367873673859776e+02,-6.033732430965130789e+02,2.459571252659898448e+02,4.039330110230749948e-01,1.024086651053864216e+03,9.899029535864979152e+02,9.969982158786797299e+02,8.529246544806063639e+02,1.507906444906444904e+03,9.220574545454545614e+02,nan,nan
-1.627648206375951361e+02,-1.621775700070907305e+03,-1.094387517002930508e+03,7.617223801420288654e-01,1.024981218274111598e+03,1.465001985111662634e+03,9.971090107120353423e+02,1.105982951205173322e+03,nan,nan,1.185987517337031932e+03,1.087018582243633773e+03
1.868049987988331964e+02,-1.884230124897790802e+03,-2.828882648638568753e+02,4.369052028762481776e-01,1.025042003231017816e+03,1.558957547169811278e+03,nan,nan,1.344014560826679144e+03,1.486917389319945187e+03,1.362143043478260779e+03,1.256961650485436849e+03
3.537894591825209289e+01,-1.661993260505104672e+03,-6.448115328612557278e+02,4.237755987242917133e-01,1.025947164323800280e+03,1.472038497652582237e+03,9.969729729729730252e+02,1.168087888531618546e+03,1.258072129538763420e+03,1.394000494071146250e+03,nan,nan
2.765530520213467867e+02,-2.874425364289746767e+02,-1.126958175933624915e+02,4.947087444425585789e-01,1.029957028404952553e+03,9.169610194902548983e+02,nan,nan,1.416042432814710082e+03,8.370276564774380859e+02,1.391014925373134247e+03,6.449544626593807379e+02
1.001500175489178162e+02,-1.846555452835726783e+03,-5.237290842812161600e+02,2.796983701480295070e-01,1.030973544973544904e+03,1.543022608695652252e+03,1.000030800821355228e+03,1.246040880503144763e+03,1.288887858719646829e+03,1.469032039711191373e+03,nan,nan
-5.902766105252918578e+02,-5.806647035314143750e+02,-2.160718563930151959e+03,8.554372462052256543e-01,1.031019192913385723e+03,1.192022588235294052e+03,nan,nan,1.018930307198532773e+03,1.082988695242581343e+03,1.001084988452655921e+03,7.189724815724815699e+02
4.152947796472324171e+02,-1.089371011231962029e+03,1.741099117224099757e+02,2.962750732687959299e-01,1.038990088680229519e+03,1.197988272921108774e+03,nan,nan,1.496979331306990844e+03,1.133972856261566903e+03,1.486024911032028513e+03,9.979946965232763887e+02
-9.301261671544645537e+01,-2.038574118603336274e+03,-1.035222206859140670e+03,7.177520189429263953e-01,1.039999238964992401e+03,1.612987421383647870e+03,1.008953423120089838e+03,1.240975595913734423e+03,nan,nan,1.219107966457023167e+03,1.221004597701149351e+03
4.226752578004219458e+02,-4.049503072176939895e+02,1.716839931887432442e+02,6.176348077240403356e-01,1.040072272411396852e+03,9.189695393759286617e+02,nan,nan,1.504071684587813706e+03,8.520007621951219789e+02,1.484984746796827267e+03,7.009302045728038593e+02
2.893313486886902410e+02,-3.992752248722827630e+02,-1.568838790410387674e+02,3.278017095068452291e-01,1.041072931276297368e+03,9.619912023460410637e+02,nan,nan,1.414974963181148723e+03,8.850473415877639809e+02,1.392949644225506290e+03,6.909895027624309023e+02
3.531740481334898618e+01,-2.013669236711379199e+03,-7.489619471580932668e+02,2.790663997254409501e-01,1.041957957957957888e+03,1.607890009165902939e+03,1.010024114173228327e+03,1.269947341772151958e+03,1.244918367346938794e+03,1.534846012832264023e+03,nan,nan
-1.122156545474079365e+02,-3.498615009765134118e+02,-1.117250421849412305e+03,6.325915937559233315e-01,1.042966082532504288e+03,1.050982748706152961e+03,1.019978272980501401e+03,6.999849077697037956e+02,1.204046020573903661e+03,9.539658703071672790e+02,nan,nan
-1.060813903696282665e+02,-1.834908306123762031e+03,-1.133822395138242200e+03,5.707567428952485811e-01,1.049040758293838962e+03,1.538007366482504494e+03,1.018035373385738353e+03,1.169943417366946733e+03,nan,nan,1.206035129932627569e+03,1.147956027667984245e+03
3.121269627234205473e+02,-2.139796735335815356e+03,-1.511936605147426746e+02,8.789613229710381281e-01,1.054052715654952181e+03,1.671063348416289500e+03,1.016012681159420254e+03,1.409010228640192508e+03,1.407893185113581467e+03,1.606081900910010063e+03,nan,nan
3.183581180732191456e+02,-6.896190626678645685e+02,-1.751355305683119070e+02,2.395776024030901175e-01,1.054986551909628815e+03,1.069983570646221324e+03,nan,nan,1.420973796791443874e+03,9.979865696698377633e+02,1.405025102159953349e+03,8.100709018718093830e+02
9.179619502870330905e+00,-1.977290627348239923e+03,-9.020027223577538962e+02,7.778669670967296446e-01,1.055053536345776138e+03,1.591971706864564112e+03,nan,nan,1.226049339207048433e+03,1.517019417475728233e+03,1.257934490238611716e+03,1.215009919697685291e+03
-3.211190325680465776e+02,-6.283570507747451757e+02,-1.727600928955588415e+03,6.756808848200600570e-01,1.055973763874873839e+03,1.178991268618387267e+03,nan,nan,1.107951734539969721e+03,1.077992420140768900e+03,1.092977360574268459e+03,7.400038230475149703e+02
-3.125801776236219212e+02,-1.423800518287395334e+03,-1.716409918373586379e+03,1.922094758415660853e-01,nan,nan,1.030004113110539947e+03,1.000974079834110967e+03,1.092940290758047695e+03,1.321982189628077549e+03,1.112012820512820554e+03,9.809881740775780372e+02
6.313689980036750882e+01,-1.890127548602698198e+03,-8.026940486856952930e+02,6.192612879435279716e-01,1.059078245137946624e+03,1.559019143117593330e+03,nan,nan,1.254015391014974966e+03,1.485011203319502101e+03,1.280014699524427215e+03,1.197009932279909663e+03
-2.660517227229899504e+02,-2.094981601670200689e+03,-1.634836707390574475e+03,2.079373862166501163e-01,1.063855850032320632e+03,1.624117414248021078e+03,1.030985157699443334e+03,1.193013939393939381e+03,1.094912511759172048e+03,1.545096035242290782e+03,nan,nan
-2.535904155370736817e+02,-4.278588660321595967e+02,-1.656198980216459859e+03,3.432544320410507166e-01,1.066013749338974094e+03,1.115976781002638518e+03,nan,nan,1.135021624219125442e+03,1.016985929648241154e+03,1.111941062801932276e+03,6.769984748347737877e+02
2.172839837907624485e+02,-1.318340762861532994e+03,-4.941204233798378596e+02,2.213120395256778783e-01,1.067064428312159635e+03,1.332054610564010773e+03,nan,nan,1.343948182521268336e+03,1.259981346309813489e+03,1.346066059225512618e+03,1.029955876610698851e+03
2.476590668311799845e+02,-4.197120630093877480e+02,-4.454521986376500422e+02,7.918277453428827772e-02,1.067991084695393738e+03,1.000956839795171959e+03,nan,nan,1.371983038869258053e+03,9.239522776572667908e+02,1.350045629466739911e+03,6.920021810250817680e+02
7.434470838870541343e+01,-1.421509903953091225e+03,-8.570999123580593277e+02,3.861853504663305681e-01,1.068942138364779794e+03,1.384990456431535222e+03,nan,nan,1.262076592418913606e+03,1.307970112079701039e+03,1.272133023975251263e+03,1.037025187803800236e+03
6.060752298939978999e+01,-1.187183415591673793e+03,-9.223693083890823345e+02,3.287727425700932016e-01,nan,nan,1.044088566073102129e+03,9.900261964735516358e+02,1.256915012942191652e+03,1.225990623534927408e+03,1.259899093904448137e+03,9.530381784728610910e+02
2.879958543708079333e+02,-1.614346344214272904e+03,-3.568973422633758901e+02,1.737227800368749131e-01,1.073989100817438612e+03,1.443969614758545958e+03,nan,nan,1.380117870722433508e+03,1.376034835113794770e+03,1.388024967148488940e+03,1.147975512905360802e+03
4.543280617288321537e+02,-1.898179685246958570e+01,1.646718398230525082e+01,7.217681586273775318e-01,nan,nan,1.056978132387706864e+03,5.879666276346604263e+02,1.500984239558707714e+03,7.300065093572010255e+02,1.477981587301587297e+03,5.230024630541871602e+02
5.829337622963799959e+02,-6.791176515021496698e+02,3.445541174849093409e+02,1.030000096869566617e+00,1.078018720748829992e+03,1.002013168086754490e+03,nan,nan,1.593978737997256530e+03,9.499396024464831498e+02,1.575975047984645016e+03,8.279961880559085330e+02
-1.020535654991776795e+02,-2.009492072692761667e+03,-1.347338257377818763e+03,3.897637718551956176e-01,1.078105786090005950e+03,1.597938580799045894e+03,1.044050639658848695e+03,1.200977382875605826e+03,1.162043643263757076e+03,1.521859598853868192e+03,nan,nan
1.701307488579939786e+02,-4.915630968900445623e+02,-7.156942422144136344e+02,3.435787834976933852e-01,1.078968665586169664e+03,1.053034110289937416e+03,nan,nan,1.321029665587918089e+03,9.729833978970669932e+02,1.301023029682702145e+03,7.140113812726332299e+02
5.754512884003548834e+02,-9.598850253597319124e+02,3.068496374195425460e+02,1.146238135680698766e+00,1.083994391475041994e+03,1.125994999999999891e+03,1.053011781338359924e+03,1.021946793349168615e+03,1.582962939698492391e+03,1.072012305699481885e+03,nan,nan
-9.149634267921454978e+01,-9.430749544355581975e+02,-1.430064028542617734e+03,6.559058082524736877e-01,1.087980246913580231e+03,1.249967189030362306e+03,nan,nan,1.183936676798379040e+03,1.164007978723404221e+03,1.180007281553398116e+03,8.469896039603960389e+02
5.326511827563253121e+01,-1.551223057050867737e+03,-1.057142122963706925e+03,2.211271490160891251e-01,1.088912241224122454e+03,1.434991545326444339e+03,1.056909234828495983e+03,1.095891504018369687e+03,nan,nan,1.256005184331797182e+03,1.061806434023991187e+03
2.179856900283324990e+02,-6.787261984699337063e+02,-6.660625391930097976e+02,6.574344497768717099e-01,1.088976640159045701e+03,1.110988499738630480e+03,1.063958736627610733e+03,8.330020639834881422e+02,1.338992303992303960e+03,1.035018896071606150e+03,nan,nan
4.030814262692335319e+02,-5.392114110849084909e+02,-2.076072128798008691e+02,1.988911973383195309e-01,1.089926510989010922e+03,1.013021641791044772e+03,nan,nan,1.450955244755244848e+03,9.480053313023610144e+02,1.433985756676557912e+03,7.450102657004830462e+02
2.000969217575898540e+02,-1.487185497686406279e+03,-7.196774585832571347e+02,1.586975314721365271e-01,1.093033587102552701e+03,1.402985006815084034e+03,1.060938814531548815e+03,1.110263071222725330e+03,1.316004734848484759e+03,1.331927643784786596e+03,nan,nan
4.245621278811056527e+02,-1.026963131437474203e+03,-1.618637043767450905e+02,1.697307864200975625e-01,1.093956930693069353e+03,1.194989904088844014e+03,nan,nan,1.459966777408637881e+03,1.132983568075117319e+03,1.451015151515151501e+03,9.429636156907333771e+02
5.270400304896115813e+02,-1.684793210976855107e+03,1.339010190962563627e+02,9.710790489104829115e-01,1.094069819819819713e+03,1.461044320137693603e+03,nan,nan,1.537928334124347430e+03,1.403991286519733421e+03,1.530905220476431850e+03,1.226907103825136574e+03
-2.558519825863779147e+02,-7.069527492980089391e+02,-1.940339842254169980e+03,2.866588793250144374e-01,nan,nan,1.072029943211151249e+03,7.899948638931689402e+02,1.118951283394447273e+03,1.115982869379015028e+03,1.108048256091734402e+03,7.559989969909729552e+02
6.115700308237826448e+02,-9.121442073350146984e+02,2.953314621082424196e+02,6.560160735519805497e-01,1.099031899468342090e+03,1.104952964233219063e+03,1.071029381965552147e+03,1.000029440628066709e+03,nan,nan,1.582969341161121974e+03,9.270788804071246432e+02
1.439857596317667969e+02,-1.880012282111525337e+03,-9.155160666424128522e+02,7.645447214075732356e-01,1.101995922528032679e+03,1.551996035678889939e+03,nan,nan,1.275034166241713365e+03,1.483002616431187789e+03,1.300030133928571331e+03,1.177998300283286198e+03
2.104793956504011021e+02,-1.396301227801802952e+03,-8.397356317249674476e+02,1.713536815665946955e-01,1.111925095217943181e+03,1.372014811680067623e+03,1.079933983163491348e+03,1.070042032332563622e+03,nan,nan,1.319113358617783433e+03,1.025965831435079735e+03
2.564637205122719479e+02,-1.636199718580224726e+03,-7.096355292065612730e+02,1.373715177193338965e-01,1.112000965250965237e+03,1.457937470615891016e+03,1.076914587332053770e+03,1.162913946587537112e+03,nan,nan,1.347807425742574196e+03,1.116937862950058161e+03
2.729277664304574387e+02,-1.902229898066593478e+03,-6.617691669347907464e+02,3.100480048312720949e-01,1.113098250336473711e+03,1.561960828455650699e+03,nan,nan,1.343118354137771576e+03,1.494924455205811228e+03,1.360927263479145495e+03,1.210084857723577215e+03
2.079737352123678704e+02,-1.792322422466000262e+03,-8.755254804174068113e+02,2.258300643116429862e-01,1.117962927756653926e+03,1.518914470642625929e+03,1.080925268817204369e+03,1.194063909774436070e+03,nan,nan,1.321910814966683802e+03,1.151921378567582224e+03
2.101934378618534254e+02,-1.280501352220445142e+03,-9.267638867392848852e+02,3.993568732697022061e-01,1.122018463073852217e+03,1.333959328927300476e+03,1.091054362722704354e+03,1.024965779467680704e+03,1.306963247394404789e+03,1.262948275862069067e+03,nan,nan
5.936375022411509690e+02,-2.897492332504501178e+02,8.101269739293138983e+00,3.226608257006922109e-01,1.129009900990098913e+03,8.860621160409556296e+02,1.112992845349477193e+03,7.109908256880734143e+02,1.550949586155003772e+03,8.379910786699107348e+02,nan,nan
1.378440465556878110e+02,-3.101024607774254491e+02,-1.235205919065185071e+03,2.350221673318652338e-01,1.130005753739930924e+03,1.039982935153583639e+03,nan,nan,1.277971186440677911e+03,9.609820393974507624e+02,1.254028491620111708e+03,6.380291205591147445e+02
3.086604903891980030e+02,-1.363792922268596385e+03,-7.326531142471999374e+02,2.143634547974756499e-01,1.131057039384336804e+03,1.354942533936651671e+03,1.098936948297603976e+03,1.071978407557355013e+03,nan,nan,1.360056165540540633e+03,1.020995549621717828e+03
5.295869682164150163e+02,-2.089539449066288398e+03,-8.953261112544873868e+01,4.150546340810166712e-01,1.132978142076502763e+03,1.647974862529458051e+03,nan,nan,1.507023645320197147e+03,1.587961795606494661e+03,1.509980803839232067e+03,1.343887709497206743e+03
4.938187743484056114e+02,-5.383248603298296757e+02,-2.860133120079129299e+02,1.142941670986970665e-01,nan,nan,1.112992700729927037e+03,8.029911779968863357e+02,1.475924465240641666e+03,9.600293276108726559e+02,1.460941801902630004e+03,7.389951778179625990e+02
-1.424444943642560020e+02,-1.788212729162605683e+03,-1.992751907585336767e+03,5.042909572466075518e-01,1.136997504990019934e+03,1.521956908665105402e+03,nan,nan,1.128011938872970404e+03,1.444042085126733582e+03,1.159987266939517895e+03,1.059000468164794029e+03
1.060286765796199262e+02,-2.558246463707953069e+02,-1.400677962254107342e+03,2.672357454241640617e-01,1.138011375947995703e+03,1.037989325842696644e+03,nan,nan,1.258999436302142158e+03,9.580038975501113327e+02,1.234010893246187379e+03,6.180091842247434215e+02
5.408740018863629473e+01,-1.911472758364470565e+03,-1.467679804786249179e+03,2.994301815905462960e-01,1.139976732913233263e+03,1.560950534759358334e+03,1.100995406824147040e+03,1.167969281045751586e+03,nan,nan,1.240870229007633498e+03,1.132109243697479087e+03
1.646913485435532039e+02,-1.504141271821042437e+03,-1.190335150712042832e+03,2.475375041884764205e-01,1.140070609812012890e+03,1.418957884885353224e+03,nan,nan,1.269925993604385667e+03,1.347988695242581343e+03,1.282962441314554098e+03,1.031949058219178141e+03
6.150812098673638957e+02,-8.940904535759625560e+01,-5.592589798200304330e+01,5.303562402030806977e-01,1.143985163204747778e+03,8.200214899713466821e+02,1.132989522700814859e+03,6.220198750709823798e+02,1.551984501845018485e+03,7.739953488372093489e+02,nan,nan
6.063432587233965023e+02,-1.427324389514212271e+03,-2.154548755975313146e+00,2.162449306207407662e-01,nan,nan,1.107909792284866398e+03,1.181993193069306926e+03,1.551000554323725055e+03,1.295977300613496936e+03,1.542930847457627124e+03,1.108017454545454484e+03
6.672205063586369533e+02,-1.482677069162242560e+03,1.546294804300972316e+02,4.822314062817544822e-01,nan,nan,1.108981953951462401e+03,1.227009572431397601e+03,1.599974518334369122e+03,1.316027989821883011e+03,1.587062320916905492e+03,1.146001530221882149e+03
4.555315392755059634e+02,-1.045684843362284028e+03,-4.734910096726113125e+02,1.002818733660395395e-01,nan,nan,1.119040342914775692e+03,9.859706031424227604e+02,1.436972542559033400e+03,1.161988162344983039e+03,1.430957200694042740e+03,9.249928272564255849e+02
-3.697837359843627780e+01,-1.751539583766470741e+03,-1.848996676212930424e+03,2.471544712656143228e-01,1.152049453162149348e+03,1.508976381672177695e+03,nan,nan,1.166953211009174311e+03,1.433959927140255104e+03,1.194079483358171956e+03,1.056962662337662323e+03
4.809580003531416423e+02,-1.611833633130901944e+03,-3.979513371492431588e+02,1.511744818247673372e-01,nan,nan,1.113000000000000000e+03,1.198026123936816475e+03,1.450983851674641073e+03,1.380987973541791916e+03,1.452975274725274630e+03,1.135043596730245326e+03
-1.170984922865041966e+02,-1.620088777807750375e+03,-2.113969032485979824e+03,7.148419068884527272e-01,1.153993093241243287e+03,1.471982447586543230e+03,1.119969968623935529e+03,1.036035698147311450e+03,nan,nan,1.159049414824447240e+03,1.004991858887381227e+03
4.562144868723918876e+02,-1.421866389448626933e+03,-5.238525740325638935e+02,1.244954130007951826e-01,nan,nan,1.122096394984326025e+03,1.116612659698025482e+03,1.428984450402144830e+03,1.307999436619718381e+03,1.429923647932131416e+03,1.056018499486125393e+03
6.804794249428242665e+02,-2.119234363519267390e+03,1.649967459812963853e+02,9.854767647904543182e-01,1.161978796561604668e+03,1.666079128440366958e+03,1.105092381523695167e+03,1.478900000000000091e+03,1.609967741935483900e+03,1.609839339339339404e+03,nan,nan
3.675224030789760263e+02,-3.417263295796227567e+02,-8.953742145613593948e+02,1.827378642074984627e-01,nan,nan,1.147004787234042624e+03,7.089776507276507118e+02,1.374972443799855000e+03,9.479796992481202551e+02,1.355967185761957808e+03,6.499941141848146344e+02
1.837642952387951993e+02,-1.327376196530199195e+02,-1.462448388596027371e+03,2.745577318946125778e-01,1.165055555555555657e+03,1.004937029431896008e+03,1.152966298342541450e+03,6.300164203612479241e+02,1.281041585445094142e+03,9.300061475409836476e+02,nan,nan
4.624420213466574410e+02,-1.715990871984786509e+03,-5.675629114909800137e+02,3.345165656951473721e-01,1.167979793233082773e+03,1.483995355318160819e+03,nan,nan,1.424975308641975289e+03,1.424993891264508193e+03,1.430970693352394619e+03,1.151952045133991533e+03
3.663169536025755235e+00,-1.578548483518554576e+03,-1.922924171200035062e+03,3.088825255374853529e-01,nan,nan,1.133986510791366982e+03,1.040041261010662993e+03,1.178968906720160476e+03,1.381031218529707985e+03,1.199940318906605853e+03,1.003018695850433232e+03
3.516651563614794327e+02,-1.027019575426997562e+03,-9.566451653081379618e+02,1.431086018809561711e-01,nan,nan,1.141927013422818845e+03,9.440234375000000000e+02,1.356047446722959421e+03,1.179943356047700263e+03,1.352978157267672714e+03,8.889815822519882431e+02
-3.436090425072159604e+01,-1.724395380246148306e+03,-2.053154133417916000e+03,6.048697293047532453e-01,1.171972278225806349e+03,1.500999503475670281e+03,1.134997970573313069e+03,1.070058025269068821e+03,1.160080179282868585e+03,1.426977789529349593e+03,nan,nan
5.189888943049942327e+02,-1.247262971204758969e+03,-4.714812413821660471e+02,4.347406968229118873e-01,1.172064108352144558e+03,1.295925353356890355e+03,1.138994781783681219e+03,1.061951007326007357e+03,nan,nan,1.456003149606299303e+03,9.960670202507232034e+02
7.434022652081648630e+02,-5.307885768962947850e+02,1.165425292267687780e+02,5.030250575792720724e-01,1.175068870523416081e+03,9.589516019086571532e+02,1.156988769780500206e+03,8.259416094210009760e+02,1.622956979806848040e+03,9.230064635272391342e+02,nan,nan
4.988280143053710844e+02,-1.722557758477120615e+03,-5.374400124470162154e+02,8.452743316561303066e-01,1.177917511520737435e+03,1.484972472710014245e+03,1.135965009208103083e+03,1.221908680947012499e+03,nan,nan,1.445998059508408687e+03,1.156983288770053377e+03
3.998845767376660092e+02,-1.441492004378287902e+03,-8.629121642072707346e+02,7.978002436549695708e-02,1.179029987505206236e+03,1.384916632611360910e+03,1.143044642857142890e+03,1.090002972399150849e+03,nan,nan,1.381124288840262579e+03,1.032951254826254853e+03
4.880563306444175282e+02,-1.267730948368366171e+03,-6.346702299196804233e+02,7.315015641246734590e-02,1.181001050972149187e+03,1.310984053497942341e+03,1.147973781048758156e+03,1.053977975632614744e+03,nan,nan,1.429018909899888740e+03,9.909641135511516268e+02
6.830293479604014237e+02,-4.541975065472520896e+02,-1.463875293157366855e+02,1.328908014149794981e-01,1.184009648518263248e+03,9.619768258426965986e+02,nan,nan,1.562988709677419365e+03,9.219747166521359532e+02,1.551039162727886605e+03,7.050282152230971633e+02
5.125556898935951011e+01,-1.609811801225482668e+03,-1.941440651187987669e+03,2.402215995464174469e-01,nan,nan,1.148013425725422167e+03,1.048946377404830173e+03,1.191945554445554535e+03,1.391934761904761899e+03,1.213002514668901995e+03,1.009004215851601998e+03
3.877778988498844797e+02,-1.042355360400556719e+03,-9.885288456212196024e+02,2.979963526020745768e-01,1.185063506672802532e+03,1.249031999999999925e+03,nan,nan,1.365117977528089796e+03,1.187962392387856880e+03,1.362867579908675907e+03,8.909990530303030027e+02
-7.258559928581787801e+01,-1.854270732487717169e+03,-2.318736400696442161e+03,1.087641095642363664e+00,1.185987781954887168e+03,1.541001805054151646e+03,1.146978889398806814e+03,1.085990552668871032e+03,1.136955929123125770e+03,1.466980036297640709e+03,nan,nan
4.584068177662437620e+02,-6.104324971168478697e+01,-9.115499835356152971e+02,7.078907499475107779e-01,1.190991672449687712e+03,9.219831814996496178e+02,nan,nan,1.406024893314367091e+03,8.639872180451127406e+02,1.383925525525525472e+03,5.449715189873418240e+02
1.415230173552894257e+02,-1.878792488149550536e+03,-1.757269065838280085e+03,8.440449459367777019e-02,1.196034398034398009e+03,1.546993304638928748e+03,nan,nan,1.223935562015503820e+03,1.478026493256262029e+03,1.251079075425790734e+03,1.094982478097622106e+03
7.441027659705360975e+02,-6.508909319607972748e+02,-4.155134531428883093e+01,2.329525164565395823e-01,1.196983861326957594e+03,1.023015309246785023e+03,1.176994098712446430e+03,8.689683042789223464e+02,nan,nan,1.588992148465381888e+03,7.899474412171507538e+02
4.137837095872816917e+02,-1.949200467156793820e+03,-9.715463369146581272e+02,4.926280705166408702e-01,1.201981546134663404e+03,1.575009460737937616e+03,1.153994015559545232e+03,1.241915340909090901e+03,nan,nan,1.383114004629629562e+03,1.182990297542043891e+03
8.169769378971618607e+02,-3.808875489585226433e+02,8.561875524593055786e+01,3.644099836651614743e-01,1.205962882096069961e+03,8.990256217030896551e+02,nan,nan,1.646003584229390754e+03,8.730143266475644168e+02,1.638021402214022146e+03,6.780178571428571104e+02
4.828595271908166637e+02,-2.091702571642389103e+03,-7.791877996854028652e+02,7.345349505754678043e-01,1.206026133743274386e+03,1.633106843575418907e+03,nan,nan,1.408021194605009669e+03,1.572843853820598042e+03,1.422967328635490048e+03,1.248906918238993740e+03
6.359075779687537988e+02,-1.789421218374831597e+03,-3.356868159818911863e+02,2.062260868899859212e-01,1.206043231441047965e+03,1.510057739557739524e+03,nan,nan,1.517864599483204074e+03,1.457041176470588198e+03,1.515952078239608909e+03,1.198922158796056010e+03
6.813974853085420591e+02,-1.600142061598089185e+03,-2.365562702672427235e+02,1.533906939098604871e-01,1.208962848297213668e+03,1.426988002086593724e+03,1.165008269344359178e+03,1.222954275534441877e+03,nan,nan,1.542897419354838803e+03,1.142016093635698553e+03
4.382157315768753847e+02,-2.051030454665637535e+03,-9.515113167029206807e+02,2.006123014103363966e-01,nan,nan,1.159014084507042298e+03,1.276029493087557512e+03,1.376023426061493410e+03,1.552900785153461811e+03,1.393853448275862092e+03,1.216022459292532176e+03
7.865273680125455940e+02,-1.739036255105582711e+02,-1.348826623723157638e+02,2.606271333653462086e-01,1.217946228528752727e+03,8.519945652173912549e+02,nan,nan,1.602953174603174602e+03,8.229939130434783010e+02,1.593939308398023968e+03,5.849814814814815236e+02
1.581455289877684152e+02,-1.374687197827051477e+03,-2.010373007793755505e+03,1.758282658119652841e-01,1.218964930376482698e+03,1.393021439509954007e+03,1.184971971496437163e+03,9.840000000000000000e+02,nan,nan,1.236035658914728629e+03,9.370219665271966960e+02
8.913640675766137065e+02,-1.645118518709061163e+03,3.686380787807087245e+02,9.950051227084788508e-01,1.219017623363544772e+03,1.427994591937069799e+03,1.170005674653215692e+03,1.338027448533998722e+03,nan,nan,1.710086138049058718e+03,1.229967391304347757e+03
1.977019039260916031e+02,-1.383042003503453770e+03,-1.960385661115791663e+03,7.752830421660791838e-02,1.225997903563941236e+03,1.393917495029821112e+03,1.191067713004484403e+03,9.899558550185873855e+02,1.237994120117597731e+03,1.325975433526011557e+03,nan,nan
5.675452313077474855e+02,-3.293512670359500589e+02,-8.921822536209194823e+02,3.236710152863996881e-01,1.226008088235294053e+03,1.000049963262307074e+03,1.214975526465566418e+03,7.089692565679150675e+02,1.439962827988338177e+03,9.509814264487370110e+02,nan,nan
2.487154080722337710e+02,-1.349355864989146539e+03,-1.835618773339217569e+03,1.832947750427576239e-01,1.228987083954297077e+03,1.380063308687615518e+03,1.194963127498889435e+03,9.889745222929935835e+02,nan,nan,1.269980460269214063e+03,9.380161145926589370e+02
1.303849188787484081e+02,-1.300176397191778506e+03,-2.240282139147533144e+03,1.849314180627676107e-01,1.229995042141794784e+03,1.377010194174757316e+03,1.197030984507746098e+03,9.510235235235235223e+02,nan,nan,1.217040203327171866e+03,9.049567930868938674e+02
2.135164031552093888e+02,-1.581900743962723936e+03,-1.958015033236249565e+03,3.658592750187543707e-01,nan,nan,1.192996083550913909e+03,1.045009234828496119e+03,1.239953442298167374e+03,1.386941791044776210e+03,1.257041951219512157e+03,9.960520977408943963e+02
7.617219318873320617e+02,-1.388411762346933529e+03,-1.972046290398754991e+02,3.881918806944562594e-01,1.232973039215686185e+03,1.333992236778263077e+03,nan,nan,1.584962539682539727e+03,1.292048148148148130e+03,1.575864308681672128e+03,1.065706504494976116e+03
8.575252446061252840e+02,-4.361128286508248948e+02,-7.559235159545320215e+00,3.282007868613006640e-01,1.234025679758308115e+03,9.300053722179585520e+02,nan,nan,1.647027347310847745e+03,9.070202312138728757e+02,1.640004451038575780e+03,6.980119760479042270e+02
1.409964474839383968e+02,-1.791200817460646022e+03,-2.221813754593450085e+03,5.152715667444299763e-01,1.236022126281705368e+03,1.520011247443762841e+03,1.194010161662817609e+03,1.081960164835164733e+03,nan,nan,1.228021126760563448e+03,1.036984126984126988e+03
6.144460713859072030e+02,-9.065028565557350930e+02,-7.725616207001064595e+02,4.551484421344321185e-01,1.236041513399894939e+03,1.183033299697275424e+03,nan,nan,1.462955069124423972e+03,1.135968235294117676e+03,1.455990654205607370e+03,8.510340211935304069e+02
2.300106277916629267e+02,-1.209777998161778669e+03,-2.014703265633969295e+03,1.902622498897208470e-01,nan,nan,1.205994979919678826e+03,9.399515033947623124e+02,1.246935143288084419e+03,1.276979719188767604e+03,1.253964819277108518e+03,8.890010438413361271e+02
1.706437535660701599e+02,-6.072469309659616101e+02,-2.310408926494130355e+03,4.288835676729564894e-01,1.239021521521521436e+03,1.187999485596707927e+03,nan,nan,1.224963775510204187e+03,1.119021750388399823e+03,1.215084449021627279e+03,7.090241228070175339e+02
6.811525494822609517e+02,-9.779306844859045214e+02,-6.617516941112011182e+02,4.060964538987512085e-01,1.249004018081366212e+03,1.199943607194944207e+03,1.221036372453928152e+03,9.560393203883495516e+02,nan,nan,1.491037372593431428e+03,8.810508474576271283e+02
7.788119460511327361e+02,-1.366365517181253836e+03,-2.873195075745566101e+02,4.951890680319842031e-01,1.250006970509383336e+03,1.327962374138844780e+03,nan,nan,1.578952666267225823e+03,1.287008274984086484e+03,1.570091908876669322e+03,1.047935348446683520e+03
2.344642934905381821e+02,-1.789060805631643689e+03,-2.096438180827371980e+03,5.680286268156247154e-01,1.251952657004830826e+03,1.517993130520117802e+03,nan,nan,1.235997360084477350e+03,1.451006150691952826e+03,1.259020021074815531e+03,1.041961679790026210e+03
8.560905073995799057e+02,-5.625012338317627609e+02,-2.143394575424399875e+02,3.840208456262662051e-01,1.259022711142654316e+03,1.001944086021505427e+03,nan,nan,1.616941273779983476e+03,9.760409556313993562e+02,1.607997113997113956e+03,7.429902642559110291e+02
7.664365346320412300e+02,-2.129930586445084373e+03,-3.051708821067966255e+02,2.834382549725885103e-01,1.259985964912280679e+03,1.658999168744804592e+03,nan,nan,1.573997883597883629e+03,1.605061325420375852e+03,1.567968065122104008e+03,1.314065454545454486e+03
2.296127534082943384e+02,-2.240033889329073133e+02,-2.494639074077089390e+03,6.408369298442525563e-01,1.263991552270327247e+03,1.095983360171765980e+03,1.253983589200635151e+03,6.509588053553038662e+02,1.236029503105590038e+03,1.029030639197041637e+03,nan,nan
3.068438946618271075e+02,-2.055189402194539070e+03,-1.987836301960275023e+03,6.032548148326442039e-01,1.267104040404040461e+03,1.599925531914893554e+03,nan,nan,1.259123524069028235e+03,1.535911845730027608e+03,1.288085555555555629e+03,1.119023941068139948e+03
8.710641081791503666e+02,-6.827045046908652921e+02,-2.645202234634929823e+02,1.549402120444406672e-01,1.271944083224967471e+03,1.051897804054053950e+03,nan,nan,1.614941625750136382e+03,1.025944680851063822e+03,1.606802925989672985e+03,7.879923896499238936e+02
7.108757707016328595e+02,-1.006807545658614117e+03,-8.146202967209200096e+02,3.173126118534875251e-01,1.274977585328578698e+03,1.217991898734177312e+03,nan,nan,1.490007246376811509e+03,1.175988856304985347e+03,1.485007042253521149e+03,8.810111962286388234e+02
3.874936887196910789e+02,-1.215076825894899912e+03,-1.978288688611679845e+03,3.183878898120693357e-01,1.278993143976493684e+03,1.340984585741811088e+03,1.246049014653865697e+03,9.470740384615384073e+02,nan,nan,1.299981637717121657e+03,8.890385356454720522e+02
8.824375601771632773e+02,-5.396504060632689743e+02,-3.318744411035771122e+02,1.641558083058408946e-01,1.280983310152990271e+03,1.004024121295658119e+03,1.268012358946802806e+03,8.130005271481286400e+02,nan,nan,1.601990237099023716e+03,7.289791376912378382e+02
5.535407092928576276e+02,-2.024884895738181967e+03,-1.342069906023679096e+03,4.051922116235024407e-01,1.287015444015444018e+03,1.596782802547770643e+03,1.232055710306406581e+03,1.230947222222222308e+03,1.381053191489361780e+03,1.537931152010906544e+03,nan,nan
8.281803723590778645e+02,-3.043751440909002213e+02,-7.015485646535769320e+02,5.953175140121541586e-01,1.293985272459499356e+03,9.620343283582089953e+02,nan,nan,1.545016470588235279e+03,9.339953343701399717e+02,1.535034989503149063e+03,6.309332888592394966e+02
5.617623865653351913e+02,-1.266416301114570160e+03,-1.525599782918907522e+03,2.521870295375580606e-01,nan,nan,1.258974019839395396e+03,9.920317686107159716e+02,1.375047698280643317e+03,1.287018172100481024e+03,1.379003630705394244e+03,9.250526579739217823e+02
8.892203757441178595e+02,-9.657813889046957456e+02,-4.185970790345793944e+02,1.270718430363572404e-01,1.299990716864363094e+03,1.171958123107971687e+03,1.272002089864158734e+03,9.759319727891156617e+02,1.600004045853000662e+03,1.143001393728223093e+03,nan,nan
8.892943195749529650e+02,-5.136124112145720346e+02,-5.249486215371636035e+02,1.468626290256757894e-01,1.301972658522396841e+03,1.013963969285292364e+03,nan,nan,1.586039007092198517e+03,9.899801470588234906e+02,1.578978219090326775e+03,7.120195417789757357e+02
4.117242163869888714e+02,-1.896108044175840405e+03,-2.134593056976113985e+03,4.372244882147280909e-01,1.306986917844060599e+03,1.547954954954954928e+03,1.256834663625997791e+03,1.123281031703385224e+03,1.283995955510616795e+03,1.486983935742971880e+03,nan,nan
5.556734100847254467e+02,-2.112343649453121998e+03,-1.565198138038864045e+03,3.364190699346027436e-01,1.308936936936936945e+03,1.624067724222086554e+03,1.249969696969696997e+03,1.233929986789960367e+03,1.363002622377622401e+03,1.564129266521423460e+03,nan,nan
6.048200712551437164e+02,-2.802404723707570042e+02,-1.807833877844171411e+03,1.915348373190065290e-01,1.314982599795291662e+03,1.057974489795918316e+03,1.307983655274888633e+03,6.819527027027027088e+02,1.377038419913419830e+03,1.011974316024567315e+03,nan,nan
5.532948891484327305e+02,-1.314276510583884829e+03,-1.820875959015169201e+03,3.870158995772463584e-01,1.316028341993386903e+03,1.362932932469935167e+03,1.279056974459724870e+03,9.880372848948375122e+02,1.351023400191021892e+03,1.309950617283950578e+03,nan,nan
6.163931838217478116e+02,-1.242629030363468701e+03,-1.629805705504385514e+03,4.107996274843264128e-01,1.319015463917525722e+03,1.334025615763546739e+03,1.284022273781902641e+03,9.800499100719424632e+02,nan,nan,1.387099236641221296e+03,9.109246612466124589e+02
9.049314143983813210e+02,-2.446651954393279027e+02,-8.270003189417187741e+02,4.323441814987087906e-01,1.329970880681818244e+03,9.520314606741573016e+02,nan,nan,1.555039215686274474e+03,9.299854677565849670e+02,1.547013806706114337e+03,6.059740012682308361e+02
9.529545220097289757e+02,-4.792893726794204667e+02,-6.998905190511997034e+02,2.190571036813240002e-01,1.339988036976617650e+03,1.015937200638637592e+03,1.331009503695881676e+03,7.779764826175869530e+02,nan,nan,1.579039757412399013e+03,6.929636986301369461e+02
9.152858211060796521e+02,-1.001858582690948083e+03,-8.546923231555304028e+02,4.781492829448286130e-02,1.349956927867151080e+03,1.212042067916877841e+03,1.320962708537782191e+03,9.599685785536159983e+02,1.552945998698763788e+03,1.182007947019867515e+03,nan,nan
1.173727241594621319e+03,-1.016804840968088229e+03,2.149136285115566523e+02,3.731669693710610858e-01,nan,nan,1.321059880239520908e+03,1.064979695431472010e+03,1.811938220757825320e+03,1.129043676069153889e+03,1.797961309523809632e+03,9.459419419419419910e+02
9.398269178598952749e+02,-5.571124348032801663e+02,-9.581050305702942751e+02,2.918142469288891316e-01,1.358003839824465103e+03,1.065997802197802230e+03,1.346036220472440846e+03,7.979738846572361126e+02,nan,nan,1.543953239812959282e+03,7.140094149293880719e+02
1.041764079636850965e+03,-1.058520072228112525e+02,-6.840593332358334919e+02,2.776248578373119447e-01,1.361989898989899075e+03,8.839759358288770272e+02,1.370932983682983604e+03,6.349817455790074519e+02,nan,nan,1.613018341892883427e+03,5.519299719887955007e+02
1.228883761768129261e+03,-6.839544440276936257e+02,6.330412922397532327e+01,5.037447524006190003e-01,nan,nan,1.368024909420289760e+03,9.080123515439429411e+02,1.799043362831858303e+03,1.010016546018614235e+03,1.795933774834437145e+03,7.959874100719424632e+02
1.138070139564193823e+03,-9.091149729110068165e+02,-3.944886730045260492e+02,1.619239409446813494e-01,1.391915506481037028e+03,1.138983487129674586e+03,1.365988151658767720e+03,9.649562993956299124e+02,1.690916555407209671e+03,1.128991130820399121e+03,nan,nan
1.135616998510772419e+03,-1.914712111691992050e+03,-3.095451092404209135e+02,2.236604769876945065e-01,1.409964583333333394e+03,1.555994840041279758e+03,1.335991520633126129e+03,1.351890675241157624e+03,nan,nan,1.692851377018043650e+03,1.225960060667340713e+03
1.219606758053721251e+03,-4.787626734717226782e+02,-4.433784987701445743e+02,3.550789019598365459e-01,1.415990943396226385e+03,9.780503959683225048e+02,nan,nan,1.708964957264957320e+03,9.829837164750957754e+02,1.707964389534883821e+03,6.940021865889212904e+02
1.075478305331535694e+03,-1.724608369347566850e+03,-7.916072724668929368e+02,2.495769854490139661e-01,1.419990899357601620e+03,1.477932467532467626e+03,nan,nan,1.615988546886184622e+03,1.442016865776528448e+03,1.607992844364937355e+03,1.110010948905109444e+03
1.239911734028212550e+03,-5.513734179846068173e+02,-4.354355907997341433e+02,8.582617312290186096e-02,1.424994658119658197e+03,1.002994652406417117e+03,1.417960859977949212e+03,8.239738704409362526e+02,1.716977234401349051e+03,1.007976212259835279e+03,nan,nan
1.227597585819473579e+03,-2.094545156022710728e+02,-6.767652324076533432e+02,1.247574464363762486e-01,1.429000702247190929e+03,9.089935714285713857e+02,1.438957531143827964e+03,6.800111821086261443e+02,nan,nan,1.678002976190476147e+03,5.879971139971139564e+02
1.174866441690298871e+03,-1.762026111257797538e+02,-1.003385133244089729e+03,3.757953320358538574e-01,1.431977794226498872e+03,9.369947839046200215e+02,1.440991288114498957e+03,6.629435435435435693e+02,1.616937172774869168e+03,9.349924098671726824e+02,nan,nan
1.341927212478279671e+03,-2.445350593712577165e+02,-5.234746103885568118e+02,4.487793041798176508e-01,1.461028818443804084e+03,8.979723926380368084e+02,1.473004469273743098e+03,6.989386401326700025e+02,1.734945288753799332e+03,9.159775533108866057e+02,nan,nan
1.287609159691488230e+03,-3.526970571590395842e+00,-1.274352948941304703e+03,4.868348011121204633e-01,1.479960062646828419e+03,9.070158478605388837e+02,nan,nan,1.618939449541284375e+03,9.129708372530574252e+02,1.617985553772070716e+03,5.150497237569061326e+02
1.149802971587677575e+03,-2.149576399787454193e+03,-1.091927702718577393e+03,9.000432006075383962e-01,1.480005390835579419e+03,1.642139522821576747e+03,1.395075609756097492e+03,1.322956078930617423e+03,nan,nan,1.596046250000000100e+03,1.205958677685950306e+03
1.327508169866307981e+03,-8.350902299228371248e+02,-6.657620029776235242e+02,3.736591984641061681e-01,1.481869925796595453e+03,1.124968977217644124e+03,1.459926261829652958e+03,9.250056967572304529e+02,nan,nan,1.708888888888888914e+03,8.140099473376243395e+02
1.415995309686583823e+03,-7.002771596481467213e+02,-2.830381906275596293e+02,5.309096174397014423e-01,1.487964852607709645e+03,1.035995266272189383e+03,nan,nan,1.804013262599469499e+03,1.054002843601895847e+03,1.801976047904191546e+03,7.809492583918813580e+02
1.528640659399969763e+03,-4.721111528949522835e+02,-1.964411050444093974e+02,4.459878272853909920e-01,1.519973207820419930e+03,9.320143396226415007e+02,1.523994086339444038e+03,8.109823425544437896e+02,1.854931434599156091e+03,9.690024242424242402e+02,nan,nan
1.531079096433533550e+03,-8.203710423356081947e+02,-5.309452133022219300e+01,5.924055685957386741e-01,1.525056105610560962e+03,1.055943080357142890e+03,nan,nan,1.889925566343041965e+03,1.084990063233965657e+03,1.885013888888888914e+03,8.369830097087378817e+02
1.347996510489641651e+03,-1.929457875891172307e+03,-9.256229271743140998e+02,6.342924779409631064e-01,1.538925162050677727e+03,1.555018315018314979e+03,1.455075814536340886e+03,1.283014593908629422e+03,nan,nan,1.674902364607170057e+03,1.151925074183976221e+03
1.392626398006640102e+03,-1.997324694550252161e+03,-1.075057760909612171e+03,5.192678811111487436e-01,1.565009960159362663e+03,1.579993399339934058e+03,1.477006207324643128e+03,1.288971804511278151e+03,nan,nan,1.669072842998585656e+03,1.154985407066052176e+03
1.492580016920668868e+03,-1.920150889494834928e+03,-1.514317244080551973e+03,3.632465906511788134e-01,1.615962716378162440e+03,1.544996563573883122e+03,nan,nan,1.654029850746268721e+03,1.515034752389226696e+03,1.647030438010393482e+03,1.090024602026049251e+03
1.606737836795552766e+03,-1.231314472018125798e+03,-1.178268077413588571e+03,4.990195652381996805e-01,1.620976362442547497e+03,1.290027577150361140e+03,1.574009792626728085e+03,1.038955324357405061e+03,nan,nan,1.721002730375426609e+03,9.099520057306590388e+02
1.612919265631326198e+03,-1.289399779416236015e+03,-1.101089305787498688e+03,5.491815530816263058e-01,1.622946969696969745e+03,1.307060570762958605e+03,nan,nan,1.741020072992700761e+03,1.307010288065843724e+03,1.732922791846819109e+03,9.319881862404447475e+02
1.582438958873472075e+03,-1.470672969920977494e+03,-1.336378179774581213e+03,4.302020574247274465e-01,1.625958929682638427e+03,1.381003188775510125e+03,1.564016729627630866e+03,1.102978675645342264e+03,1.701003695491500366e+03,1.370019548872180394e+03,nan,nan
1.609481563941489640e+03,-1.535823124213197389e+03,-1.805535832155902199e+03,9.070816606551549421e-01,1.649964264082374257e+03,1.413027251184834086e+03,1.584971153846153811e+03,1.085992215145081445e+03,nan,nan,1.648868379653906686e+03,9.599431887599266702e+02
1.745780543307002063e+03,-7.653959482125956129e+02,-2.031184982718068568e+03,7.531785064125688933e-01,1.671970588235294144e+03,1.175946463978850034e+03,nan,nan,1.661891224382553901e+03,1.187992192192192306e+03,1.663019502353732378e+03,7.349688385269122364e+02
1.880413285558109692e+03,-2.091305054345974668e+02,-1.462295269825358901e+03,4.826118389804314734e-01,1.685981677237491112e+03,9.630710584752035857e+02,1.707972681524083328e+03,6.839612676056337932e+02,1.759925851703406806e+03,1.004988624612202671e+03,nan,nan
1.955652475237276121e+03,-7.882086385866055025e+02,-1.804887986129789681e+02,8.467976111905950454e-01,1.715008155583437883e+03,1.036009422110552805e+03,1.696991108476585623e+03,9.639423558897243538e+02,2.009991281604184906e+03,1.098046487603305877e+03,nan,nan
1.994160739952082622e+03,-8.609767711933171768e+02,2.725379615483143994e+02,3.507588369649365378e-01,1.721939041095890389e+03,1.017000700280112028e+03,nan,nan,2.134950696677384713e+03,1.093970767356881879e+03,2.131987064676617138e+03,8.600089086859687768e+02
1.962207670624871753e+03,-1.356353775467896639e+03,7.117423904464688178e+01,3.051862302175569752e-01,1.737939593301435480e+03,1.266015052356020988e+03,nan,nan,2.089009681881051165e+03,1.305993019197207786e+03,2.057904269972451857e+03,1.039956232159847787e+03
2.059418209572120304e+03,-9.128867242085590306e+02,1.226681704994079496e+02,4.107777405526520376e-01,1.760021404682274351e+03,1.053965884861407176e+03,nan,nan,2.121976649746192834e+03,1.127985409652076214e+03,2.117032191069574310e+03,8.689491124260355264e+02
2.029304019507159865e+03,-1.230676382511608153e+03,5.751279578114937152e+01,9.588232375691464471e-01,1.764013654096228947e+03,1.204944137931034447e+03,nan,nan,2.104962208225268569e+03,1.258007450771686990e+03,2.082088770864947037e+03,9.891669207317073642e+02
2.057534102010992228e+03,-1.161207558658018797e+03,3.886401524681914452e+02,3.019856935328995573e-01,1.765960440985732703e+03,1.144939393939393995e+03,1.713997849462365593e+03,1.198891228070175430e+03,nan,nan,2.177073625349487429e+03,9.909931662870159244e+02
2.061099529100381005e+03,-1.100931811574301491e+03,2.273448707938801761e+02,3.828350514568673035e-01,1.768978186775732865e+03,1.129948122866894209e+03,1.722981751824817593e+03,1.149929037520391603e+03,nan,nan,2.138081417624521237e+03,9.520120087336244978e+02
2.073501739746660405e+03,-1.043191109320999658e+03,5.222954193131711520e+01,9.158597819952257746e-01,1.775977029096477736e+03,1.118014626635873810e+03,1.734937017231134860e+03,1.102959397511460338e+03,2.113939277478862550e+03,1.184996316758747753e+03,nan,nan
2.109104347484359096e+03,-1.092342436355692826e+03,2.508409638964920987e+02,9.980904673535230254e-01,1.790963829787234090e+03,1.120969808541973407e+03,nan,nan,2.180027749229187975e+03,1.194975763962065230e+03,2.163008204193254187e+03,9.489175050301811325e+02
2.211167044735282161e+03,-6.542985872622930401e+02,3.035639265548911112e+02,6.431680145553667627e-01,1.816014577259475118e+03,9.070163599182004646e+02,nan,nan,2.215884361233480377e+03,1.017968484848484877e+03,2.229044467160746080e+03,7.690599224532957123e+02
2.182035720582970043e+03,-8.249060152001862889e+02,-3.555309148170181857e+02,3.062896504339058246e-01,1.817042740414833361e+03,1.057956491228070263e+03,1.799008510638297821e+03,9.750743967828418590e+02,2.046881422924901244e+03,1.130977678571428669e+03,nan,nan
2.186193245196952830e+03,-1.015077741017026710e+03,1.858585453486258245e+02,5.650294769510231241e-01,1.826025572005383538e+03,1.087005899705014826e+03,nan,nan,2.188077081192189326e+03,1.169909677419354921e+03,2.176001108647450110e+03,9.109833926453143249e+02
2.240802332185189243e+03,-8.785101394983704495e+02,-5.243171420291521656e+01,4.595303748286348466e-01,1.846034899328858955e+03,1.047000724112961734e+03,nan,nan,2.140024636058230499e+03,1.133917607223476352e+03,2.139048554913294993e+03,8.399833926453143249e+02
2.323610176969847998e+03,-9.859533639372823473e+02,-5.501737202972175282e+02,3.246165560864451294e-01,1.886967967384973690e+03,1.134970430107526909e+03,1.850947869955156875e+03,1.029980039920159697e+03,2.053925209542230732e+03,1.202052674897119232e+03,nan,nan
2.305140240600222569e+03,-1.152500883109273900e+03,-3.949841319136692164e+01,3.302283500713641962e-01,1.892944130127298422e+03,1.166003018867924538e+03,nan,nan,2.176026748971193228e+03,1.239060908084163884e+03,2.156035143769968272e+03,9.428908964558721664e+02
2.325789546164289277e+03,-1.142248930451607293e+03,-5.621344260583551886e+02,5.676654460994555729e-01,1.896885545722713914e+03,1.198988308115543305e+03,nan,nan,2.056930484693877588e+03,1.256991590214067173e+03,2.042931428571428569e+03,9.019304812834224094e+02
2.387559826744755355e+03,-7.910644710528165433e+02,-2.824355058995697618e+02,6.219869314478407851e-01,1.908015833333333376e+03,1.027030125523012657e+03,1.891955056179775283e+03,9.751007862759113323e+02,2.128988671472708575e+03,1.121018826135105201e+03,nan,nan
2.405730556095553311e+03,-6.667674896835984555e+02,-1.189055583894963064e+02,4.232041062755443339e-01,1.909962081128747741e+03,9.560422405876951188e+02,nan,nan,2.171005422993492630e+03,1.065985559566787060e+03,2.186789320644990767e+03,7.508612983327420807e+02
2.417979457310571433e+03,-6.732225430691822794e+02,-1.189736579374274044e+02,4.768271549896765937e-01,1.916009727626459153e+03,9.579919999999999618e+02,nan,nan,2.175051987767584251e+03,1.068981087470449211e+03,2.190970457902511043e+03,7.530650044523597444e+02
2.352697825043823741e+03,-1.127733945743997992e+03,3.617316731985828255e+02,7.139991525179022469e-01,1.916966842501884003e+03,1.117055680963130271e+03,1.863068563092633212e+03,1.196958553791887198e+03,nan,nan,2.281966536964980605e+03,9.648576886341929821e+02
2.405757032219428311e+03,-9.433674814211667581e+02,-5.361735475087317582e+02,4.653818531329529939e-01,1.919984427894380588e+03,1.113036585365853625e+03,1.888865973741794278e+03,1.018020103761348878e+03,2.081030679933664942e+03,1.189020351526364493e+03,nan,nan
2.408672190748498451e+03,-8.433865605517528365e+02,-1.520813997002907172e+02,4.069101444066338669e-01,1.921939531368102735e+03,1.033979474548440066e+03,nan,nan,2.170049657534246762e+03,1.133043668122270674e+03,2.173003456221198121e+03,8.170414269275029255e+02
2.423693094447327894e+03,-9.745636603428205262e+02,-4.882950871936408817e+02,4.648434840177995131e-01,1.931035799522672960e+03,1.120986135181975669e+03,nan,nan,2.098961669505962618e+03,1.198048418972332001e+03,2.094100705580500289e+03,8.460792227204783558e+02
2.404051442388236865e+03,-1.152633870762074821e+03,-5.602370225747396262e+02,4.249314331762545915e-01,1.931997079439252275e+03,1.200013046314416215e+03,1.876870280146163168e+03,1.099046697798532250e+03,nan,nan,2.067943382873319024e+03,9.030680161943320172e+02
2.443947383652810913e+03,-8.115892345091613151e+02,-1.657153244421265867e+02,3.419238092787093009e-01,1.936039603960396107e+03,1.020999165275459063e+03,nan,nan,2.176997844827586050e+03,1.123046728971962693e+03,2.183005591054313300e+03,8.030349462365591080e+02
2.445164337553936093e+03,-8.703371824481067733e+02,-3.464602611128602234e+02,1.199422842532133493e-01,1.937027049873203623e+03,1.063999108734402853e+03,nan,nan,2.135035971223021534e+03,1.155072649572649652e+03,2.137012666666666519e+03,8.159669421487603813e+02
2.451963503343017692e+03,-7.333520968447551240e+02,-5.649048139497507748e+01,3.594525916378158992e-01,1.937037914691943115e+03,9.740019323671497204e+02,nan,nan,2.205065193370165616e+03,1.086967581047381600e+03,2.215994301994302077e+03,7.789367704280156204e+02
2.467617819106154911e+03,-7.920908294184827128e+02,1.854267258978274810e+02,1.771059645053078002e-01,1.952018043684710392e+03,9.699634888438133657e+02,nan,nan,2.278937113402061641e+03,1.092006053268765072e+03,2.285965226554267701e+03,8.139729093050648316e+02
2.489331779874175027e+03,-7.658231519303132018e+02,-1.964196837696809723e+02,3.363700015891612494e-01,1.953979695431472010e+03,1.001999125109361330e+03,nan,nan,2.181938559322034052e+03,1.110060786650774844e+03,2.192037934186471830e+03,7.841085946573751926e+02
-2.404411970111789287e+03,-1.281569282116482100e+03,3.237290379946357461e+02,1.185578343036984394e+00,7.154888236622261921e+00,1.356991919191919123e+03,nan,nan,1.262075793786275142e+02,1.085049157942649117e+03,1.731913197519929213e+02,1.220000577700750910e+03
-2.450662108455203906e+03,-1.382001811535221123e+03,5.140509780502986814e+01,3.702406736253013864e-01,nan,nan,8.405874840357598998e+01,1.037985228951255522e+03,1.329566596194503063e+02,1.156965838509316882e+03,2.020357142857142776e+02,1.226105403011514682e+03
-2.445978955473470705e+03,-1.592676901724644722e+03,-8.230325395859772186e+01,6.307572542751148648e-01,nan,nan,1.360280437756497918e+02,1.098105804555473924e+03,1.370281407035175789e+02,1.267963791267305623e+03,2.419811616954474118e+02,1.294874512860483264e+03
-2.419880332845008070e+03,-8.373115566775948082e+02,1.949350594704495450e+02,2.654125705147474812e-01,nan,nan,2.085843054082714687e+01,8.529735576923077360e+02,1.770053763440860166e+02,8.838445022771633148e+02,1.491194423511680611e+02,9.949664026222343409e+02
-2.296630001650654776e+03,-1.373479962799374334e+03,2.925350841682935652e+02,6.773634209260426253e-01,4.500329896907216209e+01,1.393163869257950637e+03,4.790476190476190510e+01,1.061178513731825433e+03,1.808790489317711945e+02,1.138076814988290380e+03,nan,nan
-2.438649034975693667e+03,-8.131814344228937443e+02,7.418659950957189153e+01,6.214873645807021951e-01,nan,nan,5.590944123314065450e+01,8.389140461215932874e+02,1.870531645569620309e+02,8.881686586985391614e+02,1.569579787234042669e+02,9.721669412410763016e+02
-2.493019768398994074e+03,-7.325808761017466395e+02,-1.550704345371843544e+02,5.959377046094476160e-01,nan,nan,1.110033439224209957e+02,7.991858845096242021e+02,2.020099409754582211e+02,8.820136088709676869e+02,1.590388349514563231e+02,9.170386138613861249e+02
-2.207666399761329558e+03,-1.397789359263861797e+03,4.834710795957983009e+02,9.593600350339648308e-01,3.969855832241153237e+00,1.394103299856527883e+03,8.194244604316546443e+00,1.090993393393393490e+03,2.020460805084745743e+02,1.138986202365308827e+03,nan,nan
-2.431830241355318776e+03,-8.391979119758409524e+02,-4.703467035855511114e+01,9.301583805426866247e-01,nan,nan,9.837713004484304236e+01,8.429436950146628078e+02,2.050979241877256243e+02,9.168557126030624431e+02,1.829711902956785536e+02,9.719877085162422645e+02
-2.359106593758763211e+03,-9.148852681229537893e+02,1.530724756799942270e+02,8.665678040783396652e-01,1.000000000000000000e+02,1.226956834532374160e+03,nan,nan,2.072340022718667285e+02,9.290027173913043725e+02,1.948733922829582070e+02,1.024046484601975635e+03
-2.394851232024524506e+03,-8.702368619612208249e+02,3.072111905615528116e+01,4.436398574619091484e-01,nan,nan,8.493296089385475511e+01,8.590213730569947757e+02,2.109947009841029626e+02,9.229273356401383808e+02,1.908162147356888454e+02,9.920123051681706556e+02
-2.207614051154385834e+03,-1.437237027635787172e+03,3.453212566990019923e+02,2.626101716098647176e-01,4.999597855227882093e+01,1.414187456445993121e+03,nan,nan,2.169013074652045532e+02,1.170959681697612723e+03,2.872336783439490659e+02,1.285064801178203197e+03
-2.453773428249205608e+03,-7.303645951783867076e+02,-1.642535827146731435e+02,7.901510947638250570e-01,1.809796747967479575e+02,1.183009786476868385e+03,nan,nan,2.211317585301837312e+02,8.839975669099757170e+02,1.809842293906810085e+02,9.139814345991561595e+02
-2.400761973926356859e+03,-6.588217853318492416e+02,4.742354912937850031e+01,2.991801624139928117e-01,1.360430971512052452e+02,1.143942191544434763e+03,nan,nan,2.240488565488565484e+02,8.260033860045147094e+02,1.679846153846153811e+02,8.959725738396624592e+02
-2.391516734084076688e+03,-1.006320861097740931e+03,-1.682025791462705513e+02,7.144146265385087347e-01,nan,nan,1.539592592592592553e+02,8.960706467661691477e+02,2.298739018087855186e+02,1.007986385296119806e+03,2.328760921366163643e+02,1.033019230769230717e+03
-2.473182753898699048e+03,-5.775933272532217870e+02,-2.137240974813775836e+02,7.670473818446691405e-01,nan,nan,1.290900286944045945e+02,7.441251778093883331e+02,2.319454941860465169e+02,8.250532889258951172e+02,1.670303756994404409e+02,8.419888991674375802e+02
-2.289264301847322713e+03,-1.188977444818689719e+03,6.892230816279894157e+01,8.087835255356958797e-01,1.319240368963646119e+02,1.327963766048502066e+03,nan,nan,2.328826548067054318e+02,1.071168224299065514e+03,2.629425675675675507e+02,1.136954455445544454e+03
-2.427847716851984387e+03,-7.315595716138333273e+02,-1.584884643285873551e+02,3.882042228452469712e-01,1.861407185628742411e+02,1.182989329268292749e+03,nan,nan,2.339545454545454675e+02,8.850183246073298733e+02,1.919692049272116492e+02,9.140477150537634543e+02
-2.287769535212079518e+03,-1.174328374469857181e+03,7.141947279844356444e+01,2.865078136355727612e-01,1.319617334009123226e+02,1.322985588470776520e+03,nan,nan,2.339882139619220425e+02,1.063997090203685730e+03,2.630139634801288935e+02,1.130015317286652134e+03
-2.356737530583272473e+03,-8.093870442565503254e+02,4.308805581426837961e+01,3.583068753155937980e-01,1.409545884578997175e+02,1.195073108709472308e+03,8.990267379679144710e+01,8.379857482185273057e+02,2.340048038430744555e+02,8.960110803324099606e+02,nan,nan
-2.356649333802680303e+03,-9.153182846983714853e+02,-3.916371248621859280e+01,7.465335630370152353e-01,1.600049382716049422e+02,1.236971071149335330e+03,1.210371794871794862e+02,8.728744525547444937e+02,nan,nan,2.242349701698026649e+02,1.003919833729216180e+03
-2.391902607535862444e+03,-1.044104339777794621e+03,-2.634773955137833354e+02,2.827937215172305341e-01,2.101921067904817164e+02,1.292006333567909905e+03,1.839862778730703212e+02,9.049717171717171595e+02,2.390561257216164108e+02,1.034114960030452949e+03,nan,nan
-2.387926286056804656e+03,-8.972671562797632987e+02,-1.655596869109981526e+02,1.003654322799636622e+00,nan,nan,1.501145526057030395e+02,8.599397972116603341e+02,2.410767423649177772e+02,9.600041806020067270e+02,2.249400396432110938e+02,9.849634369287019808e+02
-2.465662218744684651e+03,-9.554740457027282901e+02,-4.821613476981088411e+02,8.482632151801737797e-01,2.540553907022749627e+02,1.272862148760330683e+03,nan,nan,2.418922777417261614e+02,1.016137806637806648e+03,2.411192250372578201e+02,9.828506876227897919e+02
-2.421596021116808970e+03,-9.392833035366136301e+02,-3.177486872411619174e+02,6.795370036353843846e-01,2.229099606077658962e+02,1.260930865921787699e+03,1.869442231075697123e+02,8.659163526752072357e+02,nan,nan,2.360257936507936449e+02,9.898820912124582492e+02
-2.163490168723159968e+03,-1.197737754761030146e+03,4.790168870321671761e+02,3.026496375203514555e-01,3.187735849056603854e+01,1.313000822368421041e+03,1.493771157752200374e+01,1.016188251946213768e+03,2.450184956843403086e+02,1.037073107049608325e+03,nan,nan
-2.492787887503239290e+03,-9.509813318065076828e+02,-6.002660725018034782e+02,2.775180980268449060e-01,nan,nan,2.470704874835309681e+02,8.559282930631333102e+02,2.470069398545935258e+02,1.024012303149606396e+03,2.450467924528301751e+02,9.719353035143769830e+02
-2.372740095523407035e+03,-1.050805394099651494e+03,-3.014417359742232634e+02,4.196655367429262817e-01,nan,nan,2.000000000000000000e+02,9.050354545454545132e+02,2.531567460317460245e+02,1.042066544406602134e+03,2.650509325681492214e+02,1.037047805642633193e+03
-2.149384381321711317e+03,-1.273279970510864132e+03,3.404014878082139717e+02,2.407004018808795998e-01,8.008056872037914786e+01,1.347875464684014787e+03,7.109980171844019026e+01,1.033970588235294144e+03,nan,nan,3.049770642201834789e+02,1.205936835522201363e+03
-2.279870117506571205e+03,-7.637037310400017986e+02,1.020303334678186076e+02,4.564923747839195189e-01,nan,nan,9.103055947343676735e+01,8.259532467532467308e+02,2.689481481481481637e+02,8.709936842105263395e+02,2.299877126654064341e+02,9.460450563204004766e+02
-2.179795600540305713e+03,-1.273873750742770426e+03,1.642816702001793772e+02,7.661170167716365720e-01,nan,nan,1.212230941704035843e+02,1.018040370370370397e+03,2.690292953285827480e+02,1.107007531380753107e+03,3.128992007104795903e+02,1.183054885404101242e+03
-2.272095161819083387e+03,-7.584300705662291193e+02,8.742021189081931709e+01,4.045532071558917697e-01,1.549502982107355820e+02,1.171995061728395058e+03,nan,nan,2.749517819706499040e+02,8.711488698363210688e+02,2.360143540669856463e+02,9.418598130841121474e+02
-2.473037247852725159e+03,-9.525407668085794057e+02,-7.651925010232376962e+02,5.735516878546119690e-01,nan,nan,2.940345694531741287e+02,8.499846390168970629e+02,2.780594369134515205e+02,1.040915693904020827e+03,2.769860235681008476e+02,9.582343186733958191e+02
-2.229136718096626282e+03,-8.495326289746229804e+02,1.737572989849701628e+02,7.855005954983368399e-01,nan,nan,8.591293103448275303e+01,8.629910125823846556e+02,2.789332921556516567e+02,9.029267053701015584e+02,2.519842289719626081e+02,9.911379950495049798e+02
-2.143405755357723592e+03,-1.038118799046858385e+03,3.932058926982264211e+02,4.932943657926271985e-01,nan,nan,4.411129991503823078e+01,9.490220941402498056e+02,2.799243107769423773e+02,9.690745098039216145e+02,2.830760188087774054e+02,1.101905458860759381e+03
-2.270617647547494471e+03,-9.952407283678563772e+02,-9.691837421942373965e+01,8.266779312328681462e-01,nan,nan,1.660137103684661497e+02,8.999754948162111532e+02,2.810060790273556108e+02,1.001020390455531469e+03,2.799949367088607346e+02,1.030963133640552996e+03
-2.258127310383830263e+03,-6.790582109649894846e+02,1.474581609803671824e+02,4.444655050312918410e-01,1.449392265193370122e+02,1.138984848484848499e+03,7.795994993742178281e+01,7.969833992094861514e+02,2.811038406827880749e+02,8.280378787878787534e+02,nan,nan
-2.306778291750644712e+03,-1.041483048058320492e+03,-2.936924112664453332e+02,3.273426075253153544e-01,2.420666666666666629e+02,1.290054340155257478e+03,2.159762886597938234e+02,9.049977949283352245e+02,2.840989382239382053e+02,1.040090546697038690e+03,nan,nan
-2.247718858891344553e+03,-6.294947414048950804e+02,1.671127337006711002e+02,3.425964282822905882e-01,1.441619047619047649e+02,1.120010204081632764e+03,7.273524224504616598e+01,7.791956553013955045e+02,2.881092436974789734e+02,8.030446601941747531e+02,nan,nan
-2.171715321560964640e+03,-8.435868626431713437e+02,3.231034740885659176e+02,9.055683337016714463e-01,1.051156498673740032e+02,1.184937458416500249e+03,5.106229235880398676e+01,8.698557347670250692e+02,2.900541297246850263e+02,8.819352129574085666e+02,nan,nan
-2.217871983580330379e+03,-6.474840142074127698e+02,2.551646289377525818e+02,2.491051620425695778e-01,1.239024238657551251e+02,1.119029702970296967e+03,5.228258064516128911e+01,7.894827431645002207e+02,2.909989929506546105e+02,7.990128755364806921e+02,nan,nan
-2.337972917268690708e+03,-9.642823700651036916e+02,-4.163943411317649748e+02,4.551469881137369389e-01,nan,nan,2.391340341655716202e+02,8.729780666125101334e+02,2.920071258907363472e+02,1.018171902268760959e+03,2.901553398058252355e+02,9.880110837438423914e+02
-2.292280889665364612e+03,-7.336822349833977341e+02,-1.105146622808795200e+02,2.265921253012100900e-01,nan,nan,1.541428571428571388e+02,8.067382488479262292e+02,2.930028721876495865e+02,8.869497623896809273e+02,2.519688661710037252e+02,9.140384839650146205e+02
-2.185433538084123029e+03,-1.110509749377190019e+03,5.111116799386098108e+01,3.461495044668565502e-01,nan,nan,1.491008836524300420e+02,9.519450045829514693e+02,2.939681978798586783e+02,1.041000772200772190e+03,3.121518467852257004e+02,1.095100903614457820e+03
-2.214409645681029360e+03,-6.919557463458390885e+02,1.990070564427550437e+02,7.167164667307067694e-01,1.410623390005152089e+02,1.139060191518467946e+03,7.405687066974596178e+01,8.049901427600271973e+02,2.958838004101161800e+02,8.280063041765168919e+02,nan,nan
-2.248694543451514164e+03,-1.129025026097839145e+03,-2.220020339488231969e+02,6.744782603198150595e-01,nan,nan,2.141804733727810515e+02,9.389706601466992879e+02,2.960213996529785732e+02,1.074011873350923452e+03,3.181463506395786567e+02,1.074230974124809791e+03
-2.197369648389827944e+03,-8.487335656348240036e+02,1.419439695873934966e+02,4.646990476536506098e-01,nan,nan,1.057331097268806843e+02,8.620950888192267030e+02,2.990037348272642248e+02,9.089682080924854972e+02,2.730851581508515551e+02,9.859605373635599790e+02
-2.204355286104327206e+03,-7.741145709991941430e+02,1.600664074169786488e+02,4.393465587742376166e-01,1.509821967410983632e+02,1.171027344992050985e+03,9.400271739130434412e+01,8.340027700831025186e+02,2.992183714670255767e+02,8.720569444444444116e+02,nan,nan
-2.228094110568611541e+03,-6.386391924564995861e+02,1.362581884985249019e+02,6.389506104956058641e-01,1.588845360824742272e+02,1.123883961873186990e+03,8.927721433400947149e+01,7.820432152117545002e+02,3.010871999999999957e+02,8.139670433145009838e+02,nan,nan
-2.231491033686701940e+03,-6.179400158511951986e+02,1.238229672042592568e+02,7.360408060157381804e-01,1.629190140845070403e+02,1.118012369172216950e+03,nan,nan,3.020388951521984495e+02,8.059693206720234002e+02,2.411363636363636260e+02,8.769502881844380227e+02
-2.363245171273156757e+03,-8.849902667355124777e+02,-5.359631768613896838e+02,2.966850756453381366e-01,nan,nan,2.619993902439024396e+02,8.409807834441980958e+02,3.021046585832801270e+02,9.970071047957371775e+02,2.892167169323567464e+02,9.459780396357792824e+02
-2.281975850723998519e+03,-7.963176687433834786e+02,-2.101404499826425933e+02,7.242544218581773441e-01,2.371644056847545130e+02,1.202999565972222172e+03,nan,nan,3.041356816699282604e+02,9.269555143651529079e+02,2.770709472849782173e+02,9.329881556683586723e+02
-2.172233229566410500e+03,-7.924147530031312954e+02,2.312020287307085482e+02,4.406882870119236961e-01,1.370104651162790788e+02,1.170962921348314694e+03,8.102548166563082077e+01,8.459541432019308331e+02,3.050900900900900865e+02,8.718447457627119093e+02,nan,nan
-2.295765729421848846e+03,-9.918994997747064417e+02,-3.960270593261467980e+02,2.150296258610843170e-01,2.751129922708869913e+02,1.277824979457682730e+03,2.460301348136399611e+02,8.839660056657223777e+02,nan,nan,3.091178045515395070e+02,1.000004605641911326e+03
-2.381444995027395635e+03,-8.066822384129011425e+02,-5.884573979247028319e+02,4.040198911661044279e-01,nan,nan,2.689057971014492523e+02,8.129780775716694734e+02,3.060791277258567220e+02,9.699956896551724412e+02,2.831035120147874409e+02,9.109612807148175762e+02
-2.225591617437489276e+03,-6.534749626921563959e+02,8.197383046307400889e+01,8.722295740939980391e-01,1.759946236559139834e+02,1.133113985448666199e+03,1.080372129849564544e+02,7.858519480519480567e+02,3.078616730453799732e+02,8.290171849427168809e+02,nan,nan
-2.064727675882558742e+03,-1.365662927381894860e+03,2.805053801121865149e+02,8.460917635518462321e-01,nan,nan,1.210119887165021169e+02,1.066084136722173525e+03,3.080236311239193014e+02,1.147145903479236722e+03,3.640544747081711989e+02,1.234940828402366833e+03
-2.193268090671595019e+03,-8.943024085338086024e+02,2.209898641888559467e+01,5.945037414801348508e-01,nan,nan,1.472072538860103634e+02,8.719559701492537442e+02,3.120084961767204845e+02,9.459773321708805724e+02,2.951262060980316733e+02,9.951887323943661841e+02
-2.106882743135322016e+03,-1.322972385221890136e+03,8.537364903565401164e+01,3.004476983986626437e-01,1.729688631426502639e+02,1.374052797478329467e+03,1.699813620071684568e+02,1.032961912479740704e+03,3.130878122634367742e+02,1.140983773759851601e+03,nan,nan
-2.368854862543734725e+03,-7.896034391991836401e+02,-6.164041387936204046e+02,3.820714628542048463e-01,3.200666089965397987e+02,1.225010022271714888e+03,2.790777269758327748e+02,8.070802213001383052e+02,nan,nan,2.910626164740961599e+02,9.009654226125137484e+02
-2.272888566484213698e+03,-8.086265754851395968e+02,-2.595335684774699416e+02,3.096911346790712227e-01,nan,nan,2.070718108831400457e+02,8.279093619558735782e+02,3.149330143540669837e+02,9.390363924050633386e+02,2.878717339667458646e+02,9.341012743125419320e+02
-2.175709633130229577e+03,-6.788858624629590395e+02,2.052468797893195926e+02,2.661003083934136981e-01,1.500066747572815586e+02,1.131918898240244744e+03,8.405691462805791048e+01,8.009628893306825148e+02,3.160407653910149861e+02,8.239746716697935653e+02,nan,nan
-2.066022443014189776e+03,-1.327762604363712171e+03,2.064149582353524863e+02,1.063920572268583387e+00,1.472126777251184819e+02,1.370036856745479781e+03,1.429345357381429551e+02,1.045896880415944452e+03,3.198788321167883169e+02,1.136085189112760645e+03,nan,nan
-2.073666169384583554e+03,-1.200372747309266742e+03,2.585687281998165190e+02,3.211382374205179469e-01,1.349080615942029056e+02,1.319885069266290429e+03,1.191641086186540690e+02,1.003926078028747384e+03,3.198955926401369538e+02,1.067115002613695879e+03,nan,nan
-2.206314278019242010e+03,-7.614962580270967010e+02,-1.013076980850231834e+01,7.736637181722748613e-01,2.028885714285714243e+02,1.176800143523501902e+03,1.478893905191873728e+02,8.220484739676840036e+02,3.201206567392134161e+02,8.909608970672800297e+02,nan,nan
-2.193569302779038026e+03,-6.245208808790442845e+02,1.261274448994877986e+02,4.057116827213966825e-01,1.721221653255303465e+02,1.118992885375494097e+03,1.028674334140435889e+02,7.769015897047690942e+02,3.210291479820627956e+02,8.111239669421487406e+02,nan,nan
-2.054660036349978782e+03,-1.247534615501033386e+03,2.764421243313508398e+02,5.063707610247344393e-01,1.318814185445142186e+02,1.336912604303908665e+03,nan,nan,3.239511978704525177e+02,1.089889124668434988e+03,3.600690737833594994e+02,1.180115758028379332e+03
-2.105973558984142528e+03,-1.325658605722817583e+03,-8.747733749596322994e+00,8.287687823501511675e-01,2.029888097660223707e+02,1.377921052631578959e+03,1.980427074939564989e+02,1.026931455399060951e+03,nan,nan,3.739838449111470027e+02,1.177078151739874556e+03
-2.116116834702082997e+03,-9.088576599646210070e+02,1.952806311596433773e+02,5.277830840120047995e-01,1.580118043844856572e+02,1.215005665722379490e+03,nan,nan,3.288528793610760772e+02,9.339993961352656697e+02,3.130622950819671928e+02,1.015900702106318931e+03
-2.186342117825987771e+03,-8.181919004036869865e+02,-5.109545378557923812e+01,3.774012566387434653e-01,2.171774370208105154e+02,1.199013972055888189e+03,nan,nan,3.299186902133922104e+02,9.212513471901462481e+02,3.029887173396674598e+02,9.530148749154834604e+02
-2.140698340786225799e+03,-7.336432571567097511e+02,1.841522554055641763e+02,1.117358337644073774e-01,1.640656736628300507e+02,1.151931484502446892e+03,1.040355355355355300e+02,8.219926273458445394e+02,3.318781990521326861e+02,8.539450757575757507e+02,nan,nan
-2.085382277990601779e+03,-1.120259736202638123e+03,1.592601017519106392e+02,3.828590604697293398e-01,1.670500972762645802e+02,1.294085508051082797e+03,1.448938223938224041e+02,9.659715585893060279e+02,3.319546758462421394e+02,1.039043417366946869e+03,nan,nan
-2.355244329807805116e+03,-6.914629009170447489e+02,-6.459850909971416968e+02,1.200701205385241582e-01,nan,nan,2.872588080342443391e+02,7.748741039426523685e+02,3.340299999999999727e+02,9.328378627360663131e+02,2.938076218395016213e+02,8.590263959390863420e+02
-2.006051339659727546e+03,-1.385038282540110913e+03,3.113486060996888796e+02,4.895370930157785239e-01,1.280341491178144508e+02,1.388919944789510055e+03,nan,nan,3.350330687830687566e+02,1.157034482758620697e+03,3.908808219178081913e+02,1.245853326063249824e+03
-2.249892633515567468e+03,-7.142673888227983525e+02,-3.115460342087733920e+02,5.436143188060035270e-01,2.778962862318840621e+02,1.180879370629370669e+03,2.249342155009451858e+02,7.949515119916579806e+02,nan,nan,2.989789062500000227e+02,8.879685990338164174e+02
-2.000477066308101939e+03,-1.340591793726299102e+03,3.474548309641488686e+02,4.315730680955695564e-01,1.200607260726072667e+02,1.369861459100957973e+03,1.179509803921568647e+02,1.065914137033824773e+03,3.379669211195928824e+02,1.131868696047251206e+03,nan,nan
-2.174491462526471423e+03,-4.915021692535291322e+02,1.212286006249658072e+02,3.711350377858468330e-01,1.860974576271186436e+02,1.072968468468468473e+03,1.049720605355064009e+02,7.269375780274656336e+02,3.419641577060932036e+02,7.539905149051490980e+02,nan,nan
-2.367650709376692248e+03,-7.369799606847982432e+02,-7.935645593180273636e+02,1.444962151877353107e-01,nan,nan,3.219915285451197065e+02,7.849411172622043296e+02,3.429502508361204036e+02,9.658941854374018021e+02,3.111556943777030142e+02,8.680317371937638882e+02
-2.179202254985288619e+03,-6.336846544421609906e+02,-2.171831699013574024e+01,2.994900207510291512e-01,2.201540130151843755e+02,1.132949094046591881e+03,1.550338353217289296e+02,7.760052851182197173e+02,3.449597954915175251e+02,8.379836688188378275e+02,nan,nan
-2.311147640310703082e+03,-7.890141765571195265e+02,-6.504858114111693794e+02,2.704908842190896778e-01,nan,nan,3.030557163531114497e+02,8.070973514674302578e+02,3.460920830993823643e+02,9.728840880764437316e+02,3.210340447154471804e+02,8.970709177592372043e+02
-2.060540306310656433e+03,-1.165599537023749008e+03,7.141615047744700462e+01,6.591416445397872970e-01,1.990869218500797331e+02,1.314032618025751162e+03,1.820015723270440162e+02,9.769035222052067411e+02,3.511053534660260880e+02,1.070826069078947285e+03,nan,nan
-2.203550897934288969e+03,-7.609104281867614645e+02,-2.660119016376506806e+02,3.869864589532814314e-01,nan,nan,2.270964148973198746e+02,8.129477611940297948e+02,3.519652631578947535e+02,9.230000000000000000e+02,3.179849776695087371e+02,9.109009793253536600e+02
-2.135524997372291637e+03,-5.209268041111326966e+02,1.865757035068442065e+02,3.933797733113866268e-01,1.761097560975609895e+02,1.076086783439490546e+03,nan,nan,3.520438818565401107e+02,7.590362941738300151e+02,2.740050100200400607e+02,8.310209617755856470e+02
-2.262698249189190392e+03,-1.090830957575457433e+03,-7.071617526323791481e+02,4.639313427329124218e-01,nan,nan,3.380636227544910071e+02,9.019753968253968424e+02,3.521448481831757249e+02,1.099042131350681530e+03,3.689478827361563731e+02,1.009047539149888166e+03
-2.310173498611566174e+03,-9.608072978958275598e+02,-8.166147035082168486e+02,7.170062347288924665e-01,3.770424895272291792e+02,1.284975476839236990e+03,nan,nan,3.540866209262435405e+02,1.055020340846619092e+03,3.529556541019955489e+02,9.520882882882882541e+02
-1.989460559419139145e+03,-1.195676740257743631e+03,3.453048510834416334e+02,2.764331745238035043e-01,nan,nan,1.159511070110701070e+02,1.011967091295116802e+03,3.559209150326797158e+02,1.060042318307267806e+03,3.808393953708077220e+02,1.163089645254074867e+03
-2.404316743165928074e+03,-6.488953642603955814e+02,-9.917814729304095636e+02,6.988737404160344502e-01,nan,nan,3.570040000000000191e+02,7.520242474916387891e+02,3.560783475783475751e+02,9.519486866218692285e+02,3.160032102728732184e+02,8.230602032838154400e+02
-2.062172837843419074e+03,-7.640565189218860951e+02,2.798150993652380976e+02,6.655003221645098277e-01,nan,nan,9.723652694610778724e+01,8.400989208633093313e+02,3.579456454601606197e+02,8.580265553869498945e+02,3.200528266913809148e+02,9.539431361286616493e+02
-2.108113947405062845e+03,-7.576286668365551122e+02,5.213459260626508751e+01,3.754025980997356959e-01,nan,nan,1.580269090909091005e+02,8.269132134480062177e+02,3.610139925373134133e+02,8.850094228504121929e+02,3.240748940178992257e+02,9.318523076923077042e+02
-2.167518171115677887e+03,-8.453305705482719077e+02,-2.781267537333928885e+02,4.834130651439259019e-01,nan,nan,2.439056875449963968e+02,8.429865546218487680e+02,3.629074733096085197e+02,9.609569402228976287e+02,3.431050119331742394e+02,9.450404858299594935e+02
-2.273877486166308245e+03,-8.320928846918998261e+02,-6.862793574826951044e+02,3.575639013936314226e-01,nan,nan,3.229564541213063649e+02,8.210622537431048613e+02,3.630546290971822714e+02,9.950572139303482118e+02,3.449815321477428256e+02,9.100030234315948974e+02
-2.055739584225318595e+03,-7.332490836777922141e+02,2.878689722730264293e+02,7.221537664956825253e-01,nan,nan,9.524973050664750929e+01,8.280707751564756336e+02,3.631032640949554775e+02,8.429918032786885078e+02,3.199191588785046747e+02,9.400740534521157770e+02
-2.001748489329951099e+03,-1.137694841822463559e+03,2.477541957592057429e+02,2.416607101190563489e-01,1.640769854132901173e+02,1.294020425531914952e+03,1.419422700587084023e+02,9.821065623118603298e+02,3.640309523809523853e+02,1.042009875483039878e+03,nan,nan
-2.332939137643912090e+03,-8.130720748743208333e+02,-8.950200965942653966e+02,3.919033456854317810e-01,3.931394311210262345e+02,1.244130254588513935e+03,3.570345640219952656e+02,8.059909836065573927e+02,nan,nan,3.439940582293523335e+02,8.901511005353955852e+02
-2.385087194059648482e+03,-1.080398674726522586e+03,-1.268349250879312649e+03,5.939626039475647268e-01,nan,nan,4.289943859649122828e+02,8.719992679355783594e+02,3.659915198956294944e+02,1.129994301994302077e+03,3.829208459214501659e+02,9.609974576271185924e+02
-2.221900519159813939e+03,-1.028168618830344030e+03,-6.407328923844464725e+02,3.910497793072864603e-01,3.560846755637367664e+02,1.297181233933162048e+03,nan,nan,3.660476556495003706e+02,1.069996674979218596e+03,3.751329262564584042e+02,9.899399675500270632e+02
-2.329986563929926433e+03,-1.029709303518905926e+03,-1.039553219378264885e+03,2.041080449462145674e-01,nan,nan,3.951025641025640880e+02,8.670031545741325090e+02,3.660798344175044576e+02,1.098080157687253632e+03,3.759849112426035731e+02,9.599751892346509976e+02
-2.211594468257658264e+03,-6.472094032945616391e+02,-3.519565368757298529e+02,9.606175601929020091e-01,3.010349650349650119e+02,1.159001607717041907e+03,nan,nan,3.660889070146818653e+02,8.879085805934241762e+02,3.178943620178041556e+02,8.551215805471124440e+02
-2.317059195438557254e+03,-7.160664129456348519e+02,-8.055957500077616942e+02,3.792238022504399453e-01,3.810797297297297064e+02,1.210050475493781960e+03,nan,nan,3.669159192825111973e+02,9.610062456627341589e+02,3.330010554089709558e+02,8.579962001266624156e+02
-1.983411184296995543e+03,-1.024617470790456537e+03,3.959638143686640319e+02,7.660001655773838181e-01,nan,nan,9.316432119205298079e+01,9.499403644395362107e+02,3.680064641241111758e+02,9.709736649597658698e+02,3.650615969581749027e+02,1.088938566552900966e+03
-2.082602220374537865e+03,-7.021114900751697405e+02,1.465562280679822322e+02,4.424599006944520130e-01,1.941479150275373797e+02,1.140907500000000027e+03,1.329980401763841371e+02,8.099291158536585726e+02,3.680466633216257151e+02,8.490713871154962362e+02,nan,nan
-2.145299591635297475e+03,-7.155383386004519934e+02,-1.484041915550629938e+02,3.001526140109723184e-01,2.620630705394190727e+02,1.167920262664165193e+03,2.070455426356589044e+02,8.029665314401622709e+02,3.690515548281505858e+02,8.920174129353233639e+02,nan,nan
-2.104261292698881789e+03,-6.659687295176555608e+02,5.676790587550937062e+01,3.511686547263337954e-01,2.169855907780979862e+02,1.136149463253509566e+03,1.540777957860615857e+02,7.929585585585585932e+02,3.699421944035345859e+02,8.440079500283929974e+02,nan,nan
-2.278299709159437953e+03,-9.383423327180545357e+02,-8.291887551078935985e+02,1.302289938120672619e-01,nan,nan,3.591642189586114569e+02,8.489932256383533513e+02,3.700061957868649074e+02,1.048918133802817010e+03,3.671345578812473036e+02,9.409166218396987915e+02
-2.415227444369723344e+03,-1.013670144736214752e+03,-1.383530014956145124e+03,6.519475849317517280e-02,nan,nan,4.421364724660813863e+02,8.469529470034671021e+02,3.710972716488730612e+02,1.112892833662064504e+03,3.801078274760383238e+02,9.309324215607401811e+02
-2.144164519733940779e+03,-7.356062743449298296e+02,-1.840887149799192457e+02,2.053254991129930540e-01,2.710905459387483347e+02,1.176958754863813283e+03,2.190243605359317769e+02,8.089782146652497659e+02,3.720034512510785021e+02,9.049927601809954467e+02,nan,nan
-2.005400072456681528e+03,-1.145705011933428523e+03,1.417433092119167952e+02,4.195402460495309405e-01,1.960538881309686303e+02,1.302002508361204036e+03,1.749298245614035068e+02,9.770127516778522931e+02,3.729065731166912769e+02,1.057006742738589310e+03,nan,nan
-2.027397117442158333e+03,-9.983764062469856526e+02,1.468966911307359169e+02,7.722180548527287636e-01,nan,nan,1.609457215836526132e+02,9.220373608903020113e+02,3.731246699911997666e+02,9.870023847376788808e+02,3.699835371589840065e+02,1.049083729216152051e+03
-2.161520422646410680e+03,-7.443198176090937750e+02,-2.762894401224009471e+02,4.456795256518281678e-01,nan,nan,2.409975980784627723e+02,8.079562289562289834e+02,3.740558615263572051e+02,9.199903593339175814e+02,3.379748071979434485e+02,9.010551680405833395e+02
-2.295758474979425955e+03,-1.061722161122728949e+03,-1.008542696972010731e+03,1.022878783745720499e+00,nan,nan,3.969545454545454390e+02,8.789814814814815236e+02,3.749104618284637240e+02,1.109980060422960833e+03,3.880616142945163460e+02,9.720072202166064699e+02
-2.280609091840779001e+03,-9.859431826770112366e+02,-9.080537555156154212e+02,5.845526888176807434e-01,4.039478599221789636e+02,1.295002375296912078e+03,nan,nan,3.749730354391371066e+02,1.073912800000000061e+03,3.779086731763354123e+02,9.530319218241041881e+02
-2.189156225916411586e+03,-5.146388313485612116e+02,-2.785485832408093074e+02,1.252769751854564406e-01,2.939406838799720845e+02,1.111944061302682030e+03,2.260165825522710747e+02,7.269476309226932926e+02,nan,nan,3.089987864077669997e+02,8.009754335260115568e+02
-2.477036492435595392e+03,-9.139951913051975225e+02,-1.600424794003418128e+03,1.632053877148012810e-01,nan,nan,4.640152322924600412e+02,8.098056096610829400e+02,3.770088041085840018e+02,1.091003187250996007e+03,3.739832935560859255e+02,8.850187144019528205e+02
-2.015354304126982925e+03,-1.145220827658907183e+03,4.630135460353933752e+01,2.070286429690844088e-01,2.220156385751520531e+02,1.305918350168350116e+03,2.019733759318423836e+02,9.700681051921779954e+02,3.779693196976434137e+02,1.065900755124056104e+03,nan,nan
-2.050401086120623404e+03,-8.367951815877645458e+02,1.050212584300730185e+02,5.993810782733922649e-01,2.100998613037448024e+02,1.191913897280966694e+03,1.611368449633451121e+02,8.600726973684210179e+02,3.780033112582781314e+02,9.159963570127504227e+02,nan,nan
-2.370197597785929702e+03,-1.325442056471823889e+03,-1.495729589548653621e+03,9.214693751797392585e-01,nan,nan,4.780686055182699761e+02,9.299855189058729366e+02,3.810387828162291157e+02,1.229026174496644217e+03,4.249875183553597822e+02,1.024995256916996141e+03
-2.047508718849030174e+03,-1.148394110159070806e+03,-1.428284122023009104e+02,2.918133563030202438e-01,2.679544131910766396e+02,1.315010570824524393e+03,2.489618745035742791e+02,9.580810081008100951e+02,3.820183342063907617e+02,1.083976889444097424e+03,nan,nan
-2.046639556327818582e+03,-7.272272519316840089e+02,1.676038454666372672e+02,4.324248022838395600e-01,1.971567217828900027e+02,1.147977796754910287e+03,1.379082568807339442e+02,8.209909021986353537e+02,3.820429338103756436e+02,8.589705603038936488e+02,nan,nan
-2.051123532967827487e+03,-6.526168391622834406e+02,2.001086944815858999e+02,8.487108497603816915e-01,1.900443548387096655e+02,1.119936416184970994e+03,1.229895104895104936e+02,7.941653439153438967e+02,3.821001272804412565e+02,8.190240529164161671e+02,nan,nan
-1.953493530641241705e+03,-1.145278423563842352e+03,3.027175036612939039e+02,3.280147431338630848e-01,1.611005952380952522e+02,1.292965395480225880e+03,1.392462340672074106e+02,9.911989528795811566e+02,3.829044616876818736e+02,1.041905714285714339e+03,nan,nan
-1.940274844347800126e+03,-1.100886444845874621e+03,3.968166822121597193e+02,2.170986698701755369e-01,nan,nan,1.100543989254533273e+02,9.818509212730318723e+02,3.839888226527570509e+02,1.010021093749999977e+03,3.940320488363220193e+02,1.123093252879868260e+03
-1.993469564589755237e+03,-8.503901013135551921e+02,3.018336512218368739e+02,3.550720038288530112e-01,nan,nan,1.150809743252139583e+02,8.770572289156626766e+02,3.849111241907004342e+02,8.989680232558139323e+02,3.590373895309313639e+02,9.949342403628118063e+02
-2.111846130842383445e+03,-7.688675470083461505e+02,-1.945962371629893539e+02,2.447643318957452852e-01,2.810514106583071907e+02,1.187961338289962896e+03,2.329158186864014795e+02,8.209875776397515210e+02,3.858940217391304373e+02,9.219549731182795540e+02,nan,nan
-1.954414379977761428e+03,-9.091723844698376524e+02,4.401007579139521795e+02,2.203806226851574845e-01,1.291158854166666572e+02,1.194122963741460808e+03,8.217661241711874709e+01,9.089368505195843682e+02,3.872526315789473870e+02,9.099881305637982223e+02,nan,nan
-1.976834163472558430e+03,-1.194874222250416551e+03,9.919524175309919656e+01,3.814359753561570865e-01,2.150566361556064123e+02,1.322099127182044867e+03,1.990640066500415628e+02,9.929530818767249229e+02,3.881175898931001029e+02,1.085081566068515485e+03,nan,nan
-1.931178465097022809e+03,-1.149860547370798486e+03,3.608317071833776595e+02,3.196284603862081242e-01,nan,nan,1.269822569198012729e+02,9.980575831305758356e+02,3.890023328149300141e+02,1.038988718775181269e+03,4.059156089193825210e+02,1.140951067152524729e+03
-2.157086663261709418e+03,-8.650954138649223069e+02,-4.866649762244448425e+02,3.129532346769036688e-01,nan,nan,3.041174377224199361e+02,8.419296375266524137e+02,3.900381006539664668e+02,9.931122706009356307e+02,3.740943491422805209e+02,9.350135135135135442e+02
-2.100257308097674468e+03,-7.871308287212257255e+02,-2.014894739806183281e+02,5.323877055654400170e-01,2.850826446280991604e+02,1.193846446011937132e+03,2.392012339819648901e+02,8.270551319648093340e+02,nan,nan,3.611039676708302864e+02,9.240043945312500000e+02
-1.915141651129233878e+03,-1.260038909779381584e+03,3.177255205719970945e+02,1.908954446699168139e-01,1.619025309639202987e+02,1.336986013986014086e+03,1.509850746268656678e+02,1.036946341463414683e+03,3.929249011857707501e+02,1.098073310423825887e+03,nan,nan
-2.321683322713809048e+03,-9.001030983990682444e+02,-1.173224060329612485e+03,3.496562326694698797e-01,nan,nan,4.220080495356037318e+02,8.239050715214564207e+02,3.930724206349206611e+02,1.061836164383561709e+03,3.859641523525018556e+02,9.029975845410627926e+02
-1.967140827756721137e+03,-1.038679576021906769e+03,2.097642179838372272e+02,4.561448715848268054e-01,nan,nan,1.610962634578847315e+02,9.440062353858145343e+02,3.940974822466106957e+02,1.000989138305575693e+03,3.959176269739650138e+02,1.071971561230412135e+03
-2.215707161179432205e+03,-8.075496236015568456e+02,-7.245936772518734870e+02,1.653072633334698727e-01,nan,nan,3.470394922425952018e+02,8.130022848438690062e+02,3.941573080099091726e+02,9.921103117505995215e+02,3.729703210175650838e+02,8.960118137595552525e+02
-2.020133509254479804e+03,-7.110895298096187389e+02,1.696018066126795247e+02,6.760616989170306068e-01,2.058955765047135742e+02,1.140881558028616837e+03,1.449700734048560093e+02,8.169723674383868683e+02,3.959254210104249978e+02,8.519793351302785140e+02,nan,nan
-1.865402568320201226e+03,-1.344175110727310994e+03,4.689082113204178768e+02,6.201534967986729319e-01,1.231824220746039913e+02,1.364037037037036953e+03,1.190715447154471605e+02,1.084151020408163276e+03,3.990400475812846821e+02,1.129104442344045310e+03,nan,nan
-2.103369707550311887e+03,-7.665935977085969171e+02,-2.777454088384872648e+02,3.192005130118018008e-01,nan,nan,2.590091678420310473e+02,8.170787836903939478e+02,3.991841133004925837e+02,9.318526456798392701e+02,3.671027190332326313e+02,9.090353483606556892e+02
-1.896395667841725299e+03,-1.236819221283917841e+03,3.664232250440828125e+02,2.296112921781462146e-01,1.530301760268231419e+02,1.325002403846153811e+03,1.399845094664371743e+02,1.032947580645161224e+03,3.999785714285714562e+02,1.082951111111111004e+03,nan,nan
-2.087686428415384853e+03,-1.191610624421282637e+03,-5.151352180135201024e+02,6.723952854336112672e-01,nan,nan,3.399038461538461320e+02,9.490037907505686690e+02,4.009788155994222620e+02,1.132080319148936269e+03,4.289955494693597871e+02,1.060962848297213668e+03
-2.120656140085114203e+03,-7.608533645029087893e+02,-3.736201149437699200e+02,5.131944566336879010e-01,nan,nan,2.808107908351810806e+02,8.110149384885764903e+02,4.019089342143062140e+02,9.399734897870490613e+02,3.701040487592512136e+02,9.001400778210116869e+02
-1.890241888216825146e+03,-1.243923821328331314e+03,3.589017752360147711e+02,3.328731535473193892e-01,1.569155023286759842e+02,1.328068937550689270e+03,1.449244966442952887e+02,1.035038108680310415e+03,nan,nan,4.341390977443609245e+02,1.182967191601049763e+03
-2.177976599519627598e+03,-8.801309849573648307e+02,-6.940390766342537745e+02,4.299724551143841444e-01,3.850985915492957474e+02,1.251164890918315677e+03,3.518803501945525340e+02,8.380983796296296759e+02,4.019786756453423209e+02,1.019019332161687203e+03,nan,nan
-2.031555683224249833e+03,-5.806398298581196968e+02,1.293058296902570135e+02,6.236465571256138984e-01,2.209674796747967491e+02,1.097872439478584738e+03,1.487890199637023727e+02,7.640272727272727025e+02,4.049905660377358458e+02,8.009933586337760971e+02,nan,nan
-2.213099944882224008e+03,-5.571964872477558401e+02,-6.570283676536340636e+02,7.494225556725103710e-01,nan,nan,3.240000000000000000e+02,7.339263477600607075e+02,4.051193737769080485e+02,8.898826682549135967e+02,3.499964209019327086e+02,7.990551876379690839e+02
-2.118371096967841822e+03,-9.937889159071024778e+02,-5.782272262333401613e+02,4.083355371275427248e-01,nan,nan,3.420678466076695941e+02,8.810040225261464002e+02,4.068799699924981041e+02,1.054995079278294043e+03,4.109525316455695929e+02,9.780700315457413581e+02
-1.991802583774699997e+03,-7.931762274547038487e+02,1.208130476163700990e+02,5.421977656365962739e-01,2.249522313010685082e+02,1.172997588424437254e+03,1.719897388059701484e+02,8.458958534233365754e+02,4.090548829701372142e+02,8.979805825242718811e+02,nan,nan
-1.860001222263382260e+03,-1.333282845074919805e+03,3.991971017983922820e+02,3.708516218636653261e-01,1.490794263651406482e+02,1.361851542416452503e+03,1.439789750328515083e+02,1.074003367003366975e+03,4.091282296650717853e+02,1.129929705215419517e+03,nan,nan
-2.300483317572898613e+03,-8.908155890228821363e+02,-1.259420180133491385e+03,6.224726058837034559e-01,nan,nan,4.440220264317180749e+02,8.189708588957055326e+02,4.099069670421359888e+02,1.066006818181818289e+03,4.039582338902147853e+02,8.929225764476252607e+02
-2.159927875091886563e+03,-1.093610238431576363e+03,-8.458869935766438175e+02,4.033496973847568445e-01,nan,nan,3.969910313901345376e+02,8.989665450121653976e+02,4.110500595947556803e+02,1.114916496945010294e+03,4.279189189189189051e+02,9.939207756232686961e+02
-1.980867193467273637e+03,-8.386458507372126405e+02,1.005555305952328524e+02,8.680230261969296146e-01,2.311150202976996013e+02,1.190841530054644863e+03,1.839432835820895491e+02,8.629823434991974409e+02,nan,nan,3.878394081559004007e+02,9.680552717138875778e+02
-2.071345330572568400e+03,-1.089263527449296589e+03,-4.945493595971776131e+02,3.227618744058581846e-01,nan,nan,3.359849749582637628e+02,9.170121739130435117e+02,4.129158982956133173e+02,1.088985420240137273e+03,4.280100619195046647e+02,1.022059835452505581e+03
-2.397762292330971832e+03,-6.790323281693198396e+02,-1.545988154271093663e+03,7.635693528804758934e-01,nan,nan,4.700599755201958487e+02,7.479322033898305335e+02,4.140071942446043067e+02,1.012990341274951675e+03,3.849329226557152879e+02,8.060219780219780432e+02
-1.990438286523743955e+03,-7.769823388632562455e+02,7.077426605017789996e+01,3.492172375539157048e-01,nan,nan,1.881035598705501570e+02,8.378996632996633025e+02,4.159466666666666583e+02,8.979514116874589718e+02,3.818572201189832072e+02,9.380464959568732866e+02
-1.927399967803848313e+03,-1.168504016220020958e+03,8.854033504909597241e+01,5.019317577790226581e-01,2.351576422206991026e+02,1.311041229385307361e+03,2.159677605066206070e+02,9.848517538054268243e+02,4.159787564766839409e+02,1.076027173913043498e+03,nan,nan
-1.951896761041575473e+03,-1.246061026390827465e+03,-1.051649422893708845e+02,5.464833327594913470e-01,2.800576576576576713e+02,1.346965253648367025e+03,2.698888062476756886e+02,9.979222050489438516e+02,4.170865724381625341e+02,1.128024498886414221e+03,nan,nan
-2.025259635575856237e+03,-7.063034199313133286e+02,-5.677180252930520510e+01,2.328804229527888514e-01,2.701699939503932342e+02,1.155057079318013393e+03,2.149956790123456756e+02,8.059221879815099783e+02,4.171309699655342342e+02,8.819332119004250217e+02,nan,nan
-1.912772653817519995e+03,-9.926358543460934243e+02,2.813841148667916059e+02,1.697864838830508705e-01,nan,nan,1.531719780219780205e+02,9.329482507288629449e+02,4.181124721603563330e+02,9.730739627179796116e+02,4.128861370215503257e+02,1.057109006734006698e+03
-1.863567826107540895e+03,-1.165157124202468594e+03,4.113884318442917447e+02,1.616538075249930040e-01,1.528839230291744400e+02,1.293779727095516591e+03,nan,nan,4.189605399792315552e+02,1.044178821590440975e+03,4.368661417322834382e+02,1.152004676018704004e+03
-1.862780646279489019e+03,-1.144392869633642704e+03,3.838927850136974484e+02,5.513186284000931581e-01,1.629597207303974358e+02,1.286987960339943356e+03,nan,nan,4.230342577487764970e+02,1.037119861030688980e+03,4.391934001670844054e+02,1.137994839449541359e+03
-1.956746519011306191e+03,-6.771536368549825511e+02,2.474229097514329112e+02,4.355945618053522206e-01,2.020894793926247246e+02,1.120955462769659107e+03,1.380058721183123112e+02,8.078887020847344047e+02,4.230357931948740884e+02,8.290388059701492693e+02,nan,nan
-1.971708698464190093e+03,-5.954627487074143346e+02,2.222390260451225004e+02,3.483891056476915438e-01,2.100393063583815092e+02,1.092994448850118943e+03,1.379157054125998343e+02,7.749835748792270351e+02,4.240086342229199090e+02,7.959767233661593764e+02,nan,nan
-2.215969715720140357e+03,-7.440364741949085783e+02,-9.901742727491999858e+02,4.759454754347078320e-01,nan,nan,4.070339925834363157e+02,7.858889627659574444e+02,4.260140428677013915e+02,9.940107883817427137e+02,3.989097625329815173e+02,8.540293724966621767e+02
-2.026097042039797770e+03,-1.107919664459627711e+03,-4.465925138470825573e+02,2.757165310954576287e-01,nan,nan,3.369710354815351252e+02,9.269886455798864517e+02,4.270004212299915594e+02,1.094117731172545291e+03,4.439129301355578718e+02,1.033051901025950428e+03
-2.133127297503642239e+03,-1.226705812269821081e+03,-9.806037402838579737e+02,7.943977036709033435e-01,4.500344070278184745e+02,1.367978832116788226e+03,nan,nan,4.270769633507853200e+02,1.175979951397326886e+03,4.600970285021224981e+02,1.029950987066031303e+03
-1.831692415242737979e+03,-1.206123390207550983e+03,4.684685851967773829e+02,3.406580642729251651e-01,1.420041987403778876e+02,1.307062286689419807e+03,1.248382936507936449e+02,1.032006251698831193e+03,nan,nan,4.509711876317638826e+02,1.178009493670886059e+03
-2.149932182695350548e+03,-8.243154398629123989e+02,-7.957873744253362247e+02,3.593930363584039167e-01,4.181778063410454251e+02,1.237989863152559565e+03,nan,nan,4.280011952191235309e+02,1.007964712269272582e+03,4.100195312500000000e+02,8.959910158949551260e+02
-1.941753678837239022e+03,-6.483753502032631104e+02,2.929944608678673603e+02,1.075817748834925647e+00,1.950713706407136954e+02,1.106039962825278735e+03,1.261235370611183413e+02,8.000532458059810779e+02,4.280161290322580498e+02,8.089692832764504828e+02,nan,nan
-1.983309353852492450e+03,-8.192315722474143058e+02,-5.378122574761442110e+01,6.198106126096962765e-01,nan,nan,2.299501011463250109e+02,8.479187697160883772e+02,4.280661998726925503e+02,9.330629604822504461e+02,4.029422899353647267e+02,9.460017123287670984e+02
-2.183222647309212334e+03,-8.148222987742085479e+02,-9.458433694963354128e+02,2.571551656927075213e-01,nan,nan,4.071564202334630522e+02,8.089419551934827268e+02,4.299878110716099400e+02,1.017132106118029242e+03,4.121004453240969951e+02,8.829250275633958154e+02
-2.068205190885072625e+03,-8.561665719318049241e+02,-4.955359778368683124e+02,6.085146383693801342e-01,3.679778254649499445e+02,1.232004618937644409e+03,nan,nan,4.301079136690647715e+02,9.939676190476189959e+02,4.150689655172413950e+02,9.279249011857707501e+02
-1.948346918641289221e+03,-1.083147096307208358e+03,-1.160907846007634419e+02,7.614924459492237174e-01,2.909834406623734822e+02,1.288024975984630146e+03,2.689768076398362950e+02,9.399698492462312061e+02,4.319903846153846416e+02,1.056996659986639997e+03,nan,nan
-2.046402995008115113e+03,-9.328780857105992936e+02,-4.758133312968075188e+02,3.127022071252803515e-01,nan,nan,3.339856677524430211e+02,8.679657434402332683e+02,4.329246344206974300e+02,1.023900290416263260e+03,4.268852459016393368e+02,9.600119189511323157e+02
-2.290042786698455529e+03,-1.104124152772802518e+03,-1.610793623180918757e+03,2.319491086832570215e-01,nan,nan,5.130478316326530148e+02,8.660060810810811063e+02,4.349293116210214407e+02,1.161133045356371440e+03,4.531298357180710354e+02,9.419869158878505004e+02
-1.869215493010147156e+03,-1.122784369858502259e+03,2.237433314899660104e+02,6.071540591137781773e-01,2.129715719063545123e+02,1.285111760883690749e+03,1.910132478632478694e+02,9.800691937424788875e+02,4.360095113151853070e+02,1.043960076960077004e+03,nan,nan
-2.397677619408208102e+03,-1.113488893398224945e+03,-2.075350990125878525e+03,5.418622639334645941e-01,nan,nan,5.539953173777315669e+02,8.469524669073405221e+02,4.360096645821489574e+02,1.182959131545338550e+03,4.549510869565217490e+02,9.170066914498140704e+02
-1.923263376103690916e+03,-7.575473110505201930e+02,2.043894743047220288e+02,4.188059793402790221e-01,2.209175324675324816e+02,1.151913570887035576e+03,1.661211129296235640e+02,8.380726817042606172e+02,4.378990744821507519e+02,8.739882788402220513e+02,nan,nan
-2.449568895423813501e+03,-1.236018191946431216e+03,-2.452495254598436532e+03,7.168198717955664989e-01,6.069844908968307209e+02,1.412997949419001998e+03,nan,nan,4.409924554183813257e+02,1.231961792799412251e+03,4.670691937424789444e+02,9.310184713375796264e+02
-1.945671419227167462e+03,-6.671133001859404885e+02,1.231861596798034384e+02,4.264182285911883308e-01,2.440740479548660176e+02,1.125992146596858674e+03,1.809539641943734125e+02,7.998928024502297376e+02,4.410745614035087669e+02,8.439371657754010130e+02,nan,nan
-2.090021499611681065e+03,-5.285947480960664961e+02,-4.760644749039046246e+02,7.410870570554614067e-01,nan,nan,3.100274480712166110e+02,7.310059121621621898e+02,4.419680065627563295e+02,8.620026385224274463e+02,3.811007543103448256e+02,7.929803278688524415e+02
-2.089343923183718744e+03,-1.120954757461116515e+03,-8.909191218197287299e+02,1.633585894254776794e-01,nan,nan,4.260569491525423587e+02,9.069861111111110858e+02,4.429496808111152859e+02,1.131020833333333258e+03,4.630752532561505177e+02,9.979958283671037407e+02
-1.843341438365860313e+03,-1.361853973390022475e+03,1.061703941789494507e+02,4.648821805831572784e-01,nan,nan,2.430027124773960168e+02,1.058983246073298460e+03,4.429718437783832883e+02,1.170054054054053950e+03,4.899970731707317100e+02,1.196967654986522803e+03
-1.883731525335519336e+03,-1.154712080772360196e+03,3.873689982008627197e+01,5.026211121627784939e-01,nan,nan,2.439519713261648803e+02,9.779026248941574977e+02,4.430318644067796754e+02,1.077014556040756815e+03,4.640479452054794365e+02,1.099972853998532628e+03
-2.051276395800638056e+03,-5.720328271094889487e+02,-3.555416688800123097e+02,6.274838884080721213e-01,3.490152380952380895e+02,1.130990228013029309e+03,nan,nan,4.440170482221139991e+02,8.650302655960468883e+02,3.879409166206515920e+02,8.180203804347826235e+02
-1.788231938533591347e+03,-1.283919166689060148e+03,4.746653309661829780e+02,1.351873617525813920e-01,1.500606826801517002e+02,1.337094802694899045e+03,1.400293492131008009e+02,1.065080969571944252e+03,4.450529986052998765e+02,1.101008264462809848e+03,nan,nan
-1.915966287601562726e+03,-7.566837506018104023e+02,1.614584375384332020e+02,5.276152879679760765e-01,nan,nan,1.819445652173913004e+02,8.369137562366357770e+02,4.459086057371580978e+02,8.800206896551724185e+02,4.071824507151140438e+02,9.340373250388802262e+02
-2.223653341369732516e+03,-9.187145983631135095e+02,-1.339485653510955444e+03,2.717308969963268539e-01,nan,nan,4.790524121500893671e+02,8.259718586387434698e+02,4.460469371519490664e+02,1.084194995685936192e+03,4.420591827148896300e+02,8.959925201380897306e+02
-2.106532928747410551e+03,-1.023980498921308708e+03,-9.388637434905999726e+02,2.565977124320091216e-02,nan,nan,4.300789610389610402e+02,8.750356930398572786e+02,4.469347496206373194e+02,1.096990261404408102e+03,4.549728476821192089e+02,9.589944559944559614e+02
-1.968434686302811315e+03,-6.627547359916063670e+02,-4.935766841995997112e+01,8.088425130329666146e-01,2.871626961069146091e+02,1.137902079141515742e+03,2.270027777777777658e+02,7.909603818615752289e+02,4.470382003395585571e+02,8.659922388059701461e+02,nan,nan
-1.912488832899519593e+03,-8.697301290480236275e+02,4.259085874746045164e+01,4.271405011449898592e-01,nan,nan,2.238977119784656793e+02,8.729604221635884187e+02,4.499690379653520154e+02,9.469370594159113352e+02,4.299188326493388104e+02,9.750712799167533831e+02
-1.807948380466221579e+03,-1.304595577501355592e+03,2.656635813587744224e+02,2.583900590242434459e-01,2.101289884589273527e+02,1.353988590057049805e+03,2.030266768292682968e+02,1.052950469684030850e+03,4.509761627906976855e+02,1.130058564231738046e+03,nan,nan
-2.244781315953357534e+03,-8.474087426856401635e+02,-1.438751195416993596e+03,1.721294110047586201e-01,nan,nan,4.910609756097560989e+02,8.019911949685534864e+02,4.510123697916666856e+02,1.065974856321839070e+03,4.399810874704491539e+02,8.659946452476573313e+02
-2.203455868005868069e+03,-7.371640331865994540e+02,-1.207339602224440569e+03,4.349574643548126396e-01,4.910544109878499626e+02,1.231960444993819465e+03,nan,nan,4.520168067226890685e+02,1.012054576463899934e+03,4.268857142857143003e+02,8.390480153649167505e+02
-2.063426601940509045e+03,-8.423485299731090663e+02,-6.845309382936153497e+02,2.769956979629124016e-01,nan,nan,3.788844819038175729e+02,8.292676950998185248e+02,4.521203342618384227e+02,1.008030749519538745e+03,4.361311745334796797e+02,9.079280048810250037e+02
-1.834243493859473119e+03,-9.472222159305621290e+02,3.963493409559906127e+02,1.308687187599032908e+00,1.781594377510040204e+02,1.207988559542381608e+03,nan,nan,4.529064709081022215e+02,9.419864038069340495e+02,4.380584918957011951e+02,1.043973846153846125e+03
-2.009849964852237690e+03,-5.628557877910733396e+02,-2.397942568168453192e+02,3.556579223085418739e-01,3.311566878980891602e+02,1.118980769230769283e+03,2.680441176470588402e+02,7.490374468085105946e+02,4.529380421313506986e+02,8.480938375350140177e+02,nan,nan
-2.055234322496747609e+03,-1.085236092707047192e+03,-8.336426157106650408e+02,3.480516630493290520e-01,nan,nan,4.219494145199063269e+02,8.999676136363635806e+02,4.539045785194693963e+02,1.113990066225165492e+03,4.689979619565217490e+02,9.890273333333333312e+02
-2.204263540628925057e+03,-1.129027394096966191e+03,-1.490548429554400855e+03,1.286124036197728027e-01,nan,nan,5.139553528564570115e+02,8.801376953125000000e+02,4.540389016018306734e+02,1.166151431209603061e+03,4.749595410628019181e+02,9.560083160083160010e+02
-1.993856177038073838e+03,-7.519071203114419859e+02,-3.016496833554508044e+02,3.963006865470677931e-01,3.429259510869565020e+02,1.184985233798195168e+03,2.969559471365638501e+02,8.140078796561604122e+02,nan,nan,4.200694660445826685e+02,8.970156156156156158e+02
-1.921599881495210639e+03,-6.175617686726807278e+02,1.412547030376422015e+02,3.016444232694717731e-01,2.480980533525594751e+02,1.106090604026845540e+03,1.808873591989987517e+02,7.820118279569892366e+02,4.549885350318471069e+02,8.209676584734799007e+02,nan,nan
-1.889383855277593057e+03,-6.843710618957089764e+02,2.742994559508164230e+02,4.203820603931405220e-01,2.141019830028328670e+02,1.117863033873343056e+03,1.509607498535442289e+02,8.139543378995433613e+02,nan,nan,4.039471502590673708e+02,9.089914841849148388e+02
-2.244340490116981073e+03,-9.288097242375839642e+02,-1.536390819120000515e+03,4.245295443343513608e-01,nan,nan,5.090806779661016890e+02,8.209811320754716917e+02,4.549908295122967843e+02,1.100157334567329826e+03,4.539574290484140420e+02,8.879693989071038231e+02
-1.845368601329868397e+03,-9.627205812603514232e+02,2.738652487190730085e+02,4.980726044821515708e-01,2.141287825475017712e+02,1.220978313253011947e+03,1.752331838565022508e+02,9.239388646288209657e+02,nan,nan,4.459295695919508375e+02,1.039019060585432271e+03
-1.942906577102962501e+03,-1.093954716755873960e+03,-3.897776672096060793e+02,2.245037829239687754e-01,nan,nan,3.449207232267037284e+02,9.279927477840451502e+02,4.600376275510204209e+02,1.086970839260312914e+03,4.741001878522229163e+02,1.030039268788083973e+03
-2.213221056267403583e+03,-1.172207260598338962e+03,-1.640478950455008089e+03,4.796608715709977377e-01,5.550133185349611722e+02,1.371021765417170400e+03,nan,nan,4.609909909909910084e+02,1.187977717758271410e+03,4.871431890792912895e+02,9.590145154962730203e+02
-1.961911476319324720e+03,-9.362291441734571436e+02,-3.795424155755409288e+02,4.221007197386581478e-01,nan,nan,3.320604890604890329e+02,8.749452154857560799e+02,4.610485074626865867e+02,1.019976579520697214e+03,4.551017251635930734e+02,9.669452485840150757e+02
-1.960350477589680168e+03,-1.128080783524233993e+03,-5.193532020036172980e+02,2.402794149594049966e-01,3.930891161431702017e+02,1.320044354838709751e+03,nan,nan,4.620197409006785847e+02,1.110935039370078812e+03,4.811985688729874937e+02,1.031013895543842864e+03
-1.962653703775471513e+03,-6.794198501839592836e+02,-2.289774023440959638e+02,1.606575147086933830e-01,3.360227100681302090e+02,1.154986313088109455e+03,2.830838852097130030e+02,7.919613769941225883e+02,4.651000000000000227e+02,8.969116517285531245e+02,nan,nan
-1.888894145476078165e+03,-1.179736866358945235e+03,-2.542322807518994523e+02,3.016220307792873978e-01,3.431329739442946902e+02,1.326825442372070711e+03,nan,nan,4.659597417394606964e+02,1.113959789372905789e+03,4.911662931420887617e+02,1.077079999999999927e+03
-1.909391503271462625e+03,-6.506540854261464801e+02,6.004485523497575628e+01,4.789568713293068658e-01,2.731005326231691015e+02,1.123961459050240819e+03,2.120541795665634766e+02,7.919346642468238997e+02,4.660069979006298126e+02,8.479193786982248184e+02,nan,nan
-1.808000544096517842e+03,-1.159546685197637089e+03,1.973287671895411961e+02,1.352297154702374882e-01,2.389389993145990445e+02,1.299166666666666742e+03,2.191182450508293300e+02,9.938841826604897278e+02,4.670814149354295068e+02,1.067037974683544235e+03,nan,nan
-1.832341745397653085e+03,-1.005358626105194730e+03,1.800567290386473758e+02,7.310050271107262354e-01,2.449943502824858683e+02,1.242033161385408903e+03,2.110411099691675361e+02,9.349237995824635163e+02,4.670929768555466808e+02,9.949399684044233254e+02,nan,nan
-2.022680439071753881e+03,-1.261197266903388481e+03,-9.441323998984660193e+02,7.463920118259858016e-01,4.700364864864864671e+02,1.377023383768913391e+03,nan,nan,4.670949855351976794e+02,1.189940232429441039e+03,5.019974276527331085e+02,1.041984430290162663e+03
-2.018597888549976233e+03,-1.039196930256776341e+03,-7.928948935818956443e+02,4.808796360411362047e-01,nan,nan,4.208977272727272521e+02,8.879557467732022360e+02,4.679517746913580254e+02,1.095091463414634063e+03,4.780604944765912592e+02,9.739544364508393528e+02
-1.936998474602138231e+03,-5.898982866544199624e+02,-6.681012610114227357e+01,3.170517567855600238e-01,nan,nan,2.401013245033112469e+02,7.649169161676646809e+02,4.681556751906684894e+02,8.389969933854480360e+02,4.110177258971033325e+02,8.400454545454545041e+02
-2.137023046543910823e+03,-1.082521071687054246e+03,-1.348418191388499054e+03,3.520524919413485776e-01,nan,nan,5.050239263803680956e+02,8.749719438877755238e+02,4.690301641848033682e+02,1.144044378698224818e+03,4.848773816840811151e+02,9.489717145343777247e+02
-1.980505191843858711e+03,-7.458287767701965549e+02,-4.270574234245992216e+02,2.395891801724753245e-01,nan,nan,3.339955357142857224e+02,8.079822006472492149e+02,4.708758143322475576e+02,9.470077648363837852e+02,4.388722697056030597e+02,8.849681872749099512e+02
-1.761752579115673598e+03,-1.390812465234843103e+03,2.286223762959246528e+02,5.107741799904342850e-01,2.320262449528936770e+02,1.387937013996889618e+03,2.320123934934159706e+02,1.083014558689717887e+03,4.720531017369726783e+02,1.178051835853131706e+03,nan,nan
-1.893329027810922526e+03,-6.847185294286596218e+02,4.321180433110947661e+01,7.632570623074400595e-01,2.809737406216505633e+02,1.136051973684210452e+03,2.230967532467532521e+02,8.040401515151514786e+02,4.729417098445595684e+02,8.669446107784431206e+02,nan,nan
-1.919089484940167040e+03,-6.821687610329057634e+02,-9.760563632504033649e+01,2.731303254600037644e-01,3.130336391437309089e+02,1.146005382131324041e+03,nan,nan,4.729620924943138789e+02,8.830381026438569734e+02,4.289841574651944143e+02,8.788920616790405802e+02
-1.881414588819070559e+03,-5.801272964156199805e+02,1.929231410483582749e+02,3.053597862950369612e-01,2.460584878744650439e+02,1.087032967032967008e+03,1.758949488689185046e+02,7.699754354622599521e+02,4.730101483216237170e+02,7.990078192875760124e+02,nan,nan
-1.811224182048712692e+03,-1.087834268626281755e+03,1.511049983148874674e+02,3.519335654242344291e-01,nan,nan,2.299322381930184918e+02,9.640519618239660531e+02,4.748697580645161338e+02,1.037950105042016730e+03,4.829912385503783412e+02,1.081022780373831665e+03
-1.886055187788054354e+03,-6.299957046985243778e+02,1.030757108107388262e+02,2.328767537585766656e-01,nan,nan,2.051394916305021638e+02,7.868795355587808444e+02,4.748837988826815604e+02,8.339782016348773368e+02,4.201436494731003677e+02,8.689436274509804434e+02
-2.099958934468738335e+03,-1.158627024986564720e+03,-1.315907098722779892e+03,3.973572762631845112e-01,5.269882044560943086e+02,1.355981969486823800e+03,nan,nan,4.759135111876075825e+02,1.170915703275529950e+03,4.999367862969004932e+02,9.760325749741468826e+02
-2.031634836941489539e+03,-1.091265166384737086e+03,-9.820026064928725873e+02,2.740466996812372380e-01,nan,nan,4.599968394437420898e+02,8.949958932238192801e+02,4.769744408945687155e+02,1.127993031358884991e+03,4.930032786885245741e+02,9.779929980903882552e+02
-1.920024851220988239e+03,-7.525310982033114442e+02,-2.203947683782019169e+02,4.401612938071388093e-01,3.430303738317757052e+02,1.177947216196673935e+03,nan,nan,4.792220266532562505e+02,9.279530355097365373e+02,4.451492358405753862e+02,9.011736899963356109e+02
-1.979134934263473951e+03,-7.565178498276641221e+02,-5.299526635031570549e+02,4.472643551403233109e-01,nan,nan,3.610716639209225605e+02,8.080085106382978211e+02,4.800632045088566997e+02,9.630822572931612058e+02,4.509953364423717517e+02,8.819723991507430583e+02
-1.824127635539641005e+03,-9.576525697484527200e+02,1.104510960796992265e+02,3.912005168381436637e-01,nan,nan,2.339490851233094588e+02,9.119717247879359547e+02,4.809307997731140176e+02,9.819625918503674029e+02,4.721710833982852478e+02,1.018958839050131928e+03
-1.824912230562026252e+03,-8.364905865633900248e+02,1.934015008662917126e+02,3.451357441041449925e-01,nan,nan,2.030071707953063935e+02,8.710291026677444961e+02,4.819447098976109487e+02,9.170023023791251262e+02,4.561231732776618060e+02,9.709371146732429452e+02
-2.068263154999025573e+03,-7.860883957094390553e+02,-9.952666942501243739e+02,2.301880691855166805e-01,nan,nan,4.469465592972181298e+02,8.010039062500000000e+02,4.829160239931447904e+02,1.016018731375053221e+03,4.618289576040451152e+02,8.659323605150215144e+02
-2.161456719309607251e+03,-9.001843622850213933e+02,-1.500275633982097588e+03,2.665638562126937949e-01,nan,nan,5.229051675184554142e+02,8.169756756756756886e+02,4.840566037735849250e+02,1.090986361156573821e+03,4.789421588594704531e+02,8.779758904109588684e+02
-1.867839547473855873e+03,-6.797058668823765402e+02,2.162478831336119711e+01,2.368350852094025794e-01,2.950273972602739718e+02,1.134994408945686928e+03,2.378972792892837447e+02,8.031203871748335814e+02,4.870403458213256727e+02,8.681281945589447560e+02,nan,nan
-1.753678680876850649e+03,-1.391541664441065450e+03,8.929094211997463049e+01,5.978238862252872599e-01,2.771282234957020023e+02,1.390993447993447944e+03,2.769380911435941357e+02,1.072044144144144184e+03,4.870557170542635390e+02,1.189094763092269432e+03,nan,nan
-1.938336075367933518e+03,-1.031269566408483342e+03,-6.287964707050072093e+02,3.076070152123214774e-01,nan,nan,4.040456591639871249e+02,8.959772117962465927e+02,4.880014897579143280e+02,1.082004518072289102e+03,4.950520508515231199e+02,9.819415427187824434e+02
-1.798598845718165876e+03,-1.289807205811456242e+03,-9.894359654836971174e+01,5.631100844747181089e-01,3.220385582564962306e+02,1.359932835820895434e+03,3.140144115292233664e+02,1.018051038062283737e+03,4.880206060606060419e+02,1.154024167210973246e+03,nan,nan
-2.100809095187057210e+03,-1.161109091865205301e+03,-1.456973532132485161e+03,4.910408659044482316e-01,5.520440356744704786e+02,1.360998818665091449e+03,nan,nan,4.880698835274542375e+02,1.178890538033395160e+03,5.109390109890109670e+02,9.660136904761905043e+02
-1.870218803084980891e+03,-5.874636956271596091e+02,5.231167148111293841e+01,4.476587097341344634e-01,2.900214143426294982e+02,1.100976372924648786e+03,2.240813341135166752e+02,7.688355555555555156e+02,4.900973837209302246e+02,8.239769033361848187e+02,nan,nan
-1.783322577083947181e+03,-1.104227474901248115e+03,1.123453635954020626e+02,3.619245248536189230e-01,nan,nan,2.510104821802935078e+02,9.680758196721311606e+02,4.909991270187691157e+02,1.050955709711846339e+03,5.011406649616368441e+02,1.082933017190278633e+03
-1.989576897015854684e+03,-1.118233450531036851e+03,-9.792236582438451933e+02,5.385657728224370056e-01,4.900157303370786508e+02,1.332947432762836115e+03,nan,nan,4.919572763684913070e+02,1.138958553127354890e+03,5.110567164179104225e+02,9.859656833232992312e+02
-1.940086100496544077e+03,-8.095223949815998594e+02,-5.220369451179191174e+02,4.866182018063425763e-01,nan,nan,3.720000000000000000e+02,8.279210925644916870e+02,4.929712538226299898e+02,9.840290344361917505e+02,4.699935022742040474e+02,9.029752475247524899e+02
-1.931583098786669098e+03,-7.189050474539914148e+02,-4.157568793305003396e+02,1.290823167174901809e-01,3.909070240922972630e+02,1.178910652920962093e+03,nan,nan,4.930576466598847105e+02,9.369104127579737451e+02,4.581122268163024387e+02,8.729339805825243275e+02
-1.863272920377307400e+03,-7.093415423979739671e+02,-6.404731070171318663e+01,9.509209863671523599e-02,3.189050131926121594e+02,1.151000000000000000e+03,2.658985507246376869e+02,8.110280811232448741e+02,nan,nan,4.539794432548179657e+02,8.920768041237113266e+02
-1.832270951051293196e+03,-6.457831565586269562e+02,1.614824261373214824e+02,5.400300423846732256e-01,2.670952743902439011e+02,1.111858832807570934e+03,2.040829268292683025e+02,7.959439528023598314e+02,4.950942355889724240e+02,8.349359211337030047e+02,nan,nan
-2.013886069738788137e+03,-1.130047760452078137e+03,-1.143168774479078593e+03,2.724865184761445236e-01,nan,nan,4.980148226574907540e+02,8.999751815980629317e+02,4.959358341559723726e+02,1.153005854800936731e+03,5.159191971178589711e+02,9.780468557336621416e+02
-2.389320926049689660e+03,-6.443720377389108478e+01,-2.221873160774776352e+03,8.232374796072053913e-01,6.009839098954142855e+02,1.104016406890894132e+03,nan,nan,4.960217283950617002e+02,8.860036877688997947e+02,4.179507575757575637e+02,5.849930348258706090e+02
-1.713260805898501530e+03,-1.372990299714199864e+03,2.168081622873729657e+02,1.426173486180752348e-01,nan,nan,2.500485792850595885e+02,1.077945558739254921e+03,4.990642587148257121e+02,1.172022199277232858e+03,5.441704668838219732e+02,1.212058038692461650e+03
-1.874332964123589591e+03,-1.075182368610316871e+03,-4.947784482459504716e+02,5.971620931825379897e-01,4.131854275741710580e+02,1.299033808769149573e+03,nan,nan,5.019298651252408376e+02,1.090837432263443134e+03,5.120104685942174001e+02,1.009895844875346256e+03
-1.731328214820078529e+03,-1.231184273657258700e+03,1.851991738792581543e+02,2.748613745872509617e-01,nan,nan,2.490675324675324589e+02,1.021945347119645476e+03,5.020853932584269614e+02,1.105981646273637352e+03,5.288855421686746467e+02,1.146000000000000000e+03
-1.759721035711991362e+03,-1.219759184406729446e+03,2.573647013097144054e+00,6.525889950635279657e-01,3.080862470862471127e+02,1.328064356435643504e+03,2.949908127208480551e+02,1.003029605263157919e+03,5.030176656151419365e+02,1.115990610328638468e+03,nan,nan
-1.948254427654526353e+03,-6.930596906749783557e+02,-5.996994901413280559e+02,2.937786377340202426e-01,nan,nan,3.859288025889967457e+02,7.860549999999999500e+02,5.039730576441102698e+02,9.470231381055675683e+02,4.669558178752108120e+02,8.508285004142502430e+02
-2.150677386568083421e+03,-1.136800688334406686e+03,-1.879370809494132118e+03,3.949330554888545453e-01,nan,nan,5.869106362311802059e+02,8.679792507204610956e+02,5.039812465526751453e+02,1.188951474201474184e+03,5.241009414225941327e+02,9.299392877991826936e+02
-2.166650046175129773e+03,-1.093629977705722467e+03,-1.936339864492545757e+03,5.135046808890381120e-01,nan,nan,5.910490331491712368e+02,8.539858055358409956e+02,5.050027155465037367e+02,1.176975895316804326e+03,5.200772727272727707e+02,9.138384575299635344e+02
-1.869102715085749423e+03,-7.004880036768302034e+02,-2.064283239181532394e+02,6.048035536205151885e-01,3.560569190600522234e+02,1.157954854669140332e+03,nan,nan,5.050857580398162554e+02,9.070424778761062043e+02,4.640329623287670984e+02,8.779743975903614910e+02
-1.846663225995861467e+03,-6.037992563651678211e+02,-3.314214616384515466e+01,2.622682006703511703e-01,nan,nan,2.579575892857142776e+02,7.731137339055793518e+02,5.069657814096016182e+02,8.450491312162971553e+02,4.522235128475888928e+02,8.459196770080748138e+02
-1.942773220143233175e+03,-6.304551333343462147e+02,-5.770750208463496165e+02,3.996967145909276486e-01,nan,nan,3.799309262166405006e+02,7.660919540229884888e+02,5.078554526748970943e+02,9.210102657004830462e+02,4.639789177793394401e+02,8.259636363636363967e+02
-1.920559362650772755e+03,-1.141505170884800691e+03,-8.681028176978668398e+02,2.923917660189574996e-01,4.840629461388708705e+02,1.334976588628762556e+03,nan,nan,5.090701149425287326e+02,1.143035131744040200e+03,5.300872689938398707e+02,1.001983050847457662e+03
-2.057051435314944683e+03,-9.388716556934739401e+02,-1.377319347786123899e+03,4.787096929732812534e-01,nan,nan,5.279993468321358705e+02,8.349992962702322075e+02,5.099769713886950626e+02,1.098984815618221319e+03,5.089703491152558854e+02,8.959701437523036702e+02
-1.825323969379496020e+03,-6.166552022982297103e+02,4.376669370991970709e+01,4.586428363196016211e-01,3.039927606177606094e+02,1.109121478873239539e+03,2.420106241699867269e+02,7.809038800705467338e+02,5.100542386500602561e+02,8.409532608695652698e+02,nan,nan
-1.839159218056228610e+03,-1.122405147578447895e+03,-4.624970965319886318e+02,1.861114910669672273e-01,4.131201353637902116e+02,1.313015022860875206e+03,nan,nan,5.110212305025996784e+02,1.109090167865707372e+03,5.279626865671641553e+02,1.030017267267267243e+03
-2.318839564004288604e+03,-4.175248933969047016e+02,-2.386232309579639605e+03,8.681249971536502130e-01,6.329709471237651996e+02,1.198919642857142890e+03,6.070618811881188321e+02,6.560136807817589215e+02,5.129675982179020366e+02,9.989582681272821674e+02,nan,nan
-1.798371758392762558e+03,-9.786731022415387997e+02,-1.474081756492143143e+02,3.110641705571096094e-01,nan,nan,3.179079283887468250e+02,9.060048262548262983e+02,5.130080428954423724e+02,1.021116411130039751e+03,5.098976327575176128e+02,1.000974545454545478e+03
-1.834933270171927688e+03,-1.080350087261292629e+03,-4.349258435306869046e+02,3.193860170231810902e-01,4.091149825783971892e+02,1.296919835560123374e+03,nan,nan,5.131231481481481751e+02,1.089978272980501288e+03,5.250296052631579187e+02,1.015997412677878401e+03
-1.873597915628300825e+03,-6.643836072064393647e+02,-3.275835760617341066e+02,4.092363414310988823e-01,3.870742240215924426e+02,1.153061098221191060e+03,nan,nan,5.150845295055821680e+02,9.079586983729661824e+02,4.720017129153819724e+02,8.540018744142455489e+02
-1.676941131450347712e+03,-1.141901967748018478e+03,4.335523020890288990e+02,3.141558454750663087e-01,2.079903354178510426e+02,1.276974999999999909e+03,1.848940397350993408e+02,1.010911550468262249e+03,5.178942669172931801e+02,1.040009179575444705e+03,nan,nan
-1.845923338476000708e+03,-5.382014825777054057e+02,-1.485046102044838960e+02,3.183494477658737609e-01,3.540966090850927799e+02,1.097871380471380462e+03,nan,nan,5.210295454545454277e+02,8.339755480607082063e+02,4.598142463597009169e+02,8.090088265835929633e+02
-2.067322577153693601e+03,-1.141227259627358535e+03,-1.737489027637810977e+03,5.091529978745631402e-01,nan,nan,5.869993523316062465e+02,8.770188067444877333e+02,5.220672703751616837e+02,1.186031864406779732e+03,5.430183776932826731e+02,9.389980132450331212e+02
-1.803215985367632584e+03,-7.406175432771841542e+02,-9.383797036855865770e+01,2.578958885254328259e-01,3.430515548281505858e+02,1.162002533783783747e+03,2.939899635036496193e+02,8.229914611005692677e+02,5.228817473567056595e+02,9.129814655172414177e+02,nan,nan
-1.803890998496670363e+03,-6.565276820339639698e+02,-3.839003466498294870e+01,7.164589555422059552e-01,3.319436241610738421e+02,1.128027287319422157e+03,2.741040911444846984e+02,7.938756157635467616e+02,5.239144430326133488e+02,8.709777904328018394e+02,nan,nan
-1.748623698731586956e+03,-6.719162759493856356e+02,2.792097133301666076e+02,5.090955271522586978e-01,2.571239388794567162e+02,1.107894833948339510e+03,1.939947609692206925e+02,8.139562043795619957e+02,5.249856459330143252e+02,8.338276283618581601e+02,nan,nan
-1.901037197619996732e+03,-5.973641384892364385e+02,-5.557415013243551130e+02,5.069566424047803332e-01,4.370701612903225737e+02,1.148017316017316034e+03,nan,nan,5.259779005524861759e+02,9.070409051348999583e+02,4.780140949554896110e+02,8.129852941176470722e+02
-1.809345546485042860e+03,-8.879627146130229676e+02,-3.400075031815323428e+02,4.213942044599606196e-01,nan,nan,3.639000819000818865e+02,8.649694736842104703e+02,5.300529832935560535e+02,1.003016184971098255e+03,5.159569757727651904e+02,9.449759615384615472e+02
-1.886013334060124407e+03,-6.564754397816116125e+02,-6.274467505490586063e+02,5.504094010363996814e-01,nan,nan,4.089013392857143003e+02,7.749597505668933763e+02,5.339847494553376919e+02,9.390514446793516754e+02,4.951503036437246692e+02,8.319767610748002653e+02
-1.669793074519595166e+03,-1.002232490573162977e+03,3.910294847326434251e+02,6.002680158921877007e-01,nan,nan,1.959787664307381192e+02,9.532396109637488735e+02,5.349877078814172364e+02,9.770779043280182350e+02,5.269562137797810237e+02,1.063942460317460245e+03
-1.672648510436224569e+03,-1.234988303232932594e+03,1.376931173488934803e+02,3.351398832136636696e-01,2.958860103626943214e+02,1.326842543077837263e+03,nan,nan,5.349942462600690760e+02,1.114855328798185838e+03,5.610253894979804272e+02,1.138921824104234474e+03
-1.742258260923443686e+03,-8.781131809781536504e+02,-6.224802381861815448e+00,4.831533071558444248e-01,nan,nan,2.910053191489361666e+02,8.790619539316918463e+02,5.359672706019871384e+02,9.650187040748163554e+02,5.170330288123682294e+02,9.679773887673230774e+02
-1.778712552949144992e+03,-6.748294540135525494e+02,-5.967342119497664044e+01,1.234537672304052425e-01,3.440178926441352019e+02,1.135980432543769211e+03,nan,nan,5.361398747390396693e+02,8.820070377479206627e+02,4.919577819785759516e+02,8.739937018894331686e+02
-1.881836616449824533e+03,-6.848543342743848825e+02,-6.705263028342070584e+02,3.211125264130949564e-01,nan,nan,4.210796938316073579e+02,7.830195203569436444e+02,5.381161785885741438e+02,9.548326337880378105e+02,5.018366898571951538e+02,8.409875249500997825e+02
-1.702201473525681422e+03,-1.000781540428087965e+03,1.004801777093766475e+02,2.502349411429433679e-01,nan,nan,2.761003861003861175e+02,9.319014693171995987e+02,5.389370494954348487e+02,1.009051252847380397e+03,5.350575139146567381e+02,1.031913533834586360e+03
-1.967336585225737736e+03,-1.016175092186390089e+03,-1.389705948991338346e+03,3.266995196913611843e-01,nan,nan,5.530246129416434542e+02,8.579262493934983240e+02,5.399552931252635517e+02,1.129923985618900815e+03,5.470551252847380965e+02,9.189804772234273287e+02
-1.792838576457857016e+03,-5.954950699386147335e+02,-1.366957296904939483e+02,6.833739533688042433e-01,3.640289495450786035e+02,1.114920164609053472e+03,nan,nan,5.400785193494110672e+02,8.580824675324674899e+02,4.879821751485404207e+02,8.338415952292210704e+02
-1.952019576764059366e+03,-1.111282488035870074e+03,-1.413232407466369978e+03,1.311697990060895214e-01,5.829951426836672681e+02,1.341995034140285497e+03,nan,nan,5.419572219426270294e+02,1.164078151739874556e+03,5.590100200400801214e+02,9.489832466782206666e+02
-1.878287299318001942e+03,-1.003229483574980918e+03,-9.820226850229250886e+02,2.402837201891064589e-01,nan,nan,4.981187238493723726e+02,8.730079462102689831e+02,5.440376458112407363e+02,1.101012353304508906e+03,5.481018022406234422e+02,9.409659340659341069e+02
-1.746167064529548497e+03,-7.719103027759151701e+02,-5.222165478151269724e+01,1.462960194874028952e-01,nan,nan,3.000773651635720398e+02,8.379588967009194675e+02,5.440465444287729042e+02,9.240181818181818016e+02,5.130664419836302841e+02,9.169264232008592899e+02
-1.687482243686681613e+03,-1.116262472842789293e+03,-2.621786433512491854e+01,4.297428330118189810e-01,nan,nan,3.209713193116634784e+02,9.661100292112950001e+02,5.470006184291898990e+02,1.074983797796500312e+03,5.600486290739783044e+02,1.067965495207667800e+03
-1.722539252425859104e+03,-1.027384989939324214e+03,-1.743481828956328457e+02,3.580020758956004578e-01,3.770681502086230807e+02,1.264971905846621212e+03,3.489981696156193038e+02,9.239857954545454959e+02,nan,nan,5.500318432333128840e+02,1.016066110397946090e+03
-1.781989004069672546e+03,-8.835976161422523774e+02,-3.849114205974347556e+02,2.649633691893433229e-01,4.189146567717996277e+02,1.226962600178094362e+03,3.838221974758723150e+02,8.619622340425531775e+02,nan,nan,5.320134813639967888e+02,9.391637478108581263e+02
-1.791416711530695466e+03,-5.811187730255574024e+02,-2.347012029614254800e+02,5.363381118072300113e-01,nan,nan,3.321645041705282893e+02,7.608988580750408346e+02,5.490900277008310013e+02,8.661020742358078905e+02,4.968962172647914599e+02,8.210022841480127909e+02
-1.670937248729491330e+03,-1.070079008764820173e+03,9.600172692359772952e+01,5.811363870569334900e-01,nan,nan,2.891042988019732434e+02,9.578652766639935408e+02,5.500475285171103224e+02,1.043022519352568679e+03,5.548880907372400770e+02,1.060986221515633360e+03
-1.959023668579366586e+03,-1.287278761427111021e+03,-1.689840898205967051e+03,4.208624108020310728e-01,nan,nan,6.069865642994242307e+02,9.210272373540856279e+02,5.500570150922302446e+02,1.235916071428571513e+03,5.830353016688061416e+02,9.849993016759776765e+02
-1.677984145530642536e+03,-9.707695905525991975e+02,1.256154125492845282e+02,3.391607806266526137e-01,nan,nan,2.750401069518716781e+02,9.229870967741935601e+02,5.510261707988980788e+02,9.939804195804196070e+02,5.429531615925058077e+02,1.020034501947690615e+03
-1.757004783964237504e+03,-6.390647350906357360e+02,-1.018772109577737410e+02,3.184041450008966434e-01,3.629086792452829968e+02,1.125969378827646551e+03,nan,nan,5.518773946360153104e+02,8.740360576923077360e+02,5.039218252564556337e+02,8.539729473184622748e+02
-1.682405629167737061e+03,-8.469887067013100932e+02,1.929356051396138128e+02,3.612942030555962858e-01,2.950263653483992243e+02,1.176899151743638186e+03,2.488467278989666909e+02,8.800225056264066552e+02,5.520979057591623587e+02,9.289796798029556157e+02,nan,nan
-1.719337685926647055e+03,-6.735876702844284409e+02,9.341834303395337713e+01,4.990531510558562922e-01,3.190403846153845961e+02,1.122000000000000000e+03,2.621950231481481524e+02,8.070270848182466352e+02,5.531634359559102450e+02,8.640711154408182892e+02,nan,nan
-1.662960499616873221e+03,-8.893334657580810472e+02,2.665646133701507665e+02,6.683944001365295373e-02,nan,nan,2.339756803705848256e+02,9.009486426999266087e+02,5.540397295012679706e+02,9.399642082429501215e+02,5.340214508580343136e+02,9.968608576642335493e+02
-1.746142515282279192e+03,-1.098894313214476597e+03,-4.876923892918050001e+02,5.009226381945121043e-01,4.470290166577108835e+02,1.303030284301607026e+03,4.249503865979381203e+02,9.310475297060662569e+02,5.550566037735849250e+02,1.105056939501779425e+03,nan,nan
-1.672623815640402881e+03,-1.081912673237111903e+03,-6.275358332452089627e+00,9.349066050583393350e-02,nan,nan,3.190894071914480037e+02,9.559819532908704787e+02,5.550855222968845055e+02,1.057996749024707469e+03,5.630558272208638755e+02,1.054829348335677423e+03
-1.723450868733643802e+03,-6.093870059229103617e+02,8.147890222514720904e+01,5.775154472586209176e-01,3.251098726114649935e+02,1.100090434782608781e+03,2.619282250242483201e+02,7.829582919563058567e+02,5.559747109826589622e+02,8.370136436597110787e+02,nan,nan
-1.783107214542702650e+03,-1.112829099973082521e+03,-7.729211595179339156e+02,5.398226829938705951e-01,nan,nan,4.810117077109406409e+02,9.179776391055642080e+02,5.600580110497237456e+02,1.130955156950672745e+03,5.760021303792075287e+02,9.960047796070100503e+02
-1.693291726509998625e+03,-8.746855434800686453e+02,-3.662469870732240906e+01,1.235455720137740993e-01,nan,nan,3.150159944367176763e+02,8.779551181102361852e+02,5.609483224064789511e+02,9.690494716618635493e+02,5.431928443649374003e+02,9.619915094339622783e+02
-1.894244411486918580e+03,-1.367456818152843425e+03,-1.568206545482123147e+03,8.867508534239746387e-01,6.189717223650385449e+02,1.418961956521739239e+03,nan,nan,5.610860962566845274e+02,1.260978221415608004e+03,6.010108238123872297e+02,1.018030437539632203e+03
-1.793475169049631631e+03,-9.950396601534291676e+02,-7.594340709963105382e+02,1.499385200220931802e-01,nan,nan,4.729881109643329182e+02,8.820015698587127417e+02,5.619436964504284333e+02,1.084003567181926201e+03,5.640414993306559381e+02,9.529920819748485883e+02
-1.752064211725380574e+03,-4.659067917747848355e+02,-6.302876401661284689e+01,5.580596048826952371e-01,3.619181884587289915e+02,1.063922249793217588e+03,2.909815770081061146e+02,7.228560431100846699e+02,5.629677093844601359e+02,7.969381443298968861e+02,nan,nan
-1.945856502496201074e+03,-1.031938898100276219e+03,-1.615962880061777696e+03,4.608249174336282450e-01,nan,nan,5.960416418798333780e+02,8.540284789644013017e+02,5.629894146948940943e+02,1.148979633401221918e+03,5.711815727303409176e+02,9.089779874213836592e+02
-1.744354494676990498e+03,-8.389804157612628615e+02,-3.525083394443222460e+02,3.380448694491455797e-01,nan,nan,3.849557522123893705e+02,8.490103270223752361e+02,5.630515207945375096e+02,9.869914304548450446e+02,5.430685103708359520e+02,9.219696561024949233e+02
-1.708480052661333957e+03,-6.664806496269884519e+02,1.696813677432685452e+01,3.349612051519890721e-01,3.440496170496170407e+02,1.124975702715578791e+03,2.882198852772466466e+02,8.019128559102674672e+02,5.641652421652421481e+02,8.720027643400138686e+02,nan,nan
-1.630814550719069302e+03,-1.044843305754465518e+03,1.850224253951040225e+02,3.118695089116367281e-01,nan,nan,2.749205955334987834e+02,9.569677419354839003e+02,5.650515399120050688e+02,1.022987383798140741e+03,5.659606194690265966e+02,1.058042184964845774e+03
-1.755081303384629109e+03,-6.075138019694917375e+02,-2.609987093570717889e+02,8.225731458878575708e-01,4.059193415637860198e+02,1.125006118881118937e+03,3.511460933888118348e+02,7.707631578947368780e+02,5.660533204071740556e+02,8.829657534246575779e+02,nan,nan
-1.770857241791952674e+03,-5.991685787047561007e+02,-3.541148501494209881e+02,3.963619934518105570e-01,nan,nan,3.709674540682414658e+02,7.649974826935178953e+02,5.669074823053589398e+02,8.901396247240618322e+02,5.170742857142856792e+02,8.209705329153605362e+02
-1.588713233318230323e+03,-1.247538848185745110e+03,2.580240234337607603e+02,3.796256300966536767e-01,nan,nan,2.730508474576271283e+02,1.039965641952983788e+03,5.680170648464163605e+02,1.113021598272138135e+03,5.940062353858145343e+02,1.157037007874015671e+03
-1.945473324202183221e+03,-7.625142030335429126e+02,-1.522379338987867186e+03,4.683696007046247445e-01,6.090617219917012335e+02,1.246999423963133722e+03,5.780231243576566840e+02,7.819387868670005446e+02,nan,nan,5.520076335877862448e+02,8.250187764990914729e+02
-1.624887660084417348e+03,-1.003934891098641060e+03,2.102503037283228764e+02,5.291932690466277789e-01,3.010033670033669750e+02,1.232967084639498353e+03,2.670586666666666815e+02,9.430080256821829607e+02,5.689820655534941807e+02,1.001972648432288224e+03,nan,nan
-1.642033728984305753e+03,-9.813789292320585673e+02,8.234361416266452238e+01,5.215587345827135124e-01,nan,nan,2.998815187557182185e+02,9.260048750761731071e+02,5.710107284020327825e+02,1.005036571428571392e+03,5.639316546762589724e+02,1.018922591743119256e+03
-1.741168428907109501e+03,-7.286491400749862350e+02,-3.756389406570025926e+02,3.053896717530839022e-01,4.340017431725740948e+02,1.173918367346938794e+03,nan,nan,5.729237866024869845e+02,9.448948126801152512e+02,5.400569554711770479e+02,8.740568421052631720e+02
-1.769495422694143599e+03,-6.341793957532141803e+02,-4.755706492138820067e+02,7.810740123544342994e-01,4.529665038381018576e+02,1.148986593059936922e+03,nan,nan,5.730030395136777770e+02,9.190365373805508398e+02,5.310131406044678215e+02,8.289937282229965376e+02
-1.668453213377171551e+03,-5.802673851859615297e+02,2.262912794751414651e+02,3.103322095187533436e-01,3.010711150131694467e+02,1.075993143976493684e+03,2.341039523551705486e+02,7.769972918077183976e+02,5.749865293185420114e+02,8.060112269446672144e+02,nan,nan
-1.591620545628102718e+03,-1.288237875471046209e+03,7.520932849918270335e+01,8.929304485679855352e-01,3.380686475409835907e+02,1.348000602046959557e+03,3.260489381348107258e+02,1.039007135575942812e+03,5.759483793517406411e+02,1.148975796178343899e+03,nan,nan
-1.668363308176464216e+03,-1.173286307119270305e+03,-4.237469590298713342e+02,5.231254175491750757e-01,nan,nan,4.330473658772353929e+02,9.609771771771771682e+02,5.799165291982843655e+02,1.134149119373777012e+03,6.019057591623036387e+02,1.047798025134649833e+03
-1.588402630802514523e+03,-1.054524321089854539e+03,2.198598254899004871e+02,1.353361476675798702e-01,3.069127478753541141e+02,1.251124348958333258e+03,2.781145135566188173e+02,9.639164619164619126e+02,nan,nan,5.849004854368931774e+02,1.065011379800853547e+03
-1.680786978726962616e+03,-6.337007950356979791e+02,-4.327457422596192060e+01,4.534319798593233752e-01,3.698425925925926094e+02,1.116988175675675620e+03,nan,nan,5.831831852358168362e+02,8.679824046920821274e+02,5.351037832310838667e+02,8.529748538011696155e+02
-1.730371008618071528e+03,-8.649244227169438091e+02,-6.044434886990522955e+02,2.667398585605918471e-01,nan,nan,4.520723382577687062e+02,8.478821138211382049e+02,5.849988857938718638e+02,1.022991017964071830e+03,5.709771739130434298e+02,9.129592439456586135e+02
-1.594772138462916246e+03,-1.019804840306782921e+03,1.598811885937358284e+02,2.756054898719422219e-01,nan,nan,2.931308219178081913e+02,9.470184000000000424e+02,5.859536461277557464e+02,1.016009202453987768e+03,5.839933628318584624e+02,1.042501535026514148e+03
-1.694608928400529976e+03,-7.345066862523507325e+02,-2.709274157291173992e+02,3.757210113069320290e-01,nan,nan,3.750436187399030814e+02,8.169473684210526017e+02,5.860198863636363740e+02,9.380484891075193445e+02,5.528092243186582664e+02,8.820945689327762693e+02
-1.610425656689309562e+03,-9.991088473806393040e+02,1.035171560152230263e+01,1.548646831822211578e-01,3.620205761316872213e+02,1.242040333796940104e+03,3.310164609053497884e+02,9.290367688022283801e+02,nan,nan,5.860262541022034384e+02,1.018011229946524054e+03
-1.634502066997666361e+03,-7.806115129194084830e+02,5.699748567162383495e+01,3.020009462107098863e-01,nan,nan,3.029921534437663695e+02,8.489198542805099805e+02,5.889138505473583791e+02,9.199988193624557198e+02,5.580544839255499028e+02,9.260349449497367686e+02
-1.589465632877461758e+03,-1.063620456378682320e+03,1.062968278751974793e+02,2.116874250159161142e-01,nan,nan,3.120411522633744994e+02,9.599042457091237566e+02,5.890092325447201347e+02,1.041996815286624269e+03,5.930080952380952795e+02,1.056018771331058133e+03
-1.673930788112009395e+03,-1.001341168563360384e+03,-4.458943255292991807e+02,2.083552108473115394e-01,nan,nan,4.329590942293644957e+02,9.020166527893421744e+02,5.899508738781294142e+02,1.065027457440966600e+03,5.909127459366980020e+02,9.779519650655022360e+02
-1.684017935125451231e+03,-5.721335735593914933e+02,-1.353669328327013659e+02,7.454661128759877409e-01,3.960391782130912475e+02,1.103116319444444343e+03,nan,nan,5.909815699658703352e+02,8.540161054172767763e+02,5.380204759269507804e+02,8.199773700305810280e+02
-1.667559219912460094e+03,-6.478693932858739117e+02,-1.087726691068076832e+02,5.414751232264894965e-01,3.909961868446139306e+02,1.125942190669371257e+03,nan,nan,5.919231078904991818e+02,8.829176910742918380e+02,5.480138089758343085e+02,8.550037688442210992e+02
-1.744248386853423881e+03,-1.240043204936683878e+03,-1.111755595201427695e+03,5.157482310607109932e-01,nan,nan,5.630526315789473983e+02,9.419727403156384753e+02,5.919825730394669563e+02,1.199917493472584965e+03,6.210010504201680988e+02,1.009983744732089121e+03
-1.736330375575546441e+03,-6.220534970708847595e+02,-5.430048019264179402e+02,3.127945104070269933e-01,nan,nan,4.299791216702663519e+02,7.690043290043289517e+02,5.929291293028637710e+02,9.229413254537779494e+02,5.499544615384614872e+02,8.189771658831430159e+02
-1.624646892114177263e+03,-6.035329766081268872e+02,2.426504434755480872e+02,5.472888617714566362e-01,3.089258391881342618e+02,1.081804381846635351e+03,2.441279999999999859e+02,7.879942763695829626e+02,5.938752427184466569e+02,8.159588785046729527e+02,nan,nan
-1.607923111248222540e+03,-6.585060589116203573e+02,3.137078052251875988e+02,2.647112786875968626e-01,2.909570765661252949e+02,1.094971948445792350e+03,nan,nan,5.938819530284301891e+02,8.310036231884057543e+02,5.440809214412286110e+02,8.889666036546943815e+02
-1.676791060086163043e+03,-4.644155894705934315e+02,-2.624727989693854013e+01,2.934004986808310123e-01,3.740788022064617735e+02,1.056975806451612925e+03,3.039894801980198054e+02,7.249863505747126737e+02,5.950448296473400660e+02,7.950000000000000000e+02,nan,nan
-1.625438378596778193e+03,-8.600742286875885156e+02,-7.324719396896567503e+01,2.881494653894171587e-01,nan,nan,3.460941682600382592e+02,8.730218160377359027e+02,5.959659549913444607e+02,9.699485199485199018e+02,5.770647917408330159e+02,9.500336920917173984e+02
-1.699169099338818796e+03,-3.994093010077925783e+02,-1.353161894438025854e+02,1.545470360031016288e-01,3.981109387121799728e+02,1.044955857385398986e+03,3.268921071687183257e+02,6.980195080576760347e+02,5.960796019900496958e+02,7.839990732159407116e+02,nan,nan
-1.728908702401761047e+03,-9.248423284869991221e+02,-8.152548404005315206e+02,5.771932620553480442e-01,nan,nan,5.010226325193567618e+02,8.590956268221574419e+02,5.969957524271844704e+02,1.064996753246753315e+03,5.900785454545454058e+02,9.199695799130854539e+02
-1.712700620134889959e+03,-4.130038175881737743e+02,-2.721993206664602098e+02,1.049912372154533147e+00,nan,nan,3.610622617534942833e+02,7.000504451038575553e+02,5.970859154929577244e+02,8.089044862518089758e+02,5.270319786808794333e+02,7.429831342234715521e+02
-1.671530215136261177e+03,-8.740903802830807763e+02,-4.355648623040448797e+02,2.584052143635983678e-01,nan,nan,4.280031289111389015e+02,8.599912280701754526e+02,5.978885744605588570e+02,1.012877408774087712e+03,5.841889788293898391e+02,9.270195541650371069e+02
-1.658822738615618164e+03,-6.568656589952151990e+02,-1.403410370345892204e+02,5.412490908486967678e-01,4.008914454277286268e+02,1.131066368857689895e+03,3.490803449841125712e+02,7.949796367638965648e+02,5.979522353840275173e+02,8.909744408945687155e+02,nan,nan
-1.617910966352206742e+03,-1.242863012066528881e+03,-4.447794285001810977e+02,3.701286310404916513e-01,4.680621621621621671e+02,1.349021582733812920e+03,nan,nan,5.999606879606880057e+02,1.166015699658703170e+03,6.279269823160296937e+02,1.070961047254150799e+03
-1.661977711326284862e+03,-5.230329282416689693e+02,-5.638321626502897033e+01,3.846468911778517796e-01,3.839810281517748081e+02,1.079140825998645823e+03,nan,nan,5.999992576095025925e+02,8.239523809523809632e+02,5.381262028127313215e+02,8.020961705831157360e+02
-1.829345156697111179e+03,-5.481582722764349000e+02,-1.142390867910518182e+03,4.831271747577707831e-01,5.770104821802934794e+02,1.164962417096536456e+03,5.360218281036834469e+02,7.299161636485580402e+02,6.000012944983818670e+02,9.559985964912281133e+02,nan,nan
-1.628378286153892304e+03,-6.614088879680028867e+02,3.782136303557000900e+01,3.898216160838996469e-01,3.629267605633802987e+02,1.119014331210191131e+03,3.069331963001027930e+02,8.029426433915211874e+02,6.008722195929957479e+02,8.710101431980906455e+02,nan,nan
-1.579825646866540183e+03,-1.012123696363503427e+03,3.965886349657839816e+01,3.587297730943102003e-01,nan,nan,3.329730171708912394e+02,9.369320214669052120e+02,6.010038143674507864e+02,1.025972041612483736e+03,5.990753720595295135e+02,1.025858464384828949e+03
-1.640857433105506971e+03,-7.487733645584016813e+02,-1.391257774000350764e+02,7.827753638419471249e-01,4.031999149298171119e+02,1.162094879518072275e+03,nan,nan,6.011120836372477925e+02,9.299796371714179486e+02,5.672244519913554086e+02,8.970382244143033859e+02
-1.617138520173738243e+03,-1.193012875797890047e+03,-4.268356219064444872e+02,4.383061803633034326e-01,4.660257695060844867e+02,1.331070452911574421e+03,4.489103554868624428e+02,9.690231729055258256e+02,6.020372040586245248e+02,1.144023036030714820e+03,nan,nan
-1.571311213632410499e+03,-1.206674208279572895e+03,-1.453511128747100258e+02,4.592740354873688369e-01,4.079350000000000023e+02,1.324060526315789502e+03,3.919189985272459467e+02,9.949983922829582070e+02,6.039379579872984323e+02,1.129949720670391116e+03,nan,nan
-1.672061696098879111e+03,-5.158774172326321832e+02,-2.035915026114091120e+02,4.239411135870614911e-01,4.190448569218870603e+02,1.087969773299748113e+03,nan,nan,6.049694606887588861e+02,8.419895366218236177e+02,5.450468303826385181e+02,7.910106649937264365e+02
-1.553022489254749189e+03,-9.569178795709076439e+02,2.646024585165164922e+02,4.565322531868409861e-01,nan,nan,2.730464716006884487e+02,9.309153187440532520e+02,6.050364173228346090e+02,9.769448818897637921e+02,5.927699438202247393e+02,1.024074900972272189e+03
-1.789076553745117053e+03,-1.097424053278028623e+03,-1.495455909614470329e+03,3.564740796858641425e-01,6.380281862745098351e+02,1.337001221001220983e+03,nan,nan,6.070895140664961218e+02,1.169041193181818244e+03,6.219902467010900864e+02,9.339746909947027689e+02
-1.655522494184094512e+03,-5.955987848052805020e+02,-2.118129030752805875e+02,5.054126948490663684e-01,4.220659246575342536e+02,1.115051573426573441e+03,3.679148936170212778e+02,7.699807792207792545e+02,6.080115020297699857e+02,8.760889202540578253e+02,nan,nan
-1.565636248711495455e+03,-1.194257961841929045e+03,-2.093123578947790691e+02,5.906183514441630811e-01,4.269662598707824941e+02,1.321951237809452323e+03,nan,nan,6.119863977485928217e+02,1.129965425531914889e+03,6.319855072463767556e+02,1.076011732229123481e+03
-1.563805250586111470e+03,-1.070139873261384082e+03,-8.704691929334568101e+01,5.905019665113023786e-01,3.999464788732394140e+02,1.272017490494296680e+03,nan,nan,6.121033984092551918e+02,1.064991428571428514e+03,6.191069376933274953e+02,1.036928717948718031e+03
-1.546024655617123017e+03,-8.106216941469792800e+02,2.495001419900576991e+02,6.777158304412771450e-01,3.230698630136986367e+02,1.154017241379310235e+03,2.750737116764514099e+02,8.739571209800918723e+02,6.179403192227620139e+02,9.120231716147718544e+02,nan,nan
-1.517740022923587730e+03,-1.138537615204199710e+03,1.347880400114190138e+02,4.071756364548896889e-01,3.499551706571573959e+02,1.285881932021466810e+03,3.290352564102564088e+02,9.918580392156862899e+02,6.179845281072717853e+02,1.076985151342090148e+03,nan,nan
-1.633192200389377376e+03,-7.206494401748540213e+02,-3.472320419649589667e+02,3.606562882871650610e-01,nan,nan,4.130534808667588891e+02,8.111006944444444571e+02,6.181135940409683371e+02,9.439255319148936678e+02,5.860918141592920847e+02,8.689543568464730470e+02
-1.619396860434011842e+03,-7.155016421122670636e+02,-2.249011735009245285e+02,5.017699511985738159e-01,4.321190211345939929e+02,1.155931056293485199e+03,nan,nan,6.181138838475499142e+02,9.279460511679643560e+02,5.819313164349958925e+02,8.750083769633507700e+02
-1.684132607183031269e+03,-8.590103580668826453e+02,-8.427798127909488812e+02,5.971326044786029463e-01,5.500189174986862781e+02,1.239085861476817399e+03,nan,nan,6.190122199592667585e+02,1.044049295774647817e+03,6.079341987466427781e+02,8.919698438341411020e+02
-1.561274595131382512e+03,-1.456155314650463197e+03,-5.428335448277534852e+02,7.397473005414664238e-01,nan,nan,4.979820948970456698e+02,1.048980627306273163e+03,6.190299999999999727e+02,1.263039903264812665e+03,6.679632159747766309e+02,1.138971040189125233e+03
-1.734032981807853048e+03,-6.083195805175215582e+02,-9.379887459701020589e+02,4.577323588638512741e-01,5.619192263936291738e+02,1.168955775577557688e+03,nan,nan,6.199472656250000000e+02,9.608575920934410988e+02,5.812149640287769898e+02,7.929817749603803350e+02
-1.583651193294107543e+03,-1.162541970816450657e+03,-4.877396553834324777e+02,5.147568904888398800e-01,4.908793565683645852e+02,1.321998677248677268e+03,nan,nan,6.220931211979410591e+02,1.137035393555203427e+03,6.410852751611304257e+02,1.033961845102505777e+03
-1.652917847391624491e+03,-1.034073766494422898e+03,-8.489349360959088244e+02,1.884702550840304802e-01,nan,nan,5.311020771513352656e+02,8.939216049382715710e+02,6.228963612735542483e+02,1.111040052242054799e+03,6.288637019924921105e+02,9.559675963904840046e+02
-1.607951686328220148e+03,-5.149630109158549658e+02,-1.095575260074117097e+01,5.652170332659076646e-01,nan,nan,3.228724890829694232e+02,7.460189291508924043e+02,6.229619109102646917e+02,8.179882525697503297e+02,5.599392624728850478e+02,7.990145278450363548e+02
-1.557678528584700189e+03,-6.182032613417735547e+02,2.698090061241240392e+02,5.152488397405032838e-01,3.219811557788944469e+02,1.082116531165311699e+03,2.579864590385917609e+02,7.971084086170951650e+02,6.239832134292565797e+02,8.219950738916255659e+02,nan,nan
-1.546170619627938549e+03,-1.289995215148139550e+03,-3.700585229449337135e+02,5.867929283374279104e-01,4.700275510204081684e+02,1.361969834945930643e+03,4.579303928325292645e+02,1.007933927245731297e+03,6.240498687664041881e+02,1.183043118724158376e+03,nan,nan
-1.613942717114125571e+03,-1.117463530348121367e+03,-7.664201543760869981e+02,4.977538253920775202e-01,nan,nan,5.260579088471849900e+02,9.260489721886335701e+02,6.290661667401852810e+02,1.137986822098327366e+03,6.430596440596440289e+02,9.920857289527721150e+02
-1.629649289665195056e+03,-1.154873253860185514e+03,-9.441549809809614544e+02,2.136297206455738396e-01,5.779942307692307395e+02,1.335001343183344488e+03,nan,nan,6.309432416617904664e+02,1.162972132209980600e+03,6.500983606557376788e+02,9.911504518872940253e+02
-1.652493154347353538e+03,-5.932265815087005194e+02,-5.791759008815815832e+02,6.759944214885543756e-01,5.100506245890861123e+02,1.140119341563786065e+03,nan,nan,6.311376064545047484e+02,9.199737283398546879e+02,5.880196451204055847e+02,8.029694408322496884e+02
-1.510082847519975985e+03,-9.249072767631696479e+02,1.340635747727137641e+02,9.515241612435777763e-02,3.619952324195471078e+02,1.203979476291578294e+03,3.250118193330519034e+02,9.119748931623931867e+02,nan,nan,6.210199999999999818e+02,9.939256198347106874e+02
-1.535572954465725616e+03,-1.266426222679750026e+03,-4.025032344181394137e+02,3.891926599681079235e-01,4.810254129606099127e+02,1.353974126778784012e+03,4.690067924528302115e+02,9.979409888357256477e+02,6.320848886213124160e+02,1.175983761840324860e+03,nan,nan
-1.508523151098800327e+03,-1.014699864893135327e+03,5.536893846099722083e+01,2.937748745049795218e-01,nan,nan,3.509516235917826634e+02,9.410440060698027764e+02,6.339371754932502654e+02,1.028917576419213901e+03,6.320032383419688813e+02,1.025983572895277121e+03
-1.513728501430192637e+03,-8.658255183473074794e+02,1.903176718078415490e+02,5.506693208178706778e-01,nan,nan,3.049889455782312666e+02,8.929595216191352165e+02,6.340733290071382271e+02,9.469979064898814158e+02,6.119879448909299526e+02,9.720148606811145555e+02
-1.561859824012833315e+03,-7.161024224360548942e+02,-6.412480721073859513e+01,1.144098011621289962e-01,4.080345381526104234e+02,1.143040209790209701e+03,3.590188524590163865e+02,8.219589827727645570e+02,6.340835455934793572e+02,9.110141975308641804e+02,nan,nan
-1.565235345427430730e+03,-6.150087185866018444e+02,-2.800540078243601627e+01,5.032936064750047622e-01,4.019898770788141746e+02,1.105004215851602112e+03,3.440753911806543215e+02,7.848882265275707368e+02,6.369310954063604413e+02,8.640112285336856530e+02,nan,nan
-1.599346966964214971e+03,-1.345630094281672427e+03,-1.016899709192218893e+03,1.144922394599315441e+00,nan,nan,5.840074324324324380e+02,9.809632034632035129e+02,6.380029429075926828e+02,1.240001201923076906e+03,6.739511957052220623e+02,1.050981012658227883e+03
-1.640435951043028808e+03,-7.467457183321760112e+02,-8.168791458299822352e+02,3.784558239431085602e-01,nan,nan,5.221031953902567011e+02,8.039829890643985664e+02,6.420977215189873277e+02,1.002907809110629046e+03,6.170896199659671311e+02,8.499541120381406927e+02
-1.497410331601047119e+03,-1.282381913531170994e+03,-2.851844011867975723e+02,3.968033068640977046e-01,4.639725545390570005e+02,1.355043097151205302e+03,4.510356839422260009e+02,1.012947037701974864e+03,nan,nan,6.719556709265175414e+02,1.099932921027592784e+03
-1.528830146680853659e+03,-4.601205690345747712e+02,3.524123650074836291e+02,2.299544741382117952e-01,3.139568965517241281e+02,1.014063529411764762e+03,2.360980036297640652e+02,7.358953405017921341e+02,6.439978835978836287e+02,7.409916405433647242e+02,nan,nan
-1.614363763585357219e+03,-9.685216017583636585e+02,-8.795538459097630266e+02,6.618814745785215337e-01,nan,nan,5.470054000981835998e+02,8.739379968203497810e+02,6.440340557275542324e+02,1.090040152963671062e+03,6.420914253265190155e+02,9.279798099762469974e+02
-1.428620943590660318e+03,-1.370901472538417238e+03,1.854012633392173370e+02,4.831745839539271503e-01,3.550051282051281873e+02,1.372971603990790527e+03,3.500490463215259069e+02,1.086945231350330459e+03,6.449469825155103990e+02,1.185014751075599179e+03,nan,nan
-1.550350211212474733e+03,-9.399214026056565672e+02,-4.081980996381394107e+02,2.243082687439832412e-01,nan,nan,4.580515184381778795e+02,8.869657072872014396e+02,6.450918742343814074e+02,1.042014896684286441e+03,6.380415224913494967e+02,9.520380750925436359e+02
-1.565153624436426753e+03,-7.701462178935631755e+02,-3.572810479404677153e+02,2.618701054317107979e-01,nan,nan,4.371221374045801440e+02,8.299136649514008468e+02,6.460317775571003267e+02,9.679718681318681774e+02,6.188706624605678144e+02,8.870115635997989330e+02
-1.416407493988805527e+03,-1.324876099829085206e+03,3.665428761128960673e+02,8.041837471721849928e-01,nan,nan,2.989453280318091402e+02,1.086985309548793339e+03,6.469730659025788100e+02,1.148981751824817593e+03,6.749924937447873390e+02,1.198930762489044810e+03
-1.569419557768094364e+03,-7.421198781338400750e+02,-3.630268009420911426e+02,3.202150112438568175e-01,4.789354838709677438e+02,1.171986938349007232e+03,4.370705458290422030e+02,8.198436819172113701e+02,nan,nan,6.161835675015271363e+02,8.749549147034930456e+02
-1.514298368461620157e+03,-1.203546255826033757e+03,-4.670961030465146564e+02,6.078736846103041103e-01,nan,nan,4.890231629392971513e+02,9.739722689075630342e+02,6.490249554367201199e+02,1.154979948253557495e+03,6.701678798908097860e+02,1.049979733333333343e+03
-1.499513388239304959e+03,-1.122639340078171017e+03,-2.753540105727558398e+02,4.066166318184440409e-01,nan,nan,4.449835766423357768e+02,9.589704959196484424e+02,6.490442359249329911e+02,1.107145319049836871e+03,6.621436325678496360e+02,1.037029311187103076e+03
-1.482573214601094605e+03,-1.242588304441258970e+03,-2.613619534994500100e+02,8.646688602977304905e-01,4.639688888888888982e+02,1.338969055374592926e+03,nan,nan,6.498947368421053170e+02,1.158016216216216208e+03,6.739698832206514680e+02,1.086953459119496756e+03
-1.582681584454168615e+03,-9.506861027517735465e+02,-7.671639796177781818e+02,4.287721500071232650e-01,5.590383463151588330e+02,1.262029841656516510e+03,5.320230855855855907e+02,8.729767295597483781e+02,6.509604694255713184e+02,1.075988227599738366e+03,nan,nan
-1.418239769389020694e+03,-1.385671277037106847e+03,1.587675508571753369e+02,5.656256973193360960e-01,3.651292929292929443e+02,1.380011398176291777e+03,3.610252173913043521e+02,1.089066964285714221e+03,6.510081112398609093e+02,1.195003708281829404e+03,nan,nan
-1.537332116385590098e+03,-1.034278676430559472e+03,-5.067813684307147355e+02,4.459668969156957430e-01,5.129453253143794882e+02,1.276951999999999998e+03,nan,nan,6.511290751829674264e+02,1.088966681474900042e+03,6.540466501240695152e+02,9.809791666666666288e+02
-1.601114200006202736e+03,-7.430924130877285734e+02,-7.311482382469420145e+02,3.872144778093004613e-01,nan,nan,5.149581022797289052e+02,8.069549731182795540e+02,6.529486143187067455e+02,9.940375796178343535e+02,6.270363972856262080e+02,8.529794344473007186e+02
-1.582653500829881978e+03,-6.128846816810720384e+02,-4.904440505731317330e+02,3.082941460201452100e-01,nan,nan,4.610313111545988249e+02,7.699831625183015831e+02,6.549809488233096317e+02,9.210348583877995452e+02,6.119496141625056680e+02,8.140202597402596894e+02
-1.620424495148377673e+03,-7.525940836839458825e+02,-9.178032398534829781e+02,4.641367584060717699e-01,nan,nan,5.490445937690898290e+02,8.029594333547971701e+02,6.550278907611854038e+02,1.015019551466359985e+03,6.321850636027903647e+02,8.459796727813584312e+02
-1.462468043968949814e+03,-1.282625278939086456e+03,-2.735404692144402361e+02,5.250254664526478043e-01,nan,nan,4.590691489361702224e+02,1.015040883074407247e+03,6.560969793322734631e+02,1.177029776674937921e+03,6.870941240478781538e+02,1.100019549763033183e+03
-1.509627623261220606e+03,-8.081432786790707041e+02,-1.206901698046229399e+02,4.820351381601184482e-01,4.351268927922471335e+02,1.177992577319587554e+03,3.929141184124918595e+02,8.549824159021407013e+02,nan,nan,6.310753114382786180e+02,9.189450354609929263e+02
-1.544572693295648605e+03,-6.545894802910853514e+02,-4.405988184199393345e+02,3.814072872818105586e-01,nan,nan,4.610901120311738737e+02,7.869852158486103235e+02,6.661482084690553620e+02,9.330010427528675336e+02,6.271092150170647983e+02,8.329916054564532715e+02
-1.510263989573860044e+03,-1.152979140928235438e+03,-7.259031385037219479e+02,3.359585009433311842e-01,5.659831880448318771e+02,1.323971917808219132e+03,nan,nan,6.669407985314364851e+02,1.152926530612244960e+03,6.840093896713615322e+02,1.005998027613412205e+03
-1.384367171633441330e+03,-1.376127496808049955e+03,1.730610604018835090e+02,6.958432753681562666e-01,nan,nan,3.679463203463203627e+02,1.089950617283950578e+03,6.669564968517458965e+02,1.190016343825665899e+03,7.040482822655524160e+02,1.192098999999999933e+03
-1.579802585471376005e+03,-1.006380629015380350e+03,-1.131865274918170144e+03,3.271277474802207208e-01,nan,nan,6.060403916768665340e+02,8.749926715522984750e+02,6.689137480397281479e+02,1.122992998833138927e+03,6.719312581063553580e+02,9.229314516129031745e+02
-1.437058336394570460e+03,-9.834292035051648782e+02,7.521908870862763763e+01,6.980996089251713110e-01,3.989985805535840768e+02,1.228096611391492388e+03,nan,nan,6.689897330595482572e+02,1.015973747016706398e+03,6.629725969645868418e+02,1.011000000000000000e+03
-1.503871341557364531e+03,-7.289591005466145361e+02,-3.576587501140745076e+02,3.179061515516926062e-01,4.970387267904509372e+02,1.165094773118897137e+03,4.550488807674737473e+02,8.169565217391303804e+02,nan,nan,6.439502294387574466e+02,8.679977866312527794e+02
-1.509278257340339678e+03,-4.869529498710317057e+02,-1.019272533889868555e+02,5.260222605649138572e-01,nan,nan,3.791154107264086974e+02,7.359962063732929209e+02,6.740332840236686707e+02,8.249693396226415416e+02,6.120158823529411620e+02,7.779551960174237593e+02
-1.484674708970881966e+03,-1.051546192551785452e+03,-5.675725160483394802e+02,3.327213696412855692e-01,5.410039113428944120e+02,1.284019582245430911e+03,nan,nan,6.750296127562642141e+02,1.102993188854489063e+03,6.810448851774530112e+02,9.801225670699632246e+02
-1.594930831274075672e+03,-6.766534204952520213e+02,-1.041483611900483538e+03,3.116806305291314749e-01,nan,nan,5.799353333333333467e+02,7.770240282685512057e+02,6.750651340996168983e+02,9.999926595143986106e+02,6.459378837125316295e+02,8.102110190853438780e+02
-1.493627760448619483e+03,-9.584479432495430729e+02,-5.598606798531967570e+02,4.614734219707504193e-01,nan,nan,5.110720311486048217e+02,8.869784366576819821e+02,6.759970966403981265e+02,1.064977464788732505e+03,6.721214864221058178e+02,9.459321862348177774e+02
-1.489962127662369312e+03,-6.926374095828545023e+02,-2.706262761117889113e+02,4.087321591623514494e-01,4.820906654756587955e+02,1.147015457788347248e+03,nan,nan,6.780877443967572162e+02,9.300167824074073906e+02,6.431814332247556649e+02,8.579711703958691942e+02
-1.512723958716514971e+03,-1.072175926533247548e+03,-9.224603732135942664e+02,3.358472606620492296e-01,nan,nan,5.849852591535901638e+02,9.060184581976112668e+02,6.800181518151815681e+02,1.135032004830917913e+03,6.899119791666666970e+02,9.600094618568894020e+02
-1.698474464322768199e+03,-9.816200312303913051e+02,-2.462040753186833626e+03,4.546875326558124653e-01,nan,nan,7.640311958405545738e+02,8.149758015728978080e+02,6.820889021479713392e+02,1.178966035271064584e+03,6.870975735673722511e+02,8.429838440111420823e+02
-1.379362533361573242e+03,-1.471048725759119861e+03,-2.697221454028531866e+02,4.892226217820033196e-01,nan,nan,4.870508326029798241e+02,1.082989738805970092e+03,6.840218265364733270e+02,1.262012789281364121e+03,7.310299999999999727e+02,1.170876772082878915e+03
-1.508896443124925099e+03,-6.696671549247732855e+02,-5.700817622780779175e+02,4.165367504806404830e-01,5.460409711684370677e+02,1.159075617283950578e+03,5.030542895442359281e+02,7.899229195088677216e+02,6.859778030734206595e+02,9.540354354354354882e+02,nan,nan
-1.369224801502672562e+03,-1.370236122487374132e+03,-9.648042277861642901e+01,5.551191044345658021e-01,4.520616822429906279e+02,1.379000648088139997e+03,4.450240963855421796e+02,1.063954729183508562e+03,6.860296397628818568e+02,1.206995305164319234e+03,nan,nan
-1.454738067885633882e+03,-5.136295198120259329e+02,1.273315856183060362e+02,8.562702527238549299e-01,3.980849673202614554e+02,1.052963689892050979e+03,3.320990955564294040e+02,7.529995112414467258e+02,6.869390495867768323e+02,8.040177453027139336e+02,nan,nan
-1.509459265804779307e+03,-7.639972711449975122e+02,-7.187531011282552527e+02,2.594447280509036280e-01,nan,nan,5.379634221946682828e+02,8.159933333333333394e+02,6.878960533629793872e+02,1.005005635566687488e+03,6.650466008771929864e+02,8.590146198830409503e+02
-1.498947592930553355e+03,-5.353638788445522323e+02,-4.088721159954706650e+02,4.088214205077620456e-01,5.170261580381471731e+02,1.103999335989375822e+03,nan,nan,6.898407344150299423e+02,8.849978082191780686e+02,6.391475802587445969e+02,7.839978009895546620e+02
-1.389567132814420347e+03,-8.872251514934429224e+02,2.631818014530224445e+02,2.361911220075197937e-01,nan,nan,3.249921436588103347e+02,9.089824086603517799e+02,6.899421930870083770e+02,9.539808795411089477e+02,6.700315265486725593e+02,9.849557471264367905e+02
-1.452596118108410565e+03,-1.022073608909823633e+03,-5.959968164315264403e+02,7.641612437372788946e-01,5.570167158308751141e+02,1.275030818278427205e+03,nan,nan,6.919204652624961227e+02,1.094918185343156210e+03,6.939374714742126571e+02,9.648859520313264966e+02
-1.470891292422823653e+03,-1.180965310604988190e+03,-9.868367223439978488e+02,4.939744154579779334e-01,nan,nan,6.100427807486630627e+02,9.369753347427765675e+02,6.940104914411926984e+02,1.181068445475638100e+03,7.140526315789473983e+02,9.919878345498783574e+02
-1.453478334117722625e+03,-5.235617468523226989e+02,-6.513128715495918186e+01,1.118169327495394327e+00,4.489518072289156407e+02,1.071000000000000000e+03,3.870498417721519218e+02,7.519580592105263577e+02,6.949664967225054397e+02,8.380075357950263424e+02,nan,nan
-1.409212970044944086e+03,-6.103015156075873620e+02,2.857731019420797907e+02,1.633395761737077290e-01,3.650442386831275599e+02,1.070941916747337928e+03,3.029074645280691129e+02,7.989840925524222257e+02,6.958964901844140059e+02,8.250427901524033132e+02,nan,nan
-1.426330073043796119e+03,-1.244658043885957341e+03,-7.376086805403302833e+02,4.602764067482600363e-01,5.900348058902276307e+02,1.352995348837209349e+03,nan,nan,6.969628146453089812e+02,1.192014429109159437e+03,7.219956002514142028e+02,1.035988357050452805e+03
-1.522448209460048020e+03,-7.538403004341463429e+02,-1.022404344645380320e+03,1.362778502704458938e-01,nan,nan,5.969917159763313066e+02,8.029234507897934918e+02,6.978545721630554226e+02,1.028039870190078773e+03,6.760697190426639054e+02,8.380022935779816180e+02
-1.429477901809185596e+03,-1.105435304233682473e+03,-6.473933245490109130e+02,2.080951391140612727e-01,5.730062150403978194e+02,1.304007198952879662e+03,nan,nan,6.989915254237288309e+02,1.131939443535188275e+03,7.100770083102493118e+02,9.920279595478881447e+02
-1.650874516459062534e+03,-8.002065164034964937e+02,-2.281402020358072150e+03,2.238784666697911374e-01,nan,nan,7.559945421467556343e+02,7.749931888544891763e+02,6.990017574692442395e+02,1.121000000000000000e+03,6.899366786140980139e+02,7.980509286998202469e+02
-1.507075091877414252e+03,-5.772540314903969829e+02,-7.870703314371957049e+02,3.515256880553428442e-01,5.939856483854433691e+02,1.143082491582491684e+03,5.500790925812384558e+02,7.529542395693135859e+02,7.019678593086719047e+02,9.440115089514066540e+02,nan,nan
-1.387714734551066385e+03,-6.974068582969227919e+02,2.418043871193519863e+02,6.599180899997801886e-01,3.810259179265658531e+02,1.106017174082747943e+03,nan,nan,7.030849967804249445e+02,8.709842744817726725e+02,6.610227014755959090e+02,8.949738154613465895e+02
-1.409808072346104382e+03,-4.335064016947972618e+02,3.499989811696715947e+02,3.520382614702587953e-01,3.539880478087649180e+02,9.989896480331262865e+02,2.769763113367174014e+02,7.279312557286892797e+02,7.039034090909091219e+02,7.370215517241379075e+02,nan,nan
-1.390456210342035092e+03,-1.099268091412545573e+03,-3.818325350846515676e+02,1.867570154797809912e-01,5.251016414141414543e+02,1.290030120481927725e+03,nan,nan,7.040115606936416270e+02,1.110952691680261069e+03,7.130345029239765609e+02,1.013035759360538464e+03
-1.445269174301293788e+03,-1.030411887526106057e+03,-8.639365491483995356e+02,5.765643184472691446e-02,nan,nan,5.910067148760330156e+02,8.979350721420644277e+02,7.060513918629550290e+02,1.118084525939177183e+03,7.108780487804878021e+02,9.469931972789115662e+02
-1.455346231925517486e+03,-4.026003763436568192e+02,-2.207516751546631895e+02,5.603815357063212099e-01,4.890104257167680544e+02,1.044014967259120567e+03,4.270125298329355701e+02,7.029677635997313700e+02,7.079078374455732501e+02,8.109391666666666652e+02,nan,nan
-1.342305666133620434e+03,-1.344097787542130163e+03,-2.911489904962525657e+02,9.091909657050107896e-01,5.100625000000000000e+02,1.375008208955223836e+03,nan,nan,7.089909348441926795e+02,1.209005226480836200e+03,7.410482546201232026e+02,1.117005139920045622e+03
-1.338077345932443677e+03,-1.175666161954165545e+03,-5.283824088205778224e+01,4.590696680441694322e-01,4.570367803837953034e+02,1.303091941590048691e+03,nan,nan,7.100239489089941571e+02,1.118910463861920107e+03,7.249813829787234454e+02,1.075913613996719505e+03
-1.417025227141664800e+03,-8.789782911105256744e+02,-5.670232597953785216e+02,3.546113428966322090e-01,nan,nan,5.329984472049688975e+02,8.629209006928406325e+02,7.128461822205828184e+02,1.038164546573656025e+03,6.999507269789984321e+02,9.109915296462381775e+02
-1.458708174920030388e+03,-7.452082325143005619e+02,-8.261799003767557679e+02,9.402354598495232807e-02,nan,nan,5.749628415300546749e+02,8.079485294117647527e+02,7.139718387631143059e+02,1.010038777908343150e+03,6.901293800539083350e+02,8.439292248435243664e+02
-1.438259499564544058e+03,-6.350412532980741389e+02,-6.107861798296935376e+02,4.529698080242023916e-01,5.749399066511085721e+02,1.149014787430684009e+03,5.321045406546990080e+02,7.779864306784660357e+02,nan,nan,6.820374933047670538e+02,8.120894793926247530e+02
-1.295741301073010163e+03,-1.115481636084974753e+03,3.617949042096536800e+02,2.862982156729187988e-01,nan,nan,3.340401691331923644e+02,1.010003154574132509e+03,7.199163330664531486e+02,1.053947291361639827e+03,7.240167921250723566e+02,1.097014259144451444e+03
-1.458969618315069738e+03,-1.214557503794812874e+03,-1.516635981641100898e+03,5.363674251732252207e-01,nan,nan,7.040437539632213202e+02,9.219980302035456816e+02,7.199853273137697443e+02,1.219014492753623244e+03,7.410279720279720550e+02,9.609761904761904816e+02
-1.450661878805272181e+03,-6.361256411571604303e+02,-7.989315087546531231e+02,4.384497642576152265e-01,nan,nan,5.699812054439403255e+02,7.729885057471263963e+02,7.211434075342465349e+02,9.680325977933800914e+02,6.870179071068830581e+02,8.040204200700117099e+02
-1.376394231814470231e+03,-6.338274953385445087e+02,-3.227088351014270984e+01,3.366874448087093241e-01,4.589929971988795501e+02,1.105054179566563562e+03,4.069760068551842096e+02,7.969236363636363194e+02,7.221777777777778056e+02,8.820081037277147971e+02,nan,nan
-1.363897369426109663e+03,-5.045713145617349369e+02,2.418139373376438641e+02,7.698590728187465482e-01,3.959823747680890733e+02,1.034965415019762759e+03,3.281270539906103068e+02,7.549759339080459313e+02,7.259120982986767103e+02,7.879989316239316395e+02,nan,nan
-1.432705042460934692e+03,-8.768442691996807525e+02,-1.031135351638205748e+03,3.677714881361742738e-01,nan,nan,6.250342368045648982e+02,8.429899613899614224e+02,7.259618074233459311e+02,1.074992384299941477e+03,7.160884861407249673e+02,8.799931034482758605e+02
-1.491774271059871353e+03,-8.971038107596169766e+02,-1.612732499241748428e+03,2.420719127542343418e-01,nan,nan,7.079774252593044821e+02,8.269786715417428695e+02,7.260434782608696196e+02,1.119002600780234161e+03,7.209771640998407065e+02,8.549576174112256695e+02
-1.371024656806026087e+03,-8.576665407971039485e+02,-4.622733369341702883e+02,6.046302298296674094e-01,nan,nan,5.220197238658777223e+02,8.609843324250681462e+02,7.279319277108434108e+02,1.021978487614080791e+03,7.140333824251349597e+02,9.089979024646040671e+02
-1.296413975136810905e+03,-1.263377166894009633e+03,-2.367619818398408711e+02,3.272108462963693176e-01,5.139402432575357125e+02,1.341021645021645099e+03,nan,nan,7.309124087591241050e+02,1.173002270147559557e+03,7.550725108225108215e+02,1.090024734982332120e+03
-1.509124008484263641e+03,-1.282936546420936281e+02,-9.347156173104366417e+02,8.913630598990619491e-01,nan,nan,5.730250201775625101e+02,6.009765494137353699e+02,7.311556567957478592e+02,8.069249592169657035e+02,6.459882783882783315e+02,6.030007451564828216e+02
-1.311227451653986463e+03,-1.190285625827743388e+03,-3.897279723896267569e+02,3.601407367893580402e-01,5.478972895863053054e+02,1.320986422668240948e+03,nan,nan,7.340679012345678984e+02,1.151961722488038276e+03,7.510130681818181984e+02,1.045026458208057647e+03
-1.392656787888360668e+03,-1.820471105300378213e+03,-2.100379374475434815e+03,4.297182852967456612e-01,nan,nan,7.989851485148515167e+02,1.054990985915492956e+03,7.369739952718675795e+02,1.430996437054631770e+03,7.980117370892019153e+02,1.092003013863773276e+03
-1.279264899321121447e+03,-1.984111479983821482e+03,-1.194013605200006396e+03,4.527092438124452056e-01,7.049718804920913726e+02,1.603090229885057397e+03,7.069850615114235097e+02,1.163952249770431536e+03,7.379757396449704174e+02,1.494003715170278610e+03,nan,nan
-1.391234265479698479e+03,-6.074417693548829220e+02,-6.107794070973022826e+02,2.114788555554635019e-01,5.890239833159540694e+02,1.137980124223602388e+03,nan,nan,7.390471464019850600e+02,9.409959839357429701e+02,7.000214285714286007e+02,8.000526854219948518e+02
-1.254438763065440753e+03,-1.090305582406823987e+03,3.773487464469237693e+02,2.654763294694382769e-01,nan,nan,3.431222067039105923e+02,1.002922385620915065e+03,7.419143985952589446e+02,1.041925757575757643e+03,7.419896432681242686e+02,1.086057142857142935e+03
-1.360569421935013906e+03,-7.368767725675334077e+02,-5.059000989037637055e+02,4.213827289791268194e-01,5.719463869463869514e+02,1.172964020559680193e+03,5.330571992110453721e+02,8.179955156950672972e+02,nan,nan,7.141852427184466023e+02,8.570118764845606165e+02
-1.362555492550095778e+03,-6.291362847762122783e+02,-5.707056450999029948e+02,2.578912300235587374e-01,nan,nan,5.450064667842445942e+02,7.789708737864077648e+02,7.480435386753126750e+02,9.459687668282175537e+02,7.110599208592425384e+02,8.099902260232131539e+02
-1.236170211223856086e+03,-1.272989358912324178e+03,7.323883107443791118e+01,8.350784372451411919e-01,4.539933065595716357e+02,1.333044585987261144e+03,4.391107404936624334e+02,1.047020265003897066e+03,7.490326797385621376e+02,1.157012121212121201e+03,nan,nan
-1.345367297367603214e+03,-6.365278188374225010e+02,-3.875333683246738019e+02,2.803155900779754073e-01,5.529864425162689940e+02,1.131046758104738046e+03,5.080652418447693890e+02,7.870694444444444571e+02,nan,nan,7.100191780821917291e+02,8.229930394431554532e+02
-1.370132866619916740e+03,-1.362383847191563973e+03,-1.683251895708871416e+03,4.603561318862683938e-01,nan,nan,7.520449029126214100e+02,9.569993593850095976e+02,7.499662369551872416e+02,1.275966165413533872e+03,7.810460687960687665e+02,9.929899180844359989e+02
-1.341063375515195503e+03,-6.622191740853678539e+02,-4.779697079923987530e+02,2.638804313364929155e-01,nan,nan,5.310151098901098976e+02,7.939805285118219444e+02,7.520299604296212692e+02,9.489828571428571422e+02,7.170054674685620739e+02,8.279869281045752132e+02
-1.323755467305536513e+03,-6.558513325457054179e+02,-2.483015655923341001e+02,2.897179136945542965e-01,5.270166825548141105e+02,1.126818788501026802e+03,4.809378739070409665e+02,7.990574591460200509e+02,nan,nan,7.138813080339119779e+02,8.389974567650050403e+02
-1.284788671714499060e+03,-6.642158933555662088e+02,2.219648183823199190e+02,4.727319000703555374e-01,4.210633484162896139e+02,1.091058149779735686e+03,3.660027766759222345e+02,8.219087158329035674e+02,nan,nan,7.111835731835732304e+02,8.740207075064711262e+02
-1.327564345037956855e+03,-5.694132751124608376e+02,-2.807825346938562348e+02,6.123803401974203808e-01,nan,nan,4.859812614259597581e+02,7.669888330541597270e+02,7.549783464566928615e+02,8.899837728194726196e+02,7.099576407506702935e+02,7.999523809523809632e+02
-1.342467295539519682e+03,-6.338074944442794276e+02,-5.751279804407166694e+02,2.796012817507683157e-01,nan,nan,5.520178378378378738e+02,7.809464500601684449e+02,7.560338137472283506e+02,9.490780984719864364e+02,7.199038553069966611e+02,8.110557830092118365e+02
-1.290571992057969283e+03,-8.355622621575571429e+02,-3.031345517115105963e+02,5.503139995901030757e-01,nan,nan,5.079819621645402776e+02,8.629199788023317979e+02,7.580011007154650997e+02,1.001021472392638088e+03,7.399797086368366763e+02,9.090054854635217225e+02
-1.249245674152959964e+03,-9.894881800980973594e+02,-1.569712501062248755e+01,4.244113536576712975e-01,4.829943582510578040e+02,1.229049157303370748e+03,4.520678466076695941e+02,9.359605157131345550e+02,7.599485953377167107e+02,1.036950523864959223e+03,nan,nan
-1.291817038124576811e+03,-4.999519175226251377e+02,2.288591353037661520e+02,4.597328915495988988e-01,4.230423963133640655e+02,1.029992402659069285e+03,nan,nan,7.600797743755035754e+02,7.919840425531914434e+02,6.990522388059702052e+02,7.969763058696822782e+02
-1.271267121466537446e+03,-1.183170744513217869e+03,-6.957013644601182705e+02,5.341457790632767599e-01,nan,nan,6.079464615384615627e+02,9.610786082474227214e+02,7.609238045191802939e+02,1.171009478672985779e+03,7.789646251319958310e+02,1.010996451803666446e+03
-1.334792256784583060e+03,-4.984001555924128297e+02,-4.246085129068394508e+02,5.293978128164708030e-01,nan,nan,5.169775075987842001e+02,7.370706416072586080e+02,7.618424214417744906e+02,8.810062929061784871e+02,7.089481621112158791e+02,7.630453074433656866e+02
-1.275234478931635067e+03,-1.049426464567312451e+03,-5.590840714532546372e+02,3.484745507122377073e-01,nan,nan,5.760407055630936384e+02,9.239861878453039026e+02,7.619250253292806292e+02,1.109003912800447097e+03,7.659961315280464760e+02,9.739942010309277975e+02
-1.447511784122768859e+03,-8.870781926450847621e+00,-1.019264780613363655e+03,6.159875469836791906e-01,6.640218687872763894e+02,9.910234933605720471e+02,6.060191347753743685e+02,5.629861471861471500e+02,7.619618573797678209e+02,7.819739583333333712e+02,nan,nan
-1.308675218528052710e+03,-1.449384443330705381e+03,-1.676303640092045725e+03,4.751353364063553020e-01,nan,nan,7.669791666666666288e+02,9.830019193857965547e+02,7.669427904261528965e+02,1.306003033980582586e+03,8.039159159159158889e+02,1.018016501650164969e+03
-1.294750032645932833e+03,-5.856826847014493751e+02,-2.868358954461361918e+02,2.308361690475022598e-01,nan,nan,4.979501915708812021e+02,7.730334426229508153e+02,7.689144417475728233e+02,8.989939353099730397e+02,7.250450617283950123e+02,8.059862023653088272e+02
-1.300173717136269943e+03,-6.074786026284257332e+02,-4.616411601545673875e+02,3.817649934687093460e-01,5.829828693790150282e+02,1.124998227997637287e+03,5.390255697609783283e+02,7.759014002333722146e+02,7.709368674698795303e+02,9.280676378772112685e+02,nan,nan
-1.168709922420227258e+03,-1.418125105932480665e+03,1.493644898194757786e+02,9.895483351676045425e-01,nan,nan,4.450538525269262777e+02,1.112984942426926409e+03,7.720395886889459689e+02,1.221011725293132258e+03,8.060436363636363239e+02,1.196048249763481635e+03
-1.211350754073475173e+03,-9.292099308194508467e+02,2.298155712929638810e+02,1.958428369056461060e-01,nan,nan,3.960487959442332340e+02,9.299183813443072495e+02,7.751245330012453678e+02,9.859829914957479104e+02,7.600063532401525208e+02,9.939892336922102913e+02
-1.262914876497884507e+03,-2.134530244594719534e+03,-2.490561082678407274e+03,7.897098706823072467e-01,8.969785604900459930e+02,1.635980825958702098e+03,8.678599003735989754e+02,1.115211046511627956e+03,7.759568131049887825e+02,1.529885010266940526e+03,nan,nan
-1.284676079676894460e+03,-6.453176774543979946e+02,-4.756446113696264888e+02,3.216620166660700275e-01,nan,nan,5.470093411996066379e+02,7.889764011799410355e+02,7.760766497461928566e+02,9.449965297860035207e+02,7.400209923664122016e+02,8.199167544783982748e+02
-1.273222132489210480e+03,-6.092017036006375292e+02,-2.820672966746409998e+02,4.749557091372389461e-01,5.510509363295880121e+02,1.111870410367170734e+03,5.040824906865353796e+02,7.820323886639675948e+02,7.770278317152103682e+02,9.090220440881763579e+02,nan,nan
-1.146016340820424375e+03,-1.364764192744240518e+03,4.809578876938473400e+02,4.085670733101875451e-01,nan,nan,3.579690309690309959e+02,1.127021276595744666e+03,7.800080949811117534e+02,1.171006169377453716e+03,8.069272593681116632e+02,1.220931351733899419e+03
-1.174132660362560728e+03,-1.483096203414616639e+03,-5.214814783453279006e+02,6.397648444812030766e-01,6.120310182063385582e+02,1.427015037593984971e+03,6.039824561403509051e+02,1.072998502994011915e+03,7.819673790776153055e+02,1.285012062726176055e+03,nan,nan
-1.287072950996753889e+03,-5.541058393924497523e+02,-5.962895254718608840e+02,1.540163064909565727e-01,nan,nan,5.719929123711340253e+02,7.539647457627119138e+02,7.829776029055690287e+02,9.240287286063569354e+02,7.399597574421168247e+02,7.769706400469759728e+02
-1.249276949575362778e+03,-3.913796616253647471e+02,2.312869360546824637e+01,6.724035493075891656e-01,nan,nan,4.270505933791380357e+02,7.079704873026767018e+02,7.899872665534804810e+02,7.810026269702276522e+02,7.239672232529375151e+02,7.329767441860465169e+02
-1.113036318319271459e+03,-1.589103415157861036e+03,1.324539774709946585e+02,5.207132031538215244e-01,nan,nan,4.719932960893854670e+02,1.174918263090676874e+03,7.900475113122172388e+02,1.305052761341222777e+03,8.409529579472558680e+02,1.263971780028943613e+03
-1.203054487564938654e+03,-7.171877674352986105e+02,1.937971979966098104e+02,5.195838340831353541e-01,nan,nan,4.031061821613968732e+02,8.439533029612756536e+02,7.910454545454545041e+02,8.969923980649620034e+02,7.549498746867168393e+02,8.929908993576017338e+02
-1.139368304903213129e+03,-1.339569826298358748e+03,2.663821683646064642e+01,4.002435024305235900e-01,nan,nan,4.849651539708265773e+02,1.072961050724637744e+03,7.919750000000000227e+02,1.193927144535840171e+03,8.190331825037707176e+02,1.146056348610067516e+03
-1.156879512666392884e+03,-1.214406433127414402e+03,-2.388468184032070951e+02,3.937605823658469339e-01,nan,nan,5.420329835082458203e+02,1.005004885993485345e+03,7.950146898803046724e+02,1.156995296884185791e+03,8.130059464816649779e+02,1.064992424242424249e+03
-1.201836651717804898e+03,-9.564822612337646888e+02,-5.702284713124984137e+02,4.222284396389002215e-01,nan,nan,5.980642750373691570e+02,8.949451287793953043e+02,7.970070615927814970e+02,1.076997243913642706e+03,7.919782433521353369e+02,9.340159176029962964e+02
-1.108849076771761020e+03,-1.563899347425302949e+03,-2.148054293150158855e+02,1.587509134317054427e-01,5.590926620246384573e+02,1.450983388704318941e+03,5.578750804893753639e+02,1.129906631762652751e+03,nan,nan,8.481304347826087451e+02,1.203152034261242079e+03
-1.228266885019115080e+03,-9.827378244692902172e+02,-1.091354907577227323e+03,5.564350445590148242e-01,7.180291139240506482e+02,1.277022890778286410e+03,nan,nan,7.990130607609312392e+02,1.123991715976331307e+03,7.991131486539211437e+02,9.069092044981257459e+02
-1.236220632222680933e+03,-4.004236061172139216e+02,-1.377078159320458894e+02,5.570070255070538323e-01,5.350396366639141661e+02,1.027004363001745105e+03,nan,nan,8.000652360515020973e+02,8.099803370786517007e+02,7.360393749999999500e+02,7.299524111675126505e+02
-1.162003183281824704e+03,-1.050376691412441687e+03,-2.758165584153151713e+02,4.789565693641446575e-01,nan,nan,5.460074812967581011e+02,9.440144927536232444e+02,8.020516055045872008e+02,1.091001225490196020e+03,8.040012239902081319e+02,9.959806853582554140e+02
-1.276455723761475383e+03,-5.520707230196171622e+02,-1.322019529969227051e+03,3.327172448056144316e-01,7.500457516339869244e+02,1.161013698630137014e+03,7.150605341246290436e+02,7.379823566477630266e+02,8.059609698403311313e+02,9.950462695199537393e+02,nan,nan
-1.230608357043321121e+03,-3.512364188052754912e+02,-1.974040409939696872e+02,2.500146272813767445e-01,5.519965928449744297e+02,1.015976377952755911e+03,4.910499254843517178e+02,6.889718969555035528e+02,8.060491949910554013e+02,7.989933962264151432e+02,nan,nan
-1.247127510699062213e+03,-4.603534970460672184e+02,-8.166675645945330189e+02,4.985638522783301663e-01,6.729524061343204266e+02,1.101987554449284289e+03,6.289767164179104384e+02,7.180792540792540422e+02,nan,nan,7.610708748615725199e+02,7.300135853514470909e+02
-1.090486821465969797e+03,-1.589772952695272807e+03,-3.971607382302890983e+02,1.017081674778949507e+00,6.069906137184115096e+02,1.461974431818181756e+03,nan,nan,8.109994022713688082e+02,1.328989922940130327e+03,8.589611650485436485e+02,1.188021798365122550e+03
-1.096618245411631506e+03,-1.372320415664409666e+03,-3.680515671351301421e+01,7.606279056600485644e-01,5.250220883534136647e+02,1.372006241331484034e+03,5.160049586776859769e+02,1.080957998212689972e+03,8.109994229659549774e+02,1.213945091514143087e+03,nan,nan
-1.249053820669362949e+03,-6.419169381321936498e+02,-1.407380010463677991e+03,5.942233894342142664e-01,7.690063001145475710e+02,1.190950144927536257e+03,nan,nan,8.129769792251544231e+02,1.031032371983519624e+03,7.879929411764705947e+02,7.739903961584633407e+02
-1.043371268729615394e+03,-1.782306355952964168e+03,-2.118203368019624122e+02,6.705620495166185746e-01,nan,nan,5.810000000000000000e+02,1.207001818181818180e+03,8.199747899159664257e+02,1.410018846373500764e+03,8.840076815642457859e+02,1.284006419400855975e+03
-1.062707138299574126e+03,-1.585022107080711066e+03,-4.510290028831423683e+02,2.185645752376717821e-01,nan,nan,6.240011520737326691e+02,1.116920045045045072e+03,8.230586956521739239e+02,1.329033370411568512e+03,8.719887459807074492e+02,1.177979332273449927e+03
-1.162407481393330045e+03,-4.786617786255732199e+02,9.346038425252906734e+01,7.069978271569842265e-01,5.000997949419001998e+02,1.031027928626842595e+03,nan,nan,8.239710884353740994e+02,8.099955237242613748e+02,7.660528709494030863e+02,7.749877977919813929e+02
-1.086134992396756388e+03,-1.113203421818223660e+03,4.479880044354183610e+02,6.023170827034171060e-01,nan,nan,3.819929328621907985e+02,1.025948310139164960e+03,8.240226460071513657e+02,1.052995092024539872e+03,8.239884297520661676e+02,1.097964912280701810e+03
-1.174161406146695072e+03,-5.349421500754381213e+02,-3.968008420638399230e+02,4.399566661105467347e-01,6.080603829160530722e+02,1.092005551149881057e+03,nan,nan,8.250658324265506280e+02,8.989736196319018973e+02,7.790270270270269748e+02,7.749948659440958636e+02
-1.098270181304553944e+03,-9.854833365042115929e+02,2.295767756210611594e+02,3.053464808726167878e-01,nan,nan,4.360029411764705856e+02,9.561167793484941058e+02,8.260167243367935725e+02,1.017060623556581959e+03,8.170494473531123276e+02,1.014998773006135025e+03
-1.068265499014332136e+03,-1.230733090437369810e+03,4.970298565568550231e+01,9.871939247224575942e-01,nan,nan,4.989696485623003355e+02,1.037002606429191928e+03,8.310011280315849262e+02,1.146994141769185717e+03,8.450183802412407204e+02,1.099948717948718013e+03
-1.088880085560466341e+03,-1.240890407846429071e+03,-6.482863576397487577e+02,1.093140854807206130e+00,nan,nan,6.519706070287539887e+02,9.869959266802444517e+02,8.320454081632652787e+02,1.196992362247681285e+03,8.500011428571428951e+02,1.031991944764096615e+03
-1.103516102492713799e+03,-1.496922574267304526e+03,-1.579792513649414786e+03,4.273651327616477258e-01,8.240101371496720049e+02,1.444980463980464037e+03,nan,nan,8.330102156640181192e+02,1.324990029325513206e+03,8.700579631635969236e+02,1.034002693965517210e+03
-1.115841375980291332e+03,-1.143033640435802226e+03,-1.113605480532926549e+03,2.453923435995945257e-01,7.508944723618089938e+02,1.324986069049061143e+03,nan,nan,8.339949692565679698e+02,1.185036697247706343e+03,8.460241379310344882e+02,9.580169689877120618e+02
-1.037417145939858074e+03,-1.536005256831314910e+03,-6.275890875883585522e+02,6.033655572174079218e-01,nan,nan,6.669946843853820155e+02,1.085990469208211152e+03,8.389188129899216619e+02,1.314986277873070321e+03,8.819962490622655196e+02,1.138998442367601228e+03
-9.638576242312059321e+02,-2.072129632158682853e+03,-5.288974558474043874e+01,3.738849677140589356e-01,5.529868881118881063e+02,1.658003555555555522e+03,5.750258684405025633e+02,1.329005323193916411e+03,8.419742063492063835e+02,1.546927308447937094e+03,nan,nan
-1.138254829302674807e+03,-5.770977277259120228e+02,-6.792482367033858282e+02,3.832848280045442202e-01,6.750031426775612999e+02,1.125001305483028773e+03,nan,nan,8.419880881477070034e+02,9.479993654822335429e+02,8.049988459319099547e+02,7.779570017431725546e+02
-1.170284071404923225e+03,-3.110238264389878395e+02,-7.098458991602118431e+02,5.357097982763516786e-01,6.770690553745928355e+02,1.044983157894736905e+03,nan,nan,8.420810198300283673e+02,8.560698254364090189e+02,7.819718766901027038e+02,6.719397657557166212e+02
-1.089944676168018532e+03,-7.350897717680419419e+02,-2.759541506978422944e+02,5.933929152986116007e-01,6.030393401015228392e+02,1.148004851004850934e+03,5.621074380165289313e+02,8.339821428571428896e+02,8.479689695550350734e+02,9.659755650580329984e+02,nan,nan
-9.830372310234852193e+02,-1.662400169987474783e+03,1.503925140800839131e+02,6.656404294566899971e-01,nan,nan,5.110174180327869067e+02,1.209985216473072796e+03,8.509436018957345595e+02,1.344950670498084264e+03,9.010106082036775206e+02,1.289986231884058043e+03
-1.023517007387311878e+03,-1.210594649463800124e+03,-2.451073286442545509e+02,6.179527759777069251e-01,nan,nan,5.850593990216631255e+02,1.008031875463306164e+03,8.549879201680672622e+02,1.161002705627705609e+03,8.680496724890829228e+02,1.057959760739532385e+03
-1.042583670426528897e+03,-1.387709981605722987e+03,-1.543725162088621346e+03,1.794834868617830315e-01,nan,nan,8.159574105621805984e+02,9.800041346721795890e+02,8.570178571428571104e+02,1.288962146892655255e+03,8.860155925155925161e+02,1.001995132504056301e+03
-1.113320466670635369e+03,-3.454236516390407701e+02,-7.487602675693385663e+02,8.887564642455496322e-02,nan,nan,6.530568540745420023e+02,6.829701879455606104e+02,8.630162393162393073e+02,8.746649709302325846e+02,8.070406461698801195e+02,6.840231700895208178e+02
-1.001264666942060558e+03,-9.770517408540650877e+02,4.410110305971674620e+02,3.851568310471703005e-01,nan,nan,4.099841017488076318e+02,9.720420875420875291e+02,8.730374389582202639e+02,9.940873058382431964e+02,8.600076045627376971e+02,1.030019154929577553e+03
-8.915144294169032264e+02,-2.110680610286767205e+03,-2.212294676578277475e+01,1.903612926092439206e-01,5.700058651026392909e+02,1.674917370892018880e+03,5.909223803363519210e+02,1.349977194194885897e+03,8.750565760470242367e+02,1.567984375000000000e+03,nan,nan
-1.068190017193232734e+03,-4.237729832541900237e+02,-1.083927428143026646e+03,1.621861444297929278e-01,7.689286142771445611e+02,1.103022941970310285e+03,7.309328087167069725e+02,7.060115755627009548e+02,nan,nan,8.360472312703583384e+02,7.040211463550361941e+02
-1.056070258705659853e+03,-5.639459659791087915e+02,-1.726802015106526596e+03,3.778813523281254749e-01,8.640182110337440236e+02,1.178990740740740648e+03,nan,nan,8.829908163265306484e+02,1.037000524383848870e+03,8.570400866738895047e+02,7.340216647662485911e+02
-1.028718213502019125e+03,-4.773507470726556789e+02,-8.768154927696663208e+02,4.325921467269537857e-01,7.439871794871794464e+02,1.103993089149965499e+03,nan,nan,8.899786324786324485e+02,9.380279503105590493e+02,8.489529201430274270e+02,7.290113500597371967e+02
-9.770812252240170892e+02,-8.633153644903371742e+02,4.067201469360313126e+02,1.212108743440607483e-01,nan,nan,4.260080233406272896e+02,9.239816513761468286e+02,8.900344191763982735e+02,9.460058139534884276e+02,8.669627163781624404e+02,9.719734299516908322e+02
-9.375570937248434120e+02,-1.468703473648197132e+03,-1.776459756664281031e+03,2.089577817596133258e-01,8.960220838052094905e+02,1.436012892376681521e+03,nan,nan,8.909905462184873386e+02,1.323977964323190008e+03,9.229586575875486005e+02,1.005992918563479975e+03
-9.506600168225318157e+02,-1.073892156453158577e+03,-7.368341411303573807e+01,8.459232210393824447e-01,nan,nan,5.659860557768923854e+02,9.729799570508231454e+02,8.919379652605458659e+02,1.091990445859872580e+03,8.919881504379186481e+02,1.017993865030674897e+03
-8.744801352999464825e+02,-2.121128533920274549e+03,-1.972957786912388883e+03,3.540080212097231338e-01,nan,nan,9.118793551742069212e+02,1.154991166077738626e+03,8.920204545454545269e+02,1.539021818181818162e+03,9.580158970476911691e+02,1.170919472913616346e+03
-9.103025597452106012e+02,-1.259972932143504067e+03,-7.495635331992230022e+01,9.292575876415046787e-01,nan,nan,5.829536423841059332e+02,1.042995996797438011e+03,9.009621052631579232e+02,1.174012917115177515e+03,9.179714285714285325e+02,1.093014563106796004e+03
-8.017430052828136695e+02,-2.144186379385315831e+03,-4.672443790216632351e+02,8.146523647311477712e-01,nan,nan,7.119604635310156482e+02,1.307002161383285284e+03,9.130848249027237671e+02,1.578956521739130494e+03,9.940870818915801692e+02,1.361998064516129034e+03
-8.129782630532037047e+02,-1.893102777695763507e+03,-1.097764783966914138e+03,6.347622408740729583e-01,nan,nan,8.150274599542334499e+02,1.163020456333595575e+03,9.160509355509356055e+02,1.468009687836383137e+03,9.779611650485436485e+02,1.194964556962025426e+03
-9.252323342651754956e+02,-7.323828940889907244e+02,8.419732575975885425e+00,1.882720139115806601e-01,nan,nan,5.479317708333333030e+02,8.500524070688604752e+02,9.180539756239118105e+02,9.399968612680477236e+02,8.889975728155339993e+02,8.770183206106870557e+02
-8.258420798698927001e+02,-1.659459125488727295e+03,-7.128108713518897730e+02,8.570274234178699713e-01,nan,nan,7.449763779527559109e+02,1.126028362305580913e+03,9.209899833055092131e+02,1.373968529571351155e+03,9.660289741581832459e+02,1.163002561912894862e+03
-9.326430716392222848e+02,-5.633232825022066663e+02,-3.141757728847796329e+02,1.828573335135304789e-01,6.629561343385880718e+02,1.085993202416918393e+03,6.190055762081784678e+02,7.730045161290322540e+02,nan,nan,8.819935032483757595e+02,7.849906347554630202e+02
-7.981970439248306093e+02,-1.804454342807155172e+03,-1.535523804821139947e+03,4.864551906493327915e-01,nan,nan,8.799804469273742598e+02,1.104079670329670307e+03,9.260176405733186584e+02,1.435997375328083990e+03,9.760118632240055376e+02,1.121045936395759782e+03
-9.295825210373931213e+02,-3.189252552749086362e+02,-5.993842181052041269e+02,6.888506075454859934e-01,7.250198412698413222e+02,1.028985263157894678e+03,nan,nan,9.319257641921396953e+02,8.560130869899923027e+02,8.780091795754445911e+02,6.729750708215296982e+02
-8.662173635991431411e+02,-9.128368234915244557e+02,-6.997390110143758193e+02,3.139377660945935067e-01,nan,nan,7.240012746972594186e+02,8.839743107769423887e+02,9.329841740850642964e+02,1.082997931747673192e+03,9.249515331355094077e+02,8.980131712259371852e+02
-8.686074594469209842e+02,-8.804670823398861330e+02,-1.294946025666670948e+03,3.669978410523522250e-01,nan,nan,8.240250436808386212e+02,8.480046620046620092e+02,9.329978880675818118e+02,1.113988247863247807e+03,9.260438737292670339e+02,8.509934533551554523e+02
-7.958846062217523922e+02,-1.439570487559512458e+03,-1.059529737585926796e+03,9.299039706752990631e-01,8.290313496280552954e+02,1.414008569898232508e+03,nan,nan,9.399777889954568764e+02,1.297997412008281572e+03,9.680103397341210894e+02,1.051933962264150978e+03
-9.016968678774949240e+02,-4.363066414196141523e+02,1.166196957809097512e+01,9.987109552517470235e-01,6.030352250489237349e+02,1.012014836795252222e+03,5.500401125967628104e+02,7.329942196531792433e+02,9.419773507206589329e+02,8.199266304347826235e+02,nan,nan
-8.180749387940138604e+02,-1.346872011987152064e+03,2.922048589108298415e+02,9.093117238248132894e-01,nan,nan,5.240260617760617379e+02,1.114992929292929375e+03,9.439872272485364419e+02,1.192004248539564514e+03,9.639253910950661748e+02,1.170001876172607808e+03
-8.912749830299316045e+02,-3.397741180110182313e+02,-9.924122820315486706e+02,2.026229868119878985e-01,8.039980694980695262e+02,1.065962085308056885e+03,7.649742268041237594e+02,6.829882506527414989e+02,9.450231615518239323e+02,9.089975293390982642e+02,nan,nan
-8.281214791605568735e+02,-1.252410020219305352e+03,4.961974512343292076e+02,2.831253570291675792e-01,nan,nan,4.639465648854961728e+02,1.097950649350649428e+03,9.480460460460460581e+02,1.128980830670926480e+03,9.560268456375838468e+02,1.157029838022165450e+03
-9.215127791708266614e+02,-4.834118029696117702e+00,-2.172993546225118564e+02,7.094629293254391955e-01,6.580018264840182383e+02,8.899866539561487571e+02,5.919567346938775927e+02,5.599792231255645447e+02,9.500237780713341635e+02,6.880116199589883763e+02,nan,nan
-7.577596614781166409e+02,-1.783311499364845304e+03,2.188882139079219868e+01,9.449728080037358424e-01,6.169957203994293877e+02,1.532029098651525828e+03,6.180174050632911076e+02,1.250030595813204400e+03,9.509934442763490097e+02,1.413058767319636900e+03,nan,nan
-9.080157324927160971e+02,-1.257480634309496850e+02,1.162636024914816169e+01,6.661838847253580553e-01,6.100296377607024851e+02,9.030498960498960059e+02,5.419721518987341824e+02,6.079780405405405190e+02,9.520619345859429359e+02,6.959701818181817998e+02,nan,nan
-8.575271489419704949e+02,-6.264397633585703034e+02,1.572671199298273592e+01,4.265137781348724011e-01,nan,nan,5.669802867383513103e+02,8.110545785324438839e+02,9.530323182100684107e+02,8.989205665024630889e+02,9.150274753758424140e+02,8.279914255091103996e+02
-6.466056012394976733e+02,-2.078085865673876469e+03,-2.395440613147077784e+03,8.979999660694533148e-01,1.042966379310344792e+03,1.613101340033500946e+03,1.009982394366197127e+03,1.124035650623885886e+03,9.619600399600399214e+02,1.522934856175972982e+03,nan,nan
-7.499888148415824389e+02,-1.384966149653166894e+03,-3.490167708916721949e+02,1.331471599744417922e-01,nan,nan,6.959703599153140203e+02,1.070994920174165372e+03,9.640121372031662759e+02,1.249994725738396710e+03,9.878953009068425217e+02,1.103792537313432831e+03
-6.961651060745973609e+02,-1.834273275436216409e+03,-5.761760190625878977e+02,5.916089049361978880e-01,7.669581511555278439e+02,1.549988042794210287e+03,nan,nan,9.679597144314125217e+02,1.445949748743718601e+03,1.020958659217877084e+03,1.236002875215641097e+03
-7.173179372375958565e+02,-1.787132404652325931e+03,-5.821696369266754800e+01,6.056479927244967643e-01,nan,nan,6.499761904761904816e+02,1.242001713796058311e+03,9.679958549222798183e+02,1.417976744186046517e+03,1.020037798408488015e+03,1.294972878998609076e+03
-7.273654797536453316e+02,-9.880439758565457851e+02,-1.802632143738052946e+03,3.111278657572157935e-01,nan,nan,9.310185185185184764e+02,8.640038002171552307e+02,9.729653567735264232e+02,1.179015311510031779e+03,9.740525554484088389e+02,8.560146909827760737e+02
-8.050954627166643149e+02,-4.509325076626469126e+02,-7.400595650712984934e+02,3.980131183127271766e-01,nan,nan,7.460056355666874879e+02,7.259868173258004163e+02,9.730213603147835784e+02,9.230383561643835719e+02,9.330354251012146278e+02,7.189947753396029384e+02
-6.802694918265062825e+02,-1.782535730710389771e+03,-4.255140869923119453e+02,5.161960447352887948e-01,nan,nan,7.369783132530120611e+02,1.200955894145950197e+03,9.779841530054644636e+02,1.423015458422174788e+03,1.027987234042553155e+03,1.236989665653495422e+03
-6.602622759753238597e+02,-1.430272422127108939e+03,-2.125648963762241692e+03,5.422038613029780407e-01,nan,nan,9.829897610921501609e+02,9.710563316809373191e+02,9.780092592592592382e+02,1.324949902723735477e+03,1.001039501039501033e+03,9.650005227391532117e+02
-7.067849115962068254e+02,-8.673021150981224991e+02,-1.847210428858112437e+03,4.587677064259020887e-01,nan,nan,9.420029086678301837e+02,8.290189798339264371e+02,9.820020376974019882e+02,1.145012545739675943e+03,9.770142348754447994e+02,8.169882292732855831e+02
-7.045097485358148788e+02,-1.175851905683292443e+03,-4.108492405779617798e+02,4.166684055229323280e-01,nan,nan,7.200082918739635716e+02,9.949797979797980361e+02,9.900401929260450515e+02,1.170013986013985914e+03,9.980547153024911040e+02,1.015976584022038537e+03
-7.005846299545563625e+02,-3.945387664381429431e+02,-2.023883376297365430e+03,7.898691360384958449e-01,nan,nan,9.649916620344636158e+02,6.909988876529477011e+02,9.939779627815867116e+02,1.019037717121588116e+03,9.649958762886598151e+02,6.669608040201004542e+02
-7.003552861494697481e+02,-6.496392189351807929e+02,-1.474494788512126888e+03,3.013819231775529128e-01,nan,nan,8.959822518025513318e+02,7.760104052573932449e+02,9.949355153883732328e+02,1.056995322245322313e+03,9.759184968277207872e+02,7.629804129168871896e+02
-7.006134918988691425e+02,-8.794427076260792546e+02,-7.283652012852496682e+02,2.870325081641900145e-01,nan,nan,7.790032804811372671e+02,8.759414715719063906e+02,9.970240163515585436e+02,1.079008333333333439e+03,9.869788113695090033e+02,8.790031282586027146e+02
-6.121313215592045935e+02,-1.864482015345213995e+03,-7.021269290192041126e+02,8.388523309670627981e-01,nan,nan,8.080412175015852654e+02,1.200984168865435322e+03,9.990596539162113459e+02,1.461051907719609517e+03,1.050083418107833268e+03,1.225922461230615227e+03
-6.774295147799963388e+02,-1.808955164670307568e+03,4.843715365232732211e+02,9.327783859120629684e-01,nan,nan,5.340271370420624635e+02,1.328017421602787408e+03,1.002045641025640975e+03,1.416041258380608497e+03,1.049994098360655698e+03,1.393054726368159209e+03
-7.518240198996643358e+02,-3.148385980310071659e+02,2.826530161576700451e+01,3.268354946961983809e-01,6.520686378035902635e+02,9.600104384133611575e+02,5.959965753424658033e+02,6.889882758620689174e+02,1.011060088551549597e+03,7.760000000000000000e+02,nan,nan
-7.300906559581670763e+02,-6.894496062119202406e+02,2.893603179228944668e+02,7.337397106399827784e-01,nan,nan,5.440813636363636761e+02,8.539583561643835310e+02,1.011930835734870357e+03,8.959784386617100154e+02,9.790603130755064285e+02,8.710044247787610630e+02
-6.879350060211040727e+02,-1.275149717693534512e+03,4.489957116024292532e+02,4.989513221977350810e-01,5.480442477876106295e+02,1.300992173389524396e+03,5.289677137870854722e+02,1.109970044052863386e+03,1.014996866840731059e+03,1.149921215242018434e+03,nan,nan
-7.321830769467674145e+02,1.468017936609045080e+02,-1.091896116854565662e+03,6.193211740372601692e-01,8.670102599179206209e+02,9.269891304347826235e+02,8.269890710382513817e+02,5.210124137931034056e+02,1.015017670157068096e+03,7.730182432432432051e+02,nan,nan
-6.215926776968275362e+02,-1.734049210754815022e+03,4.751600877722652427e+01,5.808279712644153214e-01,nan,nan,6.569713178294573481e+02,1.241946261682242948e+03,1.016988529718456675e+03,1.394054695562435427e+03,1.059988715744223555e+03,1.285006465517241395e+03
-6.017293055073829464e+02,-1.584167424125864500e+03,-2.600243460867246199e+02,5.086282631196558102e-01,nan,nan,7.270119165839125799e+02,1.154967313585291095e+03,1.021949353448275815e+03,1.335957595276435768e+03,1.055026044821320511e+03,1.183003778337531458e+03
-4.626374545567665564e+02,-2.007244390301267913e+03,-1.783624036876862874e+03,4.110174534570614768e-01,nan,nan,9.960123726346433841e+02,1.150983739837398389e+03,1.028980825958702098e+03,1.509974371373307577e+03,1.078918829636621012e+03,1.145936095856215616e+03
-4.665023034234806687e+02,-1.270501418645861804e+03,-2.362489664018234180e+03,8.224778791036313486e-01,nan,nan,1.055023995826812779e+03,9.230276448697501337e+02,1.033038973384030442e+03,1.288010622154779867e+03,1.048994853319608865e+03,9.030581567274520012e+02
-5.918606187004911590e+02,-5.310662963677829111e+02,-1.151846299275659931e+03,1.190903630722489615e-01,nan,nan,8.799583564686284944e+02,7.489901677270098617e+02,1.039946609717031606e+03,9.979843837144450163e+02,1.012061452513966515e+03,7.309725953788286006e+02
-6.521778963988358555e+02,-8.934348023901014813e+02,4.275231366561451978e+02,6.352431403303288038e-01,5.770304709141274770e+02,1.139974814814814863e+03,nan,nan,1.045978668390433086e+03,9.739727339719970587e+02,1.026020347394540977e+03,9.749785495403473305e+02
-6.108908662060024426e+02,-1.073001915837235629e+03,2.085657355808116620e+02,5.201669816718186290e-01,nan,nan,6.140177053824362474e+02,1.008024372230428412e+03,1.050938253012048108e+03,1.081007403490216802e+03,1.044956023820430573e+03,1.032979990471653082e+03
-5.187776578666636169e+02,-1.961984560661493560e+03,-1.352571178124368956e+01,9.010420445936103695e-01,nan,nan,7.070874867444326810e+02,1.318935026580035355e+03,1.055009094667217823e+03,1.505878432956381175e+03,1.109019303201506546e+03,1.358853315766359174e+03
-4.852107670423383183e+02,-1.535232841739415562e+03,-5.950054576979703143e+02,5.990568589451213954e-01,nan,nan,8.260011248593925757e+02,1.110891370558375684e+03,1.062046087888531702e+03,1.329034408602150506e+03,1.089052140077820923e+03,1.120971653543307184e+03
-5.702472658105921255e+02,4.577296766135999206e+01,-6.310020198716805453e+02,4.974607142767241696e-01,nan,nan,7.960279411764705628e+02,5.509573257467994836e+02,1.077993735317149458e+03,7.509480326651819269e+02,1.011007389162561594e+03,5.160327868852458550e+02
-5.208053658306547504e+02,-1.073538548357552827e+03,6.300353987411548928e+01,4.057984721807533224e-01,nan,nan,6.799955752212389370e+02,1.000970748299319780e+03,1.085044444444444480e+03,1.097974345269909236e+03,1.081015695067264687e+03,1.013981507165973198e+03
-2.598378693997884170e+02,-2.091702528587525194e+03,-1.870404425052867509e+03,3.522365887999505119e-01,nan,nan,1.057070999999999913e+03,1.173997874601487865e+03,1.089950722175021156e+03,1.539895245769540679e+03,1.135981314432989620e+03,1.154991458607095865e+03
-3.979590481780218738e+02,-1.257292776250270435e+03,-9.747172263289227203e+02,5.094964844065072995e-01,nan,nan,9.119534883720930338e+02,9.949570885388376382e+02,1.091015384615384619e+03,1.240035695258391115e+03,1.101989388580090917e+03,9.859879638916750082e+02
-2.708858217325671944e+02,-1.865987616515113814e+03,-1.600727769976481795e+03,4.643743375503547877e-01,nan,nan,1.026972122302158368e+03,1.132942141623488851e+03,1.099932496754651766e+03,1.467032135306553982e+03,1.136966335118592269e+03,1.117083769633507927e+03
-3.562974876895444822e+02,-1.134124307026918359e+03,-8.675092149038002844e+02,3.065033141158909902e-01,nan,nan,9.079742873113470978e+02,9.630122520420070487e+02,1.112975334018499552e+03,1.192000000000000000e+03,1.116976071784646138e+03,9.509974319465844701e+02
-4.808672674731164989e+02,-5.630983057655250832e+02,-7.967899752219595655e+01,8.285282862076731591e-01,7.590580110497237456e+02,1.047974175035868029e+03,7.199398578458174143e+02,7.920455069124424199e+02,1.113003528581510182e+03,9.039720028715003082e+02,nan,nan
-4.266348183774107952e+02,-1.212237497921846170e+03,-2.448041130064122584e+01,5.957633515577173133e-01,nan,nan,7.340165339865278611e+02,1.049997477931904086e+03,1.117980613893376358e+03,1.168005479452054715e+03,1.122035858585858477e+03,1.060036308623298055e+03
-3.769039969370123799e+02,-1.936059289028011108e+03,-1.111215728146009418e+01,5.966604297385865729e-01,nan,nan,7.540165394402035872e+02,1.317971803278688412e+03,1.121012651821862391e+03,1.497047192071731843e+03,1.165128911138923741e+03,1.342863900044622824e+03
-4.910132472413787923e+02,-9.758462673106614602e+02,4.566770408163142747e+02,9.720372935617715981e-01,nan,nan,5.959583622484385614e+02,9.950066273932253580e+02,1.121908723021582773e+03,1.016009674134419583e+03,1.105061224489795904e+03,1.011025380710659874e+03
-3.375933848583713370e+02,-1.578524855947647438e+03,-5.088866487037612387e+02,7.204839093763957258e-01,nan,nan,8.569545816733067340e+02,1.137886676875957164e+03,1.122054703688354721e+03,1.348881460213289529e+03,1.149008677896886184e+03,1.140921695760598595e+03
-3.795002527601413362e+02,-1.175520785999757209e+03,-3.198575412198565004e+02,5.200445044971379049e-01,nan,nan,8.079655581947743030e+02,1.012979179810725554e+03,1.125029288702928852e+03,1.174969312169312161e+03,1.128970975056689440e+03,1.013997616777883650e+03
-3.642559406872961745e+02,-1.506434281597334802e+03,-1.963772151222296145e+02,2.124188422881615745e-01,nan,nan,7.919296754250386812e+02,1.144066942148760290e+03,1.128015340364333724e+03,1.306985874330248407e+03,1.148986350148368047e+03,1.153048766494549682e+03
-4.866550203923691811e+02,-8.504791153058472446e+02,4.871245868908637817e+02,7.689515887810615125e-01,nan,nan,5.869497400346619997e+02,9.430173633440514323e+02,1.129989872068230170e+03,9.559859078590785657e+02,1.104930395593390131e+03,9.549657639243740732e+02
-4.391596545401603180e+02,-1.223756912111472047e+03,3.863299321732343969e+02,4.919596073195610653e-01,nan,nan,6.359697674418604265e+02,1.093963578780681019e+03,1.133974879743452675e+03,1.141972647702406903e+03,1.135093273542600855e+03,1.111952952029520247e+03
-2.954156510142429966e+02,-1.476723052845409939e+03,-6.212389584582914495e+02,4.139583045835741881e-01,nan,nan,8.890013623978201167e+02,1.096193951347797565e+03,1.136947789025040038e+03,1.311976399560922118e+03,1.155958576429404957e+03,1.091022525192649709e+03
-4.721163460970369670e+02,-7.494205287963446835e+02,4.641022793985886210e+02,1.174038654797425529e+00,nan,nan,5.979807213930348553e+02,8.979974826935178953e+02,1.137003060443764298e+03,9.120107115531751560e+02,1.108979602791197067e+03,9.059967931587386829e+02
-3.910030837809059676e+02,-1.312760775448209415e+03,2.460500177995980948e+02,7.681843430666831507e-01,7.089988249118683825e+02,1.316967857142857156e+03,nan,nan,1.144968342644320273e+03,1.195988095238095184e+03,1.153068444891796617e+03,1.131951270088128467e+03
-3.747192503157320402e+02,-3.515942348313695902e+02,-3.319477402574792109e+02,5.686813600286720893e-01,nan,nan,8.070219111381619541e+02,7.050037383177569836e+02,1.150011825572801172e+03,8.590283842794759721e+02,1.108979189485213510e+03,6.820211611502984397e+02
-4.240018697944181554e+02,-9.315175933672552446e+02,4.283871743989785159e+02,8.064386392468678721e-01,6.610202931228861871e+02,1.146007623888182934e+03,nan,nan,1.152030503304524700e+03,1.002954312114989762e+03,1.136034318398474625e+03,9.840367860600193808e+02
-2.161659199962608966e+02,-2.020242399635136508e+03,-6.675049132875753912e+02,8.900209399621422657e-01,9.430000000000000000e+02,1.614976821192052967e+03,9.210421118793211690e+02,1.270983006535947652e+03,1.152037694013303735e+03,1.533058823529411711e+03,nan,nan
-3.055775587914051172e+01,-1.628562403461224903e+03,-2.264832704432279115e+03,6.924319418810642723e-01,nan,nan,1.154050091911764639e+03,1.032005135387488281e+03,1.154043366029943172e+03,1.399964723926380429e+03,1.178007629947544046e+03,9.950278592375366316e+02
-9.922029780373320307e+01,-7.494894465346362722e+02,-2.055348879776359354e+03,8.916582694603997217e-01,1.147991118077324927e+03,1.220997913406364205e+03,nan,nan,1.157971163245356820e+03,1.138996998499249685e+03,1.152078750549934057e+03,7.619965870307166824e+02
-7.883900364816145157e+01,-1.736272060097570602e+03,-1.615062016465648867e+03,2.890619593393981002e-01,nan,nan,1.081033033033033007e+03,1.102229820051413981e+03,1.163979263867288864e+03,1.426967330270546199e+03,1.191072236727589143e+03,1.072965765765765809e+03
-1.532738722695360138e+02,-1.867497302060123502e+03,-9.853804246990473530e+02,5.505348707262676111e-01,1.012048225659690615e+03,1.551962821734985710e+03,9.860749718151071193e+02,1.191037313432835845e+03,1.164001027221366257e+03,1.472008491508491488e+03,nan,nan
-4.044830209246416786e+01,-1.947070383136644296e+03,-1.791964157060753450e+03,8.838623397323627229e-01,nan,nan,1.106892879647132986e+03,1.146984900480439364e+03,1.164991587802313461e+03,1.498066066066066014e+03,1.199015077605321494e+03,1.115899646330680753e+03
-1.581188774921526772e+02,-1.656081405448356691e+03,-1.014648011507698357e+03,5.387031673374910179e-01,1.016030538302277478e+03,1.474946264073694920e+03,9.879003802281368962e+02,1.124236033519553075e+03,1.164998350742165940e+03,1.392968354430379804e+03,nan,nan
-3.271432403092271102e+02,-1.321302184292637321e+03,2.463196485482601190e+02,4.828209303787433515e-01,nan,nan,7.110401854714065166e+02,1.123069647463456477e+03,1.175001662971175165e+03,1.202959850107066359e+03,1.180979277679100051e+03,1.132012448132780037e+03
-3.172309105381962695e+02,-9.765918935238630638e+02,7.373902593016215690e+01,7.719289349281920343e-01,nan,nan,7.500076067875951367e+02,9.709879822896900805e+02,1.176985059760956119e+03,1.063056547619047706e+03,1.166945445689235157e+03,9.679985148514851971e+02
-2.741596313205515116e+02,-1.471051296402662274e+03,-2.449911042671477901e+01,7.520233767192063823e-01,nan,nan,7.889722222222221717e+02,1.152991379310344882e+03,1.177039593908629513e+03,1.287025458248472432e+03,1.192961899503037102e+03,1.157951136363636351e+03
7.784330925378512234e+01,-1.792012216836102198e+03,-2.207021387118757502e+03,7.116997333735776143e-01,nan,nan,1.175975273418925326e+03,1.080967422096317250e+03,1.184938881053126579e+03,1.450005625879043691e+03,1.212037292817679599e+03,1.039970079476390765e+03
-2.639498759332042255e+02,-1.196465414396723645e+03,9.950393163700420374e+00,6.254135468288262167e-01,nan,nan,7.839912638322655312e+02,1.053963235294117567e+03,1.191087960906263788e+03,1.164999037999037910e+03,1.190974079834110853e+03,1.051031265758951122e+03
-2.220886976587636923e+02,-1.291629157722361924e+03,-8.594651297145541946e+01,2.514057364114053450e-01,nan,nan,8.179919204474829257e+02,1.082963011031797578e+03,1.199929025942241879e+03,1.213979338842975267e+03,1.205972352389878097e+03,1.076920867208672007e+03
-1.949447852523584288e+02,-1.168188875843681899e+03,-2.987276186627968286e+02,1.964853810841679094e-01,nan,nan,8.660537634408601662e+02,1.019953333333333376e+03,1.200909976798143816e+03,1.176985721570627220e+03,1.201902981940361087e+03,1.005998609179415894e+03
-1.579159547218624482e+02,-1.189801604122173330e+03,-4.914447283246176994e+02,8.655234862306446786e-01,nan,nan,9.110382428940567934e+02,1.012972443031266607e+03,1.204052493438320198e+03,1.198940572663425201e+03,1.205985046728972065e+03,9.959712643678160475e+02
-2.325215973185719918e+02,-1.329002726204640567e+03,1.686370014136254554e+02,1.044546248039315506e+00,nan,nan,7.629669694467382897e+02,1.120976686094920979e+03,1.212965376782077328e+03,1.214980182110337410e+03,1.216990068754774711e+03,1.123090772693173221e+03
1.305048614515391989e+02,-2.046061463219898087e+03,-1.754128462197527597e+03,3.995140330067865064e-01,nan,nan,1.149015812776723578e+03,1.183059861373661079e+03,1.217983031674208178e+03,1.532949058693244751e+03,1.251003846153846098e+03,1.142002587322121599e+03
1.064307334621120447e+02,-1.671532835368952419e+03,-1.569987068229106626e+03,2.063079243727531653e-01,nan,nan,1.127953073674331335e+03,1.093018258426966213e+03,1.226031707317073142e+03,1.408914412198721038e+03,1.247059342815105538e+03,1.052928454396504549e+03
-5.202522233002914476e+01,-1.466709892004324956e+03,-5.609560934263375884e+02,2.467441344005130155e-01,nan,nan,9.569535353535353579e+02,1.107846921797005052e+03,1.234027556968733506e+03,1.312969263381027986e+03,1.246976874562018111e+03,1.085064327485380090e+03
-1.300601067038167571e+02,-1.654253949356948851e+03,-2.983312810667257153e+01,4.270470727118784726e-01,nan,nan,8.410346260387811981e+02,1.227007751937984494e+03,1.235999482133609490e+03,1.374027300303336688e+03,1.255047282608695696e+03,1.221975923852183541e+03
-1.040154347127239447e+02,-1.758173536000976810e+03,-1.136604889655183825e+02,1.688738161286929274e-01,nan,nan,8.659171830985915221e+02,1.255967971530249088e+03,1.238989674754775479e+03,1.423047165077772206e+03,1.261949926362297447e+03,1.247976616915422937e+03
-1.734595168560654201e+02,9.804456397651881261e+00,-2.280757041231995004e+02,5.272162014659351748e-01,nan,nan,8.569599437807448794e+02,5.660278940027893668e+02,1.241952274422073060e+03,7.240407725321888393e+02,1.189982925441092675e+03,5.220475372279496469e+02
6.341387091766420525e+01,-8.109411475175886608e+01,-1.534037590439017777e+03,7.330405901607687236e-01,nan,nan,1.123999425287356416e+03,6.120000000000000000e+02,1.242012417823228589e+03,9.180014836795252222e+02,1.211026361031518718e+03,5.579896492236917993e+02
1.093954890921036309e+02,-2.146830325856055424e+03,-1.024253472313124576e+03,9.723288732628926345e-01,1.106010338345864739e+03,1.653034031413612638e+03,nan,nan,1.251986242476354164e+03,1.581961634695579733e+03,1.286003863490019285e+03,1.248987476518472022e+03
5.499830407543247901e+01,-1.407204688585269423e+03,-8.780772979271774830e+02,3.777982536905765687e-01,nan,nan,1.035978789446456176e+03,1.064958820538891814e+03,1.254017535070140184e+03,1.302950617283950578e+03,1.264006413418845568e+03,1.030969696969696997e+03
-1.896257511108316578e+02,-2.325373993881335934e+02,1.447214129781903580e+02,6.123775402027513692e-01,nan,nan,7.759902280130293093e+02,6.689980404964076115e+02,1.255959227467811161e+03,7.569803476946334513e+02,1.210014332965821495e+03,6.359479892761394240e+02
-6.916016691967224972e+01,-1.678238264041280900e+03,7.918412199553465314e+01,5.273647058533127430e-01,nan,nan,8.419812760055478975e+02,1.252966125617501802e+03,1.271036579082946901e+03,1.384010144153764031e+03,1.288030881527231941e+03,1.244005093378607853e+03
2.076211881965993200e+01,-1.339644908127457711e+03,-2.858684040798011097e+02,3.425145115746794366e-01,nan,nan,9.380168067226891253e+02,1.091957918898240223e+03,1.285006160164271023e+03,1.253057185479860664e+03,1.289157187993680964e+03,1.064990107913669135e+03
-1.342180818708743395e+01,-1.151631164122067503e+03,-1.266807984444624253e+02,3.096641058845897021e-01,nan,nan,8.989989610389610561e+02,1.034979869423286118e+03,1.287001037882719174e+03,1.165036113936927677e+03,1.284006416131988999e+03,1.009983455882352928e+03
-7.377980149719271630e+00,-1.337579676976781229e+03,-1.168181626935035808e+02,3.599145258818097770e-01,9.249476502082094385e+02,1.331969753086419814e+03,nan,nan,1.287034997666822164e+03,1.242973827160493784e+03,1.291029567854435072e+03,1.082938496583143433e+03
-2.873911175322390932e+01,-9.138622381980568434e+02,-6.525530066755325720e+01,3.619116097909855778e-01,nan,nan,8.819989577905158740e+02,9.469618037135278428e+02,1.290072174307762225e+03,1.061985693142575201e+03,1.278067613914747653e+03,9.199722502522704417e+02
-5.463950376324148550e+01,-1.410293817084363354e+03,2.050161615362120244e+02,9.130617794191460135e-01,nan,nan,8.219606240713223997e+02,1.165975040257648971e+03,1.292968899521531057e+03,1.256002939735423752e+03,1.297938695163104512e+03,1.153993475682087819e+03
1.727645976110956099e+02,-1.442725508719661548e+03,-8.091046551730615874e+02,4.078393587181265989e-01,nan,nan,1.063996732026143718e+03,1.086972565895642902e+03,1.300076426264800830e+03,1.316990322580645170e+03,1.309001058201058186e+03,1.044990560799555851e+03
1.392822942040839429e+01,-3.865001691513614901e+02,-2.619372814784854882e+02,1.675415683717226545e-01,nan,nan,9.319921834288692253e+02,7.299672386895475711e+02,1.301932725998598471e+03,8.809814957594448970e+02,1.272034658511722682e+03,6.890105263157894342e+02
3.104046713829428654e+02,-1.408636357364320020e+03,-1.444805482837892441e+03,2.567583533390325745e-01,nan,nan,1.176086811352253790e+03,1.032066450567260972e+03,1.301969365426695731e+03,1.325027084439723922e+03,1.310945381882770789e+03,9.790191693290735202e+02
-7.530072623779657803e+00,-1.441626467686097385e+03,1.307062259246726512e+02,6.795077747333664320e-01,nan,nan,8.539953114534494034e+02,1.171911426639621368e+03,1.307010456796918106e+03,1.276003271537622595e+03,1.311951593137254804e+03,1.154963759213759204e+03
2.979203432298410803e+02,-1.094457558814356844e+03,-1.316569158331025619e+03,1.779203118868236400e-01,nan,nan,1.162993069306930693e+03,9.440137404580152634e+02,1.310962998558385380e+03,1.217981262327416061e+03,1.311005159958720242e+03,8.909830682401230888e+02
3.256566649082412823e+02,-1.114712761741058557e+03,-1.277099384056064309e+03,3.502567546957931488e-01,nan,nan,1.166992690058479639e+03,9.530030690537084865e+02,1.321980624327233500e+03,1.223934668071654414e+03,1.322985031385803950e+03,8.989960238568588693e+02
2.213920906029213995e+02,-1.639523552375837880e+03,-6.866567511585787997e+02,5.835142741151865264e-01,nan,nan,1.062959697732997483e+03,1.165011494252873490e+03,1.324973297002724848e+03,1.390048122686409215e+03,1.337042300066093958e+03,1.121984817115251872e+03
2.233587735396269380e+01,-2.075104651703551099e+03,3.789836093456839876e+02,9.387729353589787662e-01,8.349231884057970774e+02,1.659062500000000000e+03,nan,nan,1.337043082021541068e+03,1.575023419203747153e+03,1.359033545401966421e+03,1.445899681528662313e+03
9.974296139462046185e+00,-1.137135709813579524e+03,3.520886143773650474e+02,8.334043395135010135e-01,nan,nan,8.160347043701799521e+02,1.075027595269382346e+03,1.340950947061680381e+03,1.123001015228426468e+03,1.332012762078395554e+03,1.053124907063197043e+03
1.277739395951954737e+00,-6.097979529145404740e+02,3.215592310016331794e+02,8.774950433676259598e-01,8.510223559759243699e+02,1.004008181818181811e+03,8.159700520833333712e+02,8.450090090090089916e+02,1.344013750954927445e+03,8.960037707390648620e+02,nan,nan
1.019858950233372923e+02,-4.679909245838967990e+02,-8.644826639289794912e+01,2.420505268421654643e-01,nan,nan,9.340617615467239148e+02,7.709759776536312756e+02,1.348916604057099903e+03,8.940207667731629044e+02,1.323027056277056317e+03,7.270058981233244140e+02
2.683949449797506759e+02,-1.587251160236822898e+03,-4.290097344853326149e+02,2.070935576264528455e-01,nan,nan,1.044043119847812250e+03,1.176021642266072604e+03,1.365983796296296305e+03,1.365969907407407391e+03,1.373967455621301724e+03,1.130919556171983459e+03
1.991692685274433927e+02,-1.746459329432712593e+03,-1.255972177132582175e+02,3.480020662951754384e-01,nan,nan,9.739270111880661034e+02,1.266041595441595518e+03,1.366017306652244542e+03,1.425995317377731453e+03,1.378004990019960132e+03,1.228962312854930360e+03
2.505406216006990689e+02,-1.012016118266697390e+03,-3.882162487583024131e+02,1.760191425004518362e-01,nan,nan,1.035030949839914683e+03,9.719827586206896513e+02,1.370020091848449965e+03,1.136965070422535291e+03,1.363022962112514278e+03,9.249532195927353087e+02
3.150253029759830383e+02,-9.402138158204392084e+02,-6.460045158881413272e+02,2.996478689475894908e-01,nan,nan,1.093080751173708904e+03,9.310043795620438232e+02,1.371048395061728343e+03,1.129985484707102160e+03,1.364016204913747970e+03,8.789517384535547535e+02
4.277910423139123850e+02,-1.419096445439854506e+03,-1.010733297634568771e+03,5.005443477613306102e-01,nan,nan,1.167964351851851916e+03,1.071061344158773181e+03,1.373011016524787237e+03,1.320967263427110083e+03,1.378029608938547426e+03,1.011992638731596799e+03
1.295336319349955545e+02,-1.488199310159207243e+03,2.249098155378179911e+02,6.733348358472964756e-01,nan,nan,8.880445783132530551e+02,1.210001293661060799e+03,1.377012147984538842e+03,1.296982872928176903e+03,1.377006373937677154e+03,1.179965099715099768e+03
3.972457647161060379e+01,-5.835899159700369410e+02,4.941120454256171115e+02,7.596042046016417970e-01,8.320161153519932213e+02,9.710433244916004014e+02,nan,nan,1.378018567639257299e+03,8.630895381715363328e+02,1.350027350427350484e+03,8.109876750700279899e+02
2.784870379850442532e+02,-8.593761670666922328e+02,-4.108287392716866293e+02,3.095373072104408707e-01,nan,nan,1.048981253347616530e+03,9.149607737775389751e+02,1.380026082677165277e+03,1.081910915320607046e+03,1.369951259583789806e+03,8.640115008625647306e+02
2.603784376893700596e+02,-1.885832280406500558e+03,-1.199435627795218124e+02,4.979303082600743391e-01,nan,nan,9.939869513641755248e+02,1.319984126984126988e+03,1.392054624121146617e+03,1.489932659932660044e+03,1.403105323411562722e+03,1.278002440512507519e+03
1.389240602161121672e+02,-1.305758578621739844e+03,3.410017820604942358e+02,8.310617481053128586e-01,nan,nan,8.689658119658120086e+02,1.149944961896697805e+03,1.395020301926080265e+03,1.207043433298862510e+03,1.391031018206338558e+03,1.118993741307371238e+03
3.502742241643139778e+02,-1.643352996116651639e+03,-2.792091419612783056e+02,5.071235684789899834e-01,1.085945092322643404e+03,1.452967133881101972e+03,nan,nan,1.413000000000000000e+03,1.388978260869565247e+03,1.417965442764578938e+03,1.164994883040935747e+03
3.901312816854562016e+02,-9.188386229427433136e+02,-3.052643416568881207e+02,2.620713847391025197e-01,nan,nan,1.074004244031830240e+03,9.479493540051679474e+02,1.431927923117992577e+03,1.100006451612903220e+03,1.421987709497206652e+03,8.909994447529149966e+02
5.216925183435484996e+02,-1.473023854590353039e+03,-3.051504775894902650e+02,3.057683052405890667e-01,nan,nan,1.116945645055664727e+03,1.160990099009901087e+03,1.477984464902186346e+03,1.323039283651068672e+03,1.475889305816134993e+03,1.094081560283687850e+03
5.702601802310925905e+02,-1.136936199794148251e+03,-3.109851650445145879e+02,1.106947168245699720e+00,1.169972417017297857e+03,1.243914083259521703e+03,1.138069545454545505e+03,1.036011186770427912e+03,1.497988006853226807e+03,1.190988023952095773e+03,nan,nan
6.160312705361848202e+02,-6.014545426083531083e+02,-4.660756314200417023e+02,2.308687962803234184e-01,nan,nan,1.181024657534246671e+03,8.240097719869706907e+02,1.498949751861042159e+03,1.005016341923318691e+03,1.486996954933008510e+03,7.540060716454158865e+02
1.231848892279115717e+03,-1.759075034275744201e+03,-2.163550275152476843e+03,7.228646259129662965e-01,nan,nan,1.483967532467532465e+03,1.111036895674300240e+03,1.512983366600132968e+03,1.460022880215343093e+03,1.517960220318237361e+03,1.006987429289754914e+03
9.080767817791023617e+02,-5.338795369500726338e+02,-1.184880512548194247e+03,2.611784309692528061e-01,nan,nan,1.352988820570150892e+03,7.819844420600858257e+02,1.515968871595330711e+03,1.050985896574882418e+03,1.508993722536095447e+03,7.009774774774774642e+02
5.285782197705566432e+02,-1.704145813444849182e+03,-1.943528259269172409e+01,3.908695620935658255e-01,nan,nan,1.078045482483097658e+03,1.281972653822249868e+03,1.516958464443045841e+03,1.415023240800516533e+03,1.512956439393939490e+03,1.213972297297297246e+03
1.263017722555842511e+03,-1.410736394576751763e+03,-2.166171834785970077e+03,7.169507557128852460e-01,nan,nan,1.499989625360230548e+03,1.016008670520231249e+03,1.521958358848744638e+03,1.359991751269035603e+03,1.524056034482758605e+03,9.149829329962072961e+02
5.698210136363675247e+02,-9.787678860465465505e+02,-5.530374968039448902e+01,1.841579667147338339e-01,1.134056542056074704e+03,1.162952588292210976e+03,1.106005726184278956e+03,9.969738219895288012e+02,1.530027954256670910e+03,1.111015768725361340e+03,nan,nan
1.217353077943729204e+03,-1.740419247675344195e+03,-1.869943979989275249e+03,2.737739548601200723e-01,nan,nan,1.466037477691850199e+03,1.126959608323133352e+03,1.535104477611940410e+03,1.452931473620375982e+03,1.537987216734456752e+03,1.020997611940298498e+03
5.861226862193672105e+02,-1.291142037289112295e+03,-5.585591754596412528e+01,3.515652463493357804e-01,nan,nan,1.109048300536672741e+03,1.121956625074272097e+03,1.536006112469437539e+03,1.240023485784919558e+03,1.527042086001829830e+03,1.049981149858623894e+03
5.640377649627639585e+02,-8.653795306876229176e+01,-1.978517898854347123e+01,1.016318526306578596e+00,nan,nan,1.108018867924528195e+03,6.209708846584546791e+02,1.537985906040268446e+03,7.639903780068729020e+02,1.517954134815844327e+03,5.520636425186188490e+02
1.637586806707113738e+03,-1.860754831766869302e+03,-2.388243551582809687e+03,8.909681978316762452e-01,1.680897355163727980e+03,1.520990066225165492e+03,1.604971264367816048e+03,1.135046065259117086e+03,1.600977181208053707e+03,1.496942496493688623e+03,nan,nan
1.009658988183558449e+03,-1.084964613085415522e+03,-5.032533748065158079e+02,1.590040241500596252e-01,nan,nan,1.322974038941587651e+03,1.018995449949443923e+03,1.630982747179827584e+03,1.195981171548117118e+03,1.622988786279683382e+03,9.209883561643836174e+02
6.755751341207802625e+02,-2.047071806132541269e+03,3.061566437312914104e+02,6.726075377768011565e-01,nan,nan,1.084991189427312747e+03,1.476997855611150726e+03,1.630997916666666697e+03,1.577075522589345837e+03,1.615035772357723545e+03,1.387935502283105052e+03
1.516764729981424807e+03,-1.999975297313203555e+03,-1.636268626232294991e+03,1.303104074735893514e-01,nan,nan,1.539926365795724450e+03,1.233005059021922534e+03,1.646964285714285779e+03,1.540004595588235361e+03,1.640911132812500000e+03,1.101002038735983660e+03
8.911622381619988573e+02,-1.259275496651463982e+03,-9.081158492468075849e+01,8.483356623363413895e-01,nan,nan,1.232949053857350691e+03,1.120286646884273068e+03,1.648978905735003309e+03,1.237990806223479467e+03,1.638983498349834917e+03,1.023970212765957399e+03
1.542525569880006060e+03,-1.416052959091075309e+03,-1.505429234210252389e+03,4.838958883751421358e-01,1.614956294846705759e+03,1.366992031872509870e+03,nan,nan,1.666962649753347478e+03,1.354976331360946688e+03,1.661919220055710412e+03,9.460051432770021620e+02
1.299184532586349178e+03,-3.900772333076328096e+02,-8.304727733560040406e+02,5.647981116439878546e-01,nan,nan,1.471016763005780376e+03,7.489888205701508923e+02,1.678013460015835335e+03,9.909532554257094716e+02,1.678014232209737884e+03,6.510310370931113084e+02
1.022792576144773534e+03,-1.821328178085876289e+03,-1.735230351282495747e+02,2.890361416957544782e-01,nan,nan,1.282922418405564486e+03,1.332015538290788072e+03,1.692103835978836059e+03,1.478933784800601870e+03,1.673962092130518158e+03,1.216014366341713639e+03
1.457827758710567423e+03,-1.821232370462855442e+03,-9.540216358373124876e+02,5.803033147589019558e-01,nan,nan,1.496969139855548292e+03,1.249943877551020478e+03,1.719927993527508079e+03,1.484988044406490189e+03,1.704945229681978844e+03,1.112017975402081447e+03
2.062600317652847480e+03,-1.095247326296182791e+03,-2.206376810708503854e+03,3.975635037123706472e-01,nan,nan,1.744016791044776028e+03,9.469651240778001693e+02,1.727966235632183952e+03,1.290947727272727207e+03,1.727961222967934418e+03,8.130007575757575751e+02
9.978630823865091770e+02,-9.269282664798247424e+02,2.350413493446578173e+02,5.891095624771928163e-01,nan,nan,1.244006916996047494e+03,1.018975635044064234e+03,1.744029505582137062e+03,1.083005813953488314e+03,1.732968100890207779e+03,9.159448881789137431e+02
1.834714123480737953e+03,-1.642263198340018334e+03,-1.531742740722087092e+03,4.755062723315316986e-01,nan,nan,1.647013764624914074e+03,1.149007812500000000e+03,1.748944192083062944e+03,1.431962377727614694e+03,1.738997466216216253e+03,1.002049999999999955e+03
2.183440012381622637e+03,-1.489788272290832992e+03,-2.293985570308234855e+03,9.003294589552593985e-01,nan,nan,1.769057588805166915e+03,1.055979682539682472e+03,1.751988741721854240e+03,1.404028551532033362e+03,1.751000000000000000e+03,9.120295176385889135e+02
2.094598441983295288e+03,-1.686262557608561110e+03,-1.974873766203380910e+03,4.380856254954814677e-01,nan,nan,1.734008389261744924e+03,1.132966273187183788e+03,1.765000000000000000e+03,1.452996138996139052e+03,1.758000000000000000e+03,9.810078740157480297e+02
2.059009862144695944e+03,-7.087572294037408938e+02,-1.786706871541694682e+03,8.098047495850213551e-01,1.765955427749820274e+03,1.137034251675353744e+03,nan,nan,1.770965375103050292e+03,1.168003451251078559e+03,1.774003961965134749e+03,7.189742589703588465e+02
1.686509157683557078e+03,-1.501467293030617839e+03,-8.789459726927304928e+02,7.854082373682192975e-01,nan,nan,1.583971631205673702e+03,1.160987527512839279e+03,1.800995024875621993e+03,1.376021720243266827e+03,1.785948100092678487e+03,1.013000996015936266e+03
1.615201729538955988e+03,-2.102274780813575035e+03,-7.365677003738867370e+02,6.022335762287113203e-01,1.644057817589576644e+03,1.625927791771620377e+03,1.535039203484754125e+03,1.380913565426170408e+03,1.813004801920768386e+03,1.595925840092699900e+03,nan,nan
1.804387064099071722e+03,-1.250750905967847075e+03,-9.378718470097967383e+02,8.264659260049399547e-01,1.689039682539682644e+03,1.280912247474747574e+03,nan,nan,1.824975291695264332e+03,1.293989747634069317e+03,1.814068041237113448e+03,9.250240770465489959e+02
1.937772112510256648e+03,-1.439906140575943709e+03,-1.168509341452212766e+03,5.457184328527314721e-01,nan,nan,1.682941698352344702e+03,1.121996587030716682e+03,1.829987980769230717e+03,1.364945497630331829e+03,1.816874720357941897e+03,9.660163793103448597e+02
1.674550990332768833e+03,-1.326203821533221117e+03,-6.721786464004295567e+02,4.007777915240269273e-01,nan,nan,1.577960732984293145e+03,1.119980053191489333e+03,1.830030708661417293e+03,1.308986610878661168e+03,1.816001824817518354e+03,9.729673704414586837e+02
2.272912145303697798e+03,-1.214317735971005732e+03,-1.708299906860350347e+03,3.757742252379309700e-01,1.861998547567174910e+03,1.288022271714921999e+03,1.807036903039073877e+03,1.017978162650602371e+03,1.841966233766233699e+03,1.313987610619469024e+03,nan,nan
2.234771883344207254e+03,-1.302792675554749849e+03,-1.605681202967751233e+03,2.527634345445490816e-01,nan,nan,1.791991976659372767e+03,1.052056433408577959e+03,1.847000000000000000e+03,1.337030528052805266e+03,1.839001828153564929e+03,8.930436397400185342e+02
1.223929385355675322e+03,-1.026458606824828166e+03,3.637949544824218719e+02,4.333220219167289167e-01,nan,nan,1.327006896551724139e+03,1.087999470619375415e+03,1.861966942148760381e+03,1.123986368062317524e+03,1.846998035363457802e+03,9.610227743271221925e+02
2.207229325349937881e+03,-1.304674154972855604e+03,-1.438320943894390439e+03,2.588478501913663021e-01,1.845968124536693949e+03,1.310062222222222317e+03,nan,nan,1.863987980769230717e+03,1.333035146443514577e+03,1.854034697508896897e+03,9.029431599229286576e+02
2.092281587804110586e+03,-1.454318382408893285e+03,-9.608998878818620142e+02,7.291460587643209257e-01,nan,nan,1.736898326100433906e+03,1.153962238705327081e+03,1.912007181328545812e+03,1.369952755905511822e+03,1.893912065439672915e+03,9.810551876379690839e+02
1.783340964141024870e+03,-1.487943058102776604e+03,-2.508511114694032642e+02,3.079933881537753604e-01,nan,nan,1.600041637751561439e+03,1.235929140127388564e+03,1.952960167714884619e+03,1.362042128603104175e+03,1.925106239460370944e+03,1.061984782608695696e+03
1.944033304169663779e+03,-1.203426987496490710e+03,-3.296393961937325798e+02,4.525843537879492007e-01,nan,nan,1.679997777777777856e+03,1.121845720720720692e+03,1.984955331412103760e+03,1.260008143322475462e+03,1.967028901734104011e+03,9.490000000000000000e+02
2.189014092982004968e+03,-1.428614997375194662e+03,-6.498352473720166245e+02,6.845821754892519317e-01,nan,nan,1.775065532451165609e+03,1.183957402234636902e+03,2.002041543026706222e+03,1.357910659898477206e+03,1.978899392888117973e+03,9.939211822660098505e+02
2.033507436348370902e+03,-1.060550425785107791e+03,-3.259764901437224012e+02,6.924669641018145194e-01,nan,nan,1.724046271094175381e+03,1.069007951070336503e+03,2.011946645109135034e+03,1.208972321428571377e+03,2.000047095761381570e+03,8.959942084942084648e+02
2.170303999646675948e+03,-1.135600646298310039e+03,-4.999206204705981236e+02,4.110554486457861922e-01,nan,nan,1.780103312745648509e+03,1.087948666666666668e+03,2.019994676131322194e+03,1.248077807250220985e+03,2.007872115384615427e+03,9.070514705882352473e+02
2.322270521190507225e+03,-1.128456288985404399e+03,-7.133160866807855882e+02,3.764590554558226998e-01,1.891921623123957716e+03,1.204099428571428462e+03,nan,nan,2.023047353760445731e+03,1.258006983240223462e+03,2.012131811487481627e+03,8.871688819390149092e+02
2.429591595231185238e+03,-9.241803373556140286e+02,-8.415576671686411601e+02,6.256271306775657015e-01,1.922033983637507845e+03,1.129930477528089796e+03,1.892872213967310472e+03,9.860359246171966561e+02,nan,nan,2.024047125841532988e+03,8.109755501222493876e+02
2.136885976225821196e+03,-1.032720316236116560e+03,-3.982467631962250039e+02,3.668179503866036417e-01,1.808983093299937309e+03,1.148939331970006833e+03,nan,nan,2.029049957662997485e+03,1.205964285714285779e+03,2.019897746967071043e+03,8.790747185261003551e+02
1.775716120068080272e+03,-1.110382538519874970e+03,1.801975261896610903e+02,3.947155832784868257e-01,nan,nan,1.590936265137029977e+03,1.132954575818303283e+03,2.038887735849056526e+03,1.192969598262757927e+03,2.020010131712259408e+03,9.609193020719737888e+02
2.485733594079841623e+03,-1.255746356435709913e+03,-8.057375294564371870e+02,2.924233085109397279e-01,1.966932073242764318e+03,1.254873433583959923e+03,nan,nan,2.057032336790726276e+03,1.308078665827564464e+03,2.040137404580152634e+03,9.189645933014354569e+02
2.359513298906473210e+03,-1.188725023858334907e+03,-6.034860006981998595e+02,5.331144389164440556e-01,nan,nan,1.856035193133047187e+03,1.105950000000000045e+03,2.059981738495252102e+03,1.275992194275802149e+03,2.043921348314606803e+03,9.139338983050847673e+02
2.418962218097274672e+03,-1.364710506984382619e+03,-6.908862256408439180e+02,9.100472746141962110e-01,nan,nan,1.870996812749003993e+03,1.167027898866608439e+03,2.062957975986277688e+03,1.341013096351730610e+03,2.041992727272727279e+03,9.640240700218818120e+02
2.469600483964088198e+03,-1.205949335623622801e+03,-7.015259873766066221e+02,2.692139975114817285e-01,1.959998695368558401e+03,1.229003623188405754e+03,nan,nan,2.073005598320503850e+03,1.287992524916943466e+03,2.057102877697841905e+03,9.100420240137220844e+02
1.960976987008547439e+03,-1.045880761682858292e+03,7.534662448300120730e+01,4.113324774133042538e-01,nan,nan,1.683015948021263966e+03,1.100936986301369870e+03,2.079090017825311861e+03,1.180036180904522553e+03,2.066000666666666802e+03,9.218030085959885582e+02
2.166505743524453464e+03,-1.116970736226763393e+03,-1.980373241248486522e+02,7.578456048994445249e-01,nan,nan,1.777949892627058034e+03,1.110954242928452686e+03,2.087947668886774409e+03,1.229003115264797543e+03,2.071815384615384573e+03,9.219662745098039522e+02
2.056599508278623944e+03,-1.123612444904684935e+03,-2.681800202449784720e+01,5.277500088554977209e-01,1.772957848837209212e+03,1.162984150943396116e+03,nan,nan,2.091018356643356583e+03,1.218869224062772446e+03,2.073909970958373833e+03,9.400395721925133330e+02
2.483480503375755234e+03,-9.677249891213892852e+02,-5.996620484804882381e+02,7.880075635999785888e-01,1.954081456953642373e+03,1.124989621942179383e+03,nan,nan,2.092953546767106218e+03,1.203010638297872447e+03,2.087991174473862884e+03,8.360794165316045792e+02
2.150400388774688963e+03,-1.088592664816286515e+03,-1.384365279490271519e+02,3.726864306752824541e-01,nan,nan,1.771959138187221470e+03,1.105968306922435431e+03,2.094948772678761998e+03,1.213993063583815001e+03,2.081070657507360011e+03,9.160713513513513817e+02
1.925255665667629501e+03,-1.158675335692509861e+03,1.865704687674134448e+02,2.375829276706279136e-01,nan,nan,1.658079976649153423e+03,1.163014193548387084e+03,2.098033423667569878e+03,1.217983706720977580e+03,2.076048298572996828e+03,9.759952210274791469e+02
1.903731622608625457e+03,-1.129037366033916669e+03,2.629822170909913552e+02,9.643220399686875943e-01,nan,nan,1.645971606648199440e+03,1.157981563421828923e+03,2.107095356037151760e+03,1.200953835709436589e+03,2.088918153200419511e+03,9.720023446658850617e+02
1.786329494391496610e+03,-1.003848760957470517e+03,4.630665926790545086e+02,2.298303532765269830e-01,nan,nan,1.583918147549811465e+03,1.118982060185185219e+03,2.110933589990375367e+03,1.130024287222808880e+03,2.095016267123287889e+03,9.409750000000000227e+02
2.034482750258651095e+03,-1.022647139615196579e+03,1.056946755993345590e+02,9.218223251748445257e-01,nan,nan,1.716996575342465803e+03,1.099019852941176396e+03,2.112940655447298468e+03,1.171955963302752252e+03,2.100083910700539036e+03,9.109874999999999545e+02
2.040431693693730040e+03,-1.200562255263435873e+03,9.001776517547335743e+01,8.446331518167076169e-01,1.766979720279720368e+03,1.189011029411764639e+03,nan,nan,2.115820261437908357e+03,1.243966708807416808e+03,2.095199792960662307e+03,9.800050983248361263e+02
2.144601881414022046e+03,-1.229376488807281703e+03,-5.481885212462091062e+01,2.423206499245737222e-01,nan,nan,1.761951254480286707e+03,1.175034455755677300e+03,2.118854004252303184e+03,1.265058774139378784e+03,2.095055493895671589e+03,9.749767759562842002e+02
1.839904977048856153e+03,-1.207751289627703500e+03,3.836453388048582838e+02,6.371386569440894432e-01,nan,nan,1.606815899581589974e+03,1.207040196078431336e+03,2.118911481156879745e+03,1.224979722518676681e+03,2.090139299610894795e+03,1.017000947867298578e+03
2.236885425565751575e+03,-1.090327216152588562e+03,-1.510535592150305320e+02,7.836177979141846217e-01,nan,nan,1.810985694822888263e+03,1.109886519944979455e+03,2.121988142292490011e+03,1.217966413867822212e+03,2.106923793395427765e+03,9.130164835164835040e+02
2.014542895704881175e+03,-1.098457683657681400e+03,1.669576788561416549e+02,7.981576954880472696e-01,nan,nan,1.702937158469945416e+03,1.137965069049553222e+03,2.122982986767485727e+03,1.197996770721205621e+03,2.106921860465116424e+03,9.480054347826087451e+02
1.929506295500692886e+03,-1.540987165795626424e+03,2.341457913932560473e+02,3.375787589005973532e-01,nan,nan,1.643038348082595803e+03,1.338983903420523120e+03,2.125912962962962865e+03,1.378038135593220431e+03,2.080014783526927204e+03,1.128923353293413129e+03
2.368955335828491116e+03,-1.157804734381346634e+03,-3.066752214441638102e+02,5.087179390117461120e-01,nan,nan,1.866034456355283282e+03,1.127015113350126057e+03,2.130000000000000000e+03,1.253960554371002218e+03,2.112917165668662619e+03,9.229525386313465560e+02
2.345821979741182986e+03,-1.018283753963898448e+03,-2.482655033342971649e+02,4.197152559926911053e-01,nan,nan,1.862969247666117553e+03,1.072958472873409164e+03,2.131947520184544373e+03,1.199956956187548030e+03,2.122998987854251027e+03,8.779466073414905622e+02
2.444809670250425825e+03,-1.023802987681066725e+03,-3.732501463392030132e+02,3.898677491932076578e-01,nan,nan,1.905002429149797536e+03,1.067957009345794404e+03,2.133949624392399528e+03,1.210907720144752602e+03,2.125837924407431274e+03,8.689392971246006709e+02
2.188632015147401489e+03,-1.046685824053605756e+03,-1.181410287612781396e+01,3.596429417027293129e-01,nan,nan,1.790068786982248412e+03,1.103950244698205552e+03,2.138070474777447998e+03,1.193011149228130307e+03,2.125992063492063608e+03,9.080639658848614317e+02
1.998382248939596820e+03,-8.344105954864970727e+02,3.034262660636818509e+02,2.857685647888266733e-01,nan,nan,1.702035619351408741e+03,1.030999404407385327e+03,2.144040173724212764e+03,1.080977190876350505e+03,2.142070159027128284e+03,8.510232067510548859e+02
2.127438572268039024e+03,-1.208098975912813103e+03,8.649988844035711111e+01,2.517655542665899193e-01,nan,nan,1.753048762190547677e+03,1.182908073541167141e+03,2.147987096774193560e+03,1.250031479538300118e+03,2.123992300288738988e+03,9.800418963616317569e+02
2.299044851064453724e+03,-1.028947511997137781e+03,-1.209125761625765989e+02,7.319644013793716875e-01,nan,nan,1.842050087361677242e+03,1.088963256484149952e+03,2.148981308411214741e+03,1.195983940042826589e+03,2.136952336448598089e+03,8.909932203389830647e+02
2.248485665080841500e+03,-1.068395361545617561e+03,-5.420573070853608044e+01,2.488803325569542146e-01,nan,nan,1.816919331395348763e+03,1.110949958298582260e+03,2.149019747235387058e+03,1.205931818181818244e+03,2.135860706860707069e+03,9.120154211150652372e+02
2.104495662723923942e+03,-1.094022033374672674e+03,1.759290442725445303e+02,5.234746538989204501e-01,nan,nan,1.745981879194630892e+03,1.142996953541507992e+03,2.158791095890410816e+03,1.197864906043676910e+03,2.140898710865561497e+03,9.439834368530021038e+02
2.038419103648327336e+03,-9.442629745636651251e+02,3.055962066800635739e+02,5.379207730408095411e-01,nan,nan,1.716952932098765359e+03,1.085009353078721688e+03,2.163007744433688458e+03,1.126955681818181802e+03,2.155035317200784903e+03,8.960041666666667197e+02
2.020172283659355571e+03,-1.025482857065522921e+03,3.395271096030691638e+02,3.345207050758876588e-01,1.741014854827819136e+03,1.085984892086331001e+03,nan,nan,2.169024266936299227e+03,1.157053751399776047e+03,2.153961363636363785e+03,9.320060753341433610e+02
2.343024997167297443e+03,-1.209221735595801192e+03,-3.803705509856645506e+01,4.323381920300994330e-01,nan,nan,1.853942235558889706e+03,1.178988444444444440e+03,2.191919141914191641e+03,1.262991614255765171e+03,2.167937411095305833e+03,9.629754253308128682e+02
2.275668531556769722e+03,-1.246322470000834528e+03,4.623552123940975633e+01,1.625425937396650922e-01,nan,nan,1.820943894389439038e+03,1.202941533788914285e+03,2.192032831001076374e+03,1.271912367491166151e+03,2.164948139797068961e+03,9.859389499389499179e+02
2.133907820400327182e+03,-1.083237089589495781e+03,2.664461413773142908e+02,7.070106599982318718e-01,nan,nan,1.758036676646706610e+03,1.149931583134447010e+03,2.194118683356513884e+03,1.190917366042608137e+03,2.175983802216538606e+03,9.459817813765182564e+02
2.259792508569647907e+03,-1.076868396296476249e+03,1.233379398856613847e+02,7.741586555974474537e-01,nan,nan,1.821013067400275077e+03,1.135981481481481524e+03,2.201014003294892973e+03,1.200849157054125953e+03,2.184016281062553389e+03,9.280040650406504028e+02
2.234501551702893721e+03,-1.185688961866047748e+03,1.583294690859893308e+02,6.216314005241208029e-01,nan,nan,1.803890292553191557e+03,1.188974796747967503e+03,2.205972049689441064e+03,1.240983624454148412e+03,2.180090775988287078e+03,9.739924953095684259e+02
2.167709046439641497e+03,-1.127915313282697980e+03,2.870316208380540957e+02,4.386434636735477288e-01,1.822005072463768101e+03,1.132001482579688627e+03,nan,nan,2.213986761710794326e+03,1.208949023861171327e+03,2.192124878993223774e+03,9.650023419203747608e+02
2.084126710349783025e+03,-9.450226467921401081e+02,4.555986288555515671e+02,4.746625765594594815e-01,nan,nan,1.735042272126816442e+03,1.105984939759036251e+03,2.221931606217616718e+03,1.118026315789473756e+03,2.212913265306122412e+03,9.060488841657810326e+02
2.052055761746239114e+03,-1.103397569270191525e+03,4.774147853493400930e+02,5.372980024003322086e-01,nan,nan,1.711029505582137062e+03,1.182983620689655254e+03,2.222884515570934127e+03,1.182962550982573248e+03,2.201004291845493753e+03,9.760221187427240466e+02
2.437052457987455000e+03,-1.297925737888291223e+03,4.761309676360398413e+01,7.349905371291196587e-01,nan,nan,1.894858842188739118e+03,1.235967140319715782e+03,2.251983084577114369e+03,1.296925081433224705e+03,2.218991617770326684e+03,9.999531707317073597e+02
2.237433648664367411e+03,-1.216937117168359464e+03,4.590888484974753396e+02,4.014174347367809315e-01,nan,nan,1.800024144869215206e+03,1.246140801644398834e+03,2.295040634291377501e+03,1.240051078320090710e+03,2.262983783783783565e+03,1.014957283680175237e+03
2.295299608910796451e+03,-1.025500949165832253e+03,4.880218174814077656e+02,4.002391549846138763e-01,nan,nan,1.839029313232830873e+03,1.161903979238754346e+03,2.317018729641693881e+03,1.157922018348623851e+03,2.299918406072106336e+03,9.359676025917926836e+02
