# X,Y,Z,error,cx_i,cy_i
-2.088526653800851818e+03,-1.336914188692078596e+03,4.968541708796158218e+02,6.176990242608823012e-01,4.101414309484192700e+01,1.367058664259927809e+03,3.804505169867060488e+01,1.075017969451931776e+03,nan,nan,3.220294250792213688e+02,1.256028533510285342e+03
-2.097394492568038459e+03,-1.373758843858516684e+03,4.725465345024774706e+02,3.038434411016597281e-01,4.404508566275924153e+01,1.383028907922912140e+03,4.601512096774193594e+01,1.085994061757719692e+03,nan,nan,3.232731844228745217e+02,1.270281980198019710e+03
-2.135510836879448107e+03,-1.388067843176421775e+03,4.167394336252823450e+02,3.833751108606136548e-01,5.106856187290969729e+01,1.391010302197802275e+03,5.392165397170838048e+01,1.084010928961748732e+03,2.521208053691275097e+02,1.143060975609756042e+03,nan,nan
-2.195116147375337277e+03,-1.526222412545112547e+03,2.996368849864373374e+02,4.339828504398285935e-01,6.410518626734842940e+01,1.450919019316493404e+03,nan,nan,2.229415363698164469e+02,1.220891733723482048e+03,3.060684062059238499e+02,1.316926308032424458e+03
-2.094793613720185476e+03,-1.400764328491071637e+03,4.120622394063892671e+02,5.895438057863325865e-01,6.518946047678795708e+01,1.395001494768310977e+03,6.890168878166466016e+01,1.090080657206870910e+03,nan,nan,3.340482221139795342e+02,1.274014454664914638e+03
-2.136927535995898779e+03,-8.101706031687829181e+02,4.697631731809416920e+02,4.737535899312146914e-01,6.712821888412017302e+01,1.160092848904267612e+03,9.111444277861069807e+00,8.650433673469387941e+02,2.938395311236863563e+02,8.469757462686567351e+02,nan,nan
-2.203865901302448037e+03,-1.551500915258219038e+03,2.726481190105753853e+02,6.763148998821878477e-01,6.995934959349592930e+01,1.462105209397344197e+03,8.908534482758621209e+01,1.126993027888446250e+03,2.190097645031590901e+02,1.235078062678062679e+03,nan,nan
-2.182618005688507310e+03,-1.289655212139690320e+03,3.247021857951338006e+02,5.915053264294622970e-01,7.385887708649468664e+01,1.356026119402985159e+03,6.711310861423220331e+01,1.037973118279569917e+03,nan,nan,2.911123966942148513e+02,1.212023019634394132e+03
-2.145341085890634076e+03,-1.334714855953503729e+03,3.482839376659206323e+02,5.056143617873939400e-01,7.503902439024389537e+01,1.372100917431192556e+03,7.211809923130677191e+01,1.058020547945205408e+03,nan,nan,3.108598418277680366e+02,1.234869252077562351e+03
-2.025636875486805366e+03,-1.335671607849563998e+03,4.559065981665331151e+02,4.934639334558064139e-01,7.507378939277478480e+01,1.366062390158172320e+03,7.290820734341252773e+01,1.073109176155391879e+03,nan,nan,3.602058562555457115e+02,1.245996975196612311e+03
-2.155400548558410719e+03,-8.684875156522741690e+02,4.209500194044449586e+02,3.563026375201678309e-01,7.515363128491620159e+01,1.187029850746268721e+03,2.307090719499478482e+01,8.848914728682170789e+02,2.848161458333333371e+02,8.810851342501637191e+02,nan,nan
-2.001961783333463245e+03,-1.535416191489302491e+03,4.339376555148775765e+02,7.921992072018068098e-01,7.987724335965542366e+01,1.448959860383944260e+03,9.507786116322701275e+01,1.146917634635691684e+03,nan,nan,3.900780487804877907e+02,1.333942786069651675e+03
-2.184216643487848614e+03,-7.759446647947532938e+02,3.939577324303979253e+02,6.322346570589075787e-01,8.106058282208589105e+01,1.153777134028582395e+03,nan,nan,2.810173233695651902e+02,8.399225235196457788e+02,2.391311182565201818e+02,9.759849295089936732e+02
-2.082353091225144453e+03,-1.291710365898639111e+03,3.889911045248866230e+02,2.831994409043017136e-01,8.311451612903225339e+01,1.351893617021276668e+03,7.604287901990811349e+01,1.047997299729973065e+03,nan,nan,3.351744855967078252e+02,1.218135080645161224e+03
-2.127122596990928287e+03,-1.416451529325693173e+03,3.061922509839664599e+02,1.002933149171455929e+00,9.094001363326516696e+01,1.405075636942675146e+03,9.500945829750645544e+01,1.084226976069615603e+03,nan,nan,3.318610169491525426e+02,1.265845986984815681e+03
-2.264086421869626065e+03,-1.257741890855343399e+03,1.963279083222922736e+02,8.300880323812389605e-01,9.319606598984771040e+01,1.348982442138866645e+03,8.600373532550693767e+01,1.012015976761074853e+03,nan,nan,2.640830216903515293e+02,1.183956053811659103e+03
-2.239851448662135681e+03,-1.061354345268138331e+03,2.492988688361515131e+02,6.274535696590238798e-01,9.603513071895424957e+01,1.272074712643678140e+03,6.501664447403462077e+01,9.449629948364888605e+02,2.449077228847245919e+02,9.930438963210701786e+02,nan,nan
-2.022969226650932114e+03,-8.884756874920087739e+02,4.702973625003850202e+02,3.627416413344084489e-01,9.797701736465781153e+01,1.185998488284202494e+03,4.894923857868020178e+01,9.000992282249172831e+02,3.489411352487736622e+02,8.919801816680429738e+02,nan,nan
-2.095153284647088640e+03,-8.074056562716756389e+02,4.061092956542126444e+02,2.853623419230594815e-01,1.019136069114470899e+02,1.161941505911636568e+03,4.497629083245521286e+01,8.620021645021645327e+02,3.239625267665953174e+02,8.579989389920424401e+02,nan,nan
-2.179044114521043866e+03,-6.792020874843020692e+02,3.396385524527773896e+02,3.004010691722923676e-01,1.060678531701890961e+02,1.121954128440366958e+03,3.617154526889040511e+01,8.060302782324058626e+02,2.980978112175102410e+02,8.029466338259442182e+02,nan,nan
-2.109917015921454549e+03,-7.701596277651066202e+02,3.817940752136511833e+02,2.836272136496467700e-01,1.079859320046893316e+02,1.149982864137086835e+03,4.707727503812913028e+01,8.459677615571775959e+02,3.218691936083240535e+02,8.430130681818181984e+02,nan,nan
-2.239793598887662029e+03,-1.283973943072279326e+03,1.489156384579807479e+02,2.724234038435196514e-01,1.150345911949685558e+02,1.360028535193405105e+03,1.090538585209003202e+02,1.018992516370439716e+03,2.390869815668202705e+02,1.110932129514321332e+03,nan,nan
-1.879114473803329247e+03,-1.215447785958012673e+03,4.961964450246243246e+02,4.639752182139907366e-01,1.170617120106171143e+02,1.310855572998430034e+03,9.996769456681350619e+01,1.036078380706287589e+03,nan,nan,4.238655866900174942e+02,1.188989621489621413e+03
-2.153322657650940528e+03,-7.408790889441070249e+02,3.196009101830269969e+02,7.060751986471239805e-01,1.178959156785243749e+02,1.145963855421686731e+03,5.301732435033686386e+01,8.301546275395033945e+02,3.088775605214152620e+02,8.359584432717678055e+02,nan,nan
-2.087517631701934988e+03,-1.317897062601286962e+03,2.684904532689120629e+02,3.293789055254179310e-01,1.208968792401628178e+02,1.365926380368098080e+03,1.161292952824694282e+02,1.046853049228508553e+03,nan,nan,3.491366976972072393e+02,1.213102608695652179e+03
-1.908878348741698574e+03,-1.184555754160417337e+03,4.526899342730642388e+02,8.623311684315321246e-01,1.241460554371002161e+02,1.301929471032745596e+03,1.040168185003503822e+02,1.019834018077239080e+03,3.889756920999324734e+02,1.045995444191343950e+03,nan,nan
-2.065635810121465056e+03,-1.303721393560737852e+03,2.788826783040568671e+02,6.158083762450321519e-01,1.242831644958996691e+02,1.360050516023899945e+03,1.190836466165413583e+02,1.043933558558558616e+03,nan,nan,3.581180311401305971e+02,1.206066411238825140e+03
-2.134868543102191779e+03,-8.571209036312062608e+02,2.834355271097748528e+02,5.071370602493706636e-01,1.270540468227424782e+02,1.189872676882947417e+03,7.790852272727272521e+01,8.739730412805391779e+02,3.129920844327176610e+02,8.970658153241649870e+02,nan,nan
-1.842186448100513189e+03,-1.228513901137691391e+03,4.999866098289277829e+02,5.232412661547526378e-01,1.270795019157088177e+02,1.314979613733905580e+03,nan,nan,4.180230040595399146e+02,1.067037932930181341e+03,4.431917930419268714e+02,1.194026651216685877e+03
-2.007563197898243516e+03,-9.383835046281162704e+02,3.887485311272104127e+02,6.623482777265149446e-01,1.279430156328794794e+02,1.211145911949685569e+03,8.392274368231046822e+01,9.151138014527845144e+02,3.620285923753665429e+02,9.279695723684210407e+02,nan,nan
-1.864813029157368192e+03,-1.290720361207628230e+03,4.614350672571908945e+02,9.097589077692883608e-01,1.280991033506370798e+02,1.341969331079449375e+03,1.211041028781383915e+02,1.062994672754946805e+03,nan,nan,4.400511013215859180e+02,1.219026192703461220e+03
-1.958358477257809000e+03,-9.087203434743369144e+02,4.336880757174566270e+02,6.051603796792184298e-01,1.299599578503687951e+02,1.195163048294195733e+03,8.304937499999999773e+01,9.079069230769230217e+02,3.859924738219895062e+02,9.101986518636002756e+02,nan,nan
-2.384104898070365380e+03,-1.280175196247375879e+03,-4.792680737396118218e+01,7.275345792197786265e-02,1.359502133712660168e+02,1.368148174659985671e+03,1.300826666666666540e+02,9.979513343799058021e+02,1.920564273789649405e+02,1.120040999609527489e+03,nan,nan
-2.068253262023515163e+03,-7.377846960879925291e+02,3.347021344321033780e+02,1.018791255053001388e+00,1.390426315789473790e+02,1.139961538461538566e+03,7.394974003466204238e+01,8.319757085020243039e+02,3.519053398058252355e+02,8.379961365099807153e+02,nan,nan
-1.929080233654699668e+03,-1.161186847936612367e+03,3.894183370684651209e+02,4.227213217406958212e-01,1.399385093167701939e+02,1.295029411764705856e+03,1.182753086419753146e+02,1.004933940774487496e+03,3.859882400648824046e+02,1.041055584687991541e+03,nan,nan
-1.882240541374367922e+03,-1.116178388524750744e+03,4.287041560990645621e+02,2.058287286313296438e-01,1.440402343750000114e+02,1.273985936715218486e+03,1.182213451215661451e+02,9.919302775984506297e+02,4.110013650013650022e+02,1.016959429335711093e+03,nan,nan
-2.027104327677707943e+03,-8.324292749999333410e+02,3.322258903984950393e+02,4.015287714293582222e-01,1.459168218497827354e+02,1.173812723373838480e+03,9.304238921001926599e+01,8.700635276532137823e+02,3.660264797507788330e+02,8.850746753246753542e+02,nan,nan
-1.897090588306128893e+03,-1.193445611964712043e+03,3.986426521691068388e+02,5.971917042027438116e-01,nan,nan,1.270213567839196003e+02,1.018023006134969364e+03,3.999823410696266137e+02,1.057928365384615290e+03,4.229669421487603245e+02,1.165923206751054749e+03
-2.157668557141267684e+03,-8.221315436451292271e+02,2.081963388347542718e+02,4.464936131153838250e-01,1.461063545150501568e+02,1.182986357999173151e+03,9.498778833107191133e+01,8.558862370723945787e+02,3.131458333333333144e+02,8.899886731391585499e+02,nan,nan
-1.853842052300370369e+03,-9.353286069395409186e+02,4.709124939407026318e+02,4.715318839630973091e-01,1.488882681564245729e+02,1.198994491369812749e+03,1.060400381315538567e+02,9.248491561181434690e+02,4.360700060350030185e+02,9.239322625698323463e+02,nan,nan
-1.827417108413683991e+03,-1.205338427409115866e+03,4.507967036128540030e+02,7.130630274605730401e-01,1.491207430340557210e+02,1.307943396226415189e+03,1.320415800415800334e+02,1.030893051359516676e+03,nan,nan,4.550024671052631788e+02,1.173967256637168248e+03
-2.082721110856014548e+03,-7.873929297653072581e+02,2.747375668039584298e+02,6.043363423827966541e-01,1.492023762376237528e+02,1.163006749156355454e+03,9.403806934058464151e+01,8.479006791171476607e+02,3.470183598531211828e+02,8.690077160493826796e+02,nan,nan
-1.981266946551172850e+03,-1.022578738604859041e+03,3.312161143902081903e+02,3.002219432902597518e-01,1.498929402637703561e+02,1.245000900900900888e+03,1.157830025884383076e+02,9.450179230363731904e+02,3.751413641364136424e+02,9.781096586782861095e+02,nan,nan
-2.328694632401797207e+03,-1.010443430966529263e+03,3.046439847100462783e-01,4.484851161493211280e-01,1.510547808764940214e+02,1.268048453608247428e+03,1.200143581081081123e+02,9.088593466424682674e+02,nan,nan,2.400282174810736535e+02,1.049982142857142890e+03
-2.104985856140931446e+03,-9.009593526947531927e+02,2.268435956633727244e+02,3.313627095282692947e-01,1.519644702842377342e+02,1.209139668367346985e+03,1.078209413369713445e+02,8.880024187975120640e+02,nan,nan,3.139174256223436714e+02,1.015982621288921109e+03
-2.134291412749250412e+03,-9.211583802158685330e+02,1.929960201179792705e+02,3.131259592195971275e-01,1.528802768166089834e+02,1.219963774220724417e+03,1.108103536647872858e+02,8.929302491103202328e+02,3.189352657004831144e+02,9.389782608695652470e+02,nan,nan
-2.364663538133186648e+03,-1.264092955427538527e+03,-8.171198391242990056e+01,8.709169515267394246e-01,1.539270833333333428e+02,1.363054072096128266e+03,1.440861858190708915e+02,9.909685483870968028e+02,nan,nan,2.541045576407506701e+02,1.152812894183601884e+03
-1.803341182949359791e+03,-1.156749903252233480e+03,4.645869212635477652e+02,3.702543927424578052e-01,1.550301348136399611e+02,1.285993025283347833e+03,1.339622844827586334e+02,1.014049435028248581e+03,4.470717444717444664e+02,1.036922850412249772e+03,nan,nan
-1.917021476520011220e+03,-8.481323253635961237e+02,4.042242208830307391e+02,2.793456503527582124e-01,1.560850942318675152e+02,1.170978043912175735e+03,nan,nan,4.151149193548387188e+02,8.880037369207773281e+02,3.871405861897665091e+02,1.001881697612732069e+03
-1.885190763415818992e+03,-9.758350973177161904e+02,4.057835953534549276e+02,5.382538070997858748e-01,1.579487622337363177e+02,1.219029761904761926e+03,1.200810593900481535e+02,9.358868092691621996e+02,4.219702903443618993e+02,9.509946889226100666e+02,nan,nan
-2.101990006973746858e+03,-1.037206330705912933e+03,1.849566099315440795e+02,8.398421515276754956e-02,1.590094602114635620e+02,1.262035639412997853e+03,1.279081908190819092e+02,9.370281250000000455e+02,3.269346478873239334e+02,9.960057265569076890e+02,nan,nan
-1.837102433307974934e+03,-1.141514992379445175e+03,4.202212275872017244e+02,6.418482522742289254e-01,1.600339558573853935e+02,1.283997147746719975e+03,1.369188284518828311e+02,1.003106382978723445e+03,4.340051046452271635e+02,1.031962064676616819e+03,nan,nan
-1.875723546978925242e+03,-1.312423917593042233e+03,3.541357136626643864e+02,9.143880710304722603e-01,1.609319277108433823e+02,1.355977011494252793e+03,1.520919931856899439e+02,1.061015873015873012e+03,nan,nan,4.469607843137254690e+02,1.212989671361502360e+03
-1.754593948190570018e+03,-1.257912361925128835e+03,4.796847352641938755e+02,6.572013647493406552e-01,1.610483870967742064e+02,1.326026197604790468e+03,1.479189814814814952e+02,1.056172164119066792e+03,4.650982996811902126e+02,1.088898386132695805e+03,nan,nan
-2.039892526574075191e+03,-1.391015746019285189e+03,1.768694918880325133e+02,4.466160645999829870e-01,1.610658276863504454e+02,1.395981026785714221e+03,1.629564245810055922e+02,1.067001172332942588e+03,3.320637645616186546e+02,1.169975282485875596e+03,nan,nan
-2.038065309744840079e+03,-9.229806981009888887e+02,2.568958444709728610e+02,3.038636682183948334e-01,1.619325598259608512e+02,1.212996539792387466e+03,1.189548816568047300e+02,9.008608852755194221e+02,3.610279369627507435e+02,9.369643423137875970e+02,nan,nan
-2.071644672701034324e+03,-8.882977405898737970e+02,2.191306929540913302e+02,2.164528769647305062e-01,1.652116599655370521e+02,1.203927898481061447e+03,1.198581730769230802e+02,8.840088495575221259e+02,3.508238364506307221e+02,9.239544072948327766e+02,nan,nan
-1.987083101741741757e+03,-8.404510266981186533e+02,3.061690776612780382e+02,4.935232563768964797e-01,1.659550758459743349e+02,1.177068763716166814e+03,1.150076962544894883e+02,8.730406189555126275e+02,3.889550118389897193e+02,8.949293433083956870e+02,nan,nan
-1.921982447869052749e+03,-1.015531614746755281e+03,3.405388536301993554e+02,6.117913654940627666e-01,1.660916799152093404e+02,1.240888484848484950e+03,1.309215328467153370e+02,9.450486202365308372e+02,4.060315500685870802e+02,9.759947877885331309e+02,nan,nan
-2.134545453627018105e+03,-8.582866649089297653e+02,1.580470388945674927e+02,4.541175485706634984e-01,1.671792387543252687e+02,1.198983660130719045e+03,1.200087616822429908e+02,8.681052631578946830e+02,3.278692672641012109e+02,9.141508875739644964e+02,nan,nan
-1.774610820392563710e+03,-1.117860104070960915e+03,4.584792174263699280e+02,3.628404419356784927e-01,1.691668667466986733e+02,1.270001418439716417e+03,1.431183237469186622e+02,9.990899908172635833e+02,4.660140845070422415e+02,1.019895577395577448e+03,nan,nan
-2.029066740397292051e+03,-9.620504441762151373e+02,2.255699646083587879e+02,3.972997240505976024e-01,1.720196764320070031e+02,1.228922369177688324e+03,1.341023916292974718e+02,9.140378331900258218e+02,3.659595176571920661e+02,9.599520800421274771e+02,nan,nan
-1.942591672901824495e+03,-1.016197371811184439e+03,2.997208250590587113e+02,4.406726185513527017e-01,1.727180102915951920e+02,1.242864566929133844e+03,1.380671052631578846e+02,9.420876712328766871e+02,3.990018226002430310e+02,9.809724576271186152e+02,nan,nan
-2.189587526614743638e+03,-8.690656948206872130e+02,8.297589526865156984e+01,4.271367708639745575e-01,1.740718907260963420e+02,1.208991431019708671e+03,1.281206281227694603e+02,8.669377593360995888e+02,3.079962686567164383e+02,9.260040622884224604e+02,nan,nan
-2.051700387840572148e+03,-1.359065301967163578e+03,1.337623413716235348e+02,8.839222308811288675e-01,1.740765143464399500e+02,1.385038025350233511e+03,1.710863849765258351e+02,1.051972943722943683e+03,nan,nan,3.859480752014324025e+02,1.209964601769911496e+03
-2.004347546024231406e+03,-8.033525702159809043e+02,2.658655845870840722e+02,3.778008817125331764e-01,1.751016088060965217e+02,1.166991346153846052e+03,1.219865771812080482e+02,8.560751173708920305e+02,3.871281725888325127e+02,8.820014962593515975e+02,nan,nan
-1.740667651359556658e+03,-1.092084490974846631e+03,4.764626465708999490e+02,6.053666931657416539e-01,1.757288740776005795e+02,1.257836176375925334e+03,1.470601163542339975e+02,9.918801213960546193e+02,nan,nan,4.900147841513897333e+02,1.120022503516174311e+03
-1.651993612975773658e+03,-1.438547264757705079e+03,4.961891442824306750e+02,2.937872051536873363e-01,1.799194029850746404e+02,1.398012269938650206e+03,1.839087688219663335e+02,1.133030176899063463e+03,nan,nan,5.570872210953347121e+02,1.282027624309392195e+03
-1.869646067798790682e+03,-1.045999465916955160e+03,3.386686522896691258e+02,2.339980542150594534e-01,1.809664650907091925e+02,1.250080550098231924e+03,1.501694480102695763e+02,9.589599345870809657e+02,4.311040804257835362e+02,9.940389344262295026e+02,nan,nan
-1.997260957735516286e+03,-1.341263669562735686e+03,1.549289480532041807e+02,4.511635822740787671e-01,1.840887166236003338e+02,1.376102915951972591e+03,1.810311827956989248e+02,1.049004778972520853e+03,nan,nan,4.091059979317476518e+02,1.203039779681762639e+03
-1.987334164095769893e+03,-1.305744747884363278e+03,1.668561248935932610e+02,1.520850757550934185e-01,1.850693257359924075e+02,1.362035035035034980e+03,1.790614389652384943e+02,1.038135731807031789e+03,3.670237260717174195e+02,1.131095692090395460e+03,nan,nan
-2.240263010444462907e+03,-8.370962393188658552e+02,4.063311438724385383e+00,4.150021078829524979e-01,1.850959634424980891e+02,1.203017621145374505e+03,1.369850507207688111e+02,8.499458930899609186e+02,2.950547677261613444e+02,9.200936046511627637e+02,nan,nan
-1.851612174965081294e+03,-1.401027590591729677e+03,2.859296416360745638e+02,9.379664553014532835e-01,1.860930232558139608e+02,1.392967567567567585e+03,1.851371841155234677e+02,1.088996589940323929e+03,4.190545571245186238e+02,1.174023174157303401e+03,nan,nan
-1.664048897743549333e+03,-1.283485210528611788e+03,4.919167163881979263e+02,2.068103963413513158e-01,1.861368178324365772e+02,1.333043204320432096e+03,1.749390243902439011e+02,1.071985093167701962e+03,5.110015682174594644e+02,1.104930632289748246e+03,nan,nan
-1.964430268820945230e+03,-6.264895895862952102e+02,2.984856739468611977e+02,2.063969530593798840e-01,1.870788005578800437e+02,1.097912531539108386e+03,1.159710467706013333e+02,7.900165586753059870e+02,4.179019256605463397e+02,7.980527765029829652e+02,nan,nan
-2.067480853447114441e+03,-1.232288726503956241e+03,9.791038953433482561e+01,7.341166079635047526e-01,1.870922273781902447e+02,1.338132063492063480e+03,1.729488636363636260e+02,1.003190129449838196e+03,nan,nan,3.731607795371498355e+02,1.149935825892857110e+03
-2.079264783793254082e+03,-8.970444597189092519e+02,1.381029472597251413e+02,9.063380641727905029e-01,1.879895424836601308e+02,1.211001642036124849e+03,1.440703166935051058e+02,8.828600000000000136e+02,3.551129943502824631e+02,9.391000000000000227e+02,nan,nan
-2.159854771265539966e+03,-9.802765534603253172e+02,4.572968715340289236e+01,9.973603574572985631e-01,1.880122180451127747e+02,1.251010597302504721e+03,nan,nan,3.179798387096774377e+02,9.821068754254595206e+02,3.159691956645750111e+02,1.034839896707553180e+03
-1.688519127565260305e+03,-1.354542646340980582e+03,4.483975024275950432e+02,1.594874607162322100e-01,1.881658640984483668e+02,1.364995512820512886e+03,1.840419947506561584e+02,1.094090017825311861e+03,4.960481637567730218e+02,1.144094056172436240e+03,nan,nan
-1.947526421398206594e+03,-1.430545160071694454e+03,1.737842211257179201e+02,4.327652555126611511e-01,1.889081119885140083e+02,1.409977611940298402e+03,1.930329912023460395e+02,1.085065457413249305e+03,nan,nan,4.379520697167756111e+02,1.241860805860805840e+03
-1.806300203212564384e+03,-8.483763649531592819e+02,4.090739932460990076e+02,5.689773968895223133e-01,1.891066147859922069e+02,1.167892665474060777e+03,1.391553030303030312e+02,8.879832669322709080e+02,4.729802235597592244e+02,8.931485742871435605e+02,nan,nan
-2.237600726407224556e+03,-1.093606823897546064e+03,-5.756684147466906865e+01,5.630084040430666237e-01,1.901126860382707378e+02,1.296998344370860877e+03,1.680379537953795364e+02,9.379800947867298646e+02,nan,nan,2.991176697530864317e+02,1.076956260251503636e+03
-2.000926798966884007e+03,-9.494736910818809292e+02,1.945925276442698646e+02,2.447243179847587158e-01,1.909566891241578332e+02,1.225970059880239432e+03,1.521905594405594400e+02,9.080133037694013183e+02,3.848715302491103216e+02,9.591412196240256662e+02,nan,nan
-1.974345303656319629e+03,-7.282493458604183161e+02,2.580218794969864575e+02,5.360059606184447434e-01,1.918816355810616869e+02,1.138987091222031040e+03,1.300410497981157505e+02,8.280075630252100609e+02,4.089928842504743898e+02,8.499857789269553905e+02,nan,nan
-1.889933114871543239e+03,-1.345311682832876613e+03,2.342383326710742040e+02,1.121911992148674625e-01,1.918820192853091271e+02,1.373003822629969363e+03,1.890402864816472572e+02,1.061976424361493173e+03,4.079891657638136735e+02,1.149073324905183199e+03,nan,nan
-2.228340309179386168e+03,-8.299478216892249520e+02,-7.279022960810510590e+00,2.939929945654350396e-01,1.920727081138039978e+02,1.201004207573632584e+03,1.438547717842323550e+02,8.470060882800609079e+02,3.030614285714285643e+02,9.190272052761747545e+02,nan,nan
-2.083308262263061806e+03,-8.699655388807104828e+02,1.226310222276716075e+02,4.350408297401908153e-01,1.929501187648455982e+02,1.203965022421524736e+03,1.470621890547263604e+02,8.720423963133640655e+02,3.570347163420829588e+02,9.269991204925241846e+02,nan,nan
-1.700680390620566868e+03,-1.054039984530505308e+03,4.676875465229425686e+02,1.635001652060064925e-01,1.939730320699708557e+02,1.240977292576419131e+03,1.621780322748568324e+02,9.779959919839678832e+02,5.090658732355383336e+02,9.910262962962963229e+02,nan,nan
-2.083823825469185067e+03,-7.505171851503247353e+02,1.353183535275863392e+02,2.141385298474240140e-01,nan,nan,1.380264705882352985e+02,8.279210206561360792e+02,3.649785958904109862e+02,8.719954379562043414e+02,3.249529933481152852e+02,9.350724867724867408e+02
-1.680352351949489048e+03,-1.107306683168558493e+03,4.672103476560524200e+02,4.499524743923688508e-01,1.978977541371158395e+02,1.262122370936902598e+03,1.710459183673469283e+02,9.991237288135592962e+02,nan,nan,5.231216505894961983e+02,1.124098050797401129e+03
-2.133475451549666104e+03,-1.319985268987629297e+03,-1.573310923225159641e+01,9.027630760979566960e-01,1.979084712755598900e+02,1.375833750000000009e+03,1.919423611111110972e+02,1.023033641715727526e+03,nan,nan,3.609425907752698777e+02,1.176046687697160905e+03
-1.743703076559158490e+03,-9.378980547064285247e+02,4.237945821499957901e+02,1.335153080223602517e-01,2.000464310464310529e+02,1.198886567164179041e+03,1.580340136054421691e+02,9.267755102040816837e+02,4.979935760171306356e+02,9.380234948604992269e+02,nan,nan
-2.032572823564993541e+03,-1.238605860144692087e+03,8.588877362820002759e+01,2.601252481440910480e-01,2.000974930362116879e+02,1.340053320860617305e+03,1.880807584269662982e+02,1.006102896341463406e+03,nan,nan,3.921466405100539419e+02,1.149188025210084106e+03
-1.792627932830610007e+03,-1.312246762998270697e+03,3.095519539023651987e+02,8.322257474497094520e-01,2.020089552238806050e+02,1.355032388663967595e+03,1.930184528034066602e+02,1.060997377622377599e+03,nan,nan,4.929857997010463464e+02,1.202054988216810671e+03
-2.022528662188357430e+03,-1.231227005194512685e+03,8.295725969531922317e+01,8.811681074634242217e-01,2.029796030871003438e+02,1.336946647440519200e+03,1.929981981981981960e+02,1.002955645161290363e+03,3.638656099241902098e+02,1.101989625620207562e+03,nan,nan
-1.810590967020977359e+03,-8.070934496252342569e+02,3.684451180025129133e+02,2.633444217637101459e-01,2.030983333333333292e+02,1.153875318066157661e+03,nan,nan,4.769784172661870230e+02,8.799984025559105021e+02,4.438785190898573205e+02,9.738595825426945112e+02
-1.734303240402767869e+03,-7.891218703235369958e+02,4.458130001053630167e+02,2.636565453144956717e-01,2.039184692179700562e+02,1.138956678700360953e+03,1.480559254327563110e+02,8.690108243130724759e+02,5.117629195524773422e+02,8.640284049526584340e+02,nan,nan
-2.154376027528235227e+03,-1.053437431153707621e+03,-1.967950185205237545e+01,7.024744097522290787e-01,2.059272829763246762e+02,1.279967812728602667e+03,1.778740213523131786e+02,9.289050736497545131e+02,3.231168770453483035e+02,1.023118969298245588e+03,nan,nan
-2.100888746585563695e+03,-1.324488104663651256e+03,-1.507393695369544240e+01,1.881649363200928737e-01,2.060516129032258164e+02,1.377040627885503227e+03,2.020739336492891027e+02,1.025982291666666697e+03,nan,nan,3.769690332326284192e+02,1.176028448275862047e+03
-1.721675946783079326e+03,-6.679742824696426169e+02,4.721890215389072978e+02,9.556079558022304576e-01,2.060962962962962877e+02,1.088103614457831327e+03,1.379704773869346752e+02,8.209056742815033658e+02,5.250122950819671814e+02,8.050290697674419107e+02,nan,nan
-1.925679644361036480e+03,-8.047227462425188378e+02,2.376280141973795423e+02,2.889588708964158092e-01,2.079084766584766726e+02,1.166825132978723332e+03,nan,nan,4.299470509383377816e+02,8.909841897233201280e+02,3.978657052726453571e+02,9.639784382284382218e+02
-2.001686702477533800e+03,-8.384084095206793563e+02,1.544055062941527865e+02,4.091040506571588242e-01,2.090207570207570313e+02,1.187017254313578405e+03,1.609299442033477874e+02,8.649350649350649292e+02,3.968960063266113139e+02,9.129320175438596152e+02,nan,nan
-1.719955326063668281e+03,-1.072683035881120077e+03,3.943055787991116858e+02,1.462753109372738614e-01,2.099455275229357767e+02,1.253028839221341059e+03,1.811326530612244881e+02,9.789709302325580893e+02,5.029845774213448522e+02,1.008031463748289980e+03,nan,nan
-2.217210479261666933e+03,-9.293127947910737703e+02,-7.891883695332832360e+01,4.985548698819773361e-01,2.109283480238839843e+02,1.240185324232081939e+03,nan,nan,3.090561582641990981e+02,9.719568655643422517e+02,3.000459183673469283e+02,1.001015349194167356e+03
-1.935001755249134476e+03,-1.121599362566013269e+03,1.661174228594262559e+02,1.572238297455251510e-01,2.111681367144432215e+02,1.289946055293324434e+03,1.881478005865102716e+02,9.728827113480579101e+02,4.080468439857086196e+02,1.046025709694697298e+03,nan,nan
-1.681547145488447541e+03,-1.071124932636359290e+03,4.269920073173850028e+02,4.211475135510983070e-01,2.120533333333333417e+02,1.248988106129917696e+03,1.828383267382702115e+02,9.820150489089540997e+02,5.209820166987797165e+02,1.006006401137980106e+03,nan,nan
-2.299100525489799111e+03,-1.260741586819338181e+03,-2.196036113393220148e+02,3.095445791615314968e-01,2.128966256025709640e+02,1.363890410958904113e+03,2.041293929712460056e+02,9.829696376101860551e+02,nan,nan,3.040432692307692264e+02,1.131008928571428669e+03
-2.034141191262004668e+03,-9.188737351298969998e+02,9.655371439531698741e+01,4.044917869395621701e-01,2.130144429160935431e+02,1.220979469632164182e+03,1.721252595155709457e+02,8.899794871794871369e+02,nan,nan,3.671642096642096362e+02,1.007981328940142816e+03
-1.962255379630953939e+03,-8.583960230136819973e+02,1.734985771695839105e+02,7.135500834589829644e-01,2.139813725490195964e+02,1.192001002004008114e+03,1.680630434782608802e+02,8.750713087248321926e+02,4.131467889908257121e+02,9.210682226211848729e+02,nan,nan
-2.176375833704779325e+03,-8.147550033937956186e+02,-3.474978499943311760e+01,5.890916832464772046e-01,2.150104244229337382e+02,1.195918803418803464e+03,1.680814527503526108e+02,8.421357627724187296e+02,3.331109550561797619e+02,9.180102120974077025e+02,nan,nan
-1.910120632002931188e+03,-6.745365061285408501e+02,2.523423772739563447e+02,2.639001648386111176e-01,2.150285714285714391e+02,1.117083923154701779e+03,1.511203303185214395e+02,8.088753784056508493e+02,4.460619834710743703e+02,8.300160771704180434e+02,nan,nan
-1.706655150415134131e+03,-8.923637412210516686e+02,4.166871081327589650e+02,2.947413395769289957e-01,2.169642567018684076e+02,1.179991712707182387e+03,1.708899297423887447e+02,9.099481101857783187e+02,5.208953125000000455e+02,9.189948685054522457e+02,nan,nan
-1.645862921845735400e+03,-1.256718963597402990e+03,4.207759627482258225e+02,3.908661660666377657e-01,2.171016746411483211e+02,1.323973084886128390e+03,2.030237388724035554e+02,1.055978359908883931e+03,nan,nan,5.539291813159215963e+02,1.186022853613341567e+03
-2.177194163363962161e+03,-1.156545942289362756e+03,-1.051214363583567319e+02,6.638379876783051525e-01,2.180624133148405122e+02,1.320006749156355454e+03,2.021665634674922671e+02,9.588751902587518998e+02,nan,nan,3.391531804413673967e+02,1.095979314420803803e+03
-1.631310998531965879e+03,-8.349559790629573399e+02,4.968440893016533551e+02,6.881122602135242294e-01,2.191160249739854180e+02,1.149923228346456654e+03,1.670803432137285540e+02,8.939690265486725593e+02,5.590266179540709572e+02,8.839499687304565896e+02,nan,nan
-1.726583445341616880e+03,-1.254640927392479853e+03,3.255106288873151357e+02,2.214009289079816867e-01,2.200382327952421520e+02,1.329144508670520281e+03,2.081044950379451279e+02,1.043018927444795054e+03,4.919882550335570386e+02,1.104024065540194670e+03,nan,nan
-2.374874211662373909e+03,-9.666367817758842875e+02,-2.729129331561595677e+02,4.781013844966370274e-01,2.210000000000000000e+02,1.265996029776674959e+03,1.890552486187845318e+02,8.791729435084241686e+02,2.549338043882484328e+02,1.002000513347022547e+03,nan,nan
-1.870145661867797116e+03,-8.235002684661247940e+02,2.457299802798218877e+02,6.513473434746553936e-01,2.220157927984838864e+02,1.170883551673944794e+03,1.709783132530120611e+02,8.669628378378378102e+02,4.559991701244813385e+02,9.020353327855382304e+02,nan,nan
-1.973092575704053388e+03,-9.427398076872106003e+02,1.235021146680583399e+02,3.599655383734308711e-01,2.220521056388294028e+02,1.226094423791821555e+03,1.829909182643794168e+02,9.029554140127388564e+02,nan,nan,3.960901856763925935e+02,1.018907090464547650e+03
-2.048579698243113398e+03,-8.282751006838052490e+02,6.475828260314425222e+01,3.996144848389287518e-01,2.230260648442466618e+02,1.190973705179282888e+03,1.740512654120700802e+02,8.548365508365508276e+02,3.839341595662277200e+02,9.180292207792207364e+02,nan,nan
-1.955559331711478990e+03,-8.200362714816618563e+02,1.425680897061917562e+02,2.430705434480529836e-01,2.270855855855855907e+02,1.179972672064777271e+03,1.780014958863126537e+02,8.580302245250431952e+02,4.229196042053184783e+02,9.090737201365187730e+02,nan,nan
-1.831561934638911907e+03,-8.344502433625024196e+02,2.610912048170839626e+02,4.838877881153395566e-01,2.280142497904442678e+02,1.172889916743755748e+03,1.799115853658536537e+02,8.740086071987479954e+02,4.731283802239825036e+02,9.059691011235954647e+02,nan,nan
-1.716528616733739000e+03,-1.243381055328752382e+03,3.123586221842047621e+02,1.501778433603175589e-01,2.281497083603370015e+02,1.324998498498498520e+03,2.150459873760144376e+02,1.038141843971631261e+03,4.989897959183673493e+02,1.100077416595380555e+03,nan,nan
-1.954444894539240522e+03,-1.037537564549496437e+03,1.020140905845304786e+02,2.420288735232831723e-01,2.291225720026791635e+02,1.262127272727272839e+03,1.990741097208854740e+02,9.369788944723618442e+02,4.109297537343560975e+02,1.012931317273193258e+03,nan,nan
-1.762640080911129871e+03,-8.315093330623641350e+02,3.287786657376420294e+02,6.063627614047975012e-01,2.299586656997824434e+02,1.164871575342465803e+03,1.789924098671726824e+02,8.789021526418786152e+02,5.028829164449174982e+02,8.989826319305277593e+02,nan,nan
-1.822472372439018727e+03,-1.235646584285999779e+03,2.003830794690722712e+02,3.847621809045737584e-01,2.301104118993135046e+02,1.329035254237288200e+03,2.160220326936744755e+02,1.021969750889679744e+03,nan,nan,4.830030511060259073e+02,1.153997478991596608e+03
-2.438614635351584184e+03,-8.329056370618458232e+02,-3.471991320793314912e+02,2.094655183495225670e-01,2.311394984326018687e+02,1.226974545454545478e+03,nan,nan,2.461434878587196522e+02,9.509435540069686112e+02,2.239639934533551582e+02,9.429929824561403393e+02
-1.887656612465213584e+03,-8.292527945973440637e+02,1.902208447058584113e+02,2.017289107663701175e-01,2.329505946935041152e+02,1.177877532228360906e+03,1.841276445698166526e+02,8.659900083263946726e+02,nan,nan,4.240784037558685213e+02,9.698869168356998216e+02
-1.638479497314047421e+03,-7.104945440747716248e+02,4.648807359698851656e+02,1.843928145060631518e-01,2.329676425269645677e+02,1.102923212709620429e+03,nan,nan,5.658953974895397323e+02,8.299892761394102081e+02,5.190621468926553916e+02,9.289831824062096075e+02
-1.568513047712590605e+03,-1.068126818040930630e+03,4.802810223588745657e+02,5.245140914581595259e-01,2.331542313470205272e+02,1.241980976537729930e+03,2.031168935148118635e+02,9.899718309859155170e+02,5.771441756842775703e+02,1.002932455395072225e+03,nan,nan
-1.899842813372208184e+03,-9.530938712856514030e+02,1.550903463773770454e+02,2.317767888616137639e-01,2.339314516129032313e+02,1.225964409722222172e+03,1.960490045941807011e+02,9.109812332439678357e+02,nan,nan,4.299912663755458766e+02,1.023983211678832163e+03
-2.096460842053510078e+03,-1.285616540227297492e+03,-9.751844853576301375e+01,6.243625529689705855e-01,2.341388276773909070e+02,1.365151201130475783e+03,2.260440967283072666e+02,1.006871270247229290e+03,nan,nan,3.859582033686837121e+02,1.147955621301775182e+03
-2.287302342669449899e+03,-8.040970527138673560e+02,-2.102601432986155032e+02,4.071171723065896142e-01,2.348039950062421894e+02,1.205966019417475763e+03,1.890152386428982254e+02,8.279303898170246612e+02,3.020560747663551524e+02,9.300455962587684553e+02,nan,nan
-2.339764106898938735e+03,-9.493432456348896267e+02,-2.849090300414547414e+02,2.237073767862214624e-01,2.348974358974358836e+02,1.260045901639344265e+03,2.009326478149100126e+02,8.729980171844018741e+02,2.749915611814345766e+02,9.981079812206572797e+02,nan,nan
-2.141980913017425792e+03,-8.771516965528109040e+02,-7.730808675585383583e+01,1.102618908803856046e+00,2.350794836956521863e+02,1.218054416403785581e+03,1.920527777777777771e+02,8.629897084048027409e+02,3.500398230088495666e+02,9.540039651070578657e+02,nan,nan
-1.815596698344397055e+03,-1.411071658418055904e+03,1.597713994920869425e+02,5.467376507216276105e-01,2.359668016194331983e+02,1.398962761126248779e+03,2.369501510574018255e+02,1.081992167101827590e+03,nan,nan,5.018884484711211940e+02,1.225834055727554187e+03
-1.552580030848329443e+03,-1.250221427008800902e+03,4.601010388878862045e+02,3.653897281355449889e-01,2.361410579345088081e+02,1.317070802427511808e+03,2.210469011725293171e+02,1.061139240506329088e+03,nan,nan,5.981519208381839690e+02,1.184028890347997276e+03
-1.580730847440569505e+03,-1.136391179013246528e+03,4.439587344801182667e+02,3.335610132549614026e-01,2.370108548168249740e+02,1.272029156816390923e+03,2.130362134688691356e+02,1.013069224981188881e+03,nan,nan,5.780312727272727216e+02,1.130012927756653880e+03
-1.714478169334958693e+03,-1.156170774535913324e+03,2.991948542929075643e+02,3.990444605641449982e-01,2.371775842483907581e+02,1.291086476540938293e+03,2.169051724137931103e+02,1.004033790918690556e+03,5.071332644628099047e+02,1.058964516129032290e+03,nan,nan
-1.911049742370255217e+03,-1.236952466773208243e+03,8.705391987208771809e+01,9.755429717382609889e-01,2.379907407407407334e+02,1.336032106499608517e+03,2.231148060174188572e+02,1.009824193548387143e+03,nan,nan,4.508877633711507542e+02,1.143963625866050734e+03
-2.086020305601140535e+03,-1.152407122948505958e+03,-8.687286767824916467e+01,4.594349589453205485e-01,2.399342417061611457e+02,1.316021481481481487e+03,2.218772590361445793e+02,9.619095149253731734e+02,nan,nan,3.802021371326803205e+02,1.092138732959101844e+03
-1.614294505098418767e+03,-1.183665567888666374e+03,3.879918910475815892e+02,2.810987143315342718e-01,2.410478260869565190e+02,1.294882101405009053e+03,2.220031847133757879e+02,1.025989258861439339e+03,5.510572022880915029e+02,1.067984384384384384e+03,nan,nan
-1.563520765674252289e+03,-8.378939303298037657e+02,4.976218579729986686e+02,3.123113048381345180e-01,2.411624180626365614e+02,1.146988783433994740e+03,1.902339373970345946e+02,8.979868784530386847e+02,5.939094304388421506e+02,8.899677419354839003e+02,nan,nan
-2.015988615105164399e+03,-8.000863016159629524e+02,2.674940867534192179e+01,5.919062492433381228e-01,2.439851239669421545e+02,1.181950458715596369e+03,1.960703601108033354e+02,8.439862825788751479e+02,4.059504734158776387e+02,9.119585749792875049e+02,nan,nan
-2.290178684201112446e+03,-9.447794693234409351e+02,-2.717749588076541158e+02,2.918781483326893800e-01,2.450107737512242920e+02,1.256023060796645723e+03,2.109879057924888741e+02,8.739718309859155170e+02,2.969599999999999795e+02,9.970448369565217490e+02,nan,nan
-1.905419660824268476e+03,-1.237935302606178084e+03,6.600500111778953283e+01,3.455503592073221331e-01,2.450808897876643186e+02,1.336924337957124862e+03,2.319687795648060558e+02,1.008994753410283352e+03,4.240182038834951186e+02,1.111970128022759582e+03,nan,nan
-1.682558812847122681e+03,-1.228175267768529920e+03,2.952690507999786860e+02,5.076320235078484178e-01,2.459964349376114114e+02,1.319075438596491267e+03,2.299189665296535452e+02,1.032075230660042507e+03,5.190358695652173537e+02,1.095933430515063264e+03,nan,nan
-1.867253506087206461e+03,-1.254443593728428141e+03,9.914079513325869186e+01,3.383535298110586509e-01,2.460068493150685072e+02,1.341033898305084676e+03,2.341866952789699496e+02,1.018952448545067455e+03,nan,nan,4.720428374021188347e+02,1.150999382334774509e+03
-1.633827596459176675e+03,-1.319550212076351727e+03,3.307055457283526607e+02,2.936270772664652529e-01,2.460227642276422841e+02,1.353145185185185255e+03,2.380185676392572987e+02,1.071961538461538566e+03,nan,nan,5.709572649572650107e+02,1.201026987600291704e+03
-1.583828421038384704e+03,-7.080336117623782002e+02,4.774977725663682691e+02,5.880113463114793326e-01,2.470239520958083972e+02,1.099028199566160538e+03,1.849526209677419217e+02,8.429043478260869051e+02,nan,nan,5.470407653910149293e+02,9.259493857493857831e+02
-2.241933998263029935e+03,-7.852320541996972452e+02,-2.088227945468466658e+02,6.781782813662283749e-01,2.479316816816816811e+02,1.197981481481481524e+03,2.001110461718293436e+02,8.219645138396025459e+02,3.251546313799622112e+02,9.249978142076503218e+02,nan,nan
-1.991130783396203469e+03,-1.019942131015252357e+03,3.733572600302393685e+00,4.224901043664495148e-01,2.479895536562203233e+02,1.261003846153846098e+03,2.179991987179487296e+02,9.230211081794195707e+02,nan,nan,4.059989528795811680e+02,1.042020090732339668e+03
-2.009038674248252164e+03,-9.169570496662560117e+02,2.570408693666665023e+00,2.816853508132090567e-01,2.481734939759036251e+02,1.224936324167872726e+03,2.091764057331863285e+02,8.858523148148148039e+02,4.029424242424242379e+02,9.669916217833632572e+02,nan,nan
-1.642961390742914091e+03,-1.251945973690757228e+03,3.168839261027002863e+02,4.346322906912489792e-01,2.500027210884353792e+02,1.325947535771065077e+03,2.379337289812067127e+02,1.044998885172798282e+03,nan,nan,5.629831281349748906e+02,1.169019488428745490e+03
-2.234042415151678142e+03,-9.836207174680446315e+02,-2.415953421632485458e+02,1.703264388313975031e-01,2.502299124900556819e+02,1.266924547283702168e+03,2.191560630777596543e+02,8.898682274247491932e+02,3.169126726238829974e+02,1.012947687224669608e+03,nan,nan
-1.552440108612105405e+03,-9.030700430793447140e+02,4.668607886550506691e+02,2.065420114747309466e-01,2.509958847736625387e+02,1.174978632478632562e+03,2.068843626806833242e+02,9.230423197492162899e+02,5.970941243582429934e+02,9.259226541028660904e+02,nan,nan
-1.693684292506140991e+03,-1.197968367948977402e+03,2.708985978983614586e+02,2.545049604888004469e-01,2.510420168067226996e+02,1.308056439942112775e+03,nan,nan,5.169625761531766557e+02,1.083038644785600809e+03,5.380981973434535348e+02,1.140953977272727343e+03
-1.860679136916384550e+03,-7.443753216145443048e+02,1.705847965401768533e+02,3.090999761189981987e-01,2.510420909708078625e+02,1.147074638233053975e+03,1.961401564537157753e+02,8.339358766233766573e+02,4.729243891194098524e+02,8.760159999999999627e+02,nan,nan
-1.729962617809800349e+03,-8.657164473768458492e+02,2.797769227007312907e+02,2.283296884645957536e-01,2.529075286415711901e+02,1.179966539196940630e+03,2.069423631123919449e+02,8.899138099902056638e+02,5.210607049608355510e+02,9.239755244755244803e+02,nan,nan
-1.820782759331138550e+03,-1.207380722687123807e+03,1.260302822216959555e+02,3.388528102250267238e-01,2.539702748177229523e+02,1.320971851851851852e+03,2.390475367329299843e+02,1.005135135135135101e+03,nan,nan,4.890164679159568664e+02,1.132003431708991002e+03
-2.246165690816636015e+03,-8.109709408367806418e+02,-2.422637474304950445e+02,3.077858610967187381e-01,2.549021592442645101e+02,1.209033772652388734e+03,2.100057708161582752e+02,8.300818858560794524e+02,3.250219076508257672e+02,9.389146567717996277e+02,nan,nan
-1.486382037747770028e+03,-1.240775149612597488e+03,4.712993606455414692e+02,4.247409018502465439e-01,2.549442292796281890e+02,1.311012711864406810e+03,2.400845262440354588e+02,1.060913290113452149e+03,6.099282700421940717e+02,1.094017971014492787e+03,nan,nan
-2.440043379861453104e+03,-9.368603767328713730e+02,-4.631708463545333530e+02,4.140675136624619168e-01,2.572571587433972695e+02,1.265754118364856595e+03,nan,nan,2.530385756676557776e+02,1.006921552436003253e+03,2.480285106382978597e+02,9.767913574858140464e+02
-1.649884998996836202e+03,-1.241371284084942772e+03,2.814871515956661483e+02,6.716846168023838937e-01,2.591489482660602448e+02,1.322924830560689998e+03,2.460327868852459119e+02,1.037009082652134339e+03,5.359642518190446481e+02,1.106044750430292652e+03,nan,nan
-1.597940097832361289e+03,-1.014912976734652943e+03,3.699712576393480958e+02,4.275292716350577726e-01,2.600566146735990856e+02,1.227946488294314349e+03,2.269920255183413076e+02,9.590856672158155334e+02,nan,nan,5.670350877192981898e+02,1.063974842767295513e+03
-1.556079096245085566e+03,-8.701507506743082558e+02,4.355911590991662479e+02,5.569196378846315021e-01,2.610156765676567829e+02,1.164086384976525778e+03,2.150321811680572068e+02,9.079492187500000000e+02,5.989025362318840280e+02,9.140117704757234378e+02,nan,nan
-2.026922303363748597e+03,-1.201898538634673969e+03,-1.082894236747955006e+02,2.407351827490425700e-01,2.610996523754345162e+02,1.332971428571428532e+03,2.470411764705882263e+02,9.790215133531157790e+02,nan,nan,4.140230483271375306e+02,1.109012195121951208e+03
-1.591174823738270106e+03,-1.266174197181091131e+03,3.352334011570969210e+02,6.411444641043372306e-01,2.621248120300751907e+02,1.330000621504039827e+03,2.479608449252962430e+02,1.053947175348495875e+03,5.610000000000000000e+02,1.114997466751108277e+03,nan,nan
-1.671200365146282593e+03,-8.073494469991467213e+02,3.156379506356386742e+02,7.618724800294730537e-01,2.629619289340101318e+02,1.152068535825545268e+03,2.130277529095792204e+02,8.711238095238095411e+02,5.520352164343360073e+02,8.959522760646108281e+02,nan,nan
-1.749989079391249561e+03,-7.754543785965230427e+02,2.400340441781815741e+02,2.651153007883517154e-01,2.629744384198295961e+02,1.149000000000000000e+03,nan,nan,5.201148204350025708e+02,8.869935732647815030e+02,4.851595563139931642e+02,9.441199216837983386e+02
-2.103661496925065421e+03,-8.170487804303219264e+02,-1.313544285052973635e+02,1.842289547658066684e-01,2.639247191011235714e+02,1.200171619163129208e+03,2.181353790613718502e+02,8.409992764109985046e+02,3.790668103448275588e+02,9.350056360708534839e+02,nan,nan
-1.578453591141259949e+03,-1.110405269080990820e+03,3.636900851964900880e+02,2.185864603471766310e-01,2.640262975778546775e+02,1.265059667673715921e+03,2.389917404129793397e+02,9.969734693877551308e+02,5.759711367673179438e+02,1.037007987220447376e+03,nan,nan
-1.875374421228588972e+03,-7.993637718091864599e+02,9.908069841165792013e+01,3.320514042891017925e-01,2.649884773662551538e+02,1.171884716157205276e+03,2.160045871559632928e+02,8.511038715769593637e+02,4.679133900106269834e+02,9.100116354234000937e+02,nan,nan
-2.263407800794191189e+03,-8.578037221391997491e+02,-3.068449355916577019e+02,4.824072614668603598e-01,2.659565929565929423e+02,1.227982391102872953e+03,2.250366132723112003e+02,8.429895178197065206e+02,3.211353612167300184e+02,9.660030364372469194e+02,nan,nan
-2.013260795386527889e+03,-8.898890961226580885e+02,-5.809991708889587869e+01,4.637580405139941075e-01,2.660596693026599837e+02,1.218974569319113925e+03,2.250277469478357375e+02,8.729669360764144130e+02,4.091572356215213517e+02,9.619539279385705868e+02,nan,nan
-1.703636777712311414e+03,-1.089229634866207334e+03,2.241599733607162079e+02,1.983118776477410805e-01,2.670335380255077666e+02,1.268077257889009843e+03,2.411516220028208863e+02,9.730992647058823195e+02,5.229699201964394888e+02,1.036036714374611165e+03,nan,nan
-1.602909920470673342e+03,-6.880361324635234723e+02,3.923992159208026465e+02,2.809529268120756207e-01,2.679543147208121923e+02,1.099064406779661113e+03,2.058609999999999900e+02,8.290229197807673245e+02,5.899454806312769506e+02,8.330432145564822122e+02,nan,nan
-2.017753115196168437e+03,-1.136448128652355763e+03,-1.125133075667174722e+02,6.394825469202508605e-01,2.679776674937965026e+02,1.308835483870967664e+03,2.490491159135559940e+02,9.560778816199376706e+02,nan,nan,4.141665873393621951e+02,1.080857525441885400e+03
-2.004626905947842715e+03,-1.215635468285342313e+03,-1.141623732274332355e+02,6.024340408894223176e-01,2.690118110236220446e+02,1.337167241379310326e+03,2.550197287299630204e+02,9.839865186360032112e+02,3.949521857923497237e+02,1.113932728647014301e+03,nan,nan
-1.570402332918759839e+03,-1.084560736188461760e+03,3.600812815163212122e+02,4.248016366875286831e-01,2.690262960180315304e+02,1.255062754686226526e+03,2.420009560229445640e+02,9.869968017057569796e+02,5.820210643015520873e+02,1.024960019038553128e+03,nan,nan
-1.507641456370391097e+03,-7.787155169801541206e+02,4.741135429151383391e+02,3.069750896236695947e-01,2.698933415536374696e+02,1.123945672773215392e+03,2.151191588785046633e+02,8.739878048780487916e+02,6.280408026755852688e+02,8.680021505376344066e+02,nan,nan
-1.971310339802052567e+03,-7.860560979440000438e+02,-1.453012505227206042e+01,1.819799636832991896e-01,2.700537974683544462e+02,1.178037037037036953e+03,2.210328596802841901e+02,8.380574052812859236e+02,4.329219787516600491e+02,9.139840716774514249e+02,nan,nan
-1.433314548636263453e+03,-1.412529630167999358e+03,4.565052905940792130e+02,3.290968549683843669e-01,2.700758327427356562e+02,1.382044015444015486e+03,2.679103852596314823e+02,1.129047115384615381e+03,6.280088845014807930e+02,1.184990550305725492e+03,nan,nan
-1.661691839172917071e+03,-8.391575446698310543e+02,2.975808061437455763e+02,5.337093581469921633e-01,2.711028708133971463e+02,1.165980014803848917e+03,2.220406360424028378e+02,8.831430990685859115e+02,5.559195592286500869e+02,9.130060646900269603e+02,nan,nan
-2.027277298441058974e+03,-1.252838441153575559e+03,-1.526817952719129039e+02,4.022854527498285204e-01,2.720235507246376869e+02,1.353012096774193651e+03,2.608534599728629360e+02,9.939483648881239333e+02,3.850485968514715864e+02,1.132008046817849390e+03,nan,nan
-2.074970662670900310e+03,-1.303379997232305868e+03,-2.096968750781830693e+02,4.946688144300390721e-01,2.720837789661318880e+02,1.373950840879689622e+03,2.648933697881066109e+02,1.004959899749373449e+03,nan,nan,4.099090909090909349e+02,1.140930594114380938e+03
-2.418108280544798617e+03,-7.843800997262035253e+02,-4.758825047681330034e+02,3.369016054173268881e-01,2.730197740112994325e+02,1.217088514996342383e+03,2.278575685339690153e+02,8.090851063829787790e+02,2.770459290187891384e+02,9.470371694067190447e+02,nan,nan
-1.482958490907409669e+03,-1.115107751111062953e+03,4.355951393742200253e+02,3.708102323465387040e-01,2.740203094777563138e+02,1.260042613636363740e+03,nan,nan,6.210156846121237777e+02,1.035951169888097638e+03,6.269343065693431072e+02,1.114986666666666679e+03
-2.180208319738434966e+03,-9.935374496313576174e+02,-2.786206403599096006e+02,3.501565638658650226e-01,2.749039504260263129e+02,1.269949044585987167e+03,2.451350059737156641e+02,8.929781021897809978e+02,3.460163838502048179e+02,1.024011486486486547e+03,nan,nan
-1.826576105101491976e+03,-9.915174540290259984e+02,8.154126933969077129e+01,2.023425579416917586e-01,2.759519502543810177e+02,1.241918341708542812e+03,2.430708722741433121e+02,9.228864379084967595e+02,nan,nan,4.760574052812858667e+02,1.030983311938382485e+03
-1.862204628178289795e+03,-1.192600162972072212e+03,1.148350258141301339e+01,1.147183792664505653e-01,2.759751552795030989e+02,1.320982429335370625e+03,2.600756944444444230e+02,9.900646651270208167e+02,4.540019065776930347e+02,1.097868308351177802e+03,nan,nan
-1.729378800352369126e+03,-1.384669879686483910e+03,1.209447243850394074e+02,3.108746250475383222e-01,2.760471910112359524e+02,1.387997433704020523e+03,2.740454959053685116e+02,1.072915039062500000e+03,nan,nan,5.449936305732484243e+02,1.203940983606557438e+03
-2.109079686078832310e+03,-1.270596675904332415e+03,-2.587266452304443192e+02,6.015651308442602208e-01,2.778695267580716290e+02,1.364091510474090455e+03,2.678585751978891949e+02,9.901116838487972700e+02,3.559749900754267742e+02,1.145065239551478044e+03,nan,nan
-1.468649867968052376e+03,-9.840450066056113201e+02,4.580035937140207238e+02,2.850797808213678675e-01,2.779520116335434068e+02,1.204998748435544485e+03,2.409118488838008147e+02,9.579338605319913995e+02,6.359440378820490878e+02,9.710522273425499407e+02,nan,nan
-1.911800920604165867e+03,-1.043459878940683666e+03,-2.748542327581578348e+01,5.146031634066285942e-01,2.789991341991341756e+02,1.269049541284403631e+03,2.519989130434782680e+02,9.330871413390010503e+02,nan,nan,4.491399003449597558e+02,1.044817524841914974e+03
-1.479226346735834341e+03,-7.299785620985123842e+02,4.829664043670840101e+02,4.095062239762057299e-01,2.790272904483430807e+02,1.102976842105263131e+03,2.199527687296416900e+02,8.549702380952380736e+02,nan,nan,6.030740938166311480e+02,9.339476541295075549e+02
-1.642236669238644481e+03,-1.269677053546152820e+03,2.223025128859766539e+02,7.563917603362271258e-01,2.790489143402529066e+02,1.338025030525030616e+03,2.670581915846016159e+02,1.042974567650050858e+03,5.420940170940170901e+02,1.124043652784746655e+03,nan,nan
-1.475528915908771296e+03,-7.628426697710601729e+02,4.803016218325592490e+02,4.366473054072184112e-01,2.790774603174602930e+02,1.114942278860569786e+03,2.240439314966492930e+02,8.690682926829268808e+02,6.450617122990004191e+02,8.619910564561207593e+02,nan,nan
-1.527570557895668117e+03,-1.238028977002386682e+03,3.472717263033024437e+02,6.532287607805974117e-02,2.800136157337367422e+02,1.315978287092882965e+03,2.650685453160700717e+02,1.046996360327570528e+03,5.949502332814929559e+02,1.103077702702702709e+03,nan,nan
-1.495139597034578401e+03,-1.113093884668064675e+03,3.958717516391373579e+02,5.456788616631882277e-02,2.818914979757084893e+02,1.261983193277310875e+03,nan,nan,6.170509738914214495e+02,1.039000523286237467e+03,6.230167480809490144e+02,1.109061737257717141e+03
-1.984679140746015491e+03,-1.077847895456582364e+03,-1.158137620192561172e+02,5.148084431875569189e-01,2.821199261992620109e+02,1.286990269461077787e+03,2.569278074866310249e+02,9.369486301369862531e+02,nan,nan,4.259631525076765683e+02,1.054001944264419990e+03
-1.995360315626652437e+03,-1.303703750542714715e+03,-1.675797678172524456e+02,3.558883789138543308e-01,2.830683023872679200e+02,1.370993831919814966e+03,2.759676348547718021e+02,1.010876736111111086e+03,nan,nan,4.419558067831449080e+02,1.143138532110091774e+03
-1.769149778273394531e+03,-6.127894839460648200e+02,1.748076867236705141e+02,3.963399209051400862e-01,2.840353488372093125e+02,1.095948258706467641e+03,2.189259043173862267e+02,7.858996363636363185e+02,5.269881656804733439e+02,8.219366391184572649e+02,nan,nan
-1.505483028089923437e+03,-8.001297399007800095e+02,4.264138969296237178e+02,2.277271167534084817e-01,2.840672116257947550e+02,1.135929111531190983e+03,2.320461022632020160e+02,8.799692451071761070e+02,nan,nan,5.971771201413428116e+02,9.640038631346578768e+02
-2.059162452937593571e+03,-8.228033136909505174e+02,-1.618484231483676297e+02,4.000728722048760844e-01,2.848974205158968402e+02,1.202014749262536952e+03,2.400275927687916351e+02,8.429490835030550215e+02,4.029923037455105259e+02,9.439256625727214214e+02,nan,nan
-1.622413433610494849e+03,-7.493845842542124274e+02,3.059662477224050008e+02,5.658838071757070765e-01,2.849649621212121247e+02,1.129984787018255474e+03,2.299294026377036460e+02,8.499620893007581799e+02,5.808790697674418197e+02,8.720041928721174145e+02,nan,nan
-1.573405176555401567e+03,-8.990408190707294125e+02,3.335027484793330927e+02,3.964182325859684219e-01,2.851373597006947875e+02,1.182889987639060564e+03,nan,nan,5.940084626234132656e+02,9.409841735052755212e+02,5.748886158886158455e+02,1.004878623188405754e+03
-1.427449294894212699e+03,-8.675510849948469740e+02,4.969246734099084506e+02,4.344773143867960985e-01,2.860174157303370635e+02,1.154015493867010946e+03,2.381575212866603692e+02,9.149373186302959766e+02,nan,nan,6.370817995910020954e+02,1.001003470500743674e+03
-1.529573785268675465e+03,-9.339038783176345078e+02,3.727894136632567665e+02,2.488880026418513192e-01,2.860356572645023903e+02,1.193106941838649163e+03,2.460395220588235361e+02,9.299851190476190368e+02,6.119677668901495053e+02,9.539623613312203361e+02,nan,nan
-1.595801269512177669e+03,-1.335156589503735859e+03,2.268192648130379041e+02,4.762176787569306069e-01,2.889557394746311729e+02,1.362037675896504879e+03,2.830960698689956416e+02,1.069993896236012233e+03,nan,nan,5.980534188034188219e+02,1.190993783993784064e+03
-1.883259998111773484e+03,-1.176065468223894413e+03,-5.104255563904853688e+01,4.373794236391265744e-01,2.890417582417582594e+02,1.317934722222222263e+03,2.709573215599705804e+02,9.788484107579462261e+02,nan,nan,4.739405719392314609e+02,1.098993402968664213e+03
-1.828360362303427792e+03,-9.466479711088251179e+02,4.212960429160049358e+01,5.470653501672678720e-01,2.891225720026791919e+02,1.227064587973274001e+03,2.529541484716157242e+02,9.049025670945158026e+02,4.850628546486250343e+02,9.849214470284238132e+02,nan,nan
-1.955235606936768363e+03,-9.938283155887248768e+02,-1.024569195840412874e+02,2.538670784652574675e-01,2.900116343490304871e+02,1.256024915824915752e+03,2.591470790378006654e+02,9.089753896636586887e+02,4.339449180327868589e+02,1.015966911764705856e+03,nan,nan
-1.743116433822204954e+03,-7.229660380602975920e+02,1.559346619316000897e+02,3.648338530353441578e-01,2.919427279577995478e+02,1.136068162926018204e+03,2.371894290123456699e+02,8.278996340825927973e+02,nan,nan,4.928945563651950010e+02,9.120262707024556903e+02
-1.732398645597767427e+03,-8.276574852773719613e+02,1.421203763277434859e+02,2.186176096532695956e-01,2.949686098654708530e+02,1.174985559566787060e+03,2.479919624916275893e+02,8.679535472972972912e+02,nan,nan,5.061169429097606098e+02,9.588411764705882661e+02
-1.862522820362823950e+03,-1.183608005005221230e+03,-5.044333113290333159e+01,5.352708627840128131e-01,2.949990539262062157e+02,1.320084313725490119e+03,2.771704119850187453e+02,9.829320937752627287e+02,4.599287643484132104e+02,1.099086237712243019e+03,nan,nan
-1.664994463786655615e+03,-9.333760631083138151e+02,1.968410496898820554e+02,5.471522094786157586e-01,2.950223944875107804e+02,1.209056650246305480e+03,2.560145852324521343e+02,9.130813528336379932e+02,5.550005117707266891e+02,9.690110905730128934e+02,nan,nan
-1.556733612987361766e+03,-1.211762510980103571e+03,2.719900248037478718e+02,6.464182507581868187e-01,2.950398648648648532e+02,1.310124187725631828e+03,2.770478564307078955e+02,1.028954397394136777e+03,5.861319345661451052e+02,1.096017302573203096e+03,nan,nan
-2.376945342835884276e+03,-8.190201552200118158e+02,-5.308819728050859794e+02,1.280442955336682787e-01,2.960448113207547181e+02,1.230002542372881408e+03,nan,nan,3.000224422442244077e+02,9.690448569218871171e+02,2.779271040424121679e+02,9.199901664145234008e+02
-1.493590356620313059e+03,-1.149398583243297935e+03,3.454407105929819863e+02,1.195985601643531071e-01,2.960831443688586546e+02,1.278998306519898279e+03,2.739155844155844193e+02,1.014034170854271338e+03,6.180642644873699965e+02,1.061999060591827174e+03,nan,nan
-1.568159927010914089e+03,-1.145508672219087430e+03,2.619488257073358568e+02,2.025134112960823851e-01,2.969449252557041632e+02,1.283912678421494547e+03,2.748753894080996929e+02,1.002923913043478251e+03,5.849784753363228447e+02,1.064995169082125585e+03,nan,nan
-1.957745045988967831e+03,-1.082558074998303255e+03,-1.438746373937936198e+02,3.951703538603099641e-01,2.971086206896551971e+02,1.289988657844990485e+03,2.729492385786801947e+02,9.380343283582089953e+02,nan,nan,4.421783439490445744e+02,1.050903151065801694e+03
-2.328505425069749435e+03,-1.125342183650949437e+03,-5.419608155029560521e+02,1.951159449504422938e-01,2.991487889273356586e+02,1.328230354737314883e+03,2.801421911421911659e+02,9.188543046357615367e+02,nan,nan,3.230368663594470036e+02,1.041030100334448207e+03
-1.557706428963812186e+03,-8.426433589925733258e+02,3.101997354923430521e+02,3.426464822406435906e-01,3.000416666666666856e+02,1.162944115156646831e+03,2.531386271870794076e+02,8.889798422436459759e+02,6.070262249827467258e+02,9.179727540500736040e+02,nan,nan
-2.046106508863489807e+03,-1.116211522849657740e+03,-2.531262010526015445e+02,2.252197454268422272e-01,3.000973514674302010e+02,1.308016012810248185e+03,2.798789297658863120e+02,9.401013147718483651e+02,3.970099183197199295e+02,1.080016175860638668e+03,nan,nan
-2.164826671962958699e+03,-9.305309770085575565e+02,-3.486753172541473305e+02,1.357418777128117926e-01,3.009833910034602127e+02,1.252009031198686444e+03,2.669504467912266250e+02,8.690364098221846234e+02,3.660567135239941763e+02,1.004810178117048395e+03,nan,nan
-2.201616412242525257e+03,-1.065455753315278571e+03,-4.142954481278616754e+02,9.798963370324540456e-01,3.031158718330849524e+02,1.301005055147058783e+03,2.790046403712296978e+02,9.108565826330532218e+02,3.460293062200956911e+02,1.065080101716465379e+03,nan,nan
-1.709582617969452940e+03,-5.900218864953307047e+02,1.712418845032694037e+02,2.376563344776188025e-01,3.040390625000000000e+02,1.085801200800533707e+03,2.381735999999999933e+02,7.780595521676989392e+02,nan,nan,4.999128862590400786e+02,8.489700184501845115e+02
-1.432424447716164423e+03,-1.288981518601484368e+03,3.668508171026342666e+02,4.067237205250487375e-01,3.041170212765957217e+02,1.333076523031203578e+03,2.919788135593220204e+02,1.072949961508852994e+03,nan,nan,6.659770303527481019e+02,1.183078643022359302e+03
-2.231482427554722108e+03,-1.145125203587657325e+03,-4.688481071220822400e+02,2.027543216005928961e-01,3.049955423476968690e+02,1.329951082598235871e+03,2.881032689450223074e+02,9.320415667466027116e+02,3.330630758327427543e+02,1.103001569858712628e+03,nan,nan
-2.351597352521841458e+03,-8.048115589293953462e+02,-5.414040239024885750e+02,2.436501380412503526e-01,3.059546263345195598e+02,1.224955909943714914e+03,2.641341269841269650e+02,8.149164490861618333e+02,3.139594855305466012e+02,9.660507544581619186e+02,nan,nan
-1.896320598354215235e+03,-1.324751712494972253e+03,-1.513570964781323767e+02,5.600336397493836937e-01,3.071097638800255254e+02,1.375997771173848378e+03,3.001029082774049357e+02,1.023003947368421109e+03,4.429943032427694902e+02,1.170100387972841872e+03,nan,nan
-2.064094569590378342e+03,-8.207491807221125555e+02,-2.493554398696962551e+02,1.051936351308323664e-01,3.071146642302421128e+02,1.206980232558139505e+03,nan,nan,4.101763046544429017e+02,9.529736358062538102e+02,3.860386029411764639e+02,9.329695084007466903e+02
-1.793621344233252785e+03,-7.141163929280786533e+02,4.786693453924647201e+01,3.809239786286096607e-01,3.080772693173293533e+02,1.141899766899766973e+03,2.540000000000000000e+02,8.190560420315235888e+02,5.179395973154362309e+02,8.840242747187685382e+02,nan,nan
-1.545904661140509006e+03,-8.463931126644012011e+02,2.918971327980056003e+02,3.339920303033816484e-01,3.089979108635097305e+02,1.164987148594377459e+03,nan,nan,6.140894105894105905e+02,9.230489631336405409e+02,5.879357359965263186e+02,9.749529159978598045e+02
-2.398905204447637516e+03,-1.194025361099741531e+03,-6.705910144609840700e+02,1.696690055585837464e-01,3.099023972602739718e+02,1.355898084815321454e+03,2.969068564036222710e+02,9.319051446945337602e+02,2.790305444887118256e+02,1.132041789784719185e+03,nan,nan
-1.534740404574491095e+03,-1.393671778592042756e+03,2.168821887884004695e+02,5.916912634786032354e-01,3.099119878603945608e+02,1.384897560975609849e+03,3.069880478087649180e+02,1.092985169491525312e+03,5.889494033412887575e+02,1.189042656587472948e+03,nan,nan
-1.801771245932091233e+03,-1.089345578287704484e+03,-2.633091370113116980e+01,3.000834373930598709e-01,3.100256684491978376e+02,1.282934169278996933e+03,2.859285165257494441e+02,9.529696969696969973e+02,4.939740458015266995e+02,1.057000000000000000e+03,nan,nan
-1.487940726591597013e+03,-1.299900982539168581e+03,2.817909884433241814e+02,6.614146393685821357e-01,3.109921052631578959e+02,1.342991697416974148e+03,2.990141509433962028e+02,1.066005982053838579e+03,6.150196759259259807e+02,1.141036496350365042e+03,nan,nan
-1.697915673546822518e+03,-9.398689819139240171e+02,9.733708390390675902e+01,1.156547876666933344e-01,3.130679245283018872e+02,1.217995664739884432e+03,nan,nan,5.450066906845084986e+02,9.820368663594470036e+02,5.339455072463767920e+02,1.004033964728935302e+03
-1.717710686579660205e+03,-7.407590988703115045e+02,1.052752284156250369e+02,2.041286950802860545e-01,3.139520153550863597e+02,1.145008350730689017e+03,2.611023809523809405e+02,8.338622406639003657e+02,nan,nan,5.109197510645266789e+02,9.150167193854496190e+02
-1.720177652380474910e+03,-1.207598192453529464e+03,1.706940525636442985e+01,4.610951139089703443e-01,3.169603494623655706e+02,1.322068318318318234e+03,3.019830985915493216e+02,1.000975691533948066e+03,5.221186491332935020e+02,1.111015453436356211e+03,nan,nan
-1.967298262955720247e+03,-1.047864905883316169e+03,-2.207077577154686310e+02,3.184208332348179571e-01,nan,nan,2.909081385979048946e+02,9.209220779220779605e+02,4.360100422832981053e+02,1.050971784776902950e+03,4.430182481751824639e+02,1.029043169121381425e+03
-1.402465089344640091e+03,-9.164549753174848092e+02,4.096599613911433266e+02,4.660268309819424332e-02,3.179362244897959044e+02,1.178976594027441479e+03,2.769006069802731531e+02,9.299429347826087451e+02,6.759629195940671025e+02,9.480388779527559109e+02,nan,nan
-1.414155352069003584e+03,-1.071268927999745756e+03,3.738600202615346006e+02,3.934166873170487633e-01,3.180371267150928247e+02,1.243992063492063380e+03,2.889246088193456785e+02,9.889118835893290225e+02,6.620900140646975842e+02,1.024927528675703797e+03,nan,nan
-1.508682597000609121e+03,-1.316248600263170374e+03,2.334598242442069136e+02,8.601321111206269299e-01,3.181156342182890739e+02,1.351964099216710110e+03,3.069446640316205617e+02,1.066979807692307759e+03,6.059932088285229383e+02,1.151987004950495020e+03,nan,nan
-1.402463961539558113e+03,-1.151156408580204243e+03,3.666490252871357143e+02,1.547130226075555115e-01,3.200604534005037749e+02,1.275900783289817127e+03,2.979989451476793079e+02,1.020011325028312626e+03,nan,nan,6.730862170087976892e+02,1.118986547085201892e+03
-1.874976352172764337e+03,-9.081618445471156065e+02,-1.122906781889372922e+02,4.146028137648631318e-01,3.200747577295800852e+02,1.224108121827411196e+03,2.832160194174757066e+02,8.809970501474925868e+02,4.789909411172621958e+02,9.829145989613386973e+02,nan,nan
-1.732000262329614543e+03,-9.087334668266568087e+02,4.108008062434222296e+01,1.759493186292095113e-01,3.201248868778280325e+02,1.210968503937007881e+03,nan,nan,5.349720234222511408e+02,9.729362279511533416e+02,5.199522560335781236e+02,9.859508687837028447e+02
-1.752024532068891176e+03,-1.045468970388066737e+03,-2.451665042202355593e+00,5.367548270956963297e-01,3.209108621529468905e+02,1.263896751740139280e+03,2.920398058252426949e+02,9.399516765285995916e+02,nan,nan,5.229398119122256503e+02,1.042979957050823259e+03
-1.560348153077525694e+03,-9.396425988261534030e+02,2.138976701144623860e+02,2.702270173979136048e-01,3.229861495844875208e+02,1.205995923913043498e+03,nan,nan,6.049404402244281300e+02,9.749882943143812781e+02,5.920521235521235894e+02,1.011005019520356996e+03
-2.380816743014812346e+03,-1.132378492424586511e+03,-6.934475217531104363e+02,3.165128278683720375e-01,3.230164880461665575e+02,1.336085171102661661e+03,3.049678838539375079e+02,9.119610077984402778e+02,2.949216255442670445e+02,1.110017973856209210e+03,nan,nan
-1.930963325222202911e+03,-7.861320087016198386e+02,-1.633075030386092692e+02,3.237709166647408376e-01,3.230588235294117680e+02,1.185872265349329609e+03,2.769007338740826754e+02,8.329693989071038231e+02,4.661379504504504325e+02,9.350102319236016228e+02,nan,nan
-1.456644409337646266e+03,-1.119041678458402203e+03,3.019748674701037316e+02,2.919949549782072107e-01,3.230844155844155807e+02,1.268001111728738124e+03,2.979862018881626682e+02,9.999768683274021441e+02,6.409347198151357361e+02,1.053968576709796707e+03,nan,nan
-2.015290208333552982e+03,-8.899398071000002801e+02,-2.726202186786448465e+02,1.445941921916676642e-01,3.240964383561643558e+02,1.230045132172791682e+03,nan,nan,4.300242603550295826e+02,9.869618671926364186e+02,4.160040959625512187e+02,9.589534591194968698e+02
-2.157272049926207728e+03,-1.092184629470415757e+03,-4.554716645785658784e+02,2.820175372684185500e-01,3.241182795698924792e+02,1.310074380165289313e+03,3.028899889988998666e+02,9.181162196679438239e+02,nan,nan,3.859828526890101443e+02,1.030026708562450949e+03
-1.881185491372553088e+03,-8.782925349080172737e+02,-1.307225787346959009e+02,3.360141490625836447e-01,3.249628851540616097e+02,1.215032329169728200e+03,2.851317433276547604e+02,8.689191988950276482e+02,4.799436501261564558e+02,9.720800211976682021e+02,nan,nan
-1.641500059741816585e+03,-7.116042596631738206e+02,1.497364046226147423e+02,5.129945150275503352e-01,3.261188118811880940e+02,1.128968727789623244e+03,2.709466776045939014e+02,8.270792253521126440e+02,5.839858809085328630e+02,8.760123099203475476e+02,nan,nan
-2.305933953805872534e+03,-1.047195595845049411e+03,-6.166673739852085419e+02,2.131582410519914372e-01,3.269942911512844717e+02,1.305008538899430732e+03,3.029780469341408207e+02,8.910032786885245741e+02,nan,nan,3.369968354430379804e+02,1.001987740805604176e+03
-2.043335079546340239e+03,-1.288147203496625480e+03,-3.764522646751323123e+02,1.595814805729142138e-01,3.271386861313868621e+02,1.371869281045751677e+03,3.190408945686900779e+02,9.900709459459459367e+02,nan,nan,4.409587628865979241e+02,1.113047961630695454e+03
-2.389595628581286746e+03,-9.304988856160655359e+02,-6.923052333273877821e+02,2.831401152283083422e-01,3.278812677388836505e+02,1.272838282078472957e+03,2.969815498154981697e+02,8.490319548872180349e+02,nan,nan,3.020314218381775504e+02,9.520032976092333001e+02
-1.661362405849079778e+03,-9.717242216093706020e+02,7.956106358971346992e+01,2.677609629293348781e-01,3.279598976109215300e+02,1.230029729729729752e+03,nan,nan,5.620362017804154675e+02,1.000001946787800080e+03,5.549103356890459509e+02,1.014972402597402606e+03
-1.968461551252776189e+03,-1.135276079941021862e+03,-2.730585409067398928e+02,6.972121519342763252e-01,3.280000000000000000e+02,1.314006284367635544e+03,3.069560685033507070e+02,9.480355932203390239e+02,4.340369351669941125e+02,1.093000933271115173e+03,nan,nan
-1.959646982263032896e+03,-1.080193299835343169e+03,-2.612970858809339347e+02,3.313233577317927225e-01,3.289660883280757275e+02,1.293947316103379762e+03,3.051325244983667631e+02,9.299032073310423812e+02,nan,nan,4.531977011494253134e+02,1.037990921470721787e+03
-1.586486202676763696e+03,-1.235150091962071883e+03,1.177741124119026210e+02,1.976680574296026671e-01,3.290822543792841088e+02,1.326017147310989913e+03,3.149223205506391423e+02,1.023937188434695940e+03,5.789687840290381473e+02,1.119994734532689790e+03,nan,nan
-2.215991193542225119e+03,-1.150355364865030879e+03,-5.494650368900881858e+02,1.675675283160870388e-01,3.299523809523809632e+02,1.333880348078317638e+03,3.130755667506297186e+02,9.299992587101556865e+02,nan,nan,3.750225752508360983e+02,1.046015915119363399e+03
-1.803811697723402176e+03,-9.677133125487636107e+02,-8.036023102936925966e+01,2.589225333086376257e-01,3.300360544217687107e+02,1.241032616753150478e+03,nan,nan,5.060266114725014859e+02,1.009011060507482057e+03,5.002314876584389367e+02,1.002962072155411647e+03
-1.282219415727903197e+03,-9.791879551973921707e+02,4.942037867965378268e+02,2.348691064980005239e-01,3.310020174848688725e+02,1.193964039785769046e+03,2.939918433931484287e+02,9.660072463768116222e+02,7.309352864013992530e+02,9.739930481283422523e+02,nan,nan
-1.914647270838488566e+03,-1.161450035618141328e+03,-2.335517592238304019e+02,2.413818560848260131e-01,3.310541441066222319e+02,1.320090358639962687e+03,3.129995117187500000e+02,9.608355629877369211e+02,nan,nan,4.761190215407082746e+02,1.073055450236966863e+03
-2.011579902237996521e+03,-1.124707616307057833e+03,-3.356820054349240650e+02,4.932122666191572358e-01,3.319878831076264873e+02,1.312935907335907359e+03,3.119642857142857224e+02,9.390085984522785338e+02,4.211311416184971108e+02,1.092955709943551938e+03,nan,nan
-2.288394664561854370e+03,-9.601736133141318987e+02,-6.050838095553517633e+02,1.267230694297697413e-01,3.320000000000000000e+02,1.275995511669658981e+03,nan,nan,3.379582836710369520e+02,1.037082851637764861e+03,3.371214536181064432e+02,9.679863785814936818e+02
-2.324813680931836188e+03,-8.206479139110848564e+02,-6.263980540056518294e+02,2.520791877948690973e-01,3.330852233676976084e+02,1.234013688212927718e+03,2.941872551580046888e+02,8.178548278190411338e+02,3.350881126173097186e+02,9.820441083805923199e+02,nan,nan
-1.942233388494561950e+03,-7.675143316247718985e+02,-2.125720911857681017e+02,4.731399571166822748e-01,3.341358589157413235e+02,1.182922794117647072e+03,nan,nan,4.660619118375433345e+02,9.320385756676557776e+02,4.360247474747474712e+02,9.090285877644367929e+02
-1.845357947217988794e+03,-9.791496622007088035e+02,-1.452420930261396279e+02,1.972079517275608929e-01,3.349428783382789447e+02,1.249945324881141005e+03,3.030967741935484128e+02,9.049879129734085836e+02,4.910046826222684899e+02,1.019062649164677850e+03,nan,nan
-1.348378812248926124e+03,-8.092472766270951752e+02,4.294206187050482981e+02,2.755887032652910573e-01,3.349871794871795032e+02,1.132989010989010922e+03,2.858809373020899329e+02,8.890056360708534839e+02,nan,nan,6.780567888487352093e+02,9.630068532267275714e+02
-1.450295464560611208e+03,-9.276047852114135139e+02,2.963910490507064992e+02,2.532472836560286100e-01,3.349905335628227476e+02,1.193057363013698705e+03,2.959950738916256228e+02,9.250356798457087280e+02,6.561313694267515757e+02,9.648519664162615754e+02,nan,nan
-2.410001220851896051e+03,-8.268296461888309068e+02,-7.309901221511493077e+02,2.689090063880182346e-01,3.359747513389441451e+02,1.243004128819157813e+03,2.980860215053763227e+02,8.140213414634146147e+02,nan,nan,2.910189486552567359e+02,9.090281690140844830e+02
-1.387522425015911949e+03,-7.069095955331126788e+02,3.971166210795229858e+02,2.350221785457853318e-01,3.360394836750189711e+02,1.097007798960138643e+03,2.790450450450450717e+02,8.439894459102902147e+02,nan,nan,6.539377376425856028e+02,9.119944351697273532e+02
-2.230772668407176752e+03,-1.012018003197000894e+03,-5.743873426615953122e+02,3.755457659840873430e-01,3.381127819548872253e+02,1.289979902979903045e+03,nan,nan,3.559393279402613643e+02,1.057089434458570850e+03,3.620536733917015795e+02,9.899287422285987077e+02
-1.925144347982639601e+03,-1.146958679140278946e+03,-2.795839684746230773e+02,2.318065481463375266e-01,3.409094674556213249e+02,1.317014221556886241e+03,3.220597701149425234e+02,9.530444743935310044e+02,nan,nan,4.749129143988124611e+02,1.062065359477124275e+03
-1.662133202545543554e+03,-6.981296366117933303e+02,7.405741196126838588e+01,3.094452866537288904e-01,3.410051890289103085e+02,1.130116352201257769e+03,2.871984223300970598e+02,8.179916918429003090e+02,5.798984725965857479e+02,8.798460358056265704e+02,nan,nan
-2.427573562021330417e+03,-1.249977304512522323e+03,-8.386326865553282914e+02,2.437801239609532766e-01,3.410826686004351131e+02,1.378912162162162076e+03,3.309702251270878719e+02,9.390024610336341766e+02,nan,nan,3.270798069784706854e+02,1.061919558359621533e+03
-1.940202814265961024e+03,-9.681310940787836898e+02,-2.730369096349385245e+02,2.175684664305538030e-01,3.421389179755672103e+02,1.255039848993288615e+03,nan,nan,4.588720784116612208e+02,1.023060549078600957e+03,4.559775811209439667e+02,9.891448914204343055e+02
-1.614647564043804550e+03,-1.150566702043817031e+03,4.742308726027641086e+01,3.261193372159410520e-01,3.440218702865761884e+02,1.297024332810047099e+03,3.239716599190283546e+02,9.869845904298458663e+02,5.749044265593561249e+02,1.085989478298991571e+03,nan,nan
-1.844940274227946020e+03,-9.257298302702953379e+02,-1.693878809421441360e+02,3.194500552931487936e-01,3.440393227744402225e+02,1.231987710219922292e+03,3.081834451901565899e+02,8.849803149606299257e+02,4.968815517952950813e+02,9.989514767932489576e+02,nan,nan
-1.373678058695133132e+03,-5.831005122407540284e+02,3.963293891627173480e+02,2.438238982886154760e-01,3.459345182413470638e+02,1.049022380467955145e+03,2.800430725053840888e+02,7.930096696212731331e+02,7.109578947368421495e+02,7.980327004219409446e+02,nan,nan
-1.903214995569275516e+03,-1.371217126776337409e+03,-3.062638715765632469e+02,7.670835230889219147e-01,3.459978102189780884e+02,1.396989566613162197e+03,3.410952380952380736e+02,1.026997017892644180e+03,4.509871003925967443e+02,1.200990571967316100e+03,nan,nan
-1.937092538103288234e+03,-1.261673106530763107e+03,-3.343349702719806942e+02,2.872229796422763326e-01,3.470147965474722582e+02,1.359043360433604448e+03,3.370709759188846419e+02,9.879047619047619264e+02,nan,nan,4.820631970260222943e+02,1.102975450081833060e+03
-1.520514054012360930e+03,-7.893404716590398493e+02,1.960689473617919987e+02,3.537151659406584936e-01,3.470801587301587574e+02,1.149990248226950371e+03,nan,nan,6.351071295259424687e+02,9.109160079051383718e+02,6.040421412300682960e+02,9.380433720219914449e+02
-2.008811503267488661e+03,-1.206542761687456959e+03,-4.066577508927528584e+02,2.427204862581528733e-01,3.480247737017627401e+02,1.343978034047226856e+03,3.340805227655986300e+02,9.620460526315789593e+02,nan,nan,4.541545386346586497e+02,1.075863216266173822e+03
-1.255924291850544023e+03,-9.048030869968855541e+02,4.766642188054381108e+02,5.499738035093051369e-01,3.490006293266205262e+02,1.164048920863309377e+03,3.059137529137528873e+02,9.350131086142322374e+02,7.490163339382939967e+02,9.420111940298507989e+02,nan,nan
-1.890081081170627840e+03,-7.742851406451412686e+02,-2.152945704179948621e+02,4.209781048185664010e-01,3.492657266811280010e+02,1.183986186482486346e+03,nan,nan,4.910194285714285911e+02,9.379566739606126475e+02,4.599842253521126736e+02,9.099684684684684726e+02
-1.753526869190317257e+03,-1.010090303825192564e+03,-1.070769950382214404e+02,2.477193813126918887e-01,3.500957264957265238e+02,1.256128661688684588e+03,3.209594155844155807e+02,9.209659613615455100e+02,5.289698946312092858e+02,1.032980711271850623e+03,nan,nan
-1.949016556424140390e+03,-8.352895654183940906e+02,-2.916779495758125336e+02,1.531866692603186531e-01,3.501339869281045480e+02,1.210938042131350585e+03,nan,nan,4.660526315789473415e+02,9.690765206017005085e+02,4.450099440646364428e+02,9.319529253530598680e+02
-1.412534192634540887e+03,-8.241138054125584631e+02,2.995919974165590247e+02,1.499439877270979660e-01,3.509323031640912518e+02,1.150972904318374276e+03,nan,nan,6.809986902423052015e+02,9.190014336917562332e+02,6.530294499783456104e+02,9.599803414381790390e+02
-2.463966776199644755e+03,-8.930671084236162187e+02,-8.726602389690807513e+02,4.480119157669638086e-01,3.519985422740524541e+02,1.269987240829346092e+03,3.211359060402684804e+02,8.289633267845448472e+02,3.000822339489885735e+02,1.028009569377990374e+03,nan,nan
-2.390081981949456804e+03,-7.731904020001812796e+02,-7.708340212222090031e+02,3.115257460314325155e-01,3.520254777070063597e+02,1.228042407660738718e+03,nan,nan,3.280556763810352550e+02,9.759970023980815768e+02,3.010622766717713148e+02,8.841807036247334963e+02
-2.091660432743768979e+03,-1.133112104352157758e+03,-5.023860678934228190e+02,4.672513269049192730e-01,3.529067635903919040e+02,1.323948790322580635e+03,nan,nan,4.009271035284994014e+02,1.106018597236982032e+03,4.231038399134667429e+02,1.039953300124532916e+03
-2.219808023227234571e+03,-8.902096797165946782e+02,-6.051904418462767126e+02,4.005260513105012854e-01,3.530490639122014045e+02,1.251977823977824073e+03,nan,nan,3.728639633747547464e+02,1.011923489932885900e+03,3.628456458935204409e+02,9.380083333333333258e+02
-1.679046373773024698e+03,-9.141917968262937393e+02,-2.737529107167118880e+01,4.077692822420639907e-01,3.550152588555858415e+02,1.214944341372912731e+03,nan,nan,5.650156910078454757e+02,9.860235849056604138e+02,5.509279596977329447e+02,9.799504608294930676e+02
-1.583829052348448840e+03,-5.159667919745194240e+02,1.335044946692788983e+02,5.725283245638418395e-01,3.569711375212224311e+02,1.056938697318007598e+03,2.879124087591241050e+02,7.509330232558139642e+02,nan,nan,5.610085261875760807e+02,8.080327272727272430e+02
-1.642566310633586909e+03,-8.624443296693940511e+02,6.763422168268114376e+00,1.855109793004795504e-01,nan,nan,3.179946360153256819e+02,8.769605055292258839e+02,5.828913043478261216e+02,9.610075187969924855e+02,5.629401459854015002e+02,9.590088008800879606e+02
-1.828974638101232358e+03,-8.869995809167240850e+02,-2.046678418534086177e+02,2.406368519190870414e-01,3.590754339118824987e+02,1.220095141700404838e+03,3.221180387409200989e+02,8.699934593023256184e+02,5.099243051448846700e+02,9.869432114882506539e+02,nan,nan
-2.304532719425159485e+03,-1.159232994131223222e+03,-7.701510500675210551e+02,4.976648163524651225e-01,3.598979143798023870e+02,1.346049327354260186e+03,3.440112359550561791e+02,9.189047261815453567e+02,nan,nan,3.640753498385360558e+02,1.029998668442077133e+03
-1.594848900788301080e+03,-7.177404134241310203e+02,8.284468722075283154e+01,9.009310541747370671e-01,3.599047037263286484e+02,1.133937500000000000e+03,3.051007884813164424e+02,8.279026979212737842e+02,6.100341704405104792e+02,8.910022296544035498e+02,nan,nan
-1.425811860913826422e+03,-8.663696253135968846e+02,2.463411532896461722e+02,2.745467753270547928e-01,3.599898107714701609e+02,1.171989193682460609e+03,nan,nan,6.740675589547482787e+02,9.440924855491329026e+02,6.519601844090527720e+02,9.749828418230563329e+02
-1.499756228924397874e+03,-9.093848052798316530e+02,1.487689869211440907e+02,8.492090503353545705e-02,3.619734895191122064e+02,1.197004382761139595e+03,nan,nan,6.400019880715706222e+02,9.719550858652576153e+02,6.241933977992664495e+02,9.880053309640160251e+02
-1.853268648682712865e+03,-1.250387289028476062e+03,-2.959025563524099880e+02,2.835788650861507665e-01,3.620030581039755475e+02,1.352002382843526675e+03,3.499524617996604547e+02,9.890667938931297840e+02,nan,nan,5.150177332305320306e+02,1.100026521060842470e+03
-1.699710388220051755e+03,-1.011907289831103981e+03,-9.472722379510933877e+01,6.045030139613153386e-01,3.630142450142450343e+02,1.254929729729729843e+03,3.341328958162428080e+02,9.249331930562861999e+02,5.529323853743470636e+02,1.033948145025295162e+03,nan,nan
-1.800931142628306588e+03,-7.633452432077610865e+02,-1.677265039333862262e+02,3.677086407996857376e-01,3.630416666666666856e+02,1.173908357771261080e+03,3.161257647858599853e+02,8.288804500703234908e+02,5.279946442234123651e+02,9.320169230769230353e+02,nan,nan
-1.777807328393606667e+03,-7.274626162743188615e+02,-1.375961325697494431e+02,5.085784521923389923e-01,3.631574854180168472e+02,1.158935460478607638e+03,3.131199040767386350e+02,8.170034317089911156e+02,5.389969710082215215e+02,9.150106921778277638e+02,nan,nan
-1.703705775637917668e+03,-8.299495280088326581e+02,-7.883851258044930432e+01,1.756083463358398822e-01,3.649451951951951969e+02,1.189034285714285716e+03,nan,nan,5.619703279541905658e+02,9.541489594742606641e+02,5.390460176991150547e+02,9.389239077074128090e+02
-1.472884594445516086e+03,-9.109249987608777701e+02,1.674582693223063927e+02,2.911990788173536848e-01,3.649580573951434985e+02,1.195039370078740149e+03,3.269795657726692184e+02,9.099682907965971026e+02,6.519234154929577016e+02,9.720421496311906822e+02,nan,nan
-2.084912744536439277e+03,-1.118606059066185708e+03,-5.408180872372410022e+02,3.413665767297985876e-01,3.650032449972958375e+02,1.319962410887880651e+03,3.449119341563786065e+02,9.239104477611940638e+02,nan,nan,4.289252669039145758e+02,1.030029329608938497e+03
-1.899339517470653163e+03,-1.263786723126923789e+03,-3.582265306808016589e+02,6.110719016974397455e-01,3.650460431654676086e+02,1.359982101167315250e+03,3.529772549019608050e+02,9.880504549214226699e+02,4.650285381479324656e+02,1.157990019960079735e+03,nan,nan
-2.184371802749826202e+03,-8.433921162752878899e+02,-6.088116850767249844e+02,5.593511605683868515e-01,3.651385359951603391e+02,1.237031117397453954e+03,nan,nan,3.928515914137676077e+02,9.949952330508474461e+02,3.749810855263157805e+02,9.179684418145956215e+02
-1.359589696786514878e+03,-7.641242152118196600e+02,3.180810030653791500e+02,3.980173615100942031e-01,3.651521892655367196e+02,1.125018287243532541e+03,3.150925692695213911e+02,8.639767272727273166e+02,7.099739039665970495e+02,8.919909909909910084e+02,nan,nan
-1.787595036405444489e+03,-1.181964999555113309e+03,-2.281672116517750055e+02,2.702498823212299839e-01,3.659657505285412071e+02,1.323977849810913085e+03,3.490329057445621856e+02,9.729450549450549488e+02,5.109138125705683251e+02,1.116977839335180079e+03,nan,nan
-1.247219616160050236e+03,-7.802454890235291032e+02,4.407979437288287272e+02,3.503674492929451101e-01,3.672560426054895402e+02,1.116022701475596023e+03,3.171266937669376489e+02,8.820985221674876584e+02,nan,nan,7.271350981287083641e+02,9.459438033115906137e+02
-2.416704466092239727e+03,-1.239951457859433731e+03,-9.420216351733005240e+02,2.374900103220886349e-01,3.679299931365820271e+02,1.377970092024539781e+03,3.569741024131841982e+02,9.309773210489014446e+02,3.031081081081081265e+02,1.168035272277227705e+03,nan,nan
-1.487897796801880986e+03,-1.250135352302304454e+03,9.217968984029319301e+01,8.879507727766222658e-01,3.680047468354430293e+02,1.330990228013029309e+03,3.530405172413792911e+02,1.031043835616438400e+03,6.279857305936072862e+02,1.132995736906211960e+03,nan,nan
-1.174494607742290100e+03,-9.944709508637989757e+02,4.937238254711745071e+02,2.121623412365820915e-01,3.680410858400587131e+02,1.196005709624796054e+03,3.330597758405977515e+02,9.769393776824034603e+02,7.849368421052631675e+02,9.869902723735408472e+02,nan,nan
-1.392494956998820953e+03,-9.930593638786616566e+02,2.375046192977836199e+02,1.847250757107515573e-01,3.680429311621021498e+02,1.219976335877862539e+03,nan,nan,6.829892408846383205e+02,1.004979497354497312e+03,6.759500277623542388e+02,1.030942054958183917e+03
-1.212503604293041008e+03,-6.809868605327884552e+02,4.930746638169384255e+02,1.496791642373862807e-01,3.680956175298804851e+02,1.070995833333333394e+03,3.100915151515151251e+02,8.439914346895075141e+02,nan,nan,7.380429411764705492e+02,9.009811664641555353e+02
-1.751899902419338559e+03,-7.913439107596467466e+02,-1.428935879580656376e+02,3.357713360247687739e-01,3.690189353340478533e+02,1.180995564317397793e+03,3.252075302554908376e+02,8.410118918918918780e+02,5.469595229490422525e+02,9.429343504392047635e+02,nan,nan
-1.483868913858736278e+03,-1.213284138489718543e+03,9.072702974825257627e+01,5.466521091742907457e-01,3.700254730713245976e+02,1.315041222459132996e+03,3.550047214353163554e+02,1.017966014418125610e+03,6.319928900041822999e+02,1.117071761416588970e+03,nan,nan
-1.736265148002521073e+03,-8.152050880127976598e+02,-1.323643606563819333e+02,2.547387918211628799e-01,3.700700685453160759e+02,1.187965818759936383e+03,nan,nan,5.520440658049353715e+02,9.529814937210838934e+02,5.270282722513088629e+02,9.290090090090089916e+02
-1.882173377632500660e+03,-1.019908933807022663e+03,-3.288797561024896368e+02,3.450844517572735914e-01,3.709596007604562828e+02,1.273975623582766502e+03,nan,nan,4.869413394919168354e+02,1.052959207459207391e+03,4.910286028602860142e+02,1.003031755542240830e+03
-1.930511840658660276e+03,-9.073868842514714288e+02,-3.639970483005733399e+02,2.951075473012396699e-01,3.711165987780040609e+02,1.238019335347431934e+03,3.360598563447725269e+02,8.669812925170067501e+02,4.760411111111110927e+02,1.007976327575175901e+03,nan,nan
-1.983950851993239439e+03,-1.083068784243977461e+03,-4.549101525535553492e+02,5.934218462192045740e-01,3.720080192461908837e+02,1.303017871649065910e+03,3.501387387387387662e+02,9.189722419928825730e+02,nan,nan,4.620717736369910540e+02,1.020990225563909803e+03
-1.730959819174510130e+03,-9.056033156847802275e+02,-1.452904584281446034e+02,4.995812749005998366e-01,3.720708624708624939e+02,1.219888950276243122e+03,3.349981036662452425e+02,8.830775862068965125e+02,nan,nan,5.360076873798847146e+02,9.670628970775095468e+02
-1.833512334176707782e+03,-8.324233553967974331e+02,-2.502940718945465051e+02,2.149119542074346689e-01,3.720980012894906395e+02,1.203997056659308328e+03,nan,nan,5.150520464881253702e+02,9.689832610043397381e+02,4.939982578397212478e+02,9.299903100775193252e+02
-1.974051112855186830e+03,-8.747728556752133500e+02,-4.103101976404552715e+02,3.010844845400793557e-01,3.722101206434316509e+02,1.231046378091872839e+03,3.350170697012802066e+02,8.530255639097744051e+02,4.629756249999999795e+02,9.969613457408732984e+02,nan,nan
-1.284638921700102173e+03,-9.682928371509734689e+02,3.503922019608679079e+02,4.038359095988912628e-01,3.730244360902255494e+02,1.199023627519110505e+03,3.370233188720173416e+02,9.507837837837837469e+02,nan,nan,7.219485619469026005e+02,1.027994015559545232e+03
-1.280481058993428178e+03,-9.146832546500036187e+02,3.544628433078622152e+02,3.756862017481203964e-01,3.749675417661097754e+02,1.177037014188772446e+03,3.359309542280838059e+02,9.300824129141885805e+02,7.389386073341573820e+02,9.610015535991714160e+02,nan,nan
-1.825176465109797846e+03,-1.104689732873296180e+03,-2.925737693416382399e+02,1.817855325432164160e-01,3.750357714895889103e+02,1.299974155069582594e+03,3.529155099577549777e+02,9.410094476744186522e+02,5.041899392888117859e+02,1.087974216580721986e+03,nan,nan
-1.259476397640521782e+03,-7.593718447867008763e+02,3.974625356121270556e+02,4.583715754544930854e-01,3.761836858006042235e+02,1.112972706595905947e+03,nan,nan,7.570276839972991638e+02,8.839896049896050272e+02,7.219119927040583207e+02,9.320688976377953168e+02
-1.562994940625423851e+03,-8.988154039387204648e+02,1.725424470310207070e+01,1.865642215530924075e-01,3.789724880382775041e+02,1.202998595505617914e+03,3.409762219286657796e+02,8.939676425269645961e+02,nan,nan,6.019117402164862369e+02,9.729946466809421963e+02
-1.344701903579918508e+03,-8.368404794775700566e+02,2.782520641418100240e+02,2.894277757166203724e-01,3.790222602739726199e+02,1.154927456382001765e+03,3.340134228187919234e+02,8.920222222222222399e+02,7.140818273092369282e+02,9.310746352413019622e+02,nan,nan
-2.091117191720787559e+03,-9.182403765803112492e+02,-5.767814862670076081e+02,4.802975511798459607e-01,3.790428265524625431e+02,1.256959245283018845e+03,nan,nan,4.248951298701298924e+02,1.025940305206463108e+03,4.170746910263299583e+02,9.469579134558388205e+02
-1.488393517398000995e+03,-1.261035448465961281e+03,5.030399933019577929e+01,4.894104408446133259e-01,3.791148648648648418e+02,1.335863555818074474e+03,3.650909990108802958e+02,1.031988955823293281e+03,6.290568181818181301e+02,1.141878715244487012e+03,nan,nan
-1.552420212693911708e+03,-7.516801931124979319e+02,5.101392275651772223e+01,3.076253617718718303e-01,3.791291064388962013e+02,1.146981538461538548e+03,nan,nan,6.300781171757636230e+02,9.119434961742201722e+02,5.958907024191197479e+02,9.099777591271506481e+02
-1.410875675369828741e+03,-7.681194359958046789e+02,2.016776985611583655e+02,2.650153371143556535e-01,3.809841798501249173e+02,1.137020793950850702e+03,3.329969278033794353e+02,8.581007025761124396e+02,6.890659732540862024e+02,9.069445812807881566e+02,nan,nan
-1.399491769639073027e+03,-1.088001845658105594e+03,1.666261583626198330e+02,1.458088062230715465e-01,3.820089974293059072e+02,1.261014513788098611e+03,3.559277016742769888e+02,9.800125560538116360e+02,6.770736596736596766e+02,1.055989479512735215e+03,nan,nan
-1.557868401201719280e+03,-9.638959852546371394e+02,1.624295837006945797e+00,2.293837794045499034e-01,3.821209726443768773e+02,1.228057742782152218e+03,nan,nan,6.170423092131277372e+02,1.009993457473578246e+03,6.090738731218698376e+02,9.999648770697441478e+02
-1.741364426586145100e+03,-1.072694804356932764e+03,-2.267724145591781451e+02,3.982683062268116969e-01,3.831221556886227404e+02,1.284025187202178358e+03,nan,nan,5.399493736951983465e+02,1.072039544637507561e+03,5.480854700854700923e+02,1.029941329856584161e+03
-2.441114165521496943e+03,-8.650603638751422295e+02,-9.872020722494881966e+02,2.956733327758676588e-01,3.840098619329388612e+02,1.265981631153563512e+03,nan,nan,3.260091463414634063e+02,1.029013923013922977e+03,3.139466848940533055e+02,9.060250922509225120e+02
-1.708415499213504063e+03,-1.241280262444311575e+03,-2.169019863592310173e+02,4.069585664003785852e-01,3.840722811671087698e+02,1.343014194464158891e+03,3.709925558312655198e+02,9.969680451127819651e+02,5.428665689149560194e+02,1.144988894253983517e+03,nan,nan
-1.443472537090885453e+03,-8.056283209772534519e+02,1.489349615722861415e+02,6.075674075599392099e-01,3.841150075414781213e+02,1.155942545814759796e+03,3.390148902821316597e+02,8.699917830731307049e+02,6.730265039966344602e+02,9.279880270692348176e+02,nan,nan
-1.527792355231941656e+03,-7.719357621942474452e+02,5.349230645861505451e+01,2.253217894474796312e-01,3.850817064352856391e+02,1.153077045274027114e+03,3.379064516129032540e+02,8.490308605341245993e+02,6.400255413659078840e+02,9.219865771812080766e+02,nan,nan
-1.899104557332418608e+03,-9.321216574716434025e+02,-3.941396913638145634e+02,1.451776463925843197e-01,nan,nan,3.538976352445740190e+02,8.749584854014598250e+02,4.909189593301435366e+02,1.022140105740181298e+03,4.840591977869985953e+02,9.620169683257918223e+02
-1.710359841937613737e+03,-9.260907719923261538e+02,-1.809858259819698958e+02,3.548010884455436997e-01,3.860981754995655706e+02,1.228971853425385007e+03,3.521611265004617053e+02,8.889747602221100351e+02,5.598952417498081786e+02,1.005940564635958367e+03,nan,nan
-1.745092643100611667e+03,-1.056731955434082010e+03,-2.418049609081625988e+02,4.069700388520601231e-01,3.862466976079971346e+02,1.279027268663388440e+03,3.620143369175627299e+02,9.300038535645471711e+02,nan,nan,5.470650354153251556e+02,1.022025534851621842e+03
-1.770766304495264649e+03,-7.454429535626886718e+02,-2.235303548687733723e+02,5.011579324056040230e-01,3.868974495217853473e+02,1.170096674876847374e+03,nan,nan,5.470327332242226248e+02,9.330348101265823288e+02,5.150467648942985761e+02,8.930718870346597669e+02
-1.605519708437267127e+03,-9.727018643091096237e+02,-7.606338116953108397e+01,2.094666159393636373e-01,3.879377802690582939e+02,1.236958741258741156e+03,3.560667150108774308e+02,9.140443388756928016e+02,nan,nan,5.930758653390232666e+02,9.979259850905218627e+02
-1.929799223344333768e+03,-8.535861364568764884e+02,-4.264927524690492646e+02,4.621407422301301859e-01,3.889467153284671781e+02,1.224009938837920572e+03,nan,nan,4.861038961038960906e+02,9.920129870129869687e+02,4.680555555555555429e+02,9.279839307787391363e+02
-1.982203377224875794e+03,-8.241314387673876354e+02,-4.820878641858647597e+02,6.487825507539893843e-01,3.890298136645962472e+02,1.218999284180386439e+03,3.500701825557809457e+02,8.319871200412159169e+02,4.699896765313145011e+02,9.840253731343283334e+02,nan,nan
-1.644550616210233329e+03,-7.983244145515232049e+02,-1.050631997838097647e+02,3.087552075104397220e-01,3.909328881469115231e+02,1.177060276679841991e+03,nan,nan,5.930781719783524295e+02,9.469230275817832307e+02,5.669440769693325137e+02,9.210171957671957443e+02
-1.726753935457765465e+03,-1.045064296013381409e+03,-2.393676749605384657e+02,1.252599369802586404e-01,3.920530351437699892e+02,1.273953316953316971e+03,3.660702389572773541e+02,9.269199395770392584e+02,5.489346323067253479e+02,1.061947943444730072e+03,nan,nan
-1.641286637772214362e+03,-1.204422551094686241e+03,-1.656558003421564251e+02,1.941419829244087347e-01,3.921019189765458464e+02,1.326046605876393187e+03,3.760505434782608631e+02,9.899010390895596174e+02,5.729576534576534641e+02,1.127853006681514444e+03,nan,nan
-1.926358434637982555e+03,-1.134302856207201785e+03,-4.816489066306847349e+02,1.439331112314095051e-01,3.931518324607329760e+02,1.319858164481525591e+03,3.740146666666666420e+02,9.369305451829724234e+02,4.730531264692054378e+02,1.111882816605359949e+03,nan,nan
-2.361086887422891778e+03,-7.543439212762433499e+02,-9.281518427520999239e+02,1.217555972287315130e-01,nan,nan,3.560160901045856576e+02,7.870017137960583113e+02,3.600965986394558058e+02,9.860037064492216814e+02,3.320943992773260902e+02,8.660000000000000000e+02
-1.513439015585880497e+03,-1.087102077601180781e+03,-1.094188400058651389e+01,5.019400169641728970e-01,3.950487804878048905e+02,1.272985925404644604e+03,3.690849056603773306e+02,9.629394644935972565e+02,6.310240000000000009e+02,1.067966507177033463e+03,nan,nan
-1.670799166169565069e+03,-1.154394492415919558e+03,-2.036087731851902447e+02,1.976925479659102092e-01,3.951328708644610401e+02,1.310033172496984207e+03,3.761033623910336132e+02,9.689838087895142280e+02,5.650233050847457434e+02,1.107921460176991104e+03,nan,nan
-1.960945153245423398e+03,-1.022584815236937402e+03,-5.121896917425884794e+02,4.200890830895208095e-01,3.951348314606741496e+02,1.284860962566844819e+03,nan,nan,4.680307692307692378e+02,1.067057704112952706e+03,4.739523809523809632e+02,9.900194986072423262e+02
-1.385352755472691342e+03,-1.071332165261961791e+03,1.261496612528785590e+02,3.797986473656139172e-01,3.981462217860647570e+02,1.255981773997569917e+03,3.720393192488263026e+02,9.709317697228144652e+02,nan,nan,6.891059027777778283e+02,1.053972887767969723e+03
-1.756690121080327572e+03,-1.029993540447037049e+03,-3.008137101415424581e+02,1.840836016801350727e-01,nan,nan,3.731059459459459617e+02,9.169611528822055107e+02,5.409032530629489202e+02,1.059994623655913983e+03,5.450900337024554574e+02,1.005972823072656638e+03
-2.201914537020323223e+03,-9.786581272817284116e+02,-8.093744807946884521e+02,4.281877022556497825e-01,4.020206136145733353e+02,1.288005724098454493e+03,nan,nan,3.968895287958115432e+02,1.065920413122721811e+03,3.999512349588347320e+02,9.550363636363636033e+02
-1.307287991230817170e+03,-1.061608459964996200e+03,2.038445368625971241e+02,3.355445568785334065e-01,4.029992581602373889e+02,1.245987682832948394e+03,nan,nan,7.219911651021535590e+02,1.043964410735122556e+03,7.220032432432432188e+02,1.054995875073659363e+03
-1.423656061413681982e+03,-7.143236594701137392e+02,1.114652298812553823e+02,3.540102463953287426e-01,4.039827721221612933e+02,1.124000000000000000e+03,nan,nan,6.900177103099304077e+02,8.950127175368139660e+02,6.520035566093657735e+02,8.929771604938271139e+02
-1.639800053924156600e+03,-8.409524920730019630e+02,-1.562079041851602597e+02,3.209856303482837014e-01,4.040392156862745310e+02,1.194987062404870585e+03,3.639920042643923352e+02,8.618493870402802486e+02,5.959430662871085360e+02,9.709821146764860487e+02,nan,nan
-1.075131601114900832e+03,-1.343964314144990340e+03,4.418569014050729038e+02,7.711912352767910095e-01,4.040743541272842094e+02,1.343018518518518476e+03,3.940188679245283083e+02,1.117034807149576636e+03,nan,nan,8.409530115335327309e+02,1.202967656415694591e+03
-1.665935987067857695e+03,-1.159948619042295832e+03,-2.325722093577321914e+02,2.369065199810671818e-01,4.040848094471282934e+02,1.313025150355385449e+03,3.851677148846960108e+02,9.691573875802997691e+02,5.689366485013623560e+02,1.112988576449912216e+03,nan,nan
-1.591422671653948100e+03,-1.121971991682813041e+03,-1.416666133081303940e+02,2.883445793492936948e-01,4.041025076990761136e+02,1.294028219599794738e+03,3.821120797011208197e+02,9.639363507779349902e+02,5.999698613622664425e+02,1.091921037124337090e+03,nan,nan
-2.276506960338687350e+03,-9.412246814962414874e+02,-8.971118154806783878e+02,2.850217458548129357e-01,4.041257225433525946e+02,1.281011293054771386e+03,nan,nan,3.781024409763905396e+02,1.056030943785456429e+03,3.759515553289137983e+02,9.369879518072289102e+02
-1.706246245066263555e+03,-1.109216468471775897e+03,-2.753595100310558905e+02,2.329341025881802862e-01,4.049543446244477423e+02,1.298035769828926959e+03,nan,nan,5.569431396786155801e+02,1.093072603289209837e+03,5.700368898978433663e+02,1.039046426389737235e+03
-2.346498323735664599e+03,-7.494857183475065767e+02,-9.573526655577909423e+02,4.088626518492043949e-01,4.050574866310160473e+02,1.227990977443608926e+03,nan,nan,3.700877914951989283e+02,9.879881129271916507e+02,3.411545945945945846e+02,8.618861929520508056e+02
-1.779198390100293182e+03,-1.112119574946771763e+03,-3.628156058363164789e+02,1.487178665214733408e-01,4.059094363521215882e+02,1.304020818377602382e+03,3.849196765498652439e+02,9.411257413997627737e+02,5.301724812520378691e+02,1.098889629321116217e+03,nan,nan
-1.295923657642514399e+03,-8.510929983451461567e+02,2.352407509491208089e+02,5.493396166297276340e-01,4.060564202334630295e+02,1.160907604832977995e+03,3.640275707898658766e+02,8.969829059829060043e+02,7.381376587710263948e+02,9.459638774577045979e+02,nan,nan
-1.612561858821267606e+03,-1.095824430710889374e+03,-1.778203457401444609e+02,9.173707355082798276e-02,nan,nan,3.849559939301972804e+02,9.519779286926994928e+02,5.939247881355931895e+02,1.082980295566502491e+03,6.041252455795678316e+02,1.039980448533640129e+03
-2.273640228390087486e+03,-9.833735577491464710e+02,-9.196051211305400557e+02,2.166868264276047007e-01,4.079704260651628829e+02,1.294927846674182547e+03,3.820456140350877376e+02,8.590458991723099871e+02,3.789759181216134607e+02,1.074057845744680890e+03,nan,nan
-1.782940355659351326e+03,-1.161136164309496735e+03,-3.825306352534021812e+02,1.807587733123849072e-01,4.080200429491767977e+02,1.322126573426573486e+03,3.899294920394237920e+02,9.559270746018440832e+02,5.270026260504201900e+02,1.121002526847757508e+03,nan,nan
-1.530181964733190625e+03,-9.049321016715123278e+02,-5.941401525754979218e+01,6.723573948609872231e-01,4.090331753554502257e+02,1.210003225806451610e+03,nan,nan,6.369702564102564111e+02,9.919866518353726406e+02,6.229575070821530289e+02,9.669841269841269877e+02
-1.737859124142381688e+03,-7.528067562298526809e+02,-2.789528208353445393e+02,2.501715972750911399e-01,nan,nan,3.651404358353510702e+02,8.219729729729730252e+02,5.660510204081632537e+02,9.439956793086894322e+02,5.348578016910068982e+02,8.910547550432277149e+02
-1.587378080706252149e+03,-7.948923148365039424e+02,-1.111896327340325428e+02,3.488852960383831969e-01,nan,nan,3.661616954474097270e+02,8.479216835375599430e+02,6.199893980848153205e+02,9.489919201520912111e+02,5.939005376344085789e+02,9.171077523159434577e+02
-1.446884619926916912e+03,-7.698435036560786102e+02,5.557155969490217018e+01,5.204606248139120872e-01,4.100923007654209869e+02,1.148987100392596858e+03,3.630040683482505983e+02,8.510139616055846545e+02,6.778962264150943611e+02,9.250043525571272767e+02,nan,nan
-1.865057079454409177e+03,-1.178981062082903918e+03,-4.835075872294939359e+02,8.915393276401905043e-01,4.100938799762329268e+02,1.333014257939079698e+03,3.921246355685130993e+02,9.530104501607717111e+02,nan,nan,5.219167043911271548e+02,1.052100738396624365e+03
-2.321909720336487680e+03,-8.816085024067026552e+02,-9.716880671312418372e+02,3.883902976655753680e-01,4.101512948659699873e+02,1.267982787340366485e+03,nan,nan,3.721293385723641336e+02,1.038185807336304379e+03,3.621128174837566576e+02,9.099014778325123416e+02
-1.477199703166052359e+03,-1.037073174068259959e+03,-2.868908721035646892e+01,3.159467730471076097e-01,4.119839034205231201e+02,1.254063437139561756e+03,3.850438709677419524e+02,9.448284347231715401e+02,6.519878691983121826e+02,1.049092034445640365e+03,nan,nan
-1.170833472424786351e+03,-9.609479909150993535e+02,3.507173208908147330e+02,4.691802514329251328e-01,4.120099823840282056e+02,1.192077017114914497e+03,nan,nan,7.910504021447720788e+02,9.880241745283018417e+02,7.770771001150748134e+02,1.019972465581977417e+03
-2.224408030437612979e+03,-9.822822707174902916e+02,-8.777255861903497589e+02,3.652299989356481702e-01,4.121744292237443119e+02,1.291927835051546481e+03,3.847308394160584157e+02,8.619860279441118109e+02,nan,nan,3.979150485436892950e+02,9.520263912794033558e+02
-1.225467205345053117e+03,-1.045509005527522504e+03,2.688825233184060153e+02,1.889446350704292177e-01,4.129600903614457934e+02,1.232963978073609951e+03,3.831226562499999773e+02,9.779580888516345567e+02,7.609803171131766248e+02,1.034027777777777828e+03,nan,nan
-2.344396379604568210e+03,-1.058000840111930984e+03,-1.039412465538983952e+03,2.864789328420493386e-01,4.139008264462809734e+02,1.322931586608442558e+03,3.919797670141017534e+02,8.749397923875432070e+02,nan,nan,3.720886214442012943e+02,9.709522036002482537e+02
-1.241712604546669809e+03,-9.634049138400425818e+02,2.559716601272335765e+02,1.621620624723776327e-01,4.140007880220646257e+02,1.201963696369636864e+03,3.791785117056855938e+02,9.439471718249733385e+02,7.579228367528992294e+02,9.970124875124874961e+02,nan,nan
-1.415589299640576428e+03,-7.453670258500831096e+02,7.818387761892910248e+01,3.323699611657045527e-01,4.141428571428571672e+02,1.137968953068592100e+03,nan,nan,6.929208848893888444e+02,9.129777997039960837e+02,6.599734513274336223e+02,9.039982466393921641e+02
-1.266787794508603838e+03,-8.011991293691917235e+02,2.458202563991569889e+02,3.726781827653323220e-01,4.149403921568627425e+02,1.141003536693191791e+03,nan,nan,7.549755792110206585e+02,9.229317738791422698e+02,7.260945136007376277e+02,9.390723751274209690e+02
-1.498850936455869032e+03,-7.884488869280883137e+02,-3.069192524172268577e+01,5.312660199370807801e-01,4.150078328981722962e+02,1.163984014209591578e+03,3.720393474088292010e+02,8.519584323040379559e+02,6.569782989149457535e+02,9.410083994400373513e+02,nan,nan
-1.228099204809380808e+03,-8.015042207604783471e+02,2.774915444295095313e+02,5.055528593517740754e-01,4.190112262521589059e+02,1.136979981801637905e+03,3.731018153117600491e+02,8.809379579872984323e+02,nan,nan,7.440065009560229328e+02,9.409688206055128603e+02
-1.646102479694666954e+03,-1.156767432403696148e+03,-2.679919427780425849e+02,1.978180375982536987e-01,4.190213010938399520e+02,1.312956195244055152e+03,4.001317516405855486e+02,9.659481481481481069e+02,nan,nan,5.990685302073940193e+02,1.056968979131415608e+03
-1.846034404732741677e+03,-8.940199497776156932e+02,-4.610267270391220791e+02,2.368297626009805423e-01,4.191591160220994539e+02,1.236070588235294053e+03,nan,nan,5.229233226837060329e+02,1.016022222222222240e+03,5.109791492910758848e+02,9.389736575481256295e+02
-1.778719556329835768e+03,-8.910239372625699161e+02,-3.947788203435687251e+02,2.595740467829587006e-01,4.219726603575184072e+02,1.229966494845360785e+03,nan,nan,5.470450514366797279e+02,1.010988405797101450e+03,5.350873189995612620e+02,9.408283548818546933e+02
-1.461047744799509701e+03,-9.312032397674593085e+02,-3.062056243077417150e+01,3.599543073467714183e-01,4.219859154929577585e+02,1.214998387096774195e+03,3.870963222416812641e+02,9.059988998899890476e+02,6.660873878129428931e+02,1.003978028169014124e+03,nan,nan
-1.718725621236916595e+03,-8.881484426326376251e+02,-3.225691284788040321e+02,3.160908001386730781e-01,nan,nan,3.859855521155830615e+02,8.680663589151760107e+02,5.690938535149061863e+02,1.005042009132420048e+03,5.549845024469821055e+02,9.440039920159680378e+02
-1.170394726071511286e+03,-1.011712887601625539e+03,2.964506479800865009e+02,6.424861536848859578e-02,4.250167112299465089e+02,1.215957988980716209e+03,nan,nan,7.890637799882972558e+02,1.018010222489476860e+03,7.819344080044469365e+02,1.037001253918495195e+03
-1.622512546143971122e+03,-1.045141491035057925e+03,-2.518701792832752915e+02,2.498976598529062121e-01,4.260162650602409826e+02,1.272008113590263747e+03,4.000292397660818438e+02,9.290305180979418083e+02,nan,nan,6.020088105726872527e+02,1.012053770086526583e+03
-1.479600676415771886e+03,-7.796109886101547772e+02,-4.716156281538635398e+01,2.798099902626259294e-01,4.260413609072714962e+02,1.161132088058705904e+03,3.821878703380969000e+02,8.488973481608212523e+02,6.670062749572161920e+02,9.399786130913804527e+02,nan,nan
-1.249309487484056945e+03,-7.967553929001118149e+02,2.254507833247854194e+02,1.340460985242404035e-01,4.260597101449275215e+02,1.139978609625668469e+03,3.809535655058043062e+02,8.759522912743251482e+02,7.640749564206856803e+02,9.250208588957054872e+02,nan,nan
-2.355483035461051259e+03,-1.341287181194783898e+03,-1.147013845526701061e+03,9.068397415548669072e-01,4.260926193921852132e+02,1.412029110936270627e+03,4.160484848484848612e+02,9.519386753883892425e+02,3.460437956204379475e+02,1.220105356091818749e+03,nan,nan
-1.501885069535774619e+03,-6.875946979648075512e+02,-6.792703216112165876e+01,3.870856844186889023e-01,4.280575657894736992e+02,1.130977895667550911e+03,nan,nan,6.638868006993006929e+02,9.030191118605957854e+02,6.240532706619662804e+02,8.699970428782651197e+02
-1.312269595642613012e+03,-1.076015019050406863e+03,1.003861671740387322e+02,2.490436762886409083e-01,4.290335140463282642e+02,1.257021046643913451e+03,nan,nan,7.219438006952491378e+02,1.060980087118854954e+03,7.250270780856423016e+02,1.050015862524785234e+03
-1.453357967274163911e+03,-9.383721268900144423e+02,-5.306692974571129895e+01,2.123212491726414186e-01,4.300418502202643367e+02,1.217973444613050106e+03,3.959791258969341357e+02,9.080430916552667213e+02,6.700587859424920225e+02,1.010041271989174561e+03,nan,nan
-1.672155330843759657e+03,-1.047709010890908758e+03,-3.314203775177206239e+02,1.844340041397400931e-01,nan,nan,4.059578713968957686e+02,9.240603550295858213e+02,5.799852941176470722e+02,1.073948476454293541e+03,5.860226327944573086e+02,1.006991443850267387e+03
-2.267868684663562817e+03,-1.026312627438943991e+03,-1.025640805900236273e+03,4.120930643077678757e-01,4.311587044534413167e+02,1.312034411915767805e+03,nan,nan,3.901456573166610156e+02,1.097829187396351472e+03,3.991021276595744780e+02,9.580250764525993645e+02
-1.521934559346034348e+03,-9.916894580691679266e+02,-1.487388837599628459e+02,3.577899779784729506e-01,4.318925289652416950e+02,1.244996825396825443e+03,4.020774393391843091e+02,9.200917531403604244e+02,6.400886810706223287e+02,1.038990384615384528e+03,nan,nan
-1.133953239626577442e+03,-9.339507474414349417e+02,3.251436966754119453e+02,3.533829674344250993e-01,4.319699453551912711e+02,1.181885088919288592e+03,3.960312500000000000e+02,9.409935012185214873e+02,nan,nan,7.949982373678026306e+02,1.002972923076923053e+03
-1.311878927157005137e+03,-7.570998464923578695e+02,1.340605576312944152e+02,2.083056244918286837e-01,4.319756795422031246e+02,1.134015236567762713e+03,3.850008163265306393e+02,8.539771241830064810e+02,7.389728867623604174e+02,9.159698067632850780e+02,nan,nan
-2.399883753465567679e+03,-7.517493043185943407e+02,-1.156170903492041589e+03,3.885414269017883337e-01,4.321078651685393197e+02,1.238797174111212371e+03,nan,nan,3.699643088903309263e+02,1.005043358568478993e+03,3.441338329764453761e+02,8.520590298071302868e+02
-1.448938153295476013e+03,-1.171584432035851023e+03,-9.341886396511647206e+01,6.689126106786534853e-01,4.331228460255697428e+02,1.305957275541795752e+03,4.150397805212620028e+02,9.909128758673862194e+02,6.600451318458417518e+02,1.114898482469910959e+03,nan,nan
-2.246694621646244741e+03,-7.576705378675629845e+02,-9.807599891405226344e+02,7.320627236869479970e-02,4.350577557755775615e+02,1.229027448533998722e+03,nan,nan,4.119738831615120489e+02,9.969690949227373267e+02,3.860640000000000214e+02,8.609867549668873608e+02
-1.520076248320842979e+03,-1.166855868088490752e+03,-1.907819929095499845e+02,3.071471091420260868e-01,4.369266832917705869e+02,1.309936170212766001e+03,4.180307982401005802e+02,9.788766578249336590e+02,nan,nan,6.501585220500595597e+02,1.064983324911571572e+03
-2.113528879947685255e+03,-1.060271166089182771e+03,-8.730898373053934165e+02,4.245933217455928887e-01,4.369602911978822135e+02,1.313976628895184149e+03,nan,nan,4.349856749311294948e+02,1.104981401115933068e+03,4.479913573970513312e+02,9.780611303344867338e+02
-1.338478375937567307e+03,-9.239105751329905161e+02,5.975495842601198149e+01,4.755649366885525420e-01,4.370000000000000000e+02,1.201991367861885692e+03,nan,nan,7.200650233744156594e+02,9.969469026548672446e+02,7.060446483180428459e+02,9.799911504424778741e+02
-1.557469048164305832e+03,-9.990059984443789745e+02,-2.161479412464368295e+02,1.668352214412955892e-01,4.379845335911068105e+02,1.251988655700510435e+03,4.090795996186844832e+02,9.170685404339250226e+02,nan,nan,6.259342844790315894e+02,9.940231971759959606e+02
-1.553837730621344690e+03,-9.773284377216942858e+02,-2.099065175166743131e+02,1.633532366908196642e-01,4.381313832424392558e+02,1.243997633136094692e+03,4.080996602491506451e+02,9.100335980452045987e+02,6.300578592092574581e+02,1.037908994708994669e+03,nan,nan
-1.959650180600113799e+03,-1.037064295998533908e+03,-7.114261882515678508e+02,2.322348870779189778e-01,4.420444563470808816e+02,1.296974233128834385e+03,nan,nan,4.861121076233183658e+02,1.090021814006888690e+03,4.939477295001633479e+02,9.779658780709736448e+02
-1.229993165252482640e+03,-7.493440154139151446e+02,1.929527759334361008e+02,4.324284321610717963e-01,4.430332717190387939e+02,1.124015473887814323e+03,nan,nan,7.770090148100450733e+02,9.089849673202614895e+02,7.430104581673306257e+02,9.090184794086588909e+02
-1.043297250590080012e+03,-8.367369977400277321e+02,4.155203436552369567e+02,2.004373779089777541e-01,nan,nan,3.990414347557204451e+02,9.109704467353951713e+02,8.589483537766300287e+02,9.289927726675426811e+02,8.330582132564841231e+02,9.629871559633027118e+02
-1.020507323954218577e+03,-5.981434801535273209e+02,4.672822340600894222e+02,9.744973971269921265e-01,4.450551537070524546e+02,1.031036852589641512e+03,3.860697368421052715e+02,8.139628571428571604e+02,nan,nan,8.320943296237413733e+02,8.520135933806146795e+02
-1.852605264464683614e+03,-8.101671301986638127e+02,-5.694016662846139525e+02,2.725811495423487996e-01,4.459951790633608653e+02,1.215014545454545441e+03,nan,nan,5.340781078107810345e+02,9.929865814696485131e+02,5.130213933077344564e+02,8.970012300123000841e+02
-1.515904299980843462e+03,-1.022327581207418916e+03,-2.022728155763848292e+02,3.180993920252742635e-01,4.460075757575757507e+02,1.258016570605187326e+03,4.189282576866764316e+02,9.279906832298136123e+02,6.438972184531886569e+02,1.057915940766550420e+03,nan,nan
-2.385278295949047333e+03,-8.914676670125666078e+02,-1.227129576206553338e+03,2.540905201395318169e-01,4.460184790334043896e+02,1.282002943340691672e+03,nan,nan,3.740354808590102493e+02,1.060061769616026822e+03,3.669119676421603344e+02,8.980148032723022880e+02
-1.482945865684603632e+03,-8.156876428418947853e+02,-1.363458484338029848e+02,7.576318815302615084e-01,4.470780274656679012e+02,1.179152905198776807e+03,nan,nan,6.679670116429495010e+02,9.659694232105629226e+02,6.440089160018770826e+02,9.209473684210526017e+02
-1.762606785572706031e+03,-1.016063243187042644e+03,-5.048424916233807949e+02,6.136700114622750668e-01,4.489984856133265794e+02,1.276926002055498429e+03,4.219958699019101687e+02,9.009505952380952749e+02,5.549825033647375676e+02,1.072886679920477036e+03,nan,nan
-1.527518609484418448e+03,-8.887443218280218389e+02,-2.108278587653012721e+02,3.472128250245590242e-01,4.492166110183639489e+02,1.211937850229240894e+03,4.141883830455258817e+02,8.790222222222222399e+02,nan,nan,6.329613618974751716e+02,9.471623188405797009e+02
-1.234769905199101686e+03,-8.283937484158393545e+02,1.521194758652528094e+02,8.967951879019713246e-01,4.499925407925408081e+02,1.157973729297544196e+03,4.070374955783515816e+02,8.849906147348663126e+02,7.710649122807017193e+02,9.479716732542819955e+02,nan,nan
-1.250453509360338558e+03,-7.131893792175567341e+02,1.405857760982675870e+02,4.698852626296592394e-01,4.510851943755169486e+02,1.114974264705882433e+03,4.030586552217453686e+02,8.390083270249810994e+02,7.699534028203555636e+02,8.989893687707641448e+02,nan,nan
-1.311997527427172827e+03,-9.828439879253185154e+02,2.581585811455788004e+01,4.594479771887744479e-01,4.519867549668874176e+02,1.224995225102319182e+03,4.209834847233691448e+02,9.339810834049870891e+02,7.299049049049049245e+02,1.027884332281808611e+03,nan,nan
-1.403458487695366557e+03,-9.831108544043572692e+02,-8.790524916834675651e+01,1.571949421595854879e-01,4.530283018867924625e+02,1.235030007501875389e+03,4.220071614583333144e+02,9.239753801593049047e+02,6.920484126984126760e+02,1.034984761904761854e+03,nan,nan
-1.560480571820741261e+03,-1.011989796377676726e+03,-2.812787839475247438e+02,1.933312103159240403e-01,4.530662785490371789e+02,1.260021516944593941e+03,4.251641862698031673e+02,9.180153937240970663e+02,6.291065842124409073e+02,1.058983114446529044e+03,nan,nan
-9.974304137761995435e+02,-8.508590765875770785e+02,4.291864501674695020e+02,4.592956471565277088e-01,4.540673076923076792e+02,1.135003552397868589e+03,nan,nan,8.810796316359696903e+02,9.369836161497952389e+02,8.559265700483091450e+02,9.689831223628691532e+02
-1.760278570738086955e+03,-7.770973714148527733e+02,-4.950508279170423975e+02,2.537416785294800969e-01,4.550224284609435585e+02,1.197000801924619054e+03,4.151093454407869672e+02,8.220195530726257402e+02,5.700282840980515857e+02,9.768966812773951460e+02,nan,nan
-1.019267338264237424e+03,-9.232991087027244248e+02,3.827708020974901046e+02,5.246093566223369864e-01,4.570231707317072960e+02,1.168947394789579221e+03,4.190055423594615718e+02,9.460488390712570208e+02,nan,nan,8.489741419840150911e+02,9.990211480362537486e+02
-1.848394259200093529e+03,-9.569533232240959251e+02,-6.367475625085724005e+02,2.095660742242645702e-01,4.579765223771092906e+02,1.265012057272042284e+03,nan,nan,5.320417928528164566e+02,1.056972125435539965e+03,5.289981179422835567e+02,9.499980079681274674e+02
-1.158534563679663506e+03,-5.995336970113287407e+02,2.431931368412273855e+02,1.012628769453059352e+00,4.589666666666666401e+02,1.060000877192982443e+03,nan,nan,8.159260670731707705e+02,8.399711129991503640e+02,7.700573684210526153e+02,8.409620471535365596e+02
-1.551988754237055218e+03,-8.364096946823080998e+02,-2.714190439573707181e+02,2.432391988580765163e-01,4.589769982748705957e+02,1.197917919799498804e+03,4.210863836017569497e+02,8.569515219842164697e+02,nan,nan,6.229962299717248015e+02,9.209668094218415035e+02
-1.557847849626395146e+03,-9.400020590994553231e+02,-2.964724935714041294e+02,3.588065011499113055e-01,4.600023980815347500e+02,1.234969891095451658e+03,nan,nan,6.350150234741784061e+02,1.030951041666666697e+03,6.280221674876847828e+02,9.620328173374613243e+02
-2.117364878826628228e+03,-9.008800179131281993e+02,-9.638302448075014581e+02,1.851394294629384873e-01,4.600285053929121659e+02,1.268013687600644062e+03,4.300191649555099502e+02,8.361164736164736269e+02,4.531037037037037294e+02,1.053067409470752182e+03,nan,nan
-1.734093574378859103e+03,-1.019503056082884655e+03,-5.221625813184170966e+02,2.179222662831687141e-01,4.609539794260963959e+02,1.277958408679927743e+03,4.349970609845701688e+02,9.030023696682465015e+02,5.679713241495642251e+02,1.076113127001067141e+03,nan,nan
-2.408802603678942432e+03,-1.332690892624215849e+03,-1.389285976631036192e+03,7.630400466759090783e-01,4.610077700077700342e+02,1.415019054878048792e+03,4.489465370595382865e+02,9.359992892679459828e+02,3.531360037261295020e+02,1.226025684931506930e+03,nan,nan
-1.989444224255259769e+03,-7.604441537820164285e+02,-8.119932339160980064e+02,4.091951295325193527e-01,4.650247349823321770e+02,1.214992526158445344e+03,nan,nan,5.000514322916666856e+02,9.929565522074282171e+02,4.749966273187183674e+02,8.649706445437141156e+02
-1.496286247129654157e+03,-9.069657551354165435e+02,-2.458920583064292202e+02,2.177274908187581681e-01,4.668790797217763497e+02,1.218986658195679865e+03,4.329391819160387627e+02,8.849817839195980014e+02,6.619551353355579977e+02,1.015015165876777246e+03,nan,nan
-1.556771060741175688e+03,-7.981159428945283025e+02,-3.083777884228965149e+02,1.313112749258381895e-01,4.679488038277511919e+02,1.187046800947867268e+03,4.281671812968680797e+02,8.419558665231431860e+02,nan,nan,6.211398198198197633e+02,9.020791952054794365e+02
-2.305896594034751615e+03,-9.718523708586487828e+02,-1.249525410600195528e+03,1.738485027392334681e-01,4.680432931156848895e+02,1.304027146001467372e+03,nan,nan,4.019635627530364559e+02,1.092995115995116066e+03,4.050584170854271520e+02,9.229741620111732345e+02
-9.659899599896571090e+02,-8.763575700260399799e+02,4.142693277304581443e+02,4.289489675583575967e-01,4.680991207034372223e+02,1.146019785655399801e+03,nan,nan,8.950000000000000000e+02,9.519929701230228147e+02,8.730508658008658358e+02,9.779596949891067652e+02
-1.585079343993903876e+03,-6.868483676924452084e+02,-3.297643721347910173e+02,8.059440216499144105e-01,4.689503205128204968e+02,1.151014567266495305e+03,nan,nan,6.410331564986737476e+02,9.310259740259740511e+02,6.031353602665556082e+02,8.549806259314456156e+02
-9.916016694312387472e+02,-8.439014756041955252e+02,3.833130261590015948e+02,2.370791414140327180e-01,4.689669046073977938e+02,1.136050176678445268e+03,4.270248033877797980e+02,9.140920096852299821e+02,nan,nan,8.590331091567511521e+02,9.609496992892291019e+02
-1.350789468170912869e+03,-1.065249888848665250e+03,-9.943897216570420028e+01,2.644810419398351264e-01,4.690043222003929486e+02,1.263926680244399222e+03,4.440936440677966175e+02,9.549161255411255524e+02,7.119586241276170995e+02,1.073958757062146788e+03,nan,nan
-1.327546746518500640e+03,-5.806875462714791638e+02,-6.331715015469479901e+00,2.489657139163156951e-01,4.700091407678244764e+02,1.081989861751152148e+03,4.139447204968944334e+02,7.789713245334546627e+02,nan,nan,6.969683638161146746e+02,8.209927293064877176e+02
-1.063964609586676715e+03,-9.008589662080069047e+02,2.797313755316944253e+02,4.565635487667441539e-01,4.700643806857942764e+02,1.169006859756097583e+03,4.320546519193233621e+02,9.270787604906390698e+02,nan,nan,8.280333141872487204e+02,9.810069404279930723e+02
-1.496205182591206267e+03,-1.276558619166593871e+03,-3.140163592261767462e+02,2.572465481124414644e-01,4.709827255278311213e+02,1.354015151515151501e+03,nan,nan,6.440272727272727025e+02,1.175982784431137816e+03,6.738975448536355088e+02,1.093905018888289305e+03
-1.527676612803978514e+03,-8.324575974680648187e+02,-2.941394753062253358e+02,3.456591574164670777e-01,4.719826700898588001e+02,1.197056016597510279e+03,4.340357420357420324e+02,8.550182539682539300e+02,nan,nan,6.350311041990668173e+02,9.170052083333333712e+02
-1.312349197670517697e+03,-4.030331988042740932e+02,2.058760159514518051e+01,8.011348441992977021e-01,4.729713292788879357e+02,1.017038817005545297e+03,4.080439084724799272e+02,7.109518492672714274e+02,7.619795348837209303e+02,7.820084269662921770e+02,nan,nan
-1.383576190859468852e+03,-5.417394952988969408e+02,-8.553928919136305353e+01,9.484393726882620612e-01,4.730506993006993071e+02,1.075991689750692558e+03,4.169329608938547267e+02,7.600382470119521940e+02,7.259734195402298838e+02,8.519985304922851128e+02,nan,nan
-1.963251064634986960e+03,-1.208385012053113769e+03,-8.775589934367990281e+02,1.888240114579569917e-01,4.730595802301963317e+02,1.357046270718232108e+03,4.578502495840266420e+02,9.379293849658314457e+02,4.880116144018583100e+02,1.167870882740447996e+03,nan,nan
-2.234804755981354447e+03,-7.699019935809120625e+02,-1.164594215954261017e+03,6.203949560516036632e-01,4.741374434389140333e+02,1.239926783479349297e+03,nan,nan,4.339581469648562120e+02,1.018985053037608509e+03,4.120026150627614925e+02,8.539696428571428442e+02
-1.510497308558174836e+03,-1.104410888218810214e+03,-3.234116467523643337e+02,1.942536000063152246e-01,4.749900727994705676e+02,1.293025152957171940e+03,4.529276315789473415e+02,9.489847512038522837e+02,nan,nan,6.590643086816720597e+02,1.024991666666666561e+03
-1.339171208220092012e+03,-1.091775795525769809e+03,-1.112223023512234477e+02,3.179908025639129332e-01,4.749978858350951327e+02,1.273979121670266295e+03,nan,nan,7.159004975124378234e+02,1.086980593607305991e+03,7.229855254877281823e+02,1.034987179487179446e+03
-9.640689101973032393e+02,-1.015673125609194244e+03,3.741472268819035776e+02,3.943591656674281798e-01,4.750014513788098611e+02,1.204977511244377865e+03,4.439718804920913726e+02,9.849522091974752129e+02,nan,nan,8.799811842833425999e+02,1.038958260869565265e+03
-1.323243341419199396e+03,-8.489015168834289398e+02,-6.109155295656086793e+01,4.300552336274174325e-01,4.760039904229848275e+02,1.182045171339563922e+03,nan,nan,7.351295022258194649e+02,9.780020335536349876e+02,7.150068807339449677e+02,9.360316040548598266e+02
-1.451869891115273276e+03,-1.281539001971673770e+03,-2.908549293734303092e+02,3.332171835606953514e-01,4.790276056338028070e+02,1.353969355847404586e+03,4.660212927756654153e+02,1.013900249376558577e+03,nan,nan,6.918904440154440181e+02,1.096969924812030058e+03
-1.432673269324530338e+03,-1.130069633289388321e+03,-2.557227083692310714e+02,1.319843223865276027e-01,4.809866962305986817e+02,1.296888372093023236e+03,4.600077942322681110e+02,9.649511217948718240e+02,6.779301561216104801e+02,1.111957020057306636e+03,nan,nan
-2.265611883923157620e+03,-7.361599409641557941e+02,-1.234439827681924953e+03,3.075321677559273437e-01,4.810063856960408657e+02,1.234936708860759381e+03,nan,nan,4.311602993304450706e+02,1.011042025316455693e+03,4.049744318181818130e+02,8.390039395929087505e+02
-1.333880256450812794e+03,-8.058175854405424161e+02,-8.860883338123576891e+01,3.060032978504795831e-01,nan,nan,4.399780297661233135e+02,8.609842223891810136e+02,7.340195241000610622e+02,9.629367959949937585e+02,7.089748538011696155e+02,9.150072332730560447e+02
-1.619504267003007953e+03,-7.690602900845724434e+02,-4.381501047263445230e+02,3.179320584157356855e-01,4.820748334187596242e+02,1.186878509719222393e+03,4.409762711864406697e+02,8.249591623036649253e+02,6.270588942307692832e+02,9.740000000000000000e+02,nan,nan
-1.415064388239615255e+03,-7.126727772460360484e+02,-1.855552787619469655e+02,2.611384444110435576e-01,4.830005184033177557e+02,1.145015113350126057e+03,nan,nan,7.059909480705097167e+02,9.319644268774703733e+02,6.729648365206662675e+02,8.700102432778488719e+02
-2.145286261115700199e+03,-7.257486799360968917e+02,-1.092087297978793231e+03,2.099588711378175265e-01,4.840013679890560638e+02,1.222075356415478609e+03,nan,nan,4.649529343404997235e+02,9.999901250822910015e+02,4.370471230158730123e+02,8.399982658959537503e+02
-1.276948103665461531e+03,-6.060461457173219060e+02,-6.599137678133683238e+00,4.744704663141826040e-01,4.851858617950754820e+02,1.088996340347667001e+03,4.310347376201034990e+02,7.900016286644951151e+02,nan,nan,7.219435870143693137e+02,8.310424143556280114e+02
-2.314552252121543461e+03,-6.990858068545414881e+02,-1.324577247850543472e+03,3.179444204213398018e-01,4.860241992882562272e+02,1.229058618283321721e+03,nan,nan,4.239357508868742457e+02,1.004968021680216793e+03,3.930448127685696704e+02,8.219715099715099313e+02
-9.841022582125890494e+02,-9.563862183619255575e+02,3.121330271966525629e+02,2.015362595617419539e-01,4.869900306748466505e+02,1.186016406250000045e+03,4.521597603594607904e+02,9.549922434367541655e+02,8.819901044529962064e+02,1.000067997841338411e+03,nan,nan
-1.233388236250832733e+03,-5.513793269879279251e+02,4.330324001478886231e+01,5.832522138385881627e-01,4.870328947368420813e+02,1.063979626485568815e+03,nan,nan,7.889840645288215910e+02,8.450454638124363100e+02,7.379709628120224352e+02,8.069562841530054129e+02
-1.543307183599515156e+03,-1.178299575948956772e+03,-4.262873734435463007e+02,1.801256535524685398e-01,nan,nan,4.699838605551968840e+02,9.669211678832116377e+02,6.350275534441805121e+02,1.141006319115323777e+03,6.550987597611391493e+02,1.044959543568464824e+03
-9.253259034697628067e+02,-6.229639182310650085e+02,4.179108298988342085e+02,8.517727632459956011e-01,4.910392506690454866e+02,1.043002824858757094e+03,nan,nan,9.260541095890411043e+02,8.369708083832335888e+02,8.820125204137179935e+02,8.569764573991030829e+02
-1.108260349290508884e+03,-5.722074927974464345e+02,1.794045772008641677e+02,4.214733210020562004e-01,4.920000000000000000e+02,1.053854416961130710e+03,4.369314627414903498e+02,7.879369942196532293e+02,nan,nan,7.939670022371365121e+02,8.219779236276849588e+02
-1.056775099720172420e+03,-8.379471131862005677e+02,2.153892078104402685e+02,5.281210543820029635e-01,nan,nan,4.510278514588859480e+02,8.979489361702127326e+02,8.530326215895611313e+02,9.540006535947712791e+02,8.300423634336677878e+02,9.460086956521739694e+02
-1.843931554580500006e+03,-7.146602621878390664e+02,-7.534211964628462965e+02,2.686203228372568419e-01,4.921001124859392348e+02,1.193995538559592205e+03,4.520692041522491422e+02,7.910360360360360801e+02,5.579159663865546008e+02,9.760078688524590689e+02,nan,nan
-1.859028592779362953e+03,-1.249010053416496703e+03,-8.481179104045215809e+02,1.286013310222262618e-01,4.930509291121816773e+02,1.367058316766070220e+03,4.799978432782170898e+02,9.549280469897209969e+02,nan,nan,5.588901437371663405e+02,1.040957264957264897e+03
-1.513850399467573425e+03,-1.010031665532993316e+03,-3.898692948536629501e+02,2.108394135041483652e-01,nan,nan,4.661052631578947398e+02,9.129220238095238074e+02,6.559822143174744724e+02,1.070091576885406539e+03,6.561436809226333935e+02,9.809224229543038973e+02
-1.611221751146835686e+03,-9.987957154564224993e+02,-5.178404839193518683e+02,6.252011398329917480e-01,4.951594354417146064e+02,1.268007960808328335e+03,4.680445134575569455e+02,8.989153345174659080e+02,6.220924990283715488e+02,1.072969856459330231e+03,nan,nan
-1.275766252062341664e+03,-8.013133842085148899e+02,-8.042575354846235314e+01,3.947735783984754332e-01,4.969980952380952317e+02,1.164015339663988243e+03,nan,nan,7.599818481848184319e+02,9.630310818888224276e+02,7.349143635655897242e+02,9.119669966996699486e+02
-2.028978787446366368e+03,-9.926556339570183809e+02,-1.045237618979531135e+03,1.341422430971473678e-01,4.970363636363636601e+02,1.296991432068543418e+03,nan,nan,4.899830065359477089e+02,1.096028328611897905e+03,4.939604772557792671e+02,9.370298130368872762e+02
-1.706571981786488323e+03,-1.166878460181406581e+03,-6.763793615942215638e+02,3.004281118506108572e-01,4.990919667590027871e+02,1.331942209631728019e+03,4.820385196374622296e+02,9.429861111111110858e+02,nan,nan,6.029336244541484575e+02,1.022142857142857110e+03
-2.390602078244198310e+03,-6.660027157308614960e+02,-1.519495473713006504e+03,4.944491187257180759e-02,nan,nan,4.670562659846547149e+02,7.449036939313983794e+02,4.159899396378269785e+02,1.006980930587337866e+03,3.829654631083202503e+02,8.030023677979479544e+02
-1.158672012632763426e+03,-5.883344430044196542e+02,7.668846616579091346e+01,8.565965255073554330e-01,5.020548986486486456e+02,1.071957559681697603e+03,4.470004677268475461e+02,7.890033351862145992e+02,nan,nan,7.740151832460733203e+02,8.240022560631697388e+02
-1.083713518348585922e+03,-6.521435870301959312e+02,1.640159117117122776e+02,3.448586796485607064e-01,5.020602807597027208e+02,1.083990476190476102e+03,4.511535105117017110e+02,8.209495548961424447e+02,8.500422116527943217e+02,8.779807692307692832e+02,nan,nan
-1.540549364310551027e+03,-9.333231208525166949e+02,-4.543492178142054172e+02,2.687710171154968353e-01,nan,nan,4.719269813000890395e+02,8.829420131291028611e+02,6.520345291479820844e+02,1.044039808917197433e+03,6.449569840502658735e+02,9.450947260624679984e+02
-9.409108789623098801e+02,-1.256356738506389092e+03,2.687431857405724145e+02,4.522778649746232449e-01,5.039720083974807494e+02,1.308965236686390426e+03,4.859991789819375754e+02,1.071950454170107378e+03,nan,nan,9.019796721311475949e+02,1.134027170311464488e+03
-1.410813475519709755e+03,-1.055683184220625662e+03,-3.122554564145309541e+02,5.243558161775742077e-01,5.040180481283422296e+02,1.272020166898470052e+03,4.790296127562642141e+02,9.369863429438543108e+02,6.940759420289855370e+02,1.085972762645914372e+03,nan,nan
-8.969135440605768963e+02,-5.633242995933552493e+02,4.079062869235187350e+02,8.013701073584074130e-01,5.049813717188823148e+02,1.019992626728110622e+03,4.470587371512481809e+02,7.999697908597986498e+02,nan,nan,8.940131362889983393e+02,8.250470840021401955e+02
-1.348592112774943644e+03,-7.372628679540829353e+02,-2.033825645090801686e+02,3.942324834328641558e-01,5.069626612355736484e+02,1.152994945848375437e+03,4.629937888198757605e+02,8.299780297661233135e+02,7.350174746335964073e+02,9.470471869328493995e+02,nan,nan
-1.318875450338664450e+03,-1.017682402378313327e+03,-2.042778876211669115e+02,3.477864232657855159e-01,5.070283149171270907e+02,1.250968195266272232e+03,4.789829881656804673e+02,9.319766536964980332e+02,7.329830672472181732e+02,1.064979248457655558e+03,nan,nan
-9.641433096408717347e+02,-7.111427567248174455e+02,2.956193541896617489e+02,8.466274987423930698e-01,5.070283882783882632e+02,1.089008152173913004e+03,4.580136286201022244e+02,8.549541935483871384e+02,nan,nan,8.670010325245224294e+02,8.909926276987888514e+02
-1.944377880828714297e+03,-1.247531995014410768e+03,-1.033915873192013805e+03,1.323980522158130779e-01,5.099467576791809051e+02,1.372974654377880142e+03,4.959486792452830173e+02,9.419976303317534985e+02,nan,nan,5.402197193500738877e+02,1.025920341394025627e+03
-1.442094453062628190e+03,-9.349300728590459357e+02,-3.658693407921684866e+02,2.341880211998224048e-01,5.109927611168562294e+02,1.234109121432568600e+03,nan,nan,6.900023529411764684e+02,1.040105902777777828e+03,6.819736472241743286e+02,9.500621739130434662e+02
-1.469249367649691521e+03,-7.747388058382368854e+02,-3.824755146705426796e+02,2.465517102624993351e-01,nan,nan,4.719711992445703572e+02,8.329883849557521671e+02,6.881318726746588936e+02,9.769737638748738391e+02,6.628997658079625808e+02,8.840715335619794359e+02
-1.401860450685647265e+03,-1.057384004900340869e+03,-3.317127356997748393e+02,3.222839514552418572e-01,5.110276243093922517e+02,1.274038461538461434e+03,4.861163291684618457e+02,9.359189046866772514e+02,nan,nan,7.039781144781144349e+02,1.001067773788150816e+03
-1.366477184644937779e+03,-9.128161369472884417e+02,-2.722105702969374761e+02,2.986831752375512794e-01,5.120983935742972335e+02,1.218943833236826777e+03,4.791201508620689538e+02,8.900411339633129728e+02,nan,nan,7.089787765293383472e+02,9.460014612761812032e+02
-2.300455491859678204e+03,-9.094344010252090129e+02,-1.483632763397424242e+03,9.384363720041094536e-02,5.129826839826839660e+02,1.293975683890577557e+03,nan,nan,4.309811260396672878e+02,1.088147510295769280e+03,4.269975024975025235e+02,8.858894205209994652e+02
-1.791882808176288108e+03,-7.425796395977117754e+02,-7.968932264185079930e+02,3.895848859134327102e-01,5.148941674506114623e+02,1.202994687131050796e+03,nan,nan,5.800435034802784457e+02,9.930051513200257887e+02,5.540303810504634612e+02,8.539108315098468438e+02
-1.061144337074184932e+03,-4.594452866736643841e+02,1.604898793202193872e+02,4.656660782871694937e-01,5.159529946929492326e+02,1.011946610169491578e+03,nan,nan,8.700453400503778312e+02,7.989983291562239174e+02,8.119294647323662275e+02,7.660609884332282036e+02
-2.054008957086409282e+03,-9.291801156810577140e+02,-1.171709652296558488e+03,7.234795294637538232e-01,5.169956300072833528e+02,1.283986597170513733e+03,4.900158045977011625e+02,8.389843993759750447e+02,4.949797816417307104e+02,1.080843336275375123e+03,nan,nan
-1.003920020109923371e+03,-9.081097880620964133e+02,1.774096107568653622e+02,6.231478901206778387e-01,5.170633713561470586e+02,1.176995330220146798e+03,nan,nan,8.740074798619102694e+02,9.920189003436425992e+02,8.590465854949708273e+02,9.720081433224755756e+02
-1.318193835184633372e+03,-7.657931391191501689e+02,-2.167492685945625794e+02,2.799819576855557823e-01,5.179651006711409309e+02,1.162000745712155094e+03,4.771010486177311805e+02,8.409178157749586262e+02,7.470625774473357978e+02,9.619874134675897039e+02,nan,nan
-1.410182167059735548e+03,-1.121142937877158147e+03,-3.813509462348305306e+02,2.401891457159620880e-01,nan,nan,4.970601851851851620e+02,9.549486679662118149e+02,6.940067476383266012e+02,1.119051587301587233e+03,7.060197247706422559e+02,1.022057360406091334e+03
-2.440692676441646654e+03,-7.577413902959445977e+02,-1.713109165360882116e+03,2.746142665848528841e-01,5.190489432703003558e+02,1.264020433436532585e+03,nan,nan,4.100045351473922892e+02,1.048985948477751663e+03,3.899449101796407149e+02,8.259972027972028172e+02
-1.137646847606121355e+03,-7.191874816868331663e+02,1.717030443129629447e+01,7.578546999655609850e-01,5.200182072829131812e+02,1.123006033182503870e+03,4.729833333333333485e+02,8.390132743362831889e+02,8.239365269461077332e+02,9.229834546657842793e+02,nan,nan
-1.473999918951178415e+03,-8.787757129236753144e+02,-4.459787023092953859e+02,1.945719926423904456e-01,5.219691391445587669e+02,1.219927884615384528e+03,nan,nan,6.829920731707317145e+02,1.024009402283411646e+03,6.700526018099546945e+02,9.219686935580975842e+02
-8.792510661147706514e+02,-1.118496670584843514e+03,2.998500859474403342e+02,3.629268569588862126e-01,5.220700132100396331e+02,1.248983333333333348e+03,4.959895287958115091e+02,1.023000000000000000e+03,nan,nan,9.250475184794086090e+02,1.074015200868621150e+03
-2.478786964473943499e+03,-6.741806728475069121e+02,-1.792866181879220221e+03,5.513473754134391447e-01,5.230428194993412490e+02,1.245001265022137886e+03,4.911491308325709042e+02,7.378678663239074922e+02,4.088958660387231703e+02,1.027934809348093495e+03,nan,nan
-1.373901873808149276e+03,-7.964911240476046714e+02,-3.180910601319923785e+02,3.164413066445327938e-01,5.240403800475058915e+02,1.181010652463382257e+03,4.859014814814814827e+02,8.460179127725856461e+02,7.249457513202112295e+02,9.829866666666666788e+02,nan,nan
-1.420728634753539382e+03,-1.086175278240712714e+03,-4.317414777570996307e+02,3.404772705914627662e-01,5.280359034726309346e+02,1.289020925808497168e+03,nan,nan,6.939692771084337437e+02,1.107994888178913698e+03,7.020427350427349893e+02,1.004012750455373407e+03
-2.139442831355293947e+03,-1.202926860197159385e+03,-1.380737749616421297e+03,2.111662751042202579e-01,5.280387007601934783e+02,1.371996542185338967e+03,5.120186791194129228e+02,9.069845397048488849e+02,4.639951856946354951e+02,1.187995795374912404e+03,nan,nan
-1.804586891791385597e+03,-7.867058559796764712e+02,-8.860799792183182717e+02,2.328278010624454664e-01,5.289286854709952195e+02,1.221930053349140508e+03,4.930670329670329579e+02,8.108659315147997404e+02,5.790182465509568601e+02,1.016929949238578729e+03,nan,nan
-2.435830399573149862e+03,-1.351546662268693581e+03,-1.833429485621173399e+03,6.252406587936110149e-01,5.289822940723634019e+02,1.429990683229813612e+03,nan,nan,3.880153508771929864e+02,1.247938461538461524e+03,4.350641711229946509e+02,1.006935815147625135e+03
-1.141309963946835069e+03,-6.459145411957136957e+02,-1.886969401343934649e+01,9.459459530472815736e-01,5.289938461538461070e+02,1.097973199329983345e+03,4.809672354948805264e+02,8.099803779069767415e+02,8.259557416267942926e+02,8.969813264649066014e+02,nan,nan
-1.173957777927298366e+03,-6.505048823790937149e+02,-7.184343854601914359e+01,3.318508164461838050e-01,5.310085046066619725e+02,1.106032924961715253e+03,4.839305364511691891e+02,8.080416036308623688e+02,nan,nan,7.740005906674542757e+02,8.429964285714286234e+02
-8.967851377987796013e+02,-1.055965152738103598e+03,2.425883517784608614e+02,2.646298764332133402e-01,nan,nan,5.039908864954432488e+02,9.930139860139860275e+02,9.189674796747967775e+02,1.057017675415104350e+03,9.139479060265576891e+02,1.040004893964111034e+03
-1.030572845046769999e+03,-8.042199990628104160e+02,8.908789822443658579e+01,3.338558019278596301e-01,5.330371069182390329e+02,1.144997953615279584e+03,4.929628804751299072e+02,8.790130368098159579e+02,nan,nan,8.429872611464968486e+02,9.179715777262181291e+02
-1.459185947424833330e+03,-9.360312466293597708e+02,-4.853187211373060563e+02,5.130355027575609350e-01,5.339915803108808632e+02,1.240036103542234287e+03,nan,nan,6.879890470974808068e+02,1.051022248243559716e+03,6.810578133943903367e+02,9.419836264402667894e+02
-2.208322509220635311e+03,-9.456222489616859548e+02,-1.488822711303478854e+03,3.698308919792286376e-01,5.359662766689607452e+02,1.301974323386537208e+03,5.100212899185973470e+02,8.290040080160321168e+02,4.630084935181046149e+02,1.103911671924290204e+03,nan,nan
-1.317214956751085083e+03,-8.937705024006676240e+02,-3.081956889673974729e+02,2.984991549468117289e-01,5.360684079601990106e+02,1.213000653167864130e+03,nan,nan,7.439895191122071765e+02,1.023077447335811598e+03,7.309072486360093990e+02,9.339549367088607141e+02
-1.039278559800206722e+03,-1.584948404020297176e+03,-3.181554356978752907e+01,4.980338676357907723e-01,5.361027496382055233e+02,1.455047761194029817e+03,5.370811091854419601e+02,1.158875405844155921e+03,8.279917737789203329e+02,1.313970636215334480e+03,nan,nan
-7.580830666385995755e+02,-9.299956612562922373e+02,4.346315945107943435e+02,8.921901291958335145e-01,5.361136079900124969e+02,1.157052054794520473e+03,nan,nan,9.930115008625647306e+02,9.850158102766798720e+02,9.769296296296296305e+02,9.979944351697273532e+02
-2.428726855758643978e+03,-6.801010147086154802e+02,-1.818799727697526578e+03,4.112978288254747206e-01,5.379554838709677824e+02,1.246968750000000000e+03,nan,nan,4.280724324324324357e+02,1.033014829142488679e+03,4.001056218057921683e+02,7.949707936507936665e+02
-1.414592892092588045e+03,-8.349754074405403799e+02,-4.502712509964543415e+02,2.245199658399825715e-01,nan,nan,5.059732984293193567e+02,8.529620481927711353e+02,7.110997928176795995e+02,1.009940547476475672e+03,6.929851116625310397e+02,9.020134315424610350e+02
-1.274824280866683921e+03,-1.096212450486959142e+03,-3.048634216123566034e+02,2.362399255976891654e-01,5.420060569351908271e+02,1.282995483870967746e+03,5.189721835883170797e+02,9.550022371364652827e+02,nan,nan,7.590444322545255318e+02,1.015009280742459396e+03
-2.004044786157156977e+03,-6.728569663589673837e+02,-1.217551939874658274e+03,3.984668728049853836e-01,5.439865016872890919e+02,1.209075460487225200e+03,5.069541457286431978e+02,7.619838817998656850e+02,5.330750988142292499e+02,9.990142231947484106e+02,nan,nan
-1.411526188410434997e+03,-8.901581967708475531e+02,-4.639598736859815062e+02,3.307482049485526709e-01,5.439961832061068208e+02,1.223058903182125960e+03,5.110600115406808754e+02,8.709640333975594331e+02,7.099504807692308077e+02,1.032997187851518447e+03,nan,nan
-1.480478157610001745e+03,-8.972761850122135456e+02,-5.553814476172300374e+02,5.818195593285753198e-01,5.440588555858311111e+02,1.232059057353776325e+03,5.121400666984278587e+02,8.669433859553620323e+02,6.850093917710196365e+02,1.041861111111111086e+03,nan,nan
-7.393593689605555710e+02,-8.685152823401450632e+02,4.341234112715297329e+02,3.528033001775670585e-01,5.441488991888760438e+02,1.131955734406438523e+03,5.060533130236100305e+02,9.370041459369817858e+02,nan,nan,9.830220588235293917e+02,9.679989648033126741e+02
-2.367393485600483473e+03,-1.232044057942888912e+03,-1.822788513495923326e+03,3.133107935920330100e-01,5.459447544642856656e+02,1.395006215040397819e+03,5.280373770491803498e+02,8.900029455081001970e+02,nan,nan,4.510995497748874641e+02,9.690023952095808681e+02
-7.548066043720485823e+02,-1.035220273279528328e+03,3.849787353583823233e+02,7.112762014709180791e-01,5.470501302083333712e+02,1.204985064494229391e+03,nan,nan,9.889729473184622748e+02,1.038998476383951356e+03,9.819686476368741523e+02,1.041013539651837618e+03
-7.293942223343210571e+02,-4.750527157603522710e+02,4.756120540036130251e+02,5.627531146725543998e-01,5.490264187866927159e+02,9.690000000000000000e+02,4.899959141981614152e+02,7.689836065573770156e+02,nan,nan,9.739801762114537951e+02,7.819933628318584624e+02
-2.085265727473613879e+03,-6.662668600186185586e+02,-1.363998276911739140e+03,3.985091948706534493e-01,5.499506024096385772e+02,1.216001990710019982e+03,nan,nan,5.139922390376406156e+02,1.006025679012345677e+03,4.830187630298818817e+02,8.030096551724137726e+02
-9.173711908417221821e+02,-1.077722801868600754e+03,1.428398967924147485e+02,5.549881131059946071e-01,5.500388413429888033e+02,1.241999307958477402e+03,5.230058043117744546e+02,9.929699749791492422e+02,9.070559273422562683e+02,1.076049172576832234e+03,nan,nan
-1.112649107246649464e+03,-6.650471172933705475e+02,-7.086735729235142855e+01,8.709085499234902050e-01,5.501135604542417923e+02,1.110006766917293135e+03,5.030085409252669137e+02,8.149500000000000455e+02,nan,nan,8.030318772136954522e+02,8.469916167664670184e+02
-9.061976577922285969e+02,-7.377542658780444071e+02,1.949020767695606366e+02,5.282449604487755579e-01,5.501353846153846234e+02,1.107011094674556261e+03,5.070140134529148099e+02,8.619742785445420168e+02,9.279653605905734821e+02,9.200659025787965675e+02,nan,nan
-2.477998223724907803e+03,-9.259915866794472095e+02,-2.017543467210735798e+03,2.340288784085013951e-01,5.510005154639175089e+02,1.319961031518624623e+03,5.270849462365591762e+02,7.989021179164282103e+02,4.139365889212828051e+02,1.119074523965856770e+03,nan,nan
-1.531517557038515179e+03,-9.575726060817154348e+02,-6.660151799113077686e+02,4.505159300119105370e-01,5.520079051383398792e+02,1.258969696969696997e+03,5.240161498708010868e+02,8.810000000000000000e+02,6.659976004799040084e+02,1.071969446212603543e+03,nan,nan
-1.373964202825035954e+03,-7.915133903436685614e+02,-4.417215373221004029e+02,3.096406258237099363e-01,nan,nan,5.150055589870290760e+02,8.389591029023746387e+02,7.300399807321772414e+02,9.939989479221462716e+02,7.079413420929141694e+02,8.838971486761711276e+02
-1.380449713883441063e+03,-8.843147943795562469e+02,-4.631769684872579091e+02,2.304376344683345401e-01,nan,nan,5.200696605374822639e+02,8.699661327231120822e+02,7.230918608578183466e+02,1.032090579710144993e+03,7.108374567704177025e+02,9.199673453707260933e+02
-9.652981767860120499e+02,-2.087098525468026310e+03,-5.680587227145784368e+01,6.838200505526378370e-01,5.530385005065855921e+02,1.664088888888888960e+03,5.759767981438515108e+02,1.332996842936069470e+03,nan,nan,9.290090277777777601e+02,1.420970788043478251e+03
-1.398516442351923843e+03,-7.353616490442407212e+02,-4.720263786456683874e+02,1.895590298993408418e-01,5.539150837988827334e+02,1.170937383756974668e+03,nan,nan,7.241218872870249470e+02,9.739540526587506974e+02,6.959081272084805505e+02,8.599965449160907838e+02
-1.318160336328736321e+03,-1.244532874639381816e+03,-4.420609622490670745e+02,3.876081713939547591e-01,5.559969586374695609e+02,1.341995569620253264e+03,5.410124069478907813e+02,9.950000000000000000e+02,7.299551391254968848e+02,1.177968433591423491e+03,nan,nan
-1.236510770153845215e+03,-7.715865860829391067e+02,-2.746349478801265604e+02,3.421648395066211878e-01,5.560560109289617685e+02,1.166005196733481853e+03,nan,nan,7.839228529839883777e+02,9.739676712328766826e+02,7.590294705294704727e+02,8.829810838445807804e+02
-1.431634069926654547e+03,-6.853958915994418248e+02,-5.254429788628402775e+02,3.186025445611842533e-01,5.570218878248973624e+02,1.158955862068965416e+03,5.160077628793225131e+02,7.980173160173160340e+02,7.150865539452496478e+02,9.589930795847750460e+02,nan,nan
-1.400234857532948809e+03,-9.003318786555778388e+02,-5.108221200187879276e+02,3.173522369442750013e-01,5.570776643990930097e+02,1.227905762304922064e+03,5.259758874748828248e+02,8.729798611111110631e+02,7.158937926085396839e+02,1.042002308402585413e+03,nan,nan
-1.508306126016941107e+03,-9.571569533682279598e+02,-6.631183436503048370e+02,3.128060648564593982e-01,5.579647798742138320e+02,1.256995195607412597e+03,5.300561330561330351e+02,8.820381502890173806e+02,6.751226568867156175e+02,1.073015640766902152e+03,nan,nan
-1.832407174972921439e+03,-6.250716594774308987e+02,-1.050779322615938554e+03,3.896359817325640296e-01,5.580414683888511718e+02,1.182030633083730436e+03,nan,nan,5.888668525618681997e+02,9.739762135922329662e+02,5.510012953367876207e+02,7.969891598915988880e+02
-7.482344585590457200e+02,-7.245993410233552368e+02,3.848227691222401745e+02,4.375222438568096561e-01,5.581610787172011214e+02,1.078026268115942003e+03,nan,nan,1.004946621621621603e+03,8.981180555555555429e+02,9.730433162552399153e+02,8.960337283500456351e+02
-1.490999803270488655e+03,-1.037621287486536403e+03,-6.579922161919608925e+02,4.187268396315959040e-01,5.599566490919742137e+02,1.283000000000000000e+03,nan,nan,6.779622030237580930e+02,1.103983233532934037e+03,6.820916996047430985e+02,9.680087040618955143e+02
-1.018469466092623747e+03,-1.157809539261441387e+03,-4.948710859801726514e+01,2.124371112680556450e-01,5.609438543247345024e+02,1.286971929824561357e+03,5.390463618802317569e+02,1.004006276150627627e+03,nan,nan,8.659854862119012751e+02,1.056987424547283808e+03
-1.423489257820961257e+03,-9.081796877367197567e+02,-5.638881071803798477e+02,3.060173059567867782e-01,5.619462686567163701e+02,1.233924944812362128e+03,nan,nan,7.080185070943862229e+02,1.049041224234853189e+03,6.989786407766990806e+02,9.229736070381231912e+02
-1.554381774501044447e+03,-9.320960837919432151e+02,-7.416029669824080202e+02,3.925561742339701010e-01,5.620322156476003101e+02,1.254027388109552476e+03,5.340685096153846416e+02,8.689743589743590064e+02,6.619520648967551324e+02,1.068006235011990384e+03,nan,nan
-1.558656166791862688e+03,-9.471996608775923505e+02,-7.512702624149203530e+02,3.293259247026237291e-01,5.629632876712329335e+02,1.259949359365466762e+03,nan,nan,6.600726881720430583e+02,1.074012946659761838e+03,6.559438982070561224e+02,9.280256089943785582e+02
-8.182258794585648047e+02,-7.920716720647278635e+02,2.600270930047122988e+02,3.444874817604019479e-01,5.629765910753475282e+02,1.118986206896551721e+03,5.219865168539325850e+02,8.910125373134328584e+02,9.669802898550724422e+02,9.399797498511018148e+02,nan,nan
-1.865272534202295901e+03,-9.406809839698435098e+02,-1.163161643057636638e+03,4.080926196254241467e-01,5.639355932203390012e+02,1.282019488428745490e+03,5.359281302638967190e+02,8.470155743024010917e+02,5.660328484279681334e+02,1.091954103671706207e+03,nan,nan
-2.240885176480896462e+03,-8.040999570541425783e+02,-1.701202109615426025e+03,3.984495370140077597e-01,5.640571428571428214e+02,1.272022222222222126e+03,nan,nan,4.770031633056544251e+02,1.070065843621399154e+03,4.629589823468328404e+02,8.370333333333333030e+02
-8.490573025516964663e+02,-9.276775377570658065e+02,1.895582981628378434e+02,2.555160637031608228e-01,5.659751344086021163e+02,1.177994539249146783e+03,5.321010789324247980e+02,9.399372958850424311e+02,nan,nan,9.310071311025781142e+02,9.760631853785901058e+02
-1.822989123260389078e+03,-1.079516872995164022e+03,-1.147979124152715258e+03,2.313036561456907891e-01,5.679790723981900555e+02,1.321983082706766936e+03,5.470554272517321124e+02,8.899556295063782727e+02,nan,nan,5.860565635005335707e+02,9.540962389380531476e+02
-6.896922885411322568e+02,-6.487987020921743806e+02,4.392216223586283377e+02,4.836376090048893350e-01,5.679907172995780229e+02,1.040017902813299315e+03,5.179409190371991372e+02,8.450041701417848117e+02,1.037974065598779589e+03,8.600218373493976287e+02,nan,nan
-1.536486540747751860e+03,-6.894888318937814802e+02,-7.175347380313788790e+02,1.804577128275348386e-01,5.689948156682028184e+02,1.175078395061728315e+03,nan,nan,6.809940334128878021e+02,9.759384800965018485e+02,6.500908667287977778e+02,8.310056022408963372e+02
-2.099261084301294431e+03,-5.860002058380325707e+02,-1.496419595211918477e+03,5.724159995497949405e-01,5.700369863013698932e+02,1.199962962962963047e+03,5.330384854127870540e+02,7.280095432856169282e+02,5.239849488260084627e+02,9.909865410497981202e+02,nan,nan
-1.829911798691961394e+03,-9.708452039782673637e+02,-1.165450222810496598e+03,3.122464048016423965e-01,5.719417195614540788e+02,1.289934358367829645e+03,5.469541871921181837e+02,8.570897369778235770e+02,nan,nan,5.790223577235772154e+02,9.149602467443454543e+02
-2.186535779428245860e+03,-1.111160925784069150e+03,-1.695866851770300400e+03,2.698899997459644484e-01,5.720350438047559010e+02,1.354934372969460583e+03,5.509734236581552977e+02,8.670371216447744018e+02,4.790012195121951208e+02,1.171009746588694043e+03,nan,nan
-9.243738025851663451e+02,-2.049705111998800021e+03,-7.349102292729182295e+01,2.901382785425136168e-01,5.730106609808102576e+02,1.647967126193001150e+03,5.910322822822822673e+02,1.319989138867339079e+03,8.620129770992366502e+02,1.536994852941176532e+03,nan,nan
-1.268608812283834141e+03,-7.796289935719499908e+02,-3.941886312583724248e+02,3.016828329057850699e-01,5.730279975654291320e+02,1.176988319273199295e+03,5.360089804543052878e+02,8.399615149664019782e+02,nan,nan,7.500665000000000191e+02,8.790492886178861909e+02
-1.877754574595911208e+03,-1.008496139723090891e+03,-1.245331014210384183e+03,1.376766710185860221e-01,5.739767879548305700e+02,1.305009907529722568e+03,nan,nan,5.630830419580419175e+02,1.120958677685950306e+03,5.689834399698908101e+02,9.240023832221163502e+02
-7.410094739949133782e+02,-8.179675022324064457e+02,3.216652802661757846e+02,4.200996333378386738e-01,5.740007158196134469e+02,1.121028875379939109e+03,nan,nan,1.002979535398230041e+03,9.479625638116846176e+02,9.789804134929271413e+02,9.340162464985994575e+02
-1.797775352495068773e+03,-6.959560832973684228e+02,-1.101020319070229561e+03,2.889603113290075131e-01,5.749465776293823183e+02,1.204922371638141840e+03,5.379684265010351965e+02,7.770435550323719553e+02,6.009941143497758276e+02,1.003923646279703917e+03,nan,nan
-8.632178132372689561e+02,-8.389343445165256981e+02,1.373908576867922875e+02,2.780864205101484243e-01,5.760373044524668558e+02,1.148031511254019279e+03,5.389988470407379282e+02,9.009659829914957072e+02,nan,nan,9.210081342145399503e+02,9.320005307855626597e+02
-1.488703479760925120e+03,-9.217039503901610260e+02,-7.188483191244102954e+02,4.131368279937023824e-01,5.760733695652173765e+02,1.248025353773584811e+03,5.468954778156996781e+02,8.679694576092680336e+02,6.880518276050190707e+02,1.064992771084337392e+03,nan,nan
-2.361376056368501395e+03,-6.369875810567256167e+02,-1.983121067714283527e+03,5.357683676088291769e-01,5.770254017625712777e+02,1.240031425364758661e+03,5.469597273853779598e+02,7.249939919893190563e+02,4.660031113876789277e+02,1.034053594771241933e+03,nan,nan
-1.505806032394221347e+03,-7.334659635711842611e+02,-7.213385960415197360e+02,2.433502532462837875e-01,5.770833333333333712e+02,1.188024238657551223e+03,nan,nan,6.910353658536585044e+02,9.939974587039390599e+02,6.650386389850057185e+02,8.470513285024154584e+02
-1.257715092554310559e+03,-1.102811987140569272e+03,-4.517754656373710418e+02,2.021091301265000029e-01,nan,nan,5.581309834638816483e+02,9.489489089941457678e+02,7.630769844435579898e+02,1.123046082949308811e+03,7.719405940594059530e+02,1.002973389355742256e+03
-1.919178286952532517e+03,-8.154920341889985593e+02,-1.327752490184213229e+03,2.813129480617657663e-01,5.820346475507765263e+02,1.252976773383553109e+03,nan,nan,5.640863414634146693e+02,1.059052716514255053e+03,5.499880636604774509e+02,8.529810330912025620e+02
-1.668682959714785511e+03,-1.340381388645035713e+03,-1.039177175881640778e+03,8.322726224810864659e-01,5.829974160206718352e+02,1.397044538706256617e+03,5.689830028328611888e+02,9.769278779472954284e+02,nan,nan,6.500375000000000227e+02,1.048906821963394350e+03
-1.410655699739045986e+03,-1.217922449957958861e+03,-6.961958373129980373e+02,3.226513258520526950e-01,5.860416666666666288e+02,1.342991385023194198e+03,5.690175084175084521e+02,9.669562962962962729e+02,7.029866098600122086e+02,1.179997434252726180e+03,nan,nan
-1.869469240276430128e+03,-1.143170231463432856e+03,-1.321944908077330865e+03,2.913726300243772438e-01,5.870155339805825179e+02,1.346990026595744666e+03,5.679762187871581318e+02,8.999791937581273942e+02,nan,nan,5.839982174688057057e+02,9.639714285714285325e+02
-2.058272342725733779e+03,-6.287636723236148555e+02,-1.542225743563377364e+03,3.669488025561031819e-01,5.870620972466315379e+02,1.212925683709869190e+03,5.520271084337349521e+02,7.409904701397713325e+02,5.389746353836397930e+02,1.008953528399311494e+03,nan,nan
-2.371372957226279141e+03,-8.143728955130167151e+02,-2.103590637645467268e+03,3.560035449083527315e-01,5.879705521472392320e+02,1.290970196575776754e+03,nan,nan,4.620438047559449046e+02,1.094085657370517993e+03,4.509958391123439583e+02,8.239200293470286169e+02
-2.039638471292517579e+03,-1.180989523532130534e+03,-1.580212196670295498e+03,4.118538050974908660e-01,5.879926605504587087e+02,1.369002467612584724e+03,nan,nan,5.189558905639307795e+02,1.193005736137667327e+03,5.431105207226354423e+02,9.619219006007646158e+02
-1.637325610215291817e+03,-6.650300715765419000e+02,-9.668376056467591297e+02,4.411997092312249791e-01,5.920308771929824161e+02,1.184003654970760181e+03,5.531262817053426488e+02,7.739779276517474500e+02,6.559622195985832604e+02,9.879720234222511408e+02,nan,nan
-1.795975484849365330e+03,-1.031079798285853713e+03,-1.237348153409362340e+03,2.272864323671822950e-01,5.929807938540333225e+02,1.309969816272965772e+03,nan,nan,5.919461791290057135e+02,1.130897600685518455e+03,6.000402576489533431e+02,9.299630446773303447e+02
-1.630680446430961865e+03,-6.326996452499715815e+02,-9.598305742335273862e+02,2.673688531953934966e-01,5.930188425302826545e+02,1.174050408719346024e+03,5.530730011587485251e+02,7.639334990677439237e+02,6.599439585357952183e+02,9.760461796809404404e+02,nan,nan
-1.297366183177304265e+03,-7.177191659458756021e+02,-5.263537285976260591e+02,6.732696164861891042e-01,5.950825346112885654e+02,1.165980519480519433e+03,nan,nan,7.679819868995633669e+02,9.769883517763540794e+02,7.410804289544236099e+02,8.460052508751458618e+02
-9.305029365001255428e+02,-7.236430132437948259e+02,-2.494312450905335155e+01,2.653701080958885683e-01,5.960328571428570967e+02,1.119996315401621132e+03,5.539674599320057951e+02,8.450119474313022465e+02,9.160883891213388779e+02,9.400081065431384104e+02,nan,nan
-1.381368351687310906e+03,-6.560035537331121986e+02,-6.460147129137800448e+02,3.187460166864546918e-01,nan,nan,5.569611111111111086e+02,7.859863989637306076e+02,7.419632056451613380e+02,9.629264550264550735e+02,7.079178587909552789e+02,8.170998033431661725e+02
-1.107072627131027502e+03,-8.951195169988283169e+02,-3.039635458953054581e+02,2.670875005524709356e-01,5.989431754874651688e+02,1.206006875000000036e+03,5.669833024118738649e+02,8.899543080939947686e+02,nan,nan,8.210086242299794321e+02,9.279850187265917612e+02
-1.283629631269443053e+03,-8.721186101129931103e+02,-5.448043496861740778e+02,2.679048881931986315e-01,nan,nan,5.669678188319427363e+02,8.649621903520209116e+02,7.669973290598290987e+02,1.038947226709746928e+03,7.539570484581497567e+02,9.059377828054298334e+02
-9.173007234227530944e+02,-6.329647535139862384e+02,-1.637566548134063282e+01,5.202911181808466123e-01,5.999860396767082875e+02,1.086007874015748030e+03,5.549814482345900615e+02,8.099876237623761881e+02,nan,nan,8.890158817086528416e+02,8.309405940594059530e+02
-7.295071806385576565e+02,-2.117992207947522274e+03,8.775032267498343685e+01,7.609445110183344907e-01,6.010566801619432908e+02,1.680010967098703986e+03,nan,nan,9.550287044220325470e+02,1.576975748930099826e+03,1.028976520168573188e+03,1.445949640287769853e+03
-1.139466866685666901e+03,-8.529350563298239649e+02,-3.548609383742208934e+02,5.061408162790890231e-01,6.020736119775421002e+02,1.195987213997308118e+03,5.670151815181518486e+02,8.709965349965350470e+02,8.230005399568034363e+02,1.019002815315315274e+03,nan,nan
-1.283197404757361028e+03,-7.639954901872969231e+02,-5.521648638183953608e+02,2.302253016286519571e-01,nan,nan,5.670275779376498804e+02,8.279227799227799096e+02,7.730146406388641935e+02,9.980264317180616445e+02,7.491404072883173058e+02,8.629353293413173560e+02
-1.252864565115262167e+03,-9.564634112516406503e+02,-5.378018029273159755e+02,5.782699549558206753e-01,6.039969897652016471e+02,1.244007101355713303e+03,5.770264133456904574e+02,8.949815983175604970e+02,7.749995899959000099e+02,1.072023598820059078e+03,nan,nan
-8.026125991182915413e+02,-1.120619260900022937e+03,7.090201242844813123e+01,9.390047204012389459e-01,6.049280936454849780e+02,1.260950945626477505e+03,nan,nan,9.570164342629482235e+02,1.105971208226221052e+03,9.599818875119160566e+02,1.044996566944580763e+03
-1.050362104396937184e+03,-1.965740095505872432e+03,-3.736924280628965107e+02,3.266731075926822547e-01,6.050032493907392563e+02,1.608013104013104112e+03,nan,nan,8.100042682926829229e+02,1.494008971291865919e+03,8.920353790613718274e+02,1.326961342086068498e+03
-1.431790518953467199e+03,-7.732454256279402216e+02,-7.694075204815363804e+02,5.064041008915267650e-01,6.060504792332268380e+02,1.201986244841815733e+03,nan,nan,7.211014141414141250e+02,1.015972731779871083e+03,6.990281437125748880e+02,8.570000000000000000e+02
-1.432003685143591611e+03,-7.840534916891498369e+02,-7.692567368754685049e+02,1.536802233370506698e-01,6.060651744568795039e+02,1.204970257766027771e+03,5.710532994923858041e+02,8.229771812080537075e+02,7.200025608194622464e+02,1.020012886597938177e+03,nan,nan
-2.351493052354307565e+03,-1.612533542410043310e+03,-2.266057887156960078e+03,4.943645788721247603e-01,6.069985805535841337e+02,1.506986171761280957e+03,5.889945681694731547e+02,9.680330383480826413e+02,nan,nan,5.040811577752554058e+02,1.047005625000000009e+03
-8.210740845777577306e+02,-1.849452433382321715e+03,-4.854079084011570444e+01,7.028986793183736870e-01,6.079969834087480649e+02,1.560992187500000000e+03,6.159706790123457267e+02,1.259975116640746592e+03,nan,nan,9.790637319316688263e+02,1.325041049798115637e+03
-1.091043869771446452e+03,-1.462734846661188385e+03,-3.989185063064952601e+02,1.020052419392368126e+00,6.110066445182724237e+02,1.416008374040474564e+03,nan,nan,8.159458007812500000e+02,1.272956960680127622e+03,8.539262877442273521e+02,1.140827919227392385e+03
-1.758121096605319281e+03,-9.755903106852383644e+02,-1.281649199350574008e+03,6.632341179905569817e-01,6.119891107078040022e+02,1.295002595717066924e+03,nan,nan,6.119963369963370496e+02,1.114965740142210734e+03,6.139617554858933772e+02,9.070624605678233365e+02
-8.759927666419000616e+02,-6.242621750280969763e+02,-8.310109461584060497e+00,7.309092933407423942e-01,6.130794889992903336e+02,1.079989513108614119e+03,5.660619520748100513e+02,8.079875816993463786e+02,nan,nan,9.070224667583677274e+02,8.269931707317073233e+02
-6.113946840627884285e+02,-5.418523438697451411e+02,3.787174195205894307e+02,3.990478864466155962e-01,6.140429389312977264e+02,1.000222418358340633e+03,5.619909326424869960e+02,7.990075290896645583e+02,nan,nan,1.031949947312961058e+03,8.039834528405956462e+02
-1.023948677859917098e+03,-6.423016244019888745e+02,-2.282235474323574635e+02,2.157795477709457954e-01,6.141079383209594198e+02,1.110007073954983980e+03,5.711244855967078138e+02,8.029589371980675878e+02,8.798770858770858467e+02,9.269980888676541326e+02,nan,nan
-1.886558613403784420e+03,-8.945591332203323418e+02,-1.489419865850029964e+03,3.710128276534170322e-01,6.159330312185296634e+02,1.280984768599882727e+03,nan,nan,5.829791383219954923e+02,1.098078667953667946e+03,5.768902243589743648e+02,8.699746770025840306e+02
-2.230069893971306101e+03,-7.311473625837539885e+02,-2.050429416053448222e+03,2.437938056440983603e-01,6.160032765399737400e+02,1.264989283322170195e+03,nan,nan,5.090439500813890277e+02,1.069973037747153967e+03,4.901172199170124486e+02,7.979136478517270916e+02
-1.586083510321010408e+03,-1.006766478933257417e+03,-1.073378139565405945e+03,2.013007732315358622e-01,6.179953964194373839e+02,1.292045095828635795e+03,nan,nan,6.630244044160372141e+02,1.119012978986402914e+03,6.669718309859155170e+02,9.269917877447883257e+02
-2.240151528578170200e+03,-1.357194740008976169e+03,-2.133351093333661993e+03,4.029547622349587410e-01,6.180155743024010917e+02,1.433993999999999915e+03,nan,nan,4.809365187713310661e+02,1.264955840455840416e+03,5.209005235602094217e+02,9.809685916919959254e+02
-1.784656827389806494e+03,-1.106397844833403042e+03,-1.382966545930562688e+03,5.293163557832128996e-01,6.200584905660377899e+02,1.336987928843710279e+03,5.989419718309859491e+02,8.880101250744490926e+02,6.019468852459016261e+02,1.166062322946175527e+03,nan,nan
-2.131766684450650246e+03,-1.389934176422416613e+03,-1.979650172203946113e+03,3.819301509497809444e-01,6.230652901785714448e+02,1.437983793517406866e+03,nan,nan,5.050356133408705546e+02,1.273869269949066165e+03,5.480579439252336442e+02,9.989876060013045844e+02
-7.499831427173544398e+02,-4.887164914887068790e+02,1.398454745680356268e+02,2.795413316795655745e-01,6.230795352993744700e+02,1.010962607861936704e+03,5.719318181818181301e+02,7.629918864097362530e+02,nan,nan,9.599960718294051958e+02,7.699513299377475732e+02
-1.812947118876741570e+03,-6.604742856737004786e+02,-1.402259762856702991e+03,2.955252850212297666e-01,6.240384615384615472e+02,1.209963905325443875e+03,5.899707880434782510e+02,7.580194369973190760e+02,6.158537821208831247e+02,1.016970757430489016e+03,nan,nan
-1.292101168421604598e+03,-8.690878576625964342e+02,-6.849702130228690748e+02,2.484827379427339278e-01,6.260032017075773183e+02,1.223991196271362014e+03,5.949989327641409318e+02,8.579953379953379908e+02,nan,nan,7.559648780487805197e+02,8.950135416666666970e+02
-1.549009658732990374e+03,-6.089567002776972231e+02,-1.019940988696218596e+03,5.015506964181060123e-01,6.260522875816993746e+02,1.167992917847025410e+03,nan,nan,6.949451765946230353e+02,9.770212378640776478e+02,6.591329082883767114e+02,7.849903133903134176e+02
-9.754771149337317411e+02,-9.538054242760175612e+02,-2.550014691343010895e+02,5.327422381903127446e-01,6.280455049944506527e+02,1.220030796048808725e+03,nan,nan,8.869339669834917004e+02,1.056999444444444407e+03,8.780005675368898892e+02,9.520193208430913501e+02
-1.684743293803288452e+03,-7.482003635603751945e+02,-1.248117490921199078e+03,2.926737165569425203e-01,6.290896180215474942e+02,1.223995410212277648e+03,nan,nan,6.488749401054144528e+02,1.038939692982456108e+03,6.279066599394550394e+02,8.280821989528795939e+02
-9.356300400955740315e+02,-2.990516300896400139e+02,-1.359302695320558030e+02,1.793314495241172535e-01,6.299468690702087770e+02,9.799956521739130721e+02,5.720225903614457366e+02,6.760142109199700826e+02,9.321105736005528115e+02,7.849737451737452147e+02,nan,nan
-8.569858241978969318e+02,-3.462387442859267139e+02,-3.846724958096631042e+01,2.652314813841039620e-01,6.320407040704070596e+02,9.829498861047835589e+02,5.760288065843620871e+02,6.979735294117647300e+02,9.639833860759493973e+02,7.929543999999999642e+02,nan,nan
-1.289296816243960393e+03,-9.652181620216097144e+02,-7.272781459902669212e+02,6.271092502323435403e-01,6.329598136284216707e+02,1.258013647642679871e+03,nan,nan,7.660225225225225358e+02,1.089075984470327285e+03,7.629663699307616298e+02,9.279833064081852854e+02
-1.210778902339692877e+03,-7.107845118243405977e+02,-5.921097572523460713e+02,5.109499617609336575e-01,6.339539951573849521e+02,1.164954068241469713e+03,nan,nan,8.059899359560841958e+02,9.849880890730191823e+02,7.781170061582188282e+02,8.369663037843441771e+02
-1.578673299017166755e+03,-1.021085934086993575e+03,-1.149787040380659619e+03,2.046950078639404869e-01,6.339807460890493758e+02,1.298997448979591809e+03,6.099935822637106639e+02,8.789844333748443432e+02,6.690000000000000000e+02,1.129009506833036312e+03,nan,nan
-1.133464275496899290e+03,-8.188606545814089941e+02,-5.084261875184442374e+02,2.205113338946783630e-01,6.369984243697479087e+02,1.192973416289592706e+03,nan,nan,8.300080304311073860e+02,1.020897985989492099e+03,8.120056887444128506e+02,8.829556239015817027e+02
-7.455084498449705279e+02,-7.613368701392481626e+02,5.623067071394469707e+01,6.911498217276855760e-01,6.370283454185893106e+02,1.119946295037389518e+03,5.990132689987937056e+02,8.689870609981516054e+02,nan,nan,9.710617059891106919e+02,8.879795348837209303e+02
-1.275901355253832890e+03,-7.683725507364503073e+02,-7.206052231427495371e+02,5.902220748265478711e-01,6.399889162561576086e+02,1.192012743125419092e+03,6.060488415779586830e+02,8.239919624916276462e+02,7.801195905072127061e+02,1.016002760905577020e+03,nan,nan
-9.960744525597319807e+02,-6.483621147967063507e+02,-3.127409684497099533e+02,4.281291922933443961e-01,6.410340616966581138e+02,1.116997227997228038e+03,nan,nan,8.919747292418772986e+02,9.410037641154328867e+02,8.580131856540084527e+02,8.220054674685620739e+02
-2.219046616084868219e+03,-1.020965841430123987e+03,-2.263194828855743253e+03,8.343457314587809925e-01,6.410501547987615822e+02,1.347972733037412809e+03,nan,nan,5.120722621184919490e+02,1.167975175391257380e+03,5.210208667736757207e+02,8.740993892282065190e+02
-1.329141472798064569e+03,-9.957369425241020053e+02,-8.351439089116387322e+02,2.697011006463355121e-01,6.429208709506107198e+02,1.273021864211737693e+03,nan,nan,7.519823269513991590e+02,1.107002699784017295e+03,7.530979381443298735e+02,9.330848356309650171e+02
-1.160140612177986213e+03,-8.680005640421259159e+02,-6.140684578631210115e+02,1.883779002901606603e-01,6.499771598808341651e+02,1.216019047619047569e+03,nan,nan,8.190406380554500174e+02,1.048000454338936834e+03,8.061028315946348357e+02,8.959653401797176002e+02
-2.081292492348585256e+03,-1.654007401529024719e+03,-2.127964558495773417e+03,1.032819161538854225e+00,6.529839034205231201e+02,1.512981420039814111e+03,6.370427698574337683e+02,9.919478737997256985e+02,nan,nan,5.839283325370281545e+02,1.061875131717597469e+03
-7.135203036493603577e+02,-1.273341237883863414e+03,-2.737629466106787746e+01,7.769156405629639162e-01,6.560199750312109472e+02,1.321992084432717775e+03,nan,nan,9.890009995002499181e+02,1.184028527763627153e+03,1.002971179624664842e+03,1.095906597479614447e+03
-1.364284355120248847e+03,-7.779797533352789287e+02,-9.459439418909611277e+02,2.499306382737671584e-01,6.590027685492801766e+02,1.209965231788079564e+03,6.260016025641025408e+02,8.169740963855422251e+02,nan,nan,7.340590465872155619e+02,8.470284883720930793e+02
-7.484940182881374540e+02,-1.624223231916020268e+03,-1.339856391069047277e+02,7.248206866241213575e-01,6.600114478114478516e+02,1.465979778212654992e+03,6.540821917808219723e+02,1.175975609756097583e+03,nan,nan,9.989916267942584227e+02,1.221991907514450759e+03
-1.367793297863810949e+03,-9.182744864859533891e+02,-9.724624306655736063e+02,9.786287034139044827e-02,6.600636310566258089e+02,1.255003058103975491e+03,6.319635761589404410e+02,8.599842995169082087e+02,7.459813829787234454e+02,1.087920275590551228e+03,nan,nan
-1.018425248899028134e+03,-7.855571289776294179e+02,-4.561931586268312913e+02,3.838004285576326335e-01,6.609692931633835542e+02,1.174972891566265162e+03,6.269675675675675848e+02,8.459952988582941771e+02,nan,nan,8.570276762402088480e+02,8.699929386203150443e+02
-6.494579418026878557e+02,-1.380432936589859082e+03,3.092094503469162348e+01,8.143632082535471328e-01,6.610331325301204970e+02,1.361036341611144735e+03,6.479410503751339547e+02,1.108925925925925867e+03,1.015943170488534406e+03,1.230996282527881021e+03,nan,nan
-4.190241432955288019e+02,-7.316049432254906151e+02,4.389313617060353749e+02,5.357337298853724894e-01,6.650212927756654153e+02,1.062002272727272839e+03,nan,nan,1.162017473118279668e+03,9.109527777777777828e+02,1.132031533939069959e+03,8.919842818428184046e+02
-5.042749238532945810e+02,-9.020241478748109785e+02,2.857250258799326730e+02,9.009715177187910262e-01,6.660390792291220805e+02,1.146979306147291481e+03,nan,nan,1.108979381443298962e+03,1.002008226221079667e+03,1.089983226443019248e+03,9.610004935834156186e+02
-7.906667602968925621e+02,-3.224353411026249319e+02,-9.888868746843513691e+01,2.002818455867215464e-01,6.670451612903225396e+02,9.779545454545454959e+02,6.130166666666666515e+02,6.889730639730639723e+02,9.920028673835125801e+02,7.959856630824373269e+02,nan,nan
-6.202703523751276862e+02,-1.740593500276645045e+03,1.670507853472402715e+01,5.968220208900351098e-01,6.680481550969356022e+02,1.510968976897689799e+03,nan,nan,1.016993135993135979e+03,1.397911045531197260e+03,1.059005319148936223e+03,1.283941078376876021e+03
-7.226705446579371710e+02,-7.429390629004826678e+02,-8.177882774891146767e+01,4.358579348730375336e-01,6.760006451612903220e+02,1.122972125435539965e+03,6.389893503727369080e+02,8.559887106357695075e+02,nan,nan,9.790212136161815124e+02,8.689568204121687813e+02
-1.135027101299974674e+03,-7.716529285846376069e+02,-7.131312839952703371e+02,1.417557773982532632e-01,6.790000000000000000e+02,1.188982830076968639e+03,nan,nan,8.350461618257261307e+02,1.021974229691876758e+03,8.150073726541554606e+02,8.520085751978891722e+02
-6.213770691292387482e+02,-1.612293387872705125e+03,-4.278285374322118884e+01,9.124822425765698464e-01,6.830138797091869947e+02,1.458998006644518227e+03,6.760768000000000484e+02,1.186034201954397304e+03,1.019036546610169466e+03,1.339998378378378447e+03,nan,nan
-1.850930611369611370e+03,-6.977417618193080671e+02,-1.865578827834564663e+03,3.411075463613963965e-01,6.830765334833989755e+02,1.240980895522387982e+03,nan,nan,6.250418165467625613e+02,1.061051612903225760e+03,6.040432775533756740e+02,7.869033760186263180e+02
-7.307752961240584000e+02,-1.846515950320693946e+03,-2.549093698357815470e+02,3.374906229322748863e-01,6.881220580186097777e+02,1.556994806693594910e+03,6.880218109715796118e+02,1.238913862718707833e+03,nan,nan,1.013139627659574444e+03,1.286994376278118580e+03
-1.962148999594815677e+03,-6.445127413417843627e+02,-2.121945350076753584e+03,1.971596605546779568e-01,6.889591722595077954e+02,1.239020693852708519e+03,nan,nan,6.030367483296213322e+02,1.058051190476190413e+03,5.790206584893479658e+02,7.629861111111110858e+02
-9.625670499497517767e+02,-7.103789965077605757e+02,-5.032082254230848548e+02,8.027095135657548175e-01,6.889807321772639170e+02,1.150032623169107865e+03,nan,nan,9.029880530973451869e+02,9.869936831875606913e+02,8.780509589041096206e+02,8.349900410076156732e+02
-7.275789547049600969e+02,-2.008047510585084638e+03,-2.687892148139012534e+02,4.488996116418730864e-01,6.890069651741293910e+02,1.623004887585532742e+03,6.939738023952095318e+02,1.290998483699772578e+03,nan,nan,1.019979551451187376e+03,1.343942894224529482e+03
-7.533281365771985065e+02,-1.959939055139848278e+03,-3.102597865186125432e+02,1.245839338895986526e-01,6.900287610619468524e+02,1.603013442867811818e+03,nan,nan,9.419542790152403313e+02,1.498978034682080988e+03,1.007945746818486214e+03,1.320945187165775451e+03
-1.083153491152560491e+03,-8.413795930108354924e+02,-7.182646064570153612e+02,8.166409873601537805e-01,6.929647201946471569e+02,1.210033887861983885e+03,nan,nan,8.518702807357211668e+02,1.050973509933774722e+03,8.389501541623843650e+02,8.759911259012756091e+02
-1.645258925181645964e+03,-8.668828411199040147e+02,-1.595320645209175382e+03,4.012652749478415881e-01,6.940357981220656711e+02,1.272007138607971456e+03,6.660568504832291410e+02,8.159480069324090437e+02,6.740408488063660570e+02,1.102988908347927691e+03,nan,nan
-6.721653615263447819e+02,-5.648259544242147285e+02,-7.247303564817299559e+01,8.055498234559209658e-01,6.950349554489375805e+02,1.056026988636363740e+03,nan,nan,1.032006574621959317e+03,8.930710135571335968e+02,9.959916132215096241e+02,7.910158415841584656e+02
-1.777114695683561195e+03,-5.678280731203045661e+02,-1.815947006292250990e+03,1.288658330026023757e-01,6.960143884892086135e+02,1.201979166666666742e+03,nan,nan,6.529741632413388288e+02,1.020953337653920926e+03,6.200660792951541680e+02,7.459748811948404636e+02
-5.201215512160738399e+02,-2.138269700143229329e+03,9.912999412976871483e+00,7.500904870010253189e-01,6.980088235294117567e+02,1.684034582132564765e+03,nan,nan,1.050075208913649021e+03,1.590965140123034871e+03,1.114982981620149758e+03,1.428951105157401116e+03
-1.900855193564897263e+03,-1.976840139751771630e+03,-2.173522197879798114e+03,8.967632312626380164e-01,6.998951008645533420e+02,1.600931176470588298e+03,6.859533715925394972e+02,1.076958052434456931e+03,nan,nan,6.530077848549186683e+02,1.142020439061317120e+03
-7.649012096206258775e+02,-7.686178321965991245e+02,-2.722155089755059976e+02,5.460452022242285874e-01,7.030215123859192090e+02,1.147996002664890057e+03,6.669918176504968415e+02,8.560086902545002658e+02,9.820960000000000036e+02,9.929914615770969704e+02,nan,nan
-1.890300101886041148e+03,-1.557366004866636331e+03,-2.150933047309631547e+03,5.000039367912689769e-01,7.030657662947738800e+02,1.483016938519447876e+03,nan,nan,5.879725146198829862e+02,1.337005791505791422e+03,6.400124020887728875e+02,1.027920504731861229e+03
-1.715597135884240970e+03,-7.829118849169016130e+02,-1.777274165009823491e+03,3.471535799348431373e-01,7.039974999999999454e+02,1.256967233009708707e+03,6.749645909645909114e+02,7.849864603481624954e+02,6.620537568723274262e+02,1.086012321660181669e+03,nan,nan
-5.640954850370965232e+02,-3.241058072549355984e+02,7.573293830619616074e+01,6.586870433857562324e-01,7.039990601503759535e+02,9.490499999999999545e+02,6.519817578772803017e+02,6.970269299820466813e+02,nan,nan,1.039016439909297105e+03,6.870239687848383028e+02
-1.844153144029898385e+03,-9.400745420959985950e+02,-2.060433891293486795e+03,6.295848231094854919e-01,7.080347874102706101e+02,1.311996625421822273e+03,6.839952124476361632e+02,8.159791666666666288e+02,6.250555808656035879e+02,1.145002645502645464e+03,nan,nan
-7.654098193555006446e+02,-7.615155910161375914e+02,-3.044844407987202430e+02,2.598251913109662081e-01,7.089786585365853853e+02,1.147981829573934874e+03,6.739966814159291744e+02,8.509917840375586593e+02,nan,nan,9.599762711864407265e+02,8.629626352015732209e+02
-1.624868424488668325e+03,-8.386261458648565394e+02,-1.705883041183288242e+03,8.621141661875927342e-01,7.150293040293040576e+02,1.268930810171496205e+03,nan,nan,6.869823863636363512e+02,1.101026881720430083e+03,6.780737527114966952e+02,8.339854721549636452e+02
-4.851504515677828522e+02,-9.904761629899470563e+02,5.562467883234731403e+01,5.355581524378710823e-01,7.220435308343410270e+02,1.198981200727713713e+03,6.940068450528935955e+02,9.689875156054931722e+02,1.102993707865168517e+03,1.063973206176203348e+03,nan,nan
-1.299983209406074138e+03,-6.991483760726360970e+02,-1.222040554480429591e+03,3.053732985468529670e-01,7.259613319011815520e+02,1.198999430199430208e+03,6.930199430199430708e+02,7.849717037928958234e+02,7.889665738161560284e+02,1.034055183946488341e+03,nan,nan
-7.969070561607881018e+02,-3.222104807420943757e+02,-3.964872089130042809e+02,2.215372849025433188e-01,7.260084905660377217e+02,1.007003018108651872e+03,nan,nan,9.850903448275862502e+02,8.369527078565980673e+02,9.310273752012882369e+02,6.769442970822281040e+02
-5.374060017063941359e+02,-1.047530900016707164e+03,-5.783626245730038562e+01,5.054973033433518559e-01,7.279802590993214153e+02,1.229993193069306926e+03,nan,nan,1.073990725586470262e+03,1.095996606334841545e+03,1.069056741280583083e+03,9.930053191489362234e+02
-8.215673264391292605e+02,-9.111645396518126745e+02,-5.363574807022108644e+02,1.864425102472995199e-01,7.349988439306358714e+02,1.215959378733572294e+03,nan,nan,9.509822546972860664e+02,1.070974771873322652e+03,9.419994802494802570e+02,9.079940282301845400e+02
-6.205074511592998761e+02,-1.431728836130212130e+03,-2.668658534995213927e+02,2.617429799905586774e-01,nan,nan,7.210245901639344765e+02,1.099897260273972506e+03,1.019007186858316231e+03,1.269976626016260070e+03,1.042115768463073891e+03,1.125990384615384528e+03
-1.406027020280863326e+03,-6.766091740791821394e+02,-1.481162831788786889e+03,4.282940723476852951e-01,7.390044331855605151e+02,1.207918671248568216e+03,nan,nan,7.599915635545556825e+02,1.042954437869822414e+03,7.370081507896077255e+02,7.859821235102925812e+02
-7.207174768518656265e+02,-1.736442850990875968e+03,-4.777641668316133519e+02,4.079557303354035547e-01,7.409028925619834354e+02,1.512909378292939891e+03,nan,nan,9.621338057523968246e+02,1.402862324814509520e+03,1.010031810766721037e+03,1.215884070058381894e+03
-4.806932517068855191e+02,-1.081417768739276653e+03,-4.067220119227047093e+01,2.107943901226720096e-01,7.429963963963964488e+02,1.240020265991133556e+03,nan,nan,1.097993070362473418e+03,1.111989159891599002e+03,1.094940139211136966e+03,1.006047300525561354e+03
-7.994625405644958391e+02,-7.166135939971670723e+02,-5.272641977966508193e+02,2.168025629378381447e-01,7.430059880239521135e+02,1.148987437185929593e+03,7.089854809437387075e+02,8.249835365853658686e+02,nan,nan,9.439509563511525130e+02,8.319818087318087692e+02
-7.652121100145358241e+02,-5.180765950228958445e+02,-4.550163983375329622e+02,5.282339939227310710e-01,7.439939475453934392e+02,1.075981321839080465e+03,7.020723905723905318e+02,7.569638061879743418e+02,nan,nan,9.510197516930022630e+02,7.549905826957033241e+02
-4.114831252431715143e+02,-1.604295898710188112e+03,2.089557856745562958e+01,4.172174118633291684e-01,nan,nan,7.330192655027092314e+02,1.200857745629897636e+03,1.115877724795640233e+03,1.340990388466159402e+03,1.142114369501466172e+03,1.221966171617161763e+03
-6.030957073380041038e+02,-2.036933585823200929e+03,-3.319512431099620358e+02,2.036033291924827238e-01,7.450310765815760305e+02,1.632882352941176578e+03,nan,nan,1.005001892147587569e+03,1.536930082796688112e+03,1.067958974358974274e+03,1.337950967741935528e+03
-6.398749643374546849e+02,-1.507269111065559400e+03,-3.496375533058413225e+02,7.698721033448263640e-01,7.460069645966337930e+02,1.421958569807037520e+03,7.310700261780104938e+02,1.116911538461538385e+03,nan,nan,1.036022156573116717e+03,1.145026656511804958e+03
-1.635159906103805724e+03,-7.998828667925048421e+02,-1.945405531427721144e+03,5.539260180655175558e-01,7.460648743424898157e+02,1.265992771084337392e+03,7.179839704069050867e+02,7.860216086434573981e+02,6.940886130136985912e+02,1.104004587155963236e+03,nan,nan
-1.024831428609981685e+03,-3.483242057496008215e+02,-9.105671051290388505e+02,2.402219182492864868e-01,7.530275722932077542e+02,1.066955872369314420e+03,nan,nan,8.969186405767250108e+02,8.980257879656160185e+02,8.460789341377576420e+02,6.789775456919060161e+02
-9.659653749647069390e+02,-3.403026642399340176e+02,-8.249216318400045793e+02,1.881550157787987843e-01,7.550611535788742685e+02,1.056049261083743886e+03,7.119287851585876297e+02,6.830139064475347368e+02,nan,nan,8.669579288025889809e+02,6.770166935918147146e+02
-3.460854182766795475e+02,-1.979937525397892841e+03,4.798228674631575785e+01,7.012784616811874594e-01,7.579887834339948540e+02,1.611973020017406498e+03,nan,nan,1.138000603500301850e+03,1.518993304930006161e+03,1.181005878510777166e+03,1.366940721649484431e+03
-8.520407851978777671e+02,-9.054013603953937945e+02,-7.146624345464157386e+02,2.996123894853181535e-01,nan,nan,7.309842565597667772e+02,8.809620578778135496e+02,9.389375000000000000e+02,1.082005364806866964e+03,9.299723061430009921e+02,8.939943531827515244e+02
-1.270859313645892826e+03,-8.228400640463380569e+02,-1.385383247217029293e+03,3.425173519987769200e-01,7.580351089588377818e+02,1.241998174071819903e+03,7.290429782082323982e+02,8.179707851491174324e+02,7.980044004400440372e+02,1.087969283276450597e+03,nan,nan
-2.730270873356550965e+02,-1.838465494294988275e+03,1.805098823516881339e+02,3.604217429887677793e-01,7.599705340699815679e+02,1.548001244555071480e+03,7.500286689419795039e+02,1.317028975741239947e+03,1.182949974987493761e+03,1.450924863387978121e+03,nan,nan
-4.029120541876754942e+02,-9.227292848122066289e+02,2.020323162226754121e+01,3.798832479256682437e-01,7.600293637846656338e+02,1.171988351776354193e+03,7.300076647930505942e+02,9.429702517162471622e+02,1.138970469798657632e+03,1.042042660550458777e+03,nan,nan
-4.736463130055455508e+02,-8.107799936647652430e+02,-9.816618500464289809e+01,4.362989972929898763e-01,7.619983669025584732e+02,1.140016157989228077e+03,7.289732868757258757e+02,8.890176291793312657e+02,nan,nan,1.088010110736639490e+03,8.889832295160517788e+02
-1.545557077818023345e+03,-4.120558464054246883e+02,-1.953276723735769338e+03,5.499399931752625426e-01,7.710341191066997908e+02,1.160966833541927372e+03,nan,nan,7.370967883853937792e+02,9.931224871435250634e+02,6.979677230046947898e+02,6.879636363636363967e+02
-1.657257906466065378e+03,-6.962995239026469108e+02,-2.243600251533810024e+03,4.405498582493879156e-01,7.760138304269393075e+02,1.250969394128669592e+03,nan,nan,6.999909877433309475e+02,1.088957370517928211e+03,6.829616519174040832e+02,7.688822605965463026e+02
-3.573801839489339613e+02,-6.364077930041764830e+02,3.923938637115374206e+01,1.977909136779730792e-01,7.769700797872339990e+02,1.058966550522648049e+03,7.390338885697874503e+02,8.309639584605986329e+02,nan,nan,1.138947635993899439e+03,8.190285417747794554e+02
-1.007021258606713332e+03,-2.279727242392217477e+02,-1.020753175406502692e+03,4.622034145218079648e-01,7.780717670954637697e+02,1.038928674351584959e+03,nan,nan,9.079636871508380409e+02,8.710465465465465513e+02,8.510068965517241395e+02,6.309383675735701900e+02
-6.262214146118144527e+02,-2.798244026145920884e+02,-4.022177485010224700e+02,2.619766344292257521e-01,7.799426008968609949e+02,9.869872047244094801e+02,nan,nan,1.052975681650700153e+03,8.300553558590942202e+02,1.001002791736460040e+03,6.550683624801272344e+02
-5.637914907676936309e+02,-1.168019045554937293e+03,-3.834755378331446991e+02,3.811043289326237482e-01,7.829981971153846416e+02,1.292973498233215651e+03,nan,nan,1.048024973432518664e+03,1.168991356023771004e+03,1.053979285344381196e+03,1.010968639352554419e+03
-6.800769237514145971e+02,-1.786827628254567799e+03,-6.403409604079721476e+02,6.968607100858049685e-01,7.849969678593087110e+02,1.531965986394557831e+03,nan,nan,9.749643962848297178e+02,1.427002113048071806e+03,1.025007845503922681e+03,1.210052754982415081e+03
-7.975455356000425127e+02,-4.494662087836556452e+02,-7.367948777413074595e+02,2.947097410636824177e-01,7.860470057952350089e+02,1.077009523809523898e+03,nan,nan,9.760455508474576618e+02,9.230054525627044768e+02,9.360119418483903928e+02,7.180000000000000000e+02
-1.648236334130676369e+03,-9.604484823786983725e+02,-2.326540499376885236e+03,1.080851518911981612e+00,7.870221969265793405e+02,1.321021814006888690e+03,7.620491228070175111e+02,8.160011848341232508e+02,nan,nan,6.970031347962382142e+02,8.429941724941725170e+02
-1.069005098776500091e+02,-1.415998611065768728e+03,3.779845908105636454e+02,9.254487209499552280e-01,7.879851458885941611e+02,1.347977765726681127e+03,nan,nan,1.284994897959183618e+03,1.248011252446184017e+03,1.289120787973042980e+03,1.180025210084033688e+03
-1.119162833021732695e+03,-1.145782782856780614e+03,-1.359521369400649746e+03,3.522730319877274141e-01,7.900463446475196179e+02,1.334000686813186803e+03,7.680117716303708448e+02,9.179693815064298406e+02,8.370109589041095433e+02,1.198019812878370885e+03,nan,nan
-9.514685843047644767e+02,-6.202326987155616962e+02,-1.051026767635974466e+03,2.962303830944230110e-01,7.930311190903649958e+02,1.155995694956949592e+03,nan,nan,9.130205804749340359e+02,1.006008820286659329e+03,8.860192943770672400e+02,7.739517876489707078e+02
-2.008862577919950070e+02,-1.161668822210995813e+03,1.903767017709850791e+02,8.977467614685187280e-01,7.950034383954155146e+02,1.250013356562137005e+03,7.689793491864830912e+02,1.061009014810045073e+03,nan,nan,1.227984866123399343e+03,1.051976470588235316e+03
-7.233605223817769456e+02,-1.343013486503177774e+02,-6.384647194601167257e+02,3.437150326790233135e-01,7.950658119658119176e+02,9.670300250208507578e+02,nan,nan,1.016036717062635034e+03,8.060270676691728795e+02,9.550139372822300174e+02,5.929808564231738046e+02
-1.186618067430125166e+03,-1.183748342135158509e+03,-1.517062886008387522e+03,1.214492333258020834e-01,7.959905555555556020e+02,1.350986599664991672e+03,7.739814814814815236e+02,9.199532199270960291e+02,8.150390324354041240e+02,1.215977851605758588e+03,nan,nan
-7.755656569010543535e+02,-8.049617598959554243e+02,-7.902937675590886784e+02,2.796321651959952082e-01,7.970181818181818016e+02,1.193990735021618320e+03,nan,nan,9.709962121212121247e+02,1.054021750951604190e+03,9.559957196361690421e+02,8.499811023622047514e+02
-2.667890468217486841e+02,-7.287735847612860880e+02,9.110407893710137728e+01,2.930122143039490812e-01,7.970497512437810883e+02,1.085964332892998755e+03,7.620749711649365281e+02,8.740107526881720332e+02,1.206996946564885548e+03,9.599672634271099696e+02,nan,nan
-6.951507984279039647e+02,-8.174468489100214583e+02,-6.611769625684343055e+02,3.038819409010007355e-01,7.980229546792230622e+02,1.187998781973203450e+03,nan,nan,1.002076167076167053e+03,1.050969532100108836e+03,9.879416547106648068e+02,8.599896039603960389e+02
-6.152752291614420983e+02,-1.547432441978156703e+03,-5.868967935462387686e+02,4.780632291602460171e-01,8.000000000000000000e+02,1.440002385211687624e+03,7.840136452241715688e+02,1.110075664621676879e+03,nan,nan,1.042022107590272753e+03,1.130906407487401111e+03
-1.702060029853314518e+02,-1.767600100002965974e+03,1.814039165513036949e+02,3.165569097364906992e-01,8.010493750000000546e+02,1.513988826815642369e+03,nan,nan,1.231956396741734579e+03,1.420021657250470753e+03,1.255961994076998963e+03,1.298929411764705947e+03
-4.191480910428395532e+02,-7.303705750205305094e+02,-2.071808845460401187e+02,2.064520378119499844e-01,8.031115949918345223e+02,1.117090182648401878e+03,nan,nan,1.126948034342521396e+03,9.860770617395222644e+02,1.104959831675593023e+03,8.460151639344262549e+02
-1.221414979165524812e+02,-1.217803579790998583e+03,2.830984047775772297e+02,8.810812801271431516e-01,8.050247495580435952e+02,1.267002860411899292e+03,nan,nan,1.272989658738366188e+03,1.159988259315977530e+03,1.271017437452615695e+03,1.084034954407294890e+03
-1.461669400397634320e+02,-7.236554333057484882e+02,2.559419229416751875e+02,3.570685535721920267e-01,8.079908496732026606e+02,1.063004043126684564e+03,nan,nan,1.270902719033232643e+03,9.442004038364461849e+02,1.247031234506693181e+03,8.659614035087719230e+02
-5.677613168486256967e+01,-1.091148815777680284e+03,3.995781197926341974e+02,4.864815776748350751e-01,8.080317820658342498e+02,1.200997599039615807e+03,nan,nan,1.315926605504587087e+03,1.095987493486190715e+03,1.306002424830261816e+03,1.039983108108108127e+03
-8.063723115226029847e+01,-1.464885610182827122e+03,3.307211872354798174e+02,1.031473918023931846e+00,8.080445517981750072e+02,1.370996659242761780e+03,nan,nan,1.291916505791505870e+03,1.274990968389362706e+03,1.297986714975845416e+03,1.192921219091431794e+03
-3.643529689251092236e+02,-1.501429821916274250e+03,-1.973254817564171901e+02,2.003546187892560893e-01,nan,nan,7.919425795053003867e+02,1.142034830430797456e+03,1.127986452584044173e+03,1.304991141732283495e+03,1.148937209302325527e+03,1.151006097560975604e+03
-3.299326849904057326e+02,-1.332568867031901391e+03,-1.255274012953201890e+02,2.331600497315454990e-01,8.100185690879301319e+02,1.339003919372900327e+03,nan,nan,1.151004491017964028e+03,1.229993893129771095e+03,1.161051715309779865e+03,1.092931552587646138e+03
-4.418309474826477299e+02,-3.275654674444276679e+02,-2.546318778709507740e+02,2.489768481570432124e-01,8.100383244206773270e+02,9.799955595026642641e+02,nan,nan,1.128049743964886602e+03,8.369837962962963047e+02,1.083005955603681741e+03,6.749594813614262421e+02
-1.179742605972731553e+03,-1.070029243795954017e+03,-1.599999044159292453e+03,4.115510787392055447e-01,8.109078498293515622e+02,1.320004184100418342e+03,nan,nan,8.239552319309600534e+02,1.182962141698215191e+03,8.309956545355785238e+02,9.030011031439603357e+02
-1.286307710689876330e+03,-7.532309213785695192e+02,-1.807398601414056884e+03,4.611382101842691483e-01,8.149838150289017449e+02,1.239991413852318146e+03,nan,nan,8.039641808573106800e+02,1.092034029850746265e+03,7.899937499999999773e+02,7.960276338514680674e+02
-5.731246055548360800e+02,-8.229268318838489904e+02,-5.627120699460917876e+02,2.890957760516935093e-01,8.180431083380601649e+02,1.180035077288941693e+03,nan,nan,1.050987603305785115e+03,1.048989130434782510e+03,1.036031113058720393e+03,8.649945578231292984e+02
-5.655453665012374813e+02,-1.664139300263124824e+03,-6.269343028372792332e+02,3.469387122379836708e-01,8.220140433001755582e+02,1.482981362842166618e+03,8.070194363459669376e+02,1.146005133470225928e+03,1.025011254019292664e+03,1.379983059820010567e+03,nan,nan
-5.801505841262821832e+02,-1.514519211435891748e+03,-6.776118624546404590e+02,3.281086105836865108e-01,nan,nan,8.109750550256786710e+02,1.092939807383627567e+03,1.023028014007003549e+03,1.320975161450571250e+03,1.051926322043969094e+03,1.108024374176548008e+03
-1.423043815232760153e+03,-1.318663762668002164e+03,-2.254941612484464258e+03,7.592693929504671368e-01,8.319503885236102860e+02,1.411974327628361834e+03,8.080305149396058368e+02,9.169731629392971399e+02,nan,nan,7.759931934203062838e+02,9.420262373285629565e+02
-1.131554245715356046e+03,-9.475138484040355706e+02,-1.659960664845767269e+03,3.100476147645677139e-01,8.329515655577299640e+02,1.286002637130801759e+03,nan,nan,8.450206746463546779e+02,1.147980747451868638e+03,8.440597501357957526e+02,8.599920948616601208e+02
-7.410794727405171898e+02,-8.867831933777027871e+02,-9.543581170646496048e+02,3.150869025001901136e-01,8.339606592238171743e+02,1.227993254637436848e+03,8.060256926952141612e+02,8.669679144385027030e+02,nan,nan,9.710982608695652516e+02,8.689773156899810829e+02
-1.071584897888151545e+03,-4.535457827602124894e+02,-1.574127587473105905e+03,2.229747244988992960e-01,nan,nan,8.089945750452079665e+02,7.079524413443247113e+02,8.809906232763376011e+02,9.919593406593406826e+02,8.460363741339491526e+02,7.019235423542354511e+02
-8.679105039449750620e+02,-7.872469096805748450e+02,-1.225284789118826666e+03,3.326990509530669549e-01,8.419928884026257947e+02,1.214011986301369916e+03,8.130064550833781141e+02,8.219739181979846308e+02,nan,nan,9.229985700667301671e+02,8.229910403185664336e+02
-5.009982239312927987e+01,-1.404100892363636149e+03,2.058216607919601131e+02,6.803005444628058562e-01,8.470267501422879377e+02,1.347970706490522616e+03,nan,nan,1.295018941233608530e+03,1.253974098527171236e+03,1.299939465875370843e+03,1.149991266375545820e+03
-4.761252922361204014e+02,-1.732083115058544308e+03,-6.098455337004414787e+02,5.149481078101114662e-01,8.470711590296496070e+02,1.506986718317653640e+03,8.319217289719625796e+02,1.173975016880486237e+03,nan,nan,1.098135516143701579e+03,1.187036354581673322e+03
-3.339704272728546925e+02,-2.101845813278945116e+03,-3.730616455015323254e+02,3.373994078444123024e-01,8.480512265512265913e+02,1.655988973121984827e+03,8.369964643488509637e+02,1.327903170028818522e+03,1.117023926380368039e+03,1.571007321537522785e+03,nan,nan
-6.085431464267259116e+02,-4.834273450551543760e+02,-8.022630014022925025e+02,6.915886936303768107e-02,8.520459627329192926e+02,1.085996767937944469e+03,nan,nan,1.042926212590299201e+03,9.490084937712343844e+02,1.008990735694822888e+03,7.249427821522309614e+02
-1.004264226096499442e+03,-9.809028680896678907e+02,-1.564634438302035505e+03,7.006994377512404393e-01,8.530011841326228250e+02,1.288014968336211950e+03,nan,nan,8.839939890710382997e+02,1.157981460674157233e+03,8.860495356037151851e+02,8.729694092827004397e+02
-1.108111552950113492e+03,-4.445996152787367350e+01,-1.724380331972866315e+03,3.636778122213873421e-01,8.530581534772181840e+02,1.039989590110605150e+03,nan,nan,8.840347025495750586e+02,8.840521680216802451e+02,8.220622104566512007e+02,5.629327044025156965e+02
-8.009351339693761247e+02,-2.008102348231971291e+03,-1.254438241838315662e+03,4.573274301996753111e-01,8.540159529806885530e+02,1.605904722452361284e+03,8.409865971705137326e+02,1.183012317167051606e+03,nan,nan,9.839640378548896251e+02,1.210971649484536101e+03
-1.377130013544627332e+02,-1.633034488705829290e+03,-2.694979591721785539e+01,8.999079381423434887e-01,8.581048427358961135e+02,1.454951430113329707e+03,8.379519713261648803e+02,1.220005780346820757e+03,nan,nan,1.250955977988994391e+03,1.215127094972066971e+03
-1.605931118169951617e+02,-8.513883247431476775e+02,-5.046478202808129510e+01,2.660449022901118510e-01,8.609734273318872511e+02,1.139999411071849181e+03,8.309791914387633369e+02,9.189614667495338836e+02,nan,nan,1.223008700102354169e+03,8.990209960937500000e+02
-1.021399804683240518e+03,-2.005833102440788707e+03,-1.730690012082906833e+03,2.067388501590681216e-01,8.640006578947368325e+02,1.600963565387117796e+03,nan,nan,8.440203452527744048e+02,1.500964655697745229e+03,9.131592548076922640e+02,1.166977665706051766e+03
-9.747688168135151727e+02,-2.064313352372342706e+03,-1.646120791209929394e+03,3.048889462945253981e-01,8.641192939744370278e+02,1.620064265927977885e+03,8.490388349514563515e+02,1.160020423600605227e+03,nan,nan,9.289957627118643586e+02,1.190968389057750755e+03
-1.049642447689303026e+03,-5.691154393229525112e+02,-1.720004886508934533e+03,5.823040114303547066e-01,8.649527349973446917e+02,1.179998302207130791e+03,nan,nan,8.849460181721004801e+02,1.038007562536358364e+03,8.589968652037617858e+02,7.359852700490998814e+02
-4.150979883462827615e+02,-3.521710673282688617e+02,-5.324381494287919168e+02,1.259579750492138550e-01,8.670050675675676075e+02,1.014000000000000000e+03,8.309907306434023440e+02,7.020242691671263628e+02,1.126012160228898438e+03,8.820124450951683457e+02,nan,nan
-3.970460492414678697e+02,-1.484854544382156121e+02,-4.987845134089589010e+02,3.047357954821204862e-01,nan,nan,8.300175781250000000e+02,6.259741100323624323e+02,1.139964862965565771e+03,8.069903703703703286e+02,1.088996636771300473e+03,5.939702219815917488e+02
-2.210852251138669544e+02,-7.010548245139211758e+02,-1.988214147419015205e+02,4.543416341706836836e-01,8.689849849849849761e+02,1.098020050125313219e+03,nan,nan,1.207962874821513651e+03,9.820044598612487334e+02,1.186023306233062385e+03,8.289383236689509431e+02
-5.591018406648295525e+01,-1.414606268147510491e+03,7.352799218085951338e+01,1.189366260258493818e-01,8.710042149631191251e+02,1.357963636363636397e+03,nan,nan,1.281003368623676579e+03,1.265039584364176108e+03,1.287029599535693478e+03,1.137941987363584076e+03
-5.291983554194222279e+02,-2.085448363799605886e+03,-8.700811115425929074e+02,2.435590001694486750e-01,8.719924615830675521e+02,1.638996901146575738e+03,8.599580110497237229e+02,1.252978772231784205e+03,nan,nan,1.083047079856972687e+03,1.273010081915563887e+03
-1.144303558180014591e+02,-1.754358162623341741e+03,-7.077398353970262690e+01,5.085448457195047567e-01,nan,nan,8.540636482939632970e+02,1.259000000000000000e+03,1.237952579468473232e+03,1.420965296316070408e+03,1.260932659932660044e+03,1.252999395770392766e+03
-2.325919805880335787e+02,-1.215001591799698417e+03,-2.711090075338477163e+02,1.168423349747813589e-01,8.730257558790593748e+02,1.295994363021420440e+03,nan,nan,1.186066838046272551e+03,1.192991402471789343e+03,1.189991392405063380e+03,1.028014822134387259e+03
-5.858936771353234008e+02,-4.426282136143951789e+02,-9.023606475860284490e+02,1.285695919792733399e-01,8.749758454106280396e+02,1.080005518087063138e+03,nan,nan,1.049973958333333258e+03,9.460159055926116025e+02,1.015037467018469670e+03,7.060553846153845825e+02
-9.328414227087629342e+02,-1.139796432795295232e+03,-1.596547338847162564e+03,1.203830409780924232e-01,8.750395550061804215e+02,1.335019460138104250e+03,nan,nan,9.029935691318328281e+02,1.212005962059620515e+03,9.139921918572225650e+02,9.189751106194689783e+02
5.181216379941709249e+01,-2.040860886189114126e+03,2.346883452792639275e+02,7.565868753064437513e-01,8.769258459323253874e+02,1.637975299929428274e+03,nan,nan,1.336690004046944523e+03,1.559335462058602616e+03,1.356990712074303474e+03,1.403086870289567742e+03
-3.530672439653798733e+02,-2.807224538774366351e+02,-4.891012513970363784e+02,3.219121366621100488e-01,8.800206718346253183e+02,9.839760068551842096e+02,nan,nan,1.153000699300699353e+03,8.540249134948096525e+02,1.110073304157549273e+03,6.479902130109384188e+02
-8.359676841908435563e+02,-6.072684516973909012e+02,-1.462407082334472307e+03,7.432916597198631348e-02,8.859859649122806786e+02,1.172008012820512931e+03,8.569931686810299425e+02,7.609800796812749013e+02,nan,nan,9.290530612244898521e+02,7.519758739537173824e+02
-2.099701378583449980e+02,-1.168283079253357528e+03,-3.039112388647307625e+02,2.311111413452442420e-01,8.870615302300695930e+02,1.278962878355225484e+03,8.620242557883130985e+02,1.018960806270996613e+03,nan,nan,1.195957142857142799e+03,1.006005704256252784e+03
-3.891312953474335359e+02,-2.077648581731409649e+03,-6.992392298930719789e+02,1.061114137269986157e+00,8.890079365079365061e+02,1.639014539579967732e+03,nan,nan,1.081958798283261785e+03,1.553027955271565588e+03,1.135017135862913165e+03,1.288947731188971829e+03
-7.711943265511862364e+02,-1.942027293186305542e+03,-1.428845703052470753e+03,2.069099001828925977e-01,8.900151802656546351e+02,1.581013838748495800e+03,8.729717465753424221e+02,1.150947136563876711e+03,nan,nan,9.899865985960434500e+02,1.171031806615776077e+03
-2.240849736462460271e+02,-9.006512582270631810e+02,-3.484922347455734553e+02,1.818644833438940733e-01,nan,nan,8.640321756894790042e+02,9.170447991761070625e+02,1.192844975053456892e+03,1.074060866172454098e+03,1.181953466286799539e+03,8.990769230769230944e+02
-9.898056380402256309e+02,-8.922431891143918392e+02,-1.851509285303535080e+03,9.087406657941347055e-01,8.950238741182854483e+02,1.273002620545073341e+03,8.690467993544916681e+02,8.299652509652510162e+02,8.929703324808184561e+02,1.145063004032258050e+03,nan,nan
-4.457172734122295310e+02,-9.071908929238364863e+02,-8.154254098126283452e+02,1.443305734071501922e-01,8.990241084881969300e+02,1.218959814528593597e+03,8.720127719962157471e+02,8.879412057797708258e+02,nan,nan,1.080978840846366211e+03,8.769111597374179610e+02
-5.554848865221781580e+02,-1.715242336242661850e+03,-1.069654710333656112e+03,4.008698760044203113e-01,9.001001548786783815e+02,1.503003186404673443e+03,8.808972972972973139e+02,1.122984764542936318e+03,nan,nan,1.058843190450352722e+03,1.131970384373030811e+03
-2.769058160858153173e+01,-4.830217404012871043e+02,-2.546622749717872480e+01,4.818548577069929895e-01,9.069846774193548526e+02,9.930225988700565267e+02,nan,nan,1.302085910652921029e+03,8.860141263940520275e+02,1.273992946283233778e+03,7.399752883031301280e+02
-5.107628182626320381e+02,-1.741280269517360011e+03,-1.041988924883589789e+03,7.579948364723138043e-01,9.099326633165828753e+02,1.511031128404669289e+03,8.890871419865935650e+02,1.134947796610169462e+03,nan,nan,1.074914204545454595e+03,1.141930325528269577e+03
-3.697630609447803636e+02,-5.515879499535956256e+02,-7.330235023893537800e+02,1.930818695514288086e-01,9.119880952380951840e+02,1.094023536895674397e+03,nan,nan,1.128992282249173059e+03,9.749912472647702089e+02,1.102055729166666652e+03,7.479911651021535590e+02
-5.286318353791471054e+02,-5.734855358152433382e+02,-1.067154958661969658e+03,2.531531271374378167e-01,9.150250284414106545e+02,1.129994206257242240e+03,nan,nan,1.061978987068965580e+03,1.006984401114206094e+03,1.037018581081081038e+03,7.470454797559623330e+02
-3.055152763750759846e+02,-1.900420039480879268e+03,-6.909717409340368022e+02,6.802720004811267929e-01,9.170084745762711691e+02,1.569001187648456153e+03,8.970363164721140947e+02,1.224997395833333258e+03,nan,nan,1.161063670411984958e+03,1.228042694497153661e+03
-1.169227002586917763e+02,-1.517355512968567155e+03,-3.136332529603585044e+02,2.067456041286524770e-01,9.190682376043200748e+02,1.412944281524926737e+03,8.959924914675767695e+02,1.146906593406593402e+03,nan,nan,1.239073836276083512e+03,1.132952464788732414e+03
-1.004156794005134998e+03,-2.048391663094905198e+03,-2.120238730362545539e+03,5.429217611256976772e-01,9.199545454545454959e+02,1.610912610619468978e+03,8.950024937655859958e+02,1.122024054982817916e+03,8.539978601997146370e+02,1.511066037735849022e+03,nan,nan
-7.984220994502937856e+02,-5.892130582556751506e+02,-1.654702301714091845e+03,1.368240871011149606e-01,9.209765155652648900e+02,1.175979865771812001e+03,nan,nan,9.639753351206434218e+02,1.047974040021633300e+03,9.410987841945288892e+02,7.390114754098360663e+02
-2.461637912904596348e+01,-1.139923998739968056e+03,-1.319967635572311622e+02,3.594108083867471604e-01,nan,nan,8.959789029535864984e+02,1.029958904109588957e+03,1.282040837696335075e+03,1.160032360742705578e+03,1.279015662078784999e+03,1.005018422295701498e+03
-8.155333173418795241e+02,-8.378877172481783191e+02,-1.720644479776961134e+03,3.531569681037587949e-01,9.239409687184662516e+02,1.249007547169811232e+03,nan,nan,9.500516986706055604e+02,1.126981665793609181e+03,9.430360873694206703e+02,8.159895238095238028e+02
-6.906041190354852688e+02,-6.518117433710051500e+02,-1.478735892238433280e+03,2.100970714758420010e-01,9.269898068669527902e+02,1.181988461538461479e+03,8.990112600536192531e+02,7.770077605321507690e+02,nan,nan,9.790214323052796317e+02,7.630467866323907629e+02
-6.907000186375208841e+02,-4.141871876008845561e+02,-1.477033040524318722e+03,9.372009743615453692e-01,9.270148294611962001e+02,1.114976073953235527e+03,nan,nan,1.004990491283676647e+03,9.850064620355411762e+02,9.730036978341257736e+02,6.829899736147757494e+02
-4.251005879780518057e+02,-1.772838527881859363e+03,-9.894054064169467892e+02,6.493266796032440835e-01,9.279620557156580389e+02,1.521023094688221818e+03,9.060881971465629476e+02,1.152085638998682498e+03,nan,nan,1.105920642648490684e+03,1.154897524752475192e+03
-7.537527107540030613e+01,-6.968550732054823129e+02,-2.510507018237103409e+02,3.349607155145057358e-01,9.279646017699114964e+02,1.094996284829721390e+03,nan,nan,1.261982346832814073e+03,9.919968253968254430e+02,1.242018479408659005e+03,8.200097139773340587e+02
-2.661573539107351962e+02,-8.176579489410107726e+02,-6.542821281778974480e+02,2.066171895727466346e-01,9.300127727514635581e+02,1.173972602739725971e+03,nan,nan,1.163005321722302824e+03,1.066000968992248090e+03,1.150009169884169978e+03,8.490067731011126853e+02
-8.448848079948338352e+01,-1.322532077353870591e+03,-3.096349353813731113e+02,1.223420770437876753e-01,9.309905555555556020e+02,1.335040782122905057e+03,9.059946120689654663e+02,1.079013774104683307e+03,1.241030720338982974e+03,1.243941051513542106e+03,nan,nan
-1.062068664421949279e+03,-1.069724465977246382e+03,-2.380314856904599310e+03,7.678144971678905195e-01,9.350033707865168253e+02,1.339951928156365511e+03,nan,nan,8.669884575026233051e+02,1.218994571118349540e+03,8.749912663755458198e+02,8.590156502968159202e+02
-2.448094704664746359e+02,-1.525513489750511326e+03,-7.055275088225247373e+02,3.817207434625708995e-01,nan,nan,9.180182291666666288e+02,1.106953985209531538e+03,1.151065654091131819e+03,1.334996902426432598e+03,1.171913614374568169e+03,1.097042160737812992e+03
-4.043195649934220341e+02,-2.074854497894671113e+03,-1.054902265025831866e+03,4.115643304957699034e-01,9.421203090507726756e+02,1.629011130638547229e+03,nan,nan,1.064090966519267113e+03,1.546933460076045549e+03,1.118920643729189806e+03,1.241008182349503159e+03
-3.168984956788279419e+02,-1.704903257647139753e+03,-8.664105596924420070e+02,6.675367620972290084e-01,9.429505319148936451e+02,1.494965426925091606e+03,9.199230769230769056e+02,1.146961565338923720e+03,nan,nan,1.145011260053619253e+03,1.142103768714506941e+03
-5.093039054338693745e+02,-2.940529789687619768e+02,-1.220931356356634751e+03,5.600785488395852996e-01,9.439577129243597255e+02,1.056003182686187074e+03,nan,nan,1.072022548505505938e+03,9.319753280839895524e+02,1.034014721919302019e+03,6.439733048585158031e+02
-1.820396888357499687e+00,-2.085630421757627118e+03,-2.318767973695012756e+02,4.747472301207149581e-01,9.440524568393094569e+02,1.649001935483870966e+03,9.219823056300267581e+02,1.359972913211719288e+03,nan,nan,1.300000000000000000e+03,1.343937790697674473e+03
-3.340664742124714621e+02,-4.575313608395521214e+02,-8.767247891045084316e+02,3.184217185520827331e-01,9.449770946353224872e+02,1.073996980676328576e+03,nan,nan,1.138012787723785095e+03,9.579947423764458563e+02,1.108970685840708029e+03,7.070303188708834341e+02
-5.078446369245903043e+02,-1.674983809691434317e+03,-1.268940110350986288e+03,3.821984227732844741e-01,9.449781021897809978e+02,1.489014868105515689e+03,9.219646053702197150e+02,1.096816541353383400e+03,nan,nan,1.069061284046692663e+03,1.098032189973614777e+03
1.826324946775329749e+01,-8.777482341443860605e+02,-1.653445450619542498e+02,2.073777290291172193e-01,9.450358030830432199e+02,1.152026876267748548e+03,9.169813391877057711e+02,9.279524886877827612e+02,nan,nan,1.288982187036120649e+03,8.959863481228668434e+02
-8.403101485463425888e+02,-1.883592202554311598e+03,-2.003640359157319836e+03,1.179603340064236255e-01,9.489542796384902203e+02,1.559950520833333258e+03,9.240046685340803378e+02,1.091955719557195607e+03,nan,nan,9.619401330376940678e+02,1.103016600790513849e+03
-4.223169644842583921e+02,-1.716010037282804888e+02,-1.098473347882951657e+03,3.194829829329446924e-01,9.519713193116634784e+02,1.007650709219858186e+03,9.220353148911124208e+02,6.339536541889483487e+02,1.108033082706766891e+03,8.849653136531364908e+02,nan,nan
-5.510477950648818251e+02,-1.454865465292242334e+03,-1.411611917580087038e+03,4.090424212606671994e-01,9.530039436619717890e+02,1.419974553329723904e+03,9.289781301257518180e+02,1.021007579859231214e+03,nan,nan,1.046958529688972703e+03,1.019011673151750983e+03
-2.784284240652904145e+02,-8.801079865853291722e+02,-8.304661930001482233e+02,3.210848450238443230e-01,9.530280991735537555e+02,1.205986486486486456e+03,nan,nan,1.149020791075050738e+03,1.100993257261410690e+03,1.140007163323782152e+03,8.619864143619602146e+02
-2.672221113412484215e+02,-2.111500423831275839e+03,-8.658304242155497832e+02,9.515593147247584094e-01,9.571185479296653966e+02,1.646982806433721635e+03,nan,nan,1.122099099099099021e+03,1.565960470085469979e+03,1.171010454545454650e+03,1.272084753167321878e+03
-5.657004057038869860e+02,-9.940318525044007174e+02,-1.497806257207889757e+03,2.183217539459727519e-01,9.619906033630069260e+02,1.280000000000000000e+03,nan,nan,1.028022976501305493e+03,1.170969360802958363e+03,1.028962530413625245e+03,8.699777337951509253e+02
-3.876507378330659037e+01,-4.894031271436236352e+02,-3.912383794446102456e+02,2.170449551407238609e-01,9.639797917942437380e+02,1.031949532710280437e+03,9.350156672069151682e+02,7.659723451327433850e+02,nan,nan,1.244073673364245224e+03,7.280043956043956541e+02
-7.126917513125257528e+02,-9.631937723838369720e+02,-1.886634418013071581e+03,2.998102771675991707e-01,9.700625978090766921e+02,1.288981162540366086e+03,nan,nan,9.769473958333333030e+02,1.176000550055005533e+03,9.779087241553202148e+02,8.440211864406779796e+02
-5.171538858111832724e+02,-1.655366397310654293e+03,-1.482025751467168448e+03,2.487643165962535319e-01,9.719725576289791888e+02,1.484017694369973242e+03,9.470078086871644700e+02,1.074990876837303631e+03,1.025971387696709598e+03,1.390004360465116179e+03,nan,nan
-1.655626875019366082e+02,-3.884027136717907638e+02,-7.148990955432856254e+02,5.175202538047591894e-01,9.729833653230965638e+02,1.032011169513797540e+03,nan,nan,1.206039243167484301e+03,9.249792263610314649e+02,1.175995336787564838e+03,6.819912641315519295e+02
-5.169113231788384866e+01,-1.506670674708634806e+03,-4.952080680808566626e+02,3.308912337261323278e-01,9.729862724392819473e+02,1.411016666666666652e+03,9.468144888287068852e+02,1.127982905982906004e+03,nan,nan,1.252009893992932803e+03,1.106075431034482790e+03
-2.143378361015325311e+02,-2.107929961442947842e+03,-8.557507133806651609e+02,3.330779838618080912e-01,9.729878934624697422e+02,1.644996096799375437e+03,nan,nan,1.141982328082981212e+03,1.566083421703782278e+03,1.190009259259259352e+03,1.269995485327313872e+03
-1.213057044763355634e+02,-1.244959904172045299e+03,-6.550383768391272952e+02,5.219261436971058821e-01,9.750100401606425748e+02,1.319995934959349597e+03,nan,nan,1.206929513184584266e+03,1.228985576923076906e+03,1.211991825613079072e+03,9.999811667432246622e+02
-1.448650321186265728e+02,-1.760347900933161100e+03,-7.851813168924397814e+02,6.520335136062874737e-01,9.860216931216931471e+02,1.512994694960212200e+03,nan,nan,1.179984792868379600e+03,1.429960204081632583e+03,1.207994665085951283e+03,1.164006936416184999e+03
-3.594672554140204852e+02,-1.938888297630741135e+03,-1.263150565631119207e+03,5.661996096321277872e-01,9.880365731462925396e+02,1.576943695861405104e+03,9.620728083209509123e+02,1.178973209404045974e+03,nan,nan,1.123081927710843274e+03,1.174026713709677324e+03
3.823388322209216650e+00,-7.654051422008856207e+02,-4.732055226374644121e+02,2.074884579756110792e-01,9.899979144942648190e+02,1.133932717000513549e+03,9.629840370751802539e+02,8.679444724886420772e+02,nan,nan,1.260082262210796898e+03,8.319880184331797182e+02
2.228786642224248737e+01,-2.144473715706818439e+03,-4.515962619799005324e+02,5.630217481843065030e-01,9.909633251833740815e+02,1.668050874403815669e+03,9.639560375146542128e+02,1.349970996978851872e+03,1.259005586592178815e+03,1.594883096366508653e+03,nan,nan
-2.033168331812597671e+02,-2.118460136642445377e+03,-9.704589326777528413e+02,1.058713243943284921e+00,9.949211618257261307e+02,1.645078418664938454e+03,9.680306971904266220e+02,1.267085670576236680e+03,nan,nan,1.188060246262093187e+03,1.257942442882249452e+03
-2.965275908709007808e+02,-2.116815070157222635e+03,-1.196730189095371088e+03,8.786717171293275674e-01,9.979556386958845451e+02,1.639940133037694068e+03,9.710780748663102031e+02,1.238967094255437814e+03,nan,nan,1.149109890109890102e+03,1.232934992381919756e+03
-3.310329371508444183e+02,-1.487144852878772099e+03,-1.286041108595553624e+03,1.268369032091886950e-01,9.999994496422674501e+02,1.423988322717622168e+03,9.739442250740374902e+02,1.045996335078534003e+03,nan,nan,1.120966181305777354e+03,1.033019673704414572e+03
3.126293440617407668e+02,-8.577132920370802367e+02,1.433773470177051479e+02,2.796508769365346203e-01,1.002941241685144178e+03,1.107967194570135689e+03,nan,nan,1.451989281886387971e+03,1.033987885462555141e+03,1.438019733023795652e+03,9.010486456605859757e+02
1.371500270651937115e+02,-7.806346488403734156e+02,-2.602118499487822305e+02,3.046473264086330124e-01,1.003002609603340261e+03,1.118004151530876925e+03,9.760133143128863367e+02,8.889707012487992870e+02,nan,nan,1.327114031180400843e+03,8.469785051294577443e+02
-6.313580279032116778e+02,-8.540156480454063512e+02,-1.995919864303144550e+03,5.513960489318577851e-01,1.003968931016324404e+03,1.260000547345375026e+03,nan,nan,1.002990805840995108e+03,1.150992456896551630e+03,9.980411032990805325e+02,8.059812050856827454e+02
-1.784793754011128719e+00,-1.616125790838774492e+03,-5.837331900299487870e+02,2.094374277171559828e-01,1.004078536367693005e+03,1.453931597528684961e+03,9.761725211204980042e+02,1.157939789262418572e+03,nan,nan,1.266831208791208837e+03,1.132916666666666742e+03
-4.273301076999661063e+02,-1.524735731959923442e+03,-1.551303490046695742e+03,1.477478601135811254e-01,nan,nan,9.800535279805352502e+02,1.035996952767902485e+03,1.058007854688267116e+03,1.349025049115913589e+03,1.083967415235578983e+03,1.025992410714285825e+03
-5.023102805358913656e+02,-7.257830280586902063e+02,-1.731326437525611937e+03,5.797296061947402324e-01,1.007991452991453002e+03,1.209995744680850976e+03,nan,nan,1.050038248616004012e+03,1.103000000000000000e+03,1.038972196478220667e+03,7.739734760353652518e+02
-5.164624952546637360e+02,-1.043014786079286750e+03,-1.770754565533080722e+03,3.559416349884571562e-01,1.008974160206718352e+03,1.302980213903743334e+03,nan,nan,1.037016268980477207e+03,1.200004878048780483e+03,1.040979313824419705e+03,8.699847740667976268e+02
2.229271586742054865e+02,-1.089081107283175697e+03,-1.230556745370796108e+02,1.363844649686994925e-01,nan,nan,9.840062143966856638e+02,1.020979430379746873e+03,1.384017495899398682e+03,1.147992729306487718e+03,1.377032429558745434e+03,9.770207116303770363e+02
2.351945137232414424e+02,-1.935683448779987884e+03,-8.569970601151935341e+01,4.659464555378200479e-01,1.012023469387755085e+03,1.582033250620347417e+03,nan,nan,1.384024559193954701e+03,1.510967275015733094e+03,1.397975845410627926e+03,1.302975669099756715e+03
-1.268342611615299944e+02,-1.793903932952639252e+03,-9.240815529302077493e+02,4.434343327166507809e-01,1.012946624087591204e+03,1.524996358670914788e+03,9.849397861564434606e+02,1.176085427135678401e+03,1.177967509025270829e+03,1.443916151809355597e+03,nan,nan
1.507325474070557334e+02,-1.218778012345356046e+03,-2.940674258077717127e+02,7.672795896146777928e-01,1.013015999999999963e+03,1.288022921108741912e+03,nan,nan,1.336841657810839479e+03,1.208001624695369628e+03,1.336959000942507146e+03,1.013990361445783151e+03
-3.034374226433344575e+02,-1.876047255147228270e+03,-1.327875351202870661e+03,3.622514558552187847e-01,1.013927470534904842e+03,1.553948509485094746e+03,9.859799219185722450e+02,1.157018394648829371e+03,nan,nan,1.137043478260869506e+03,1.147026974006866112e+03
-2.120217756389734518e+02,-2.060232810661674193e+03,-1.130049180279507027e+03,5.026074639179761716e-01,1.014014795474325524e+03,1.620921348314606803e+03,nan,nan,1.132029233870967801e+03,1.543034639927073840e+03,1.177957722174288165e+03,1.220032315978455927e+03
-2.029166051965773079e+02,-1.628687057079815759e+03,-1.148562416842565426e+03,3.537781206626242070e-01,1.020089675230247167e+03,1.468009354997538139e+03,9.928595464520848282e+02,1.103009572901325555e+03,1.143926771279124978e+03,1.382942630597014841e+03,nan,nan
-4.405312000877112837e+02,-3.711827031666927041e+02,-1.701211585276221740e+03,1.039431675908136093e-01,1.020972253052164206e+03,1.108010180995475139e+03,9.969908623643632382e+02,6.929994343891402195e+02,nan,nan,1.050025721784776806e+03,6.610356572645024471e+02
8.335067818208051449e+01,-1.848845074109342022e+03,-5.262491410236924594e+02,3.392096305996630257e-01,1.025100043878894212e+03,1.543981809913597090e+03,9.950752905507832793e+02,1.245988493723849388e+03,nan,nan,1.305036800785083415e+03,1.216055691255495958e+03
4.213229739928115691e+02,-6.037617370663510883e+02,2.501515242801233967e+02,2.878674046892534255e-01,1.027924334140435803e+03,9.889806326662362608e+02,1.000936914736323274e+03,8.539455175829618838e+02,1.512931297709923683e+03,9.220767065446868855e+02,nan,nan
-5.768395130353359264e+02,-5.656880511140061571e+02,-2.159406837131306020e+03,5.721822583787030680e-01,1.034066417212347915e+03,1.188010999999999967e+03,nan,nan,1.023037037037037067e+03,1.079065342394145318e+03,1.005015105740181298e+03,7.140667316122746797e+02
2.812989100926213837e+02,-2.075159379166859992e+02,-1.687102625618979914e+02,4.201098570146790112e-01,nan,nan,1.017026709401709354e+03,6.649816657936091815e+02,1.413076618229854603e+03,8.159977528089887073e+02,1.386993402968664213e+03,6.089937712344280953e+02
1.796536552274717735e+02,-4.970041642033618245e+02,-4.231841314555926488e+02,2.842717334292015896e-01,1.042025355596784266e+03,1.028891402714932156e+03,nan,nan,1.347975473020322397e+03,9.459929971988796069e+02,1.326964921748515962e+03,7.249937888198758174e+02
2.339795724490318776e+02,-1.816514011153794172e+03,-2.771074491065699590e+02,2.301963179493370648e-01,1.042027149321266961e+03,1.528975810353168754e+03,nan,nan,1.365069267864971607e+03,1.458971759259259215e+03,1.378033625730994117e+03,1.231943676395289231e+03
-9.701698402485206429e+00,-1.974706186754794544e+03,-8.957923700069285360e+02,6.657017185624399813e-01,1.047961667465261144e+03,1.591047985513807134e+03,1.015911041339612780e+03,1.240015781167806381e+03,1.218861847733105151e+03,1.515952489721333905e+03,nan,nan
-3.598430171163512910e+02,3.740952481676929864e+01,-1.768560547023997515e+03,5.685417845838593998e-01,1.048992092020129348e+03,9.999384288747346545e+02,nan,nan,1.110001554001554041e+03,8.899567526555387076e+02,1.064991940126655209e+03,5.260280000000000200e+02
-4.664325023565689321e+02,-5.741512072481697260e+02,-2.057941251377312710e+03,2.387376068535143059e-01,1.052003921568627447e+03,1.182968858131487877e+03,nan,nan,1.056979233226837096e+03,1.078953166577967067e+03,1.039903960396039565e+03,7.169908651262761623e+02
5.306455711561432054e+01,-1.888391377409933739e+03,-8.036344744794216695e+02,6.056704703871171880e-01,1.056026095060577745e+03,1.557935763097949803e+03,1.023132402503610933e+03,1.225956188389923227e+03,nan,nan,1.276938997821350767e+03,1.196018190086402910e+03
2.026061296682859165e+02,-3.334241965555671072e+02,-4.689739302713095981e+02,3.162109537427564288e-01,1.056027237354085628e+03,9.759631901840490400e+02,nan,nan,1.354963746223565067e+03,8.939976905311777955e+02,1.329985697940503542e+03,6.580267220902612735e+02
-2.739122824836321612e+01,-7.858972144142910565e+02,-1.031218558377792760e+03,2.405999773215964643e-01,1.058041277641277702e+03,1.179002561475409948e+03,nan,nan,1.227982124079915820e+03,1.091019895287958207e+03,1.217018154311648914e+03,8.119691081215744362e+02
-2.940618023350896806e+02,-1.410153464480028788e+03,-1.708254919989183009e+03,1.654322914725764593e-01,nan,nan,1.034025654181631580e+03,9.979889821615950041e+02,1.098988235294117658e+03,1.318004598875830425e+03,1.117955512572533962e+03,9.770219341974077452e+02
6.743848453146596000e+01,-1.418189831515947617e+03,-8.459601451299380415e+02,3.384690587194292832e-01,1.065088576158940441e+03,1.383956862745098078e+03,nan,nan,1.260075877192982489e+03,1.306044150110375313e+03,1.270854028085735308e+03,1.037004275331338249e+03
-5.833295624746247654e+01,-1.129271250073819147e+03,-1.204018564129956985e+03,2.340212640679550926e-01,1.070973196881091553e+03,1.298993226898887315e+03,nan,nan,1.201093704245973640e+03,1.214981481481481524e+03,1.204970558375634482e+03,9.179755579171094269e+02
3.424860792258397737e+02,-9.175896787493222746e+02,-2.158126036162263972e+02,7.062191747952476506e-01,1.070992757371960579e+03,1.158985161632220525e+03,1.043051960784313678e+03,9.509305625950329386e+02,nan,nan,1.412963905325443875e+03,8.990266749379652538e+02
6.151737586719221440e+01,-1.190328887967859373e+03,-9.262599094773228217e+02,1.754828062092355923e-01,nan,nan,1.045071234119782275e+03,9.909658369936554436e+02,1.256887548470486763e+03,1.227000000000000000e+03,1.259902765388046419e+03,9.539827751196172585e+02
-3.869853052790190162e+01,-1.580527460704187774e+02,-1.203728880609507996e+03,6.975371941237998863e-01,1.074957284515636957e+03,9.989812030075188432e+02,nan,nan,1.226981118373275194e+03,9.050186846038864132e+02,1.194003393665158455e+03,5.880016882386044017e+02
1.930438472696079941e+02,-1.488910896479985468e+03,-7.231401989022747330e+02,2.937988868040994905e-01,1.091022556390977343e+03,1.403941499085923169e+03,1.058949974734714488e+03,1.110361505954667791e+03,nan,nan,1.323062330623306252e+03,1.067858439201451802e+03
9.722082741624281255e+01,-1.796941801907430772e+03,-9.599841449161392575e+02,5.571965810809432762e-01,1.091942068965517137e+03,1.521906124273580645e+03,1.057003576903423664e+03,1.182904040404040416e+03,nan,nan,1.280093096234309542e+03,1.147887389724961167e+03
5.725448893436001754e+02,-1.295244303989656146e+03,2.456864195015915868e+02,2.344985036961180491e-01,nan,nan,1.059021261516654931e+03,1.156861405835543792e+03,1.573039030159668755e+03,1.225002622950819614e+03,1.561029861616897279e+03,1.085091152815013402e+03
-3.419812816339027108e+02,-2.925605916963902473e+02,-2.155579697750304149e+03,3.577552828975321675e-01,1.092064629258517016e+03,1.109973101265822834e+03,1.072962087641555854e+03,6.660125260960334117e+02,nan,nan,1.069006941230911707e+03,6.279894837476099383e+02
-4.209935155983359891e+02,-1.743225659097771540e+02,-2.430896230484812349e+03,8.145741535901640518e-01,1.095003928170594918e+03,1.095031584582441155e+03,nan,nan,1.065975974372664268e+03,9.959961727720066165e+02,1.037958762886597924e+03,5.910201744820064960e+02
3.422572548432241888e+02,-1.881260072900057821e+03,-3.582710554179555515e+02,5.170996719672195097e-01,1.096016145833333439e+03,1.554022552537160436e+03,1.057928290766208193e+03,1.290973657548125630e+03,1.398992206235011963e+03,1.489017074558907325e+03,nan,nan
3.499643639751653268e+02,-3.994192860849515228e+02,-4.015116900094473067e+02,1.838499965067817710e-01,1.096975592246948963e+03,9.850288035450516873e+02,nan,nan,1.412972754050073718e+03,9.160366218236173381e+02,1.392964143426294868e+03,6.829651162790697754e+02
-1.987963071317373362e+02,-2.087763940422736141e+03,-1.750440105709445334e+03,1.717521241276004085e-01,1.097007992007992016e+03,1.618750816993464014e+03,nan,nan,1.112992584745762770e+03,1.541904179408766595e+03,1.158021753039027544e+03,1.163001932989690658e+03
1.316830546788868084e+01,-2.147961181042416683e+03,-1.200547247057456616e+03,1.085903890945629113e+00,1.097022744503411786e+03,1.649003881987577643e+03,nan,nan,1.205983089930822416e+03,1.576918396564065915e+03,1.247035481963335315e+03,1.231968479604449840e+03
6.117677227540158356e+02,-9.180450806607616414e+02,2.964813598678089761e+02,4.771678811395820285e-01,1.099035697057404832e+03,1.106979355488418832e+03,1.071042807366849274e+03,1.002962866108786557e+03,nan,nan,1.582957016434892466e+03,9.298937198067633290e+02
2.018106519827228738e+02,-1.393135031826160230e+03,-8.240936181060764056e+02,2.185673918688442185e-01,1.107030402629416585e+03,1.370964390448261383e+03,1.075105166895290267e+03,1.069919196428571468e+03,1.309902449888641513e+03,1.299909839816933527e+03,nan,nan
-2.607865878200123007e+02,-1.603343712787264394e+03,-2.028832102733942065e+03,4.853663663612246548e-01,1.107071204188481715e+03,1.467949047864127579e+03,nan,nan,1.095991400491400555e+03,1.385139813084112120e+03,1.120920392584514730e+03,1.008987567987568013e+03
2.490006112504210591e+02,-1.635986627317326338e+03,-7.067172503696907597e+02,2.068394497095641105e-01,1.109067390321121593e+03,1.457998196573489622e+03,1.074149793388429771e+03,1.162895406751521932e+03,1.332987963408762653e+03,1.389873201438848810e+03,nan,nan
-1.381838131194207442e+01,-2.048189564474094823e+03,-1.400489966604544179e+03,5.872197458253672897e-01,1.112111394557823132e+03,1.609971264367816048e+03,nan,nan,1.189077208611729702e+03,1.536026116838487951e+03,1.225974492451847937e+03,1.181068089430894361e+03
5.222609036332262349e+02,-1.709274692677386383e+03,-1.487011730054368464e+01,5.003248444290228081e-01,nan,nan,1.075026168224298999e+03,1.284021631644004856e+03,1.515034208918753848e+03,1.417012665862484937e+03,1.511056320400500681e+03,1.217007156798958931e+03
-7.203171540104104054e+01,-1.733313750462265716e+03,-1.623444216706018324e+03,1.942461715462468208e-01,1.117984004127966955e+03,1.502977395577395555e+03,1.083906106870228996e+03,1.101049923195084375e+03,nan,nan,1.193040714995034705e+03,1.070998207885304737e+03
3.122416922120654021e+02,-9.440450497844872189e+02,-6.449402793877046633e+02,2.310153433788128263e-01,nan,nan,1.092057000000000016e+03,9.329845520082388930e+02,1.370055582642613444e+03,1.131002058672156409e+03,1.363053067993366540e+03,8.800556155507559879e+02
2.057912856876814942e+02,-1.283527788527527946e+03,-9.291932581892776852e+02,2.213059565900740433e-01,1.120980343980344060e+03,1.334941951219512248e+03,1.090009699321047492e+03,1.025949216896060761e+03,1.305020681945220758e+03,1.263960044395116483e+03,nan,nan
7.027985705001663064e+02,-1.215895937580773307e+03,4.180888519646526333e+02,7.701348765186987189e-01,1.122077876106194708e+03,1.226026280623608045e+03,nan,nan,1.656041188738269057e+03,1.184047866205305581e+03,1.640053341148886375e+03,1.066041086812458616e+03
3.008379092349578059e+02,-1.359858450859549066e+03,-7.226486714872482935e+02,9.274212783143476191e-02,nan,nan,1.095005457025920805e+03,1.071048601558917881e+03,1.354027050997782680e+03,1.286946167883211729e+03,1.357967755102040883e+03,1.021014066496163650e+03
4.824927175001275259e+02,-9.331863283236060624e+02,-2.711480280060276868e+02,1.469329953912607289e-01,1.130007433102081222e+03,1.164013313609467559e+03,1.103004837929366204e+03,9.590238326848249244e+02,nan,nan,1.460948490230905918e+03,8.960186104218362289e+02
7.391058509959934781e+02,-7.458413900460317336e+02,4.284861986856968201e+02,1.204162928262831223e+00,1.133021483021482936e+03,1.012999268471104642e+03,1.105980778246600948e+03,9.439576923076923549e+02,1.671031065088757487e+03,9.750273858921161718e+02,nan,nan
6.105192288845532858e+02,-2.907764171082716302e+02,6.429106542302221783e+00,3.788238665290813434e-01,1.135943055555555475e+03,8.859919531821507235e+02,1.119990180032733178e+03,7.119956019791094377e+02,1.557042073628850403e+03,8.389910423452769237e+02,nan,nan
5.062896991085605123e+02,-5.406923274533307904e+02,-2.734022019362216156e+02,1.978206884937157017e-01,nan,nan,1.116024453694068598e+03,8.049922199170124486e+02,1.481947154471544764e+03,9.600126050420168440e+02,1.467046307151230849e+03,7.400416666666666288e+02
1.489688995681931658e+02,-1.904911217120615902e+03,-1.180471215107115768e+03,4.439472645432180897e-01,nan,nan,1.098077675176534513e+03,1.196059210526315837e+03,1.259034466019417550e+03,1.489998136935258572e+03,1.284992307692307804e+03,1.156132203389830465e+03
6.517626030102308050e+02,-5.705588118406573983e+01,9.233410680930066405e+01,8.284996053721821463e-01,1.137965818181818122e+03,7.850000000000000000e+02,1.127003972758229338e+03,6.090115540150202378e+02,1.586027441485068493e+03,7.420406050955414230e+02,nan,nan
1.461250316272822261e+02,-1.791604351126052734e+03,-1.207792145127349841e+03,4.531282921515451534e-01,1.138002961500493484e+03,1.519963217263364413e+03,nan,nan,1.257966650786088621e+03,1.448902252252252310e+03,1.281061443066516404e+03,1.118996330275229411e+03
1.606519177233781193e+02,-1.503805557893463174e+03,-1.191278660389436027e+03,2.565091270517340094e-01,1.138951620479098210e+03,1.418911427260211212e+03,1.104970373550880140e+03,1.073999129677980818e+03,nan,nan,1.281988845988845924e+03,1.031926247288503191e+03
9.070012358491484861e+01,-6.050951437191806690e+02,-1.445480626334039698e+03,2.420154224673834731e-01,1.140016634050880612e+03,1.143984751598622779e+03,nan,nan,1.245992631578947339e+03,1.066005726184278956e+03,1.232003222341568289e+03,7.330059750135795866e+02
3.521722472264658563e+02,-2.006208448334788045e+03,-6.614139058958299984e+02,6.922692300084275496e-01,1.142949185989146599e+03,1.602199809705042753e+03,1.099036352800953409e+03,1.293922942206655080e+03,nan,nan,1.388932632880098936e+03,1.240877858002406811e+03
4.477321226390935180e+02,-1.050920275740500983e+03,-4.751409141713708095e+02,1.004410141909455462e-01,1.144987609705730620e+03,1.222989051094890556e+03,nan,nan,1.434023161551823932e+03,1.163985615650172576e+03,1.427991816693944429e+03,9.269894268224819598e+02
4.705401177385141409e+02,-1.620196990894705777e+03,-3.954189192679754683e+02,8.043522013768328316e-02,1.147989230769230744e+03,1.442972574911122365e+03,1.109013968253968187e+03,1.200974278544542130e+03,1.446983394833948296e+03,1.383937836222355145e+03,nan,nan
6.123748498598946526e+02,-1.424268283100007920e+03,-5.005914023464801410e+00,3.359741318463088100e-01,1.147989929506545877e+03,1.346024727992087037e+03,1.111087006296508207e+03,1.180967873831775705e+03,nan,nan,1.544893557422969252e+03,1.106050670640834596e+03
-1.448296020842247742e+02,-3.193243478242586093e+02,-2.263526377129879620e+03,4.580800759077772177e-01,1.152008980454305402e+03,1.118026666666666642e+03,1.135000000000000000e+03,6.750108080288214296e+02,1.144979880369766079e+03,1.030030005455537321e+03,nan,nan
-3.497182154577177471e+01,-1.755162616191103098e+03,-1.850808220976151233e+03,2.401302122419917418e-01,1.152973622232689650e+03,1.509982890589824365e+03,nan,nan,1.166998592210229845e+03,1.435017163504968494e+03,1.194978346456692861e+03,1.057997993981945910e+03
-1.228784138749782073e+02,-1.617788774592413574e+03,-2.113234801115484970e+03,5.164431284216461915e-01,1.152989016475287144e+03,1.470994205697730649e+03,nan,nan,1.132962480458572145e+03,1.393050304878048792e+03,1.157931460195828095e+03,1.003991674375578214e+03
6.254985188033323311e+02,-2.084149675061302787e+03,3.412185891025876572e+01,5.247509494238108418e-01,1.155960587842351288e+03,1.647036945812807971e+03,1.102960027567195084e+03,1.438001976284584998e+03,1.566037974683544235e+03,1.589947259565667082e+03,nan,nan
3.737542424723559975e+02,-1.980444345750451475e+03,-7.679598908816643643e+02,5.254615068135627398e-01,1.163926392251815969e+03,1.589948300622307215e+03,1.119077203964527826e+03,1.273071392146863900e+03,nan,nan,1.386905797101449252e+03,1.218874113475177410e+03
-1.536788357697418803e+02,-2.001209299698237373e+03,-2.289254013569368453e+03,6.835343421167644484e-01,1.163995038588754142e+03,1.584947502548420061e+03,nan,nan,1.111037919826652114e+03,1.509039912520503094e+03,1.148966267682263378e+03,1.094907784431137770e+03
-3.178039523480858719e+00,-1.575776382922081439e+03,-1.928145789301740706e+03,2.281699526789129073e-01,1.167978500262192028e+03,1.454947315604616051e+03,1.132989351851851779e+03,1.038980546549328437e+03,1.177021307506053290e+03,1.379994114762138224e+03,nan,nan
1.980281199963746417e+02,-1.282221913183637128e+02,-1.450223425409883703e+03,2.851992198727923977e-01,1.168057222609909331e+03,1.002018829858776030e+03,1.156021978021977930e+03,6.289535864978903419e+02,1.285956953642384178e+03,9.280063202247190475e+02,nan,nan
3.740737917365320300e+02,-3.371771155871592214e+02,-9.326406122598475577e+02,4.504199348231160971e-01,1.168975520195838499e+03,1.014105383734249699e+03,nan,nan,1.374092156862745014e+03,9.499930020993701874e+02,1.355030718595721282e+03,6.480032985156678933e+02
3.951368535133726709e+02,-3.368713348817743167e+02,-8.754437139006273583e+02,7.765062878280330760e-02,1.169033861671469822e+03,1.008012555391432784e+03,1.153988935721812368e+03,7.079961259079902902e+02,nan,nan,1.367005187319884726e+03,6.480405330372014987e+02
3.536870247440730282e+02,-1.029899470161626823e+03,-9.531567995270294205e+02,1.772425821730294615e-01,1.169979737783075052e+03,1.243988945578231323e+03,nan,nan,1.356992303745510526e+03,1.180836601307189540e+03,1.353918918918918962e+03,8.899568106312292457e+02
4.638041981941124732e+02,-1.726475035749672998e+03,-5.833928725987616417e+02,3.875492053294584127e-01,1.170987447698744745e+03,1.488006204756980424e+03,1.129002531645569661e+03,1.215988102692548637e+03,nan,nan,1.430031757233592089e+03,1.153965329707681803e+03
-1.126118387668877006e+02,-1.658242246363688309e+03,-2.305256174368810662e+03,6.451140495640298456e-01,1.172988821138211279e+03,1.484994480682388257e+03,1.137033213644524267e+03,1.035028725314183021e+03,nan,nan,1.153984595070422529e+03,1.002986086175942546e+03
5.435143910595127181e+02,-8.344450840341892217e+02,-4.399530483646470884e+02,2.680632134828594415e-01,1.173063085263676612e+03,1.136978314440611030e+03,nan,nan,1.474026893523600393e+03,1.083998212157330045e+03,1.464986425339366406e+03,8.459434608794974793e+02
8.322449233102024664e+02,-1.366563975675269148e+03,4.716479834051027638e+02,8.340296731673308983e-01,1.173080739738385319e+03,1.289912249443207202e+03,1.134090570058604044e+03,1.230943530701754298e+03,nan,nan,1.702974223397224023e+03,1.131901115241635580e+03
-2.730579209921894801e+01,-1.686225042521268051e+03,-2.065161752096488726e+03,5.310825153622581452e-01,1.174977319587628926e+03,1.489992233009708798e+03,1.138067788898999197e+03,1.059007973733583412e+03,nan,nan,1.187019073569482316e+03,1.023951176983435062e+03
5.156630482200445158e+02,-5.749013731162295926e+02,-5.644770593729064103e+02,6.513863960494347127e-01,1.175997807017543892e+03,1.055025866813428820e+03,nan,nan,1.452936302895323024e+03,9.999721153846153356e+02,1.440048297213622391e+03,7.429951719975859987e+02
3.948695668434586992e+02,-1.443840757390679983e+03,-8.593829328826813025e+02,1.684282203181239890e-01,1.176932921447484659e+03,1.385910847606499829e+03,1.140924332935085658e+03,1.090967065868263489e+03,nan,nan,1.379843317972350178e+03,1.033987122337790879e+03
3.468059312377733505e+01,-1.600717571068045345e+03,-1.941009329316122830e+03,2.634920176770947919e-01,1.180021949974476684e+03,1.462049164677804356e+03,1.144066898349261464e+03,1.046009025270758229e+03,nan,nan,1.208050519357884696e+03,1.007073611111111063e+03
-7.257309707862634696e+01,-1.848188933620648640e+03,-2.305630538907820664e+03,9.318591847469258616e-01,1.185010828625235490e+03,1.540007057785619736e+03,1.145999030538051329e+03,1.084968704156479134e+03,nan,nan,1.167989478957915935e+03,1.051929650613786634e+03
6.928624324800691738e+02,-4.557997277861688303e+02,-1.286289770668801964e+02,2.803720459356788264e-01,1.186014461315979815e+03,9.599759036144578204e+02,1.170002085505735067e+03,7.809400206825232544e+02,1.568982233502538065e+03,9.209727195225916603e+02,nan,nan
3.906244631297489036e+02,-1.045819782924970241e+03,-9.878558341040393316e+02,1.260697327491001885e-01,1.186052466367712896e+03,1.249964763603925121e+03,1.157985015425297433e+03,9.499157493649449862e+02,1.366151883353584481e+03,1.188957162597881052e+03,nan,nan
1.311255778415338682e+02,-1.883660495946668107e+03,-1.766252306476688545e+03,2.604651559801556826e-01,1.193949629629629726e+03,1.548956243854473996e+03,nan,nan,1.219962775735294144e+03,1.479001794526693629e+03,1.247967940813810173e+03,1.095966263526416242e+03
6.369967717965078009e+02,-8.563264497912491606e+02,-3.289082530678006719e+02,1.732891994017521087e-01,1.194013629480060672e+03,1.133001011122345744e+03,1.168978757302177428e+03,9.309635226680562710e+02,1.520969084423305503e+03,1.086994981179422894e+03,nan,nan
3.953316867417136677e+02,-1.945894176829976914e+03,-9.622767389363334587e+02,2.767174634673629785e-01,1.194017480719794321e+03,1.573943255350920936e+03,1.147994422755158894e+03,1.240996040723981878e+03,nan,nan,1.377896341463414728e+03,1.183981628903857882e+03
4.798725898712957587e+02,-6.567392500727358140e+01,-8.815333819801270465e+02,3.896604594572980473e-01,1.194027879677182682e+03,9.200338266384777626e+02,1.186994453688297199e+03,6.099801871216291147e+02,1.415994219653179243e+03,8.630435914118412484e+02,nan,nan
4.551563105760089343e+02,-2.098974507777652434e+03,-7.933451741317733195e+02,4.161148132524082333e-01,1.196917906008328373e+03,1.637052421652421572e+03,nan,nan,1.396992221261884197e+03,1.575073130649137283e+03,1.413018048505358138e+03,1.248958356164383531e+03
5.368346821211033237e+00,-1.976732845104547323e+03,-2.222546264059319128e+03,9.702707539249278978e-01,1.200017293997965453e+03,1.576949083503054908e+03,1.157978925900747754e+03,1.125894983277592019e+03,1.161045161290322540e+03,1.505004098360655689e+03,nan,nan
8.383827706793768186e+01,-1.699613187122359477e+03,-2.020000691908628824e+03,3.484130280858388495e-01,1.202012558139534804e+03,1.491946678716674114e+03,1.163043887147335454e+03,1.068971698113207594e+03,1.196924141221374157e+03,1.420991102323282348e+03,nan,nan
6.281243689972810671e+02,-1.795989347622197556e+03,-3.349705748165825980e+02,2.494260554173783895e-01,1.202951993141877438e+03,1.513046311475409766e+03,1.155106743897393471e+03,1.278022114108801361e+03,1.514893252769385754e+03,1.459918918918918962e+03,nan,nan
6.753420436368594437e+02,-1.610244470848816036e+03,-2.229170897707697350e+02,1.282956056415156532e-01,1.204966560509554029e+03,1.431008975712777101e+03,1.161036967418546283e+03,1.227982662538699742e+03,1.547991623711340253e+03,1.381990597716588354e+03,nan,nan
8.381334877810572834e+02,-1.835839072257776934e+03,2.410550696705332712e+02,8.956495322178468221e-01,1.216944834034595715e+03,1.524018431001890349e+03,nan,nan,1.689906096706376957e+03,1.480002314814814781e+03,1.667019047619047569e+03,1.288960661345495964e+03
1.510631648669611309e+02,-1.366444506228110640e+03,-2.011280765001863301e+03,2.311378854332176991e-01,1.217023535564853546e+03,1.390989296636085555e+03,1.183054336989032890e+03,9.810542199488490951e+02,nan,nan,1.234094637223974814e+03,9.349885000000000446e+02
1.979761743360736830e+02,-1.372838705402832147e+03,-1.964124214163585521e+03,2.384270389194418083e-01,1.225974320987654210e+03,1.390946334451365601e+03,1.191909674461256373e+03,9.869917515769044485e+02,1.238010842779694485e+03,1.322978098788443504e+03,nan,nan
1.968163088623550721e+02,-1.578580326966179882e+03,-1.952462041094574488e+03,3.134969484970578368e-01,1.226981684981685021e+03,1.452922995780590782e+03,nan,nan,1.234932163187855849e+03,1.385000980872976925e+03,1.252929729729729843e+03,9.959905617977527754e+02
5.761841292913638881e+02,-3.294999766122642768e+02,-8.918811057417153734e+02,3.961295328273030658e-01,1.228951343500363009e+03,1.000019693654266916e+03,nan,nan,1.443038013964313450e+03,9.510190174326465922e+02,1.427989630589760282e+03,6.420380952380952522e+02
1.033926911474324015e+02,-1.727915712364127785e+03,-2.266368520688851731e+03,3.206137657680650510e-01,1.228992882562277600e+03,1.501991257892180784e+03,1.188047503635482371e+03,1.061900192864030942e+03,nan,nan,1.215006052141527107e+03,1.018036446469248290e+03
3.851464487862464807e+02,-6.182868055873636877e+02,-1.490841467666603194e+03,8.906958415979261412e-01,1.229980352644836330e+03,1.143002539360081300e+03,1.210983351831298478e+03,7.889763694951665229e+02,nan,nan,1.322021556256572012e+03,7.300026483050847901e+02
1.265699813233322999e+02,-1.791407396825617525e+03,-2.244923057467945455e+03,5.724726792857560698e-01,1.233982089552238904e+03,1.519968950221784098e+03,1.191968888888888841e+03,1.080038081805359752e+03,1.198025468524747794e+03,1.450994280266920896e+03,nan,nan
1.782093724651223852e+02,-6.087462635447189996e+02,-2.322756916917550370e+03,2.212987667029734373e-01,1.241984950700570835e+03,1.188944858420268247e+03,nan,nan,1.226064596895342902e+03,1.120000524934383293e+03,1.216988919667589926e+03,7.090464379947229645e+02
8.644157398968133066e+02,-5.896036368905602387e+01,-1.056584099646205175e+02,4.621255567086359761e-01,1.242032424465733129e+03,8.019739803094233821e+02,nan,nan,1.635000000000000000e+03,7.819982935153583412e+02,1.629982731554160182e+03,5.339585454545454013e+02
4.822530718599043098e+02,-1.801411784065022630e+03,-1.189693380192572704e+03,1.364848229385869638e-01,1.246032817627754412e+03,1.517979881115683611e+03,1.199057869118442341e+03,1.177017897091722489e+03,1.372048395313295941e+03,1.458987141444114741e+03,nan,nan
9.756460431493992473e+02,-8.799012778785715909e+02,3.010144330246916411e+02,4.080299486547034893e-01,1.252990874932903807e+03,1.072981977061714815e+03,1.226981598317560383e+03,1.002977023498694507e+03,nan,nan,1.734947571318427208e+03,9.019832268370606698e+02
9.933815280764553108e+02,-7.066153727812553598e+02,2.741853256444444469e+02,2.423531875912957878e-01,1.261014904187366938e+03,1.000009551800146937e+03,1.241000000000000000e+03,9.240614035087719458e+02,1.747937623762376234e+03,9.879711538461538112e+02,nan,nan
8.685533248370960564e+02,-6.830195908058597070e+02,-2.645595304005094590e+02,1.337438238654877487e-01,1.270978664559462686e+03,1.052054229057062003e+03,nan,nan,1.613966897233201507e+03,1.026060207991242578e+03,1.605924748277689559e+03,7.881670911869587144e+02
5.773115917453297925e+02,-9.492377914910368872e+02,-1.310088207441166560e+03,3.778734476390747665e-01,1.275998398291510966e+03,1.228965517241379303e+03,1.249984544049459146e+03,9.060212652844231798e+02,nan,nan,1.397003335186214599e+03,8.389827968923418666e+02
6.290197361865388075e+02,-3.272667682095102464e+02,-1.217533412686778775e+03,3.624846490453286774e-01,1.276015233949945696e+03,1.025982162764771374e+03,nan,nan,1.429963953488371999e+03,9.810093131548311476e+02,1.415993718592964797e+03,6.359413919413918848e+02
3.260273715680152122e+02,-1.874039288132909860e+03,-2.079497217234147229e+03,3.869806274238367649e-01,1.277935265700483114e+03,1.542013320177602282e+03,nan,nan,1.261957746478873332e+03,1.478965811965812009e+03,1.286011401743796114e+03,1.063929801324503387e+03
3.849401102730973889e+02,-1.204752112851679158e+03,-1.986156569706384062e+03,1.461834846782127106e-01,1.278966093117408946e+03,1.337981943706850871e+03,1.246011726078799256e+03,9.439663825757576205e+02,1.293073858114674522e+03,1.277947100712105794e+03,nan,nan
3.594145146559758359e+02,-2.046444235680772863e+03,-1.977756317935444940e+03,4.591150371348264314e-01,1.281940594059405839e+03,1.596806250000000091e+03,1.229097139451728253e+03,1.172892351274787643e+03,1.275969479353680526e+03,1.533968421052631584e+03,nan,nan
7.159536229398289606e+02,-2.854547921997138928e+02,-1.018888035731193213e+03,2.438079023406607426e-01,nan,nan,1.279016958733747970e+03,6.940000000000000000e+02,1.475014684287812088e+03,9.540052434456929404e+02,1.462976247030878767e+03,6.219939393939393995e+02
5.531308826589505543e+02,-1.261470557882862977e+03,-1.517459876317077942e+03,2.693522111242503403e-01,1.290991128634795359e+03,1.337964610234337670e+03,nan,nan,1.373087799897907189e+03,1.284972070098576069e+03,1.377037903603182031e+03,9.239780166096726362e+02
8.852285060637697143e+02,-9.699831277424141263e+02,-4.243976397965718661e+02,1.564451951905365401e-01,1.298970663921770438e+03,1.174013881748071981e+03,nan,nan,1.598000657462195932e+03,1.145008379888268109e+03,1.590028814669286248e+03,8.880624178712221237e+02
8.465715400316101977e+02,-3.099522985121678289e+02,-6.873894267432624474e+02,3.579774799782800554e-01,1.299002886002886044e+03,9.619823321554770246e+02,1.294001044386423018e+03,7.109836317135550416e+02,1.552067837190742239e+03,9.349762114537444404e+02,nan,nan
3.956299114349080810e+02,-1.889863020181144748e+03,-2.140826824757798477e+03,3.456325482495817281e-01,1.302961754207037302e+03,1.545961013645224284e+03,1.252926984126984053e+03,1.120815013404825777e+03,1.279010005002501202e+03,1.484963654719838360e+03,nan,nan
1.001224749661310511e+03,-1.911468288980780926e+03,1.001177672764411000e+02,9.273670593743940094e-01,1.309019740009629231e+03,1.559023452157598513e+03,1.243130319148936223e+03,1.407961452513966378e+03,nan,nan,1.708951422963689993e+03,1.287076805696846350e+03
1.075982277162834862e+03,-3.591291921986004354e+02,5.162630367343603410e+01,1.981224374666573640e-01,1.312973438621679861e+03,8.809825327510917532e+02,1.310043099025141146e+03,7.569835306227482761e+02,1.737971689497716852e+03,8.810269730269729962e+02,nan,nan
5.531183597806586931e+02,-1.308687653999612621e+03,-1.819169513923370232e+03,1.332711498683825935e-01,1.315930853600381397e+03,1.361023741690408315e+03,1.278980029225523595e+03,9.869022346368715262e+02,1.350917535545023611e+03,1.308003512293025551e+03,nan,nan
6.241029072944658083e+02,-2.846888954298600538e+02,-1.785287094955168641e+03,1.605701400305296345e-01,1.318989339019189856e+03,1.057025775907417255e+03,nan,nan,1.383950696677384713e+03,1.012026125625347390e+03,1.370006204756980424e+03,6.159389233954451583e+02
6.231124797650197706e+02,-1.235661554643959562e+03,-1.631760448034830461e+03,4.368699904184318306e-01,1.321090487238979222e+03,1.331923002887391704e+03,1.286041788143828853e+03,9.780614947965941610e+02,1.386067745197168961e+03,1.282008438818565310e+03,nan,nan
5.620080266469973367e+02,-2.123646508796829494e+03,-1.696556289517646519e+03,2.023776466823000442e-01,1.321987679671457954e+03,1.624906709265175778e+03,1.262025685931115049e+03,1.224947934352009042e+03,nan,nan,1.376042693926638549e+03,1.155931444759206897e+03
8.490788712056671557e+02,-6.044990253956092374e+02,-1.035385778119159113e+03,2.699457059032483452e-01,1.334974766867800327e+03,1.091014770240700273e+03,1.320022538552787637e+03,8.099571183533447538e+02,nan,nan,1.506002578981302349e+03,7.299800771208226706e+02
8.988687348911959134e+02,-2.001823147335428303e+03,-5.905105328700607288e+02,3.318875016708463521e-01,1.341021355617455811e+03,1.594776378636561049e+03,1.274936018957346050e+03,1.329093767546322397e+03,1.582885565669701009e+03,1.547952054794520564e+03,nan,nan
9.617921526350805834e+02,-4.840394222431618800e+02,-6.975365865994014030e+02,1.361614530310043258e-01,1.342966019417475763e+03,1.017012121212121201e+03,1.334002190580503793e+03,7.799353128313891830e+02,1.587972573839662346e+03,9.979933823529411256e+02,nan,nan
1.171719735672913203e+03,-6.739249280913047642e+02,-2.228437161809737610e+00,3.719220952574384675e-01,nan,nan,1.349981409001956990e+03,8.969772277227722270e+02,1.765989098116947389e+03,1.010029622063329953e+03,1.761961956521739239e+03,7.899952569169960270e+02
1.059485644874429454e+03,-1.044706065182689372e+02,-6.786798276057799058e+02,3.127834673898741702e-01,1.367949655172413713e+03,8.819943302622253896e+02,1.377013135351227902e+03,6.349710391822827660e+02,nan,nan,1.619943789035392001e+03,5.509071580439405125e+02
1.232213342564178902e+03,-6.993530281453575981e+02,7.037077440760701563e+01,5.392963052298801463e-01,1.384088024564994839e+03,1.006961956521739125e+03,nan,nan,1.802046428571428578e+03,1.016012711864406810e+03,1.797979805534779416e+03,8.029737470167063975e+02
1.133455938235022586e+03,-1.161546660849827362e+02,-6.020156686572541958e+02,9.179975876602607388e-01,1.388024886877828067e+03,8.739302152932442596e+02,nan,nan,1.656978240302743643e+03,8.740229445506691945e+02,1.656006309148265018e+03,5.540061068702290186e+02
1.074320616472581378e+03,-5.888461137920676265e+02,-9.603438142079544377e+02,6.373702086315424786e-01,1.403993956043956132e+03,1.071960828203693382e+03,nan,nan,1.591967224080267670e+03,1.057014840989399318e+03,1.586987213997308118e+03,7.220247657295850559e+02
1.127024068663361732e+03,-1.914955050332311430e+03,-3.067506712162994518e+02,2.841302044844120633e-01,nan,nan,1.333022675736961446e+03,1.352041666666666742e+03,1.710914910226385700e+03,1.520133182844243720e+03,1.690125129802699803e+03,1.227031843575419089e+03
1.226397761979887491e+03,-4.841343373994039894e+02,-4.450971660559713996e+02,3.769934558701990568e-01,1.418914723032070015e+03,9.799963235294117112e+02,nan,nan,1.711006071118820500e+03,9.849963031423289976e+02,1.710005243445692940e+03,6.959808722264727976e+02
1.240402839958261666e+03,-2.102877817236490614e+02,-6.680320792316242660e+02,7.130167688455913977e-01,1.432983559685489581e+03,9.080520146520146909e+02,nan,nan,1.681938061041292713e+03,9.159626352015732209e+02,1.682938628158844722e+03,5.880193452380951840e+02
1.185523956711184155e+03,-1.718891847514488234e+02,-1.001880791270767304e+03,5.245968610724279779e-01,1.435031531531531527e+03,9.350110935023772072e+02,nan,nan,1.620978042086001778e+03,9.340244131455399383e+02,1.618993925588458524e+03,5.739901365705615035e+02
1.255161869556920010e+03,-9.508252981272786997e+01,-1.107989132186511370e+03,4.095634607129761684e-01,1.462968085106382887e+03,9.189629629629629335e+02,1.478003082614056666e+03,6.339754529514904107e+02,1.628036866359447004e+03,9.230058083252662300e+02,nan,nan
1.312000124888728124e+03,-4.005215787456598378e+02,-8.201342100112793787e+02,3.044184972551945423e-01,1.472928459119496893e+03,9.855983172327828470e+02,1.475022538552787637e+03,7.529725947521866374e+02,1.682973244147157175e+03,9.939880341880341348e+02,nan,nan
1.331500103975906313e+03,-8.395967413890656417e+02,-6.597689529113579283e+02,3.688935292722230752e-01,1.483028722934158168e+03,1.125898405466970416e+03,1.461045221843003446e+03,9.269023013460703169e+02,1.714967421314191142e+03,1.127941546197360140e+03,nan,nan
1.541644110836749405e+03,-8.356252133255590024e+02,-5.309383236024508079e+01,3.900820299181320117e-01,nan,nan,1.508999472016895425e+03,9.780165714285714103e+02,1.893914104882459242e+03,1.090982862903225850e+03,1.888919831223628762e+03,8.420101801096319605e+02
1.345554834119723182e+03,-1.721828618816053677e+03,-1.086601358799914578e+03,1.658559175555770482e-01,1.538990326481257625e+03,1.473990419161676755e+03,1.468042632759910248e+03,1.197918154761904816e+03,nan,nan,1.654103349282296676e+03,1.073006500541711830e+03
1.450314881137281418e+03,-1.822932154116670972e+03,-9.620883395190053307e+02,3.970822075819144814e-01,1.575987760097919136e+03,1.510988449848024402e+03,1.494993544222078754e+03,1.249011457670273785e+03,nan,nan,1.701015825914935704e+03,1.112147834274952857e+03
1.687779095375435645e+03,-1.298650780025861650e+03,4.849485401500431863e+02,6.009024896363711621e-01,1.580971302428255967e+03,1.220984719864176668e+03,nan,nan,2.086990066225165720e+03,1.253991674375578214e+03,2.054012889366272702e+03,1.071897027600849242e+03
1.424214518513250141e+03,-1.513966338453948538e+03,-2.480152576399375903e+03,9.000450675514729548e-01,1.609960771704180161e+03,1.418982614294912992e+03,1.554986962190351960e+03,1.029980012894906622e+03,1.538084283589489360e+03,1.399867592098238219e+03,nan,nan
1.528958893088456534e+03,-1.427497232895846082e+03,-1.517731978438222768e+03,5.838653466031500372e-01,1.611020552344251655e+03,1.371981758957654620e+03,1.554018951358180630e+03,1.072949463044851655e+03,nan,nan,1.656979403409090992e+03,9.490066568047337796e+02
1.823841976817060413e+03,-1.037340767979065959e+03,3.960807451317472214e+02,4.429097767536873675e-01,1.641987757373400200e+03,1.095031976744186068e+03,1.605087028824833624e+03,1.128986786786786752e+03,nan,nan,2.092052631578947512e+03,9.479900990099009732e+02
1.640794246546857494e+03,-1.585643973288973712e+03,-1.143634866136082337e+03,7.005621271425149788e-01,1.645908881199538655e+03,1.418024088943792549e+03,1.574073645449763262e+03,1.159940736478711187e+03,nan,nan,1.733954208754208821e+03,1.019013483146067415e+03
1.803363232763561427e+03,-1.269636357455371808e+03,3.353072716217516813e+02,6.257940639541091921e-01,1.646005780346820757e+03,1.214014696485623062e+03,nan,nan,2.092973708068902852e+03,1.252038272816486824e+03,2.063979411764705674e+03,1.038940298507462785e+03
1.801279747395878530e+03,-1.229137938863989120e+03,9.322364410421634773e+01,3.870538893479687492e-01,1.654934266585514251e+03,1.212025753768844197e+03,1.602039560439560546e+03,1.174940540540540496e+03,nan,nan,2.007925895087427079e+03,9.990851674641148747e+02
1.712756757434581459e+03,-1.262096688582125807e+03,-1.204907988876621857e+03,5.937136865533886310e-01,1.661066261398176266e+03,1.298974459724950975e+03,1.610936094069529645e+03,1.050957183098591486e+03,1.756038461538461434e+03,1.302992918961447685e+03,nan,nan
1.913246729978066242e+03,-9.320848195624231494e+02,2.647500597946025209e+02,6.930156151610309401e-01,1.686003973509933758e+03,1.054947745168217580e+03,1.659079931972789154e+03,1.068966069142125434e+03,nan,nan,2.096930599369085030e+03,8.909601554907677610e+02
1.911723951650383924e+03,-1.009500963992118159e+03,3.122974661179987379e+02,8.027738631271089664e-01,1.687953212726138418e+03,1.085968135593220268e+03,nan,nan,2.121003328894807055e+03,1.148045454545454504e+03,2.104814977973568148e+03,9.269818875119160566e+02
1.950353681789544680e+03,-1.082959209227508836e+03,3.975895825632633773e+02,9.068578259909143569e-01,1.707007726980038569e+03,1.112063348416289500e+03,nan,nan,2.160020703933747427e+03,1.174016800584368184e+03,2.141056765676567466e+03,9.629413265306122867e+02
1.928460576875455217e+03,-7.456543915457206140e+02,-8.936296014651264841e+02,1.525979143793117221e-01,1.714989454094292796e+03,1.087011486917677075e+03,1.700967223650385677e+03,8.979536116633531719e+02,1.861962798937112439e+03,1.129024785510009451e+03,nan,nan
1.969522661345901952e+03,-1.102769285625389102e+03,1.986470559837013070e+02,7.962781199188260217e-01,1.725045706371191045e+03,1.136989399293286169e+03,nan,nan,2.115939591078066769e+03,1.196003205128205082e+03,2.096090266875981342e+03,9.539651500484027338e+02
2.007380008141775534e+03,-7.846569279220042290e+02,1.662738342339048359e+02,2.110842980499982868e-01,1.727990045941807011e+03,9.940234138972809887e+02,1.713000642673521952e+03,9.949752824858757094e+02,2.109969696969696997e+03,1.072044265593561477e+03,nan,nan
1.966772706389840778e+03,-9.807966208447118106e+02,-3.293188790423956789e+02,6.008521864505228516e-01,1.731952566601689341e+03,1.128936886395511920e+03,1.698052999417588808e+03,1.033018450184501944e+03,1.986005413766434685e+03,1.177998198198198224e+03,nan,nan
1.991839665504279083e+03,-1.119644573376723883e+03,2.807076531286473937e+02,3.373943331247713506e-01,1.734039175257732040e+03,1.137012363636363716e+03,nan,nan,2.146030859049207720e+03,1.198988023952095773e+03,2.124980019980020188e+03,9.669126539753639236e+02
2.052611590256165073e+03,-7.582071149119003621e+02,-3.144085329961074535e+02,4.169343290410480463e-01,1.756966174661746663e+03,1.032917958656330711e+03,1.745022187004754414e+03,9.450822819528250420e+02,2.011985970381917468e+03,1.099968559837728208e+03,nan,nan
2.106121056819028126e+03,-8.531141211799156281e+02,2.553110698354200565e+02,8.840770147031444814e-01,1.776977002967359113e+03,1.010010268562401279e+03,nan,nan,2.171961460446247656e+03,1.095118191161356663e+03,2.169062770562770766e+03,8.530948275862068613e+02
2.099237581984529243e+03,-1.063561233842447109e+03,4.140037169667695025e+02,4.425162427820587552e-01,1.780996159754224209e+03,1.093001598721023129e+03,nan,nan,2.221155784998481522e+03,1.170773128598848416e+03,2.202965962441314332e+03,9.519965116279070116e+02
2.114829423949685406e+03,-8.778039562645418528e+02,2.177097309340997526e+02,6.561573856622560097e-01,1.782998608211551755e+03,1.025027426160337654e+03,nan,nan,2.164930896344516896e+03,1.108970652971386698e+03,2.163060024752475329e+03,8.600533525594809134e+02
2.122031961307708116e+03,-8.046498409032468544e+02,1.473949510882231380e+02,1.607749226907959073e-01,1.783948453608247519e+03,9.990147859922178668e+02,nan,nan,2.147035071090047495e+03,1.085996685082873000e+03,2.149009216589861808e+03,8.260031982942430204e+02
2.149584222897186464e+03,-1.139397971480768547e+03,-2.332348841009645639e+03,2.274495549834802677e-01,1.812005387205387251e+03,1.290981607629427799e+03,1.769978902953586385e+03,9.550144508670520054e+02,1.738027423469387713e+03,1.308952413793103460e+03,nan,nan
2.160855862211718886e+03,-9.211418708984299428e+02,-6.482956495816980578e+02,4.977904513241560580e-01,1.814028062970568044e+03,1.123030474840538545e+03,nan,nan,1.981059288537549492e+03,1.179911128903122517e+03,1.978936906377204878e+03,8.260548736462093302e+02
2.181106034243213799e+03,-9.136678490897807023e+02,-2.187810604551292215e+01,5.189943684081758102e-01,1.820026548672566378e+03,1.063004261363636260e+03,nan,nan,2.129007722007721895e+03,1.142030439684329167e+03,2.124026699029126121e+03,8.569514661274014315e+02
2.217204068586615904e+03,-7.304577329757599955e+02,1.818366857460058554e+02,4.221185019292241214e-01,1.825011173184357631e+03,9.569884751773049629e+02,nan,nan,2.187038251366120221e+03,1.058007025761124169e+03,2.195978578383641889e+03,7.949882729211087735e+02
2.228697285166758320e+03,-7.967996617232333847e+02,-3.636371924740544159e+02,5.877905370303230237e-01,1.835970630372492906e+03,1.044950676213205952e+03,1.820921437271619880e+03,9.649405806887237986e+02,2.059002234636871435e+03,1.122946682464455080e+03,nan,nan
2.297610993973505629e+03,-5.590446885046475245e+02,1.438393158041199911e+02,5.414643224405368827e-01,1.853986998916576340e+03,8.810022050716647755e+02,nan,nan,2.198040733197556165e+03,9.999883177570093267e+02,2.222005244755244803e+03,7.210376237623762563e+02
2.252706566954128448e+03,-1.054612673429054894e+03,3.612428535317772571e+02,2.226303803704952344e-01,1.860019522776572558e+03,1.085984640258690433e+03,1.817002481389578179e+03,1.156035055350553421e+03,nan,nan,2.246909558067831313e+03,9.389134615384615472e+02
2.248228728310631595e+03,-1.144170684238579724e+03,-3.989134864294701401e+02,8.760365475570685012e-01,1.862971035481535182e+03,1.192000000000000000e+03,1.814020683453237325e+03,1.104948210922787212e+03,nan,nan,2.054028877005347567e+03,9.148946975354742790e+02
2.278525331615250707e+03,-9.692556071334665830e+02,-2.167546527059618029e+02,6.354966235839429878e-01,1.868000000000000000e+03,1.100934268833087117e+03,1.836020753266717975e+03,1.052976190476190368e+03,2.115045212765957331e+03,1.177979787234042533e+03,nan,nan
2.356806980190994182e+03,-5.693531196906690184e+02,-3.022634250128843547e+01,5.383505119910982906e-01,1.882043946188340897e+03,9.060887021475256233e+02,nan,nan,2.173936285097192012e+03,1.021995139732685288e+03,2.196025495750708160e+03,7.170099800399201513e+02
2.284450124342033178e+03,-1.179393731738212864e+03,3.477028549079802247e+02,3.588247277494271414e-01,1.884025161290322558e+03,1.146964311206281309e+03,nan,nan,2.277944600938967142e+03,1.231064351378958008e+03,2.250144353029169906e+03,9.868787878787878753e+02
2.337494667071388449e+03,-8.951687593697864713e+02,-5.396442500781663512e+02,5.024787249343054540e-01,1.887069300069299970e+03,1.096929270127915743e+03,1.862048198883815303e+03,9.950226576852419385e+02,2.057965654952076875e+03,1.171017102615694057e+03,nan,nan
2.343764394337966223e+03,-9.798517659354397438e+02,-7.126078900450656874e+02,7.265043390936097856e-01,1.892914845516201922e+03,1.144957331264546156e+03,1.857029113067027765e+03,1.013967547169811269e+03,2.026022780832678791e+03,1.207975192472198387e+03,nan,nan
2.358996096220428626e+03,-7.312158812780421613e+02,-6.214378860155558471e+01,4.117909958055763209e-01,1.892958480565371019e+03,9.790105769230768828e+02,nan,nan,2.171942718446602157e+03,1.082918893129771050e+03,2.182872175379426608e+03,7.799899193548386620e+02
2.319220612266820808e+03,-1.195259339875021396e+03,-6.484962783542137004e+02,6.029258444448156729e-01,1.894934246575342513e+03,1.227062543921293127e+03,1.838942701227830867e+03,1.102043602573266526e+03,nan,nan,2.022996768982229469e+03,9.139032863849765818e+02
2.331577906737966259e+03,-9.931192466270433670e+02,-8.700620291149776975e+00,3.505575734370323104e-01,1.896014754098360754e+03,1.090005524861878484e+03,nan,nan,2.187013525698827834e+03,1.176987499999999955e+03,2.177997008973080938e+03,8.840389016018306165e+02
2.323932564841307794e+03,-1.159405630725555284e+03,-5.591893726518950416e+02,1.970143495571373415e-01,1.897053063802905854e+03,1.206024137931034375e+03,1.842981228668941867e+03,1.097995864920744225e+03,2.056936553713049761e+03,1.263061967467079739e+03,nan,nan
2.378527568281821004e+03,-7.129667505891496830e+02,2.892311600582654023e+02,3.695403713579168969e-01,1.903045496750232132e+03,9.259865900383141479e+02,nan,nan,2.274022007042253335e+03,1.048927956989247377e+03,2.286101141924959393e+03,7.890643939393939945e+02
2.321801170656192426e+03,-1.286204866120470115e+03,-4.411027442114111068e+02,1.480084667374487184e-01,1.905042345276872993e+03,1.251950847457627106e+03,nan,nan,2.086984182776801390e+03,1.304940540540540496e+03,2.064862418106015411e+03,9.589862570735650706e+02
2.414921201322913475e+03,-6.276263228749647851e+02,1.726292992260674168e+02,4.558645244302851895e-01,1.914904969485614629e+03,9.009376114081997002e+02,nan,nan,2.249937447168216295e+03,1.028011088709677324e+03,2.270074534161490647e+03,7.470548327137546494e+02
2.432364586705891725e+03,-8.287123922521656141e+02,-6.590491535435153310e+02,3.255885738505683857e-01,1.922024154589372074e+03,1.077062138728323589e+03,1.902960718294051730e+03,9.630581542351453663e+02,nan,nan,2.063955198161975659e+03,7.869934114202050068e+02
2.409478577360141117e+03,-9.920081955043739299e+02,-4.756166145442496145e+02,6.730465356004552424e-01,1.925953892668178469e+03,1.128011093502377207e+03,nan,nan,2.096947806354009117e+03,1.203042613636363740e+03,2.093111183355006688e+03,8.530638138138137947e+02
2.416613732257750144e+03,-9.613707512615116002e+02,-4.163150836636885970e+02,4.420567378271408887e-01,1.928017655367231555e+03,1.109929733727810572e+03,1.894993607954545496e+03,1.036007120253164658e+03,2.112723551637279797e+03,1.189992741935483764e+03,nan,nan
2.442162996758996087e+03,-6.701441536547212081e+02,6.998792367267861891e+01,5.855886060322041953e-01,1.930029478458049880e+03,9.310185497470489508e+02,nan,nan,2.231985627836611002e+03,1.053966522678185811e+03,2.250009861932938747e+03,7.599902702702702300e+02
2.443020538195197787e+03,-9.204610790458440306e+02,-6.150898749171856252e+02,3.529532812493303418e-01,1.933016551724138026e+03,1.109042660882140353e+03,1.903940755873340095e+03,1.002964749536178147e+03,2.074974070872947323e+03,1.186932730923694862e+03,nan,nan
2.499710591507735899e+03,-7.996123466112709366e+02,-8.769534212784758438e+02,5.019136987882931722e-01,1.943006198347107329e+03,1.083028169014084597e+03,nan,nan,2.034121096239643066e+03,1.161985593220339069e+03,2.040872143634385111e+03,7.670370129870129858e+02
2.411096133902869951e+03,-1.119275960230121427e+03,4.202378207878892340e+02,2.340018619370738684e-01,1.946930921052631675e+03,1.103975770925110055e+03,1.894008417508417551e+03,1.205001992031872533e+03,nan,nan,2.320859134262655971e+03,9.650100732600732272e+02
2.477663065978579652e+03,-7.785621256030723316e+02,-2.095089943236959300e+02,3.276730793275388631e-01,1.948939223057644085e+03,1.009935055865921754e+03,nan,nan,2.175955069124423972e+03,1.114958076448828706e+03,2.184046343975283435e+03,7.880309050772626733e+02
2.467563228512072783e+03,-1.029576140286242435e+03,-5.024157272151850293e+02,5.603742688153632301e-01,1.954003787878787989e+03,1.142993316624895670e+03,1.910956495098039113e+03,1.057942264988897023e+03,nan,nan,2.104095776323616974e+03,8.630435435435435920e+02
-2.500560508401551488e+03,-1.385278218777219308e+03,-1.373276533513293316e+02,3.585453824082541208e-01,nan,nan,1.299147727272727195e+02,1.022944292237442937e+03,1.370827389443651896e+02,1.171097412480974072e+03,2.061467793030622886e+02,1.203118332311465338e+03
-2.372804007954132430e+03,-1.305879273499009969e+03,2.553553853155336810e+02,7.832211760184293325e-01,3.891106993978694106e+01,1.370061018957346050e+03,3.494751976994967890e+01,1.030030674846625743e+03,1.509409977209420219e+02,1.104094224924012224e+03,nan,nan
-2.457036386713128195e+03,-8.424852093374422566e+02,1.784850734085281090e+02,5.977757529300994355e-01,6.815384615384616041e+01,1.203052631578947285e+03,1.586539453326456872e+01,8.530582590815627100e+02,1.598532922603003499e+02,8.859934065934065757e+02,nan,nan
-2.428658142226914151e+03,-1.186074769314944433e+03,-4.433022874917193690e+01,1.080357125425387865e+00,1.273485549132947909e+02,1.334028865979381408e+03,nan,nan,1.779436296975252105e+02,1.074901466275659914e+03,2.100039447731755331e+02,1.126976795580110547e+03
-2.500344097282446910e+03,-8.236121989030403938e+02,-1.196068127987146568e+02,3.906684683002660807e-01,1.499915333960489079e+02,1.214002649708532090e+03,nan,nan,1.849642324888226597e+02,9.161319554848967073e+02,1.572376237623762449e+02,9.609175682637815044e+02
-2.424489125451514610e+03,-7.619547936967929900e+02,3.410145700831401427e+01,5.613740418361070628e-01,1.279915296462381633e+02,1.180906397306397366e+03,7.095958235095991995e+01,8.192839900603478327e+02,2.049208597948216948e+02,8.719973457199735094e+02,nan,nan
-2.432266741419790378e+03,-7.681190303511956472e+02,-2.034202672326346661e+00,6.047764491951085342e-01,1.370184977578475412e+02,1.185961452928094786e+03,7.986915146708960833e+01,8.190195712954333658e+02,2.060340030911901010e+02,8.799731800766282959e+02,nan,nan
-2.447489594776482591e+03,-8.054298307355187490e+02,-9.479859323286397910e+01,5.249422488373075568e-01,1.580631665299425777e+02,1.204121951219512084e+03,nan,nan,2.080510638297872390e+02,9.080099009900990268e+02,1.790099180681328050e+02,9.530592734225621143e+02
-2.498133822543054521e+03,-8.504884747860730840e+02,-3.214535966364700812e+02,9.948476167155898553e-01,nan,nan,1.649851616322204677e+02,8.350876445526475891e+02,2.121337274774774642e+02,9.520311431826813759e+02,1.938536102868447131e+02,9.539902024820378301e+02
-2.333849526215414244e+03,-1.157341043409401436e+03,2.674495883501130677e+01,2.303199213590391425e-01,1.337776882803060801e+02,1.319935014963659796e+03,nan,nan,2.179569083447332503e+02,1.058012779552715756e+03,2.449897769516728658e+02,1.118945683802133772e+03
-2.246808967465899968e+03,-1.056173310803368167e+03,3.946227015385525192e+02,7.680701925149446829e-01,4.499099722991689987e+01,1.262125000000000000e+03,1.286048324240062435e+01,9.532254335260115568e+02,nan,nan,2.281924934968413368e+02,1.115989340101522885e+03
-2.353228568618792451e+03,-6.069263844002962287e+02,2.499466983283875265e+02,4.484906954891714204e-01,8.901946721311475130e+01,1.109920131291028383e+03,nan,nan,2.250658016682112930e+02,7.729510926118626912e+02,1.560351993214588617e+02,8.859430244941427190e+02
-2.297592294923712416e+03,-1.193371734017352537e+03,7.485293099436748321e+01,3.855980691463015142e-01,nan,nan,1.121863149216817845e+02,9.789649507119386271e+02,2.270087440381558110e+02,1.072092082616178914e+03,2.589215291750502956e+02,1.139822439024390178e+03
-2.183681116024458333e+03,-1.331298945989648701e+03,4.147279384924229930e+02,3.693297859490241031e-01,nan,nan,3.792486085343228552e+01,1.061034065934065893e+03,2.300541516245487230e+02,1.110954618259476774e+03,2.819542356377799592e+02,1.246022624434389172e+03
-2.305871240994160871e+03,-8.351729791824134281e+02,2.423724517475351377e+02,3.851976928904474740e-01,nan,nan,3.808803165182987271e+01,8.580679156908664709e+02,2.310753424657534367e+02,8.830372608257804359e+02,2.010805767599660783e+02,9.939885714285713902e+02
-2.372549128477652175e+03,-8.762457565260663159e+02,-4.123459527895011689e+01,6.225425893183410553e-01,1.599951321279554861e+02,1.223935907970419066e+03,1.140558690744920938e+02,8.580417236662107143e+02,2.319833984375000000e+02,9.360218687872763894e+02,nan,nan
-2.218472081340337354e+03,-1.512105137296359317e+03,1.242000875508484512e+02,1.077168172807917657e+00,1.168073921971252531e+02,1.447907794676806134e+03,nan,nan,2.329803801348865591e+02,1.224858413132694977e+03,3.180558968058967935e+02,1.283174509803921637e+03
-2.375254659466251269e+03,-5.888019954670666039e+02,1.129840003757746416e+02,9.543581555196251065e-01,nan,nan,5.102623211446741180e+01,7.580906618313689478e+02,2.330154479917610786e+02,7.860376749192680563e+02,1.660158806544754668e+02,8.668930995475112695e+02
-2.371209387788650474e+03,-9.896999852197239989e+02,-1.163770500777660999e+02,5.660905626495704723e-01,nan,nan,1.430494665373423970e+02,8.938869565217390800e+02,2.339136081309994495e+02,9.959736477115118305e+02,2.339389261744966575e+02,1.030081692195477672e+03
-2.203475421163891951e+03,-1.548568765821123179e+03,1.369707761914239370e+02,4.827152062029866353e-01,1.148280133396855689e+02,1.461951527924130687e+03,nan,nan,2.369290826284970706e+02,1.242996138996139052e+03,3.259242250287026650e+02,1.299962264150943383e+03
-2.227897656187774373e+03,-1.447172516094516595e+03,1.090944361366258590e+02,1.062282300215246167e+00,1.229205714285714350e+02,1.423099761051373889e+03,1.307334304442825896e+02,1.073051890941072998e+03,2.370631578947368325e+02,1.195063792085056093e+03,nan,nan
-2.238168231143470166e+03,-1.348124308581327568e+03,1.030657784364285732e+02,8.254132834584689826e-01,nan,nan,1.267143525011687757e+02,1.037006014215418190e+03,2.409434256730393997e+02,1.146102912621359110e+03,2.968580102755721555e+02,1.210017467248908360e+03
-2.219197550616870103e+03,-1.398840492702262736e+03,1.391422313404235922e+02,4.650104926010736328e-01,nan,nan,1.230429594272076343e+02,1.060026819923371704e+03,2.410163476874003265e+02,1.167924599831507976e+03,3.060098116169544937e+02,1.235989163154726157e+03
-2.250797187311744437e+03,-8.579478727657220816e+02,2.963458970090339335e+02,7.015756649286070123e-01,nan,nan,3.704130052724077160e+01,8.701352590554790822e+02,2.499851729818780939e+02,8.890093862815884904e+02,2.251545741324921153e+02,1.008980999999999995e+03
-2.174027390683438171e+03,-1.381053919228179439e+03,2.643170267783143004e+02,9.016783961219124732e-01,nan,nan,9.502025014889815679e+01,1.066826794966691295e+03,2.500830670926517598e+02,1.150059059059059109e+03,3.110306905370844106e+02,1.245106128550074800e+03
-2.236696026591852387e+03,-1.294973467031726386e+03,5.598927081185568255e+01,2.706230550996868711e-01,1.451115736885928413e+02,1.367001928640308506e+03,nan,nan,2.520628087508821409e+02,1.124883814102564202e+03,3.000131979695431710e+02,1.178953290870488217e+03
-2.150136838873657780e+03,-1.319826942240232711e+03,3.891507554639117075e+02,4.295890108134407526e-01,6.007213114754098626e+01,1.364023468057366472e+03,nan,nan,2.529403846153846018e+02,1.110025278810408963e+03,3.020311883142518923e+02,1.235045338767193016e+03
-2.380956422077209936e+03,-1.084935376298987194e+03,-3.913379214553076508e+02,7.857236288346172159e-01,2.469266503667481629e+02,1.311050632911392313e+03,2.239153558052434505e+02,9.110738362760835116e+02,2.589472551130247666e+02,1.065131455399060997e+03,nan,nan
-2.482523644295020858e+03,-9.463655766592485179e+02,-7.043943753709501152e+02,8.494637463132366229e-01,3.069582542694496965e+02,1.280007662835248993e+03,nan,nan,2.650045924225028671e+02,1.031985937500000091e+03,2.649955908289241506e+02,9.609781619654230553e+02
-2.148782717425049213e+03,-1.436538878762732111e+03,1.989590338824474145e+02,5.339954712803326453e-01,nan,nan,1.261010539367637904e+02,1.081003378378378329e+03,2.679329296693060201e+02,1.184790776699029038e+03,3.359165481270744635e+02,1.258924021040327261e+03
-2.283736133588736720e+03,-7.722576002057278401e+02,9.195898831243121663e+01,6.544124738902823424e-01,nan,nan,9.293239355581127370e+01,8.279541947926711600e+02,2.681573137074516922e+02,8.770196801968019145e+02,2.298740694789081829e+02,9.490671043034282093e+02
-2.474825163263316881e+03,-7.293402732316377524e+02,-5.835421251216178007e+02,5.118662893145315973e-01,nan,nan,2.400869285254346437e+02,7.859253081943437564e+02,2.699204836936606853e+02,9.350332506203474168e+02,2.348732812078727363e+02,8.819679487179487296e+02
-2.336193518058355494e+03,-1.023579839583379339e+03,-2.829268528214536218e+02,5.147495889025192062e-01,2.321485688323489285e+02,1.284071654373024330e+03,2.040134228187919518e+02,8.989396628216503586e+02,2.700260521042084179e+02,1.029938043478260852e+03,nan,nan
-2.240291235604388021e+03,-9.040130897587125673e+02,1.218896158284819080e+02,9.323588817951898866e-01,nan,nan,1.021801282051281987e+02,8.809217603911980632e+02,2.739248120300752021e+02,9.339303843364757540e+02,2.590650730411686595e+02,1.011047686832740169e+03
-2.177624068592402637e+03,-7.941417959789572478e+02,4.435429320105329225e+02,1.140925258246096696e+00,nan,nan,4.056434962147281276e+00,8.550717741935484355e+02,2.752441690962099301e+02,8.409529229177444449e+02,2.390641891891891930e+02,9.900028153153152743e+02
-2.271315349159146990e+03,-7.062107342786888466e+02,9.376984105483420251e+01,6.894171402461241049e-01,1.559667624128026375e+02,1.151961824491819470e+03,nan,nan,2.790756972111553864e+02,8.478939526730937359e+02,2.311041990668740311e+02,9.179570707070706703e+02
-2.209797726650182994e+03,-9.677245849859147029e+02,1.556488015333321471e+02,5.242615567272772559e-01,nan,nan,1.019787234042553195e+02,9.058963531669866143e+02,2.810714285714285552e+02,9.620050825921219939e+02,2.742058203289751077e+02,1.043048645660585862e+03
-2.244474229825344992e+03,-8.632451047758968343e+02,4.930871032051584990e+01,5.625881385502522480e-01,1.689950576606260313e+02,1.211051438535309444e+03,1.220895691609977263e+02,8.610714285714285552e+02,2.852610641471904387e+02,9.249641812865496604e+02,nan,nan
-2.244532188541714277e+03,-8.728686573785303153e+02,1.781501194720670611e+01,5.909330114265274325e-01,nan,nan,1.329466292134831349e+02,8.630053995680345906e+02,2.890822072072072046e+02,9.339548924358084605e+02,2.679390243902439011e+02,9.869611964430072248e+02
-2.245358897372376305e+03,-6.337301989111148259e+02,1.348863150430759958e+02,6.436284166708706733e-01,1.552038938053097468e+02,1.124021338912133842e+03,8.398339100346021269e+01,7.799124690338562687e+02,2.930105980317940748e+02,8.100098389982110803e+02,nan,nan
-2.247593412702260594e+03,-8.093235151433699457e+02,-5.041531405189975779e+00,2.411150398903222636e-01,1.870420954162769078e+02,1.194979633401221918e+03,1.367586936090225436e+02,8.391427278213639056e+02,2.949936880072137342e+02,9.080009643201542531e+02,nan,nan
-2.473106061073008732e+03,-7.308452602558625131e+02,-7.685044646916190914e+02,3.301624323505725767e-01,3.320846944948578425e+02,1.217012212643678140e+03,nan,nan,2.950494084899095242e+02,9.559698890649762006e+02,2.620138483965014302e+02,8.700622188905547318e+02
-2.383343192283086410e+03,-1.029886040363842540e+03,-6.496981745619048070e+02,3.515047906681811885e-01,3.150863570391872486e+02,1.301944531249999955e+03,2.910566419420094348e+02,8.819489795918367463e+02,2.960958520179372044e+02,1.065095095693779967e+03,nan,nan
-2.225853906393505440e+03,-7.194966805514383168e+02,1.085034290698135351e+02,3.025126074892116601e-01,1.631972619788425618e+02,1.155011746280344596e+03,1.029020771513353054e+02,8.110193661971831034e+02,2.991386020651310673e+02,8.540457604306864141e+02,nan,nan
-2.128245800407808474e+03,-1.164536899321244391e+03,2.104487546888617544e+02,4.916185840147209718e-01,1.357294818890417218e+02,1.308976862302483141e+03,nan,nan,2.999693741677763228e+02,1.052896306818181756e+03,3.239009846827133288e+02,1.137005072463768101e+03
-2.207347634454508807e+03,-7.660581436651384593e+02,1.191697771741837499e+02,3.572642992927079209e-01,1.629330357142857224e+02,1.170036862003780698e+03,1.070705669481302778e+02,8.299248511904761472e+02,3.030674528301886994e+02,8.739980079681274674e+02,nan,nan
-2.174036618958768941e+03,-6.468932387676347844e+02,3.360088685140567009e+02,7.402194565110434832e-01,1.109736842105263150e+02,1.111841740850642964e+03,3.716178194607268637e+01,7.930300957592339728e+02,3.041737685101239208e+02,7.879631849315068166e+02,nan,nan
-2.345133963137786395e+03,-8.499632991700500497e+02,-4.870428989673413298e+02,4.532008381798144914e-01,nan,nan,2.529461426491994303e+02,8.320311185870478994e+02,3.059957918898240337e+02,9.779800910125142082e+02,2.889030484757620911e+02,9.351108002238388508e+02
-2.112868563385946345e+03,-1.326605146777399568e+03,1.287214171064833579e+02,5.332116513651173895e-01,1.570767973856209210e+02,1.374000614250614262e+03,1.549422863485016535e+02,1.037004470938897157e+03,nan,nan,3.541743859649122896e+02,1.198029334730225173e+03
-2.252219128618817649e+03,-7.479904667676393046e+02,-6.995604121634522699e+01,4.993414599693242750e-01,2.081923449612403090e+02,1.177972253680634140e+03,1.529831715210355867e+02,8.139583987441130830e+02,3.060585106382978893e+02,8.899439528023598314e+02,nan,nan
-2.227775360568994529e+03,-1.416346837752602369e+03,-3.945436281311685889e+02,3.357324054448100337e-01,2.749481481481481637e+02,1.421010169491525403e+03,2.771286701208981071e+02,1.023931363203050523e+03,nan,nan,3.699634478996181315e+02,1.169101571946795730e+03
-2.359553094397400855e+03,-7.360398104940950361e+02,-4.902826191980755652e+02,2.329125731387159115e-01,2.939800693240900955e+02,1.200979469632164182e+03,2.459688109161793363e+02,7.939760665972944480e+02,nan,nan,2.738925583443416940e+02,8.879862241703193604e+02
-2.103940153553594882e+03,-1.203144516853568348e+03,2.180021148018036854e+02,7.515376777889929416e-01,1.381520715630885263e+02,1.322961449942462650e+03,nan,nan,3.080929022668153152e+02,1.072007223476297895e+03,3.389810606060606233e+02,1.153972477064220129e+03
-2.206383920329180910e+03,-6.497872590308520557e+02,1.343404868733330773e+02,4.054146355467458385e-01,1.650116807268007904e+02,1.127983883964544702e+03,nan,nan,3.119783037475345395e+02,8.200471204188481806e+02,2.540525114155251174e+02,8.920320855614972970e+02
-2.443804858337151472e+03,-7.297592850438870755e+02,-8.177340599079102503e+02,1.639018094939013459e-01,3.510629370629370669e+02,1.218010355029585753e+03,nan,nan,3.141345431789737290e+02,9.620518134715025553e+02,2.809648197009674391e+02,8.660319469559975687e+02
-2.219931430008896768e+03,-1.123024062568270665e+03,-2.628151986563408968e+02,3.259865696106165611e-01,2.539720720720720806e+02,1.314934005499541627e+03,2.338867282450170251e+02,9.369336734693877133e+02,3.149551176792556362e+02,1.075927404718693197e+03,nan,nan
-2.242786415467805909e+03,-7.069860759721175327e+02,-7.811871663234920504e+01,4.872510332991913384e-01,nan,nan,1.571013853904282200e+02,7.989805598755832534e+02,3.151738861386138524e+02,8.740704747774481120e+02,2.699131156613170788e+02,9.030317563188593795e+02
-2.101453050509252535e+03,-1.460654413185317026e+03,-2.540446878404550191e+01,4.515774462114590659e-01,2.020747922437673196e+02,1.429058910162003031e+03,2.099802289281997787e+02,1.071947368421052715e+03,3.180248927038626334e+02,1.214951640759931024e+03,nan,nan
-2.163420155994334436e+03,-7.658037090756843099e+02,1.724000200813997594e+02,4.134645335025650681e-01,1.589053003533568926e+02,1.164985903083700350e+03,1.028525827045850320e+02,8.331070234113711876e+02,3.190112540192926076e+02,8.688573853989813642e+02,nan,nan
-2.480370813165124218e+03,-1.296008567563979796e+03,-1.306146586601995523e+03,9.177249062134723578e-01,4.270007293946025015e+02,1.403994700984103019e+03,nan,nan,3.190920547945205499e+02,1.207060446009389580e+03,3.630480000000000018e+02,1.034955240174672554e+03
-2.185169556454359736e+03,-6.020940386793158723e+02,1.694163852016663441e+02,7.367674482245472056e-01,1.630142653352353648e+02,1.107999208234362641e+03,nan,nan,3.209387931034482904e+02,7.940866900175130922e+02,2.579136729222520330e+02,8.710061433447099262e+02
-2.151976733437825715e+03,-7.395478223671372007e+02,2.232051659146926852e+02,2.539574612350747884e-01,1.480213675213675231e+02,1.152051487414187704e+03,8.780425190533493662e+01,8.254388669774112941e+02,3.211122278056951700e+02,8.500091240875912035e+02,nan,nan
-2.376188646911362866e+03,-7.601150695251708385e+02,-6.977564682641773288e+02,1.901341856970324151e-01,3.390758959943780724e+02,1.219902974504249187e+03,2.970316985645932846e+02,7.949051144010767302e+02,3.260064850843061208e+02,9.639271428571428260e+02,nan,nan
-2.360141450194222216e+03,-8.704947836906945895e+02,-7.274116349845022569e+02,3.766744776040544251e-01,nan,nan,3.118862467866323982e+02,8.299151917404129790e+02,3.279993943064808946e+02,1.009871134020618570e+03,3.151256463288520990e+02,9.249452706722189532e+02
-2.123781902377526876e+03,-7.419238325990875182e+02,2.791794497371303123e+02,4.459322705754529270e-01,1.390962962962962877e+02,1.148012362637362685e+03,nan,nan,3.289184339314845147e+02,8.440194624652456241e+02,2.849949874686716953e+02,9.460426980198019464e+02
-2.264318183176937964e+03,-6.355985802048810456e+02,-2.413394457103147204e+02,3.168201817431286482e-01,nan,nan,1.980234549516008826e+02,7.690308505949757318e+02,3.300125499144323840e+02,8.648751724137930523e+02,2.770354330708661337e+02,8.589601203912716301e+02
-2.124768046784528451e+03,-1.313526522588226271e+03,-1.345595482217579502e+02,3.319612292747841087e-01,2.350999999999999943e+02,1.376980817347789753e+03,2.300748502994011915e+02,1.011960129310344882e+03,3.309506666666666774e+02,1.154091739310917319e+03,nan,nan
-2.283591703095431967e+03,-9.884267084239985479e+02,-5.464895870166054692e+02,3.349349329970414124e-01,3.179209891435464215e+02,1.282976562500000000e+03,2.890682903533906369e+02,8.759596091205211223e+02,3.309564853556485104e+02,1.042915271966527143e+03,nan,nan
-2.224101830557607627e+03,-1.041986729435608822e+03,-3.652887726261997727e+02,3.734001236277622038e-01,2.840352941176470836e+02,1.291034547152194136e+03,2.590197238658777223e+02,9.039477379095163769e+02,3.319032553874369569e+02,1.050950379451255003e+03,nan,nan
-2.147726756403426407e+03,-6.656042886944983366e+02,1.983675279513640817e+02,8.599261245875480242e-01,1.610669144981412728e+02,1.128137931034482790e+03,nan,nan,3.320106913756236509e+02,8.200427764326069564e+02,2.779940405244338422e+02,9.020369833212472486e+02
-2.454090726517092662e+03,-1.016799380178799879e+03,-1.179911449766505712e+03,6.842768975418503929e-01,nan,nan,3.929484760522496458e+02,8.541266713581984504e+02,3.321603905160390582e+02,1.099013435700575883e+03,3.431495962600935172e+02,9.479928097345132301e+02
-2.126956201608900301e+03,-9.904177787940568578e+02,5.241827034633129756e+01,4.776371492379298256e-01,nan,nan,1.610728782287822867e+02,9.108993223620523167e+02,3.339309593023255616e+02,9.889848484848484986e+02,3.311292827775239971e+02,1.038979890310786004e+03
-2.267831295701106228e+03,-7.136682630156439018e+02,-3.320785469015288527e+02,5.314705803487441704e-01,nan,nan,2.259732693625770992e+02,7.929372345445965493e+02,3.339417688266199775e+02,9.090825432236474626e+02,2.928806184825602372e+02,8.869960059910134760e+02
-2.089790597063469249e+03,-1.307186739290565129e+03,-2.406836631368623358e+01,5.924616234156041550e-01,2.130309769658459231e+02,1.370951134380453823e+03,2.069410489813610639e+02,1.018937260536398412e+03,3.360689836756187674e+02,1.143993975903614455e+03,nan,nan
-2.171397461896499408e+03,-7.180011304623939168e+02,2.712185893603690801e+01,4.973662891756462368e-01,2.030737885462555141e+02,1.157980141843971523e+03,1.460006711409396019e+02,8.090660165041260825e+02,3.361643252447850045e+02,8.679988073941561879e+02,nan,nan
-2.099414756946286161e+03,-7.362829593260220236e+02,3.057177003864095468e+02,3.937126384323183514e-01,1.382140804597701162e+02,1.142939641109298464e+03,nan,nan,3.390528120713306066e+02,8.389628132578819759e+02,2.938733242134063062e+02,9.448754593711719281e+02
-2.416531630560074518e+03,-9.378606556894419555e+02,-1.055552219310077135e+03,2.812542546068330651e-01,nan,nan,3.749599673202614554e+02,8.370147420147420689e+02,3.390604113110539970e+02,1.062002240477968598e+03,3.370277061855670127e+02,9.279616175462646197e+02
-2.396117552589473689e+03,-8.258408638847959082e+02,-9.293636531275385551e+02,4.015902630835840870e-01,nan,nan,3.490407854984894129e+02,8.079985639061751499e+02,3.400093323761665260e+02,1.010961157654227009e+03,3.230966368667517941e+02,8.940256702795207957e+02
-2.002460768289023008e+03,-1.350277775356688380e+03,3.053415339238913475e+02,2.582066725064590673e-01,1.331918344519015704e+02,1.375890573500329538e+03,nan,nan,3.409741796664873732e+02,1.139881019830028436e+03,3.902196652719665053e+02,1.228995279838165970e+03
-2.216993336197856479e+03,-5.849440735300754568e+02,-1.120805245048988326e+02,8.320451343013468559e-01,2.370319248826291130e+02,1.123052165354330782e+03,1.710354745925215809e+02,7.549222357229647287e+02,3.411062246278755197e+02,8.289835661462612961e+02,nan,nan
-2.136377443010136176e+03,-6.276981388482042803e+02,1.830941979562738027e+02,1.039932044926002108e+00,1.710934579439252445e+02,1.113058191584601673e+03,1.010011855364552531e+02,7.810087440381557826e+02,3.429538087520259069e+02,8.079927338782924835e+02,nan,nan
-2.041165229506017113e+03,-1.227641790687373486e+03,1.877369063483278637e+02,3.666517207329103578e-01,1.659112333071484784e+02,1.332904156064461404e+03,1.530799507995079978e+02,1.008883895131086092e+03,3.431063311688311614e+02,1.089167690956979868e+03,nan,nan
-2.151594422540606502e+03,-8.243536210173419931e+02,-2.729623453220438734e+01,2.588105887740930755e-01,2.200287356321838956e+02,1.198080410607356725e+03,nan,nan,3.440319999999999823e+02,9.229757231404959157e+02,3.169103819784525058e+02,9.570805180180179832e+02
-1.993553636676145288e+03,-1.320318930447613411e+03,3.332125441074422838e+02,4.754162574979256539e-01,1.288245521601685937e+02,1.363017180094786681e+03,1.232163568773234203e+02,1.056996168582375503e+03,3.450317204301075549e+02,1.122989562948466983e+03,nan,nan
-2.094890050352687012e+03,-7.609896086671298008e+02,2.464185389871363441e+02,7.802204565132004888e-01,1.570854430379746702e+02,1.156977051061388465e+03,nan,nan,3.460440180586907672e+02,8.588602096854717729e+02,3.059466327827191776e+02,9.510210526315789821e+02
-2.347005645714145885e+03,-7.214434217475321702e+02,-7.556896328251754085e+02,1.179801563857082236e+00,3.619459791282995980e+02,1.208954148471615781e+03,nan,nan,3.469696189495365388e+02,9.569313387034906100e+02,3.151482277121374977e+02,8.640257425742573787e+02
-2.299079857220979193e+03,-6.993251977585308623e+02,-5.603674154307620938e+02,2.818761855601072397e-01,nan,nan,2.799324026451138820e+02,7.809900414937759479e+02,3.480136986301370143e+02,9.290277777777778283e+02,3.079713603818615866e+02,8.659914893617021789e+02
-2.066651054911254050e+03,-8.415804380129974334e+02,2.680043986128901565e+02,4.873108561524499560e-01,1.539919614147910067e+02,1.182915460335842454e+03,1.032125000000000057e+02,8.699546146816935561e+02,nan,nan,3.238810408921933117e+02,9.900255813953488087e+02
-2.160000778377227107e+03,-1.071176925573304061e+03,-2.994412414777016807e+02,2.196645584425121200e-01,2.831792402354200249e+02,1.296975388601036229e+03,2.590619674670797963e+02,9.189573502722323610e+02,nan,nan,3.648527791687531021e+02,1.037965447154471576e+03
-2.034711980009419676e+03,-1.278271157145539519e+03,9.633443957107799349e+01,5.653148720524970861e-01,nan,nan,1.860535564853556423e+02,1.020113304721030090e+03,3.520842023947470238e+02,1.122048676748582238e+03,3.931427909133055323e+02,1.168938100961538566e+03
-2.446032390835926435e+03,-1.230025658270659051e+03,-1.470407711382898015e+03,4.526433050359122134e-01,nan,nan,4.540993589743589496e+02,9.029850649350648837e+02,3.549811629811629814e+02,1.191996794871794918e+03,3.900117241379310258e+02,9.980562546262027581e+02
-2.206241382069608335e+03,-7.397513800601974481e+02,-3.082214686701365167e+02,4.573680273986470701e-01,nan,nan,2.372142552283397379e+02,8.039712147380540728e+02,3.571719265190768056e+02,9.199494826536822529e+02,3.209448988377098431e+02,8.980686900958465912e+02
-2.063869525740318295e+03,-1.248338448590299777e+03,-6.447421919437179838e+01,5.350257350275362533e-01,2.350406740267286523e+02,1.350061238691718927e+03,nan,nan,3.580374193548387325e+02,1.121058902275769697e+03,3.949410569105691025e+02,1.134996822875297767e+03
-2.237218811840160924e+03,-7.676888177125526909e+02,-4.672964915410898925e+02,1.416120321168972407e-01,nan,nan,2.740695457094784047e+02,8.079645833333332803e+02,3.589628811312417156e+02,9.480956086714841149e+02,3.291854693140793984e+02,8.989936854190585791e+02
-2.094499180174005232e+03,-7.375310729987589866e+02,1.480904379384956542e+02,4.501902451949593709e-01,1.889928613920285443e+02,1.153999224806201482e+03,1.297656758515946933e+02,8.232624378109452437e+02,3.590350541746335011e+02,8.638870735223450765e+02,nan,nan
-2.096162123513847291e+03,-1.086156898812194413e+03,-1.139611639337717577e+02,4.156059919683882664e-01,2.480376811594202877e+02,1.293034682080924767e+03,2.250882352941176521e+02,9.368615123194562102e+02,3.599511450381679651e+02,1.050957264957264897e+03,nan,nan
-2.082681796511396442e+03,-8.742311776707009585e+02,8.618488249331512918e+01,2.287818904843242906e-01,2.040713028169014081e+02,1.207096682464454943e+03,1.590622876557191319e+02,8.719892984542211707e+02,3.609537735849056617e+02,9.339769757311761396e+02,nan,nan
-2.478588020220390717e+03,-8.965438091934995555e+02,-1.454254686206026463e+03,2.984027538613788777e-01,nan,nan,4.379530878859857239e+02,8.100427184466019526e+02,3.619626763768775390e+02,1.075018477043673101e+03,3.569832155477031961e+02,8.879623786407767057e+02
-2.071707855744256449e+03,-6.679013057379526117e+02,2.688535309697214188e+02,8.005288426594905360e-01,1.619309815950920211e+02,1.118992604765817532e+03,nan,nan,3.620137136588041926e+02,8.151625076080340477e+02,3.089863636363636488e+02,9.071030275643922778e+02
-2.109518051106764233e+03,-5.794079033295365662e+02,1.511983262984406338e+02,5.511094709178315787e-01,1.910267062314539999e+02,1.098982126058325548e+03,1.181850072080730456e+02,7.621077953714981277e+02,3.641162203132895456e+02,7.920741641337385772e+02,nan,nan
-2.116767831729980117e+03,-6.594292400444057876e+02,5.120631484367096675e+01,4.622130861829387705e-01,2.151651323360184165e+02,1.134973644578313269e+03,1.519681571815718257e+02,7.898741470811220324e+02,3.649974437627811881e+02,8.411336603310852524e+02,nan,nan
-1.951097952856028769e+03,-1.279877837472330839e+03,3.618188655618432108e+02,2.344176291304362059e-01,1.349752564876282577e+02,1.344125896934116099e+03,nan,nan,3.678937169700528216e+02,1.101930388219544739e+03,4.051413994169096213e+02,1.202964607464607525e+03
-2.039548864789392837e+03,-7.629423115142385541e+02,3.091907576583270156e+02,4.803220249136706532e-01,nan,nan,9.395741660752307212e+01,8.418187451587916712e+02,3.679569023569023329e+02,8.551089954038083079e+02,3.269249037227214103e+02,9.550697836706210637e+02
-2.196817451768827141e+03,-8.268857476039651146e+02,-4.366860933672484748e+02,3.212692240478711714e-01,nan,nan,2.790152091254752804e+02,8.298934294871794464e+02,3.689427339901477580e+02,9.700300715990453000e+02,3.479641460234680608e+02,9.249423897581792744e+02
-2.228620744720210496e+03,-8.089652431884807129e+02,-5.452722941743853653e+02,6.376376923801037044e-01,nan,nan,2.988732317736670439e+02,8.199817543859649049e+02,3.689738666666666518e+02,9.729973958333333712e+02,3.451058419243986464e+02,9.100091254752851455e+02
-2.188224627321163553e+03,-8.793360773363141334e+02,-4.345844111660790077e+02,3.707302010974650730e-01,nan,nan,2.820619396903015286e+02,8.479891402714931701e+02,3.690084602368866058e+02,9.920293542074364268e+02,3.550145332588037945e+02,9.460096219931270980e+02
-2.164203371803885602e+03,-1.161893290295703991e+03,-5.356726978977280851e+02,2.832870831319780902e-01,3.400304487179487296e+02,1.336018473895582247e+03,3.238558510638297889e+02,9.360992691839220470e+02,3.700267782426778354e+02,1.117988536155202837e+03,nan,nan
-1.952333690162653738e+03,-1.255830474682107024e+03,3.241393297298150742e+02,2.236937065049446061e-01,1.479593246354566247e+02,1.335997319034852580e+03,1.370583554376657958e+02,1.033927492447129907e+03,3.730138721351025310e+02,1.093990077958894290e+03,nan,nan
-2.002209311264378584e+03,-1.187528911376078668e+03,1.290735394908648743e+02,4.059015627608945631e-01,nan,nan,1.819004644990046415e+02,9.919072438162544358e+02,3.730160427807486485e+02,1.077974025974026063e+03,3.980360299116247234e+02,1.131000795544948232e+03
-2.329640606388015840e+03,-9.127314433391135253e+02,-1.027014882200170860e+03,4.516536242479011753e-01,nan,nan,3.899936494496189425e+02,8.330837647058823450e+02,3.730589147286821685e+02,1.053935132330046599e+03,3.670069513406156716e+02,9.179147659063625042e+02
-2.125918509180133242e+03,-6.155281098501740189e+02,-3.904768465393760124e+01,5.902312054561024146e-01,2.409858407079645986e+02,1.125104195804195797e+03,nan,nan,3.740079103493737875e+02,8.360229257641921095e+02,3.159451612903225737e+02,8.601022805805114331e+02
-2.102131618713718126e+03,-5.422427590095090864e+02,1.117984999041045597e+02,3.161266270521311816e-01,nan,nan,1.319786096256684402e+02,7.480765086206896513e+02,3.750127282789153469e+02,7.821096433289300194e+02,3.029915397631133942e+02,8.350307692307692378e+02
-2.231172141825551080e+03,-8.792549563860305852e+02,-6.670184723563702391e+02,3.300785738500336408e-01,nan,nan,3.310095475300954604e+02,8.379845041322314501e+02,3.759852941176470722e+02,1.013098459845984621e+03,3.641418199419167649e+02,9.289993894993895083e+02
-1.942035884463581169e+03,-1.201765156723884274e+03,3.899589681283636651e+02,6.570067195912242530e-01,1.321263975155279411e+02,1.311050582464745503e+03,1.168628230616302233e+02,1.019999083409715809e+03,nan,nan,4.010008532423208294e+02,1.170007226738934150e+03
-2.009483155517587647e+03,-1.087853255942775831e+03,1.043982758525900749e+02,2.704703606863576582e-01,2.090950035186488378e+02,1.282023034154090510e+03,1.839352517985611541e+02,9.539741035856574172e+02,3.789897260273972392e+02,1.033070166830225617e+03,nan,nan
-2.076102690763880673e+03,-1.207694857788683521e+03,-2.971099818549551514e+02,4.327136644910485885e-01,2.999937888198757605e+02,1.342920426579163177e+03,2.859383802816901152e+02,9.670426356589147190e+02,3.809267692307692528e+02,1.121938716654650307e+03,nan,nan
-2.074495279772504091e+03,-6.610738967554842702e+02,8.242379957492435949e+01,3.965039451562606398e-01,2.179813874788493990e+02,1.131002790697674527e+03,1.550396825396825307e+02,7.930136332651669591e+02,3.820487596236098966e+02,8.399290909090908599e+02,nan,nan
-1.950646347568867441e+03,-1.349898039643625907e+03,1.731272304690502608e+02,6.531964767145886919e-01,1.920984089569829223e+02,1.379045513654096339e+03,1.899091463414634120e+02,1.055969269102989983e+03,3.820909090909090651e+02,1.152895491803278674e+03,nan,nan
-2.479862655630957761e+03,-1.090558948597993322e+03,-1.783641053155654618e+03,6.359338837187683557e-01,nan,nan,4.949330422125182167e+02,8.520065947242205766e+02,3.829416221033868055e+02,1.159069121813031188e+03,4.011782334384857904e+02,9.300462028677642365e+02
-2.289109264615970005e+03,-1.142226578841372884e+03,-1.111461715093504608e+03,3.065891287240155028e-01,4.399732461355529267e+02,1.349968015665796429e+03,nan,nan,3.829582321515298418e+02,1.146026638252530574e+03,4.071744756804997678e+02,9.929347826086956275e+02
-2.029000416583562583e+03,-1.224016406868320701e+03,-1.196394237237691982e+02,4.286115627551826956e-01,2.631234067207416274e+02,1.341968265162200169e+03,2.500897184020955990e+02,9.860032258064516100e+02,3.829712402636309321e+02,1.116046543463381340e+03,nan,nan
-2.203528673082854311e+03,-6.510558028950961216e+02,-4.995704150394336125e+02,4.852191590032985946e-01,3.400299401197604539e+02,1.169960142772159315e+03,2.890673000791765617e+02,7.689991489361701724e+02,nan,nan,3.401505316172355720e+02,8.470147849462365457e+02
-2.161966933716281801e+03,-1.026150391279243649e+03,-5.811148578852850051e+02,2.553363293585362293e-01,3.571288004422332847e+02,1.292964241676942038e+03,nan,nan,3.860913156913902071e+02,1.066887081339712950e+03,3.940839506172839606e+02,9.919875203472598741e+02
-1.967368749574930689e+03,-8.783014902188691622e+02,3.746352564689063911e+02,9.834312869800113655e-01,nan,nan,9.994867094408799346e+01,8.929959731543624457e+02,3.881455823293172784e+02,9.030031191515907949e+02,3.670148489503328051e+02,1.015071214841412370e+03
-2.059907711363452563e+03,-6.157146710958382982e+02,1.232975865960962665e+02,6.082880408463409161e-01,2.120019920318725042e+02,1.112850791258477784e+03,1.439032855939342994e+02,7.769184607104413089e+02,3.888682516097077837e+02,8.149909385113268172e+02,3.290657142857143072e+02,8.689718202589489238e+02
-2.098275517434874018e+03,-5.542963778587878778e+02,-1.037175002479819241e+01,3.856426757377567349e-01,2.430853658536585442e+02,1.101972175379426744e+03,1.730833898305084801e+02,7.489321901792673088e+02,3.890417670682730886e+02,8.069639963996399956e+02,nan,nan
-2.041705193950540433e+03,-7.676582835370887778e+02,4.494255672289605741e+01,2.687128574243438650e-01,2.331546468401487004e+02,1.170122893954410301e+03,1.809659284497444673e+02,8.320102414045354635e+02,3.939707180104292092e+02,8.940266591038002844e+02,nan,nan
-2.009935292535882127e+03,-7.218767801371247970e+02,1.976501162219435344e+02,5.769395582385311583e-01,1.989779917469050758e+02,1.142959725792630707e+03,nan,nan,3.980188298587760869e+02,8.539812938425565108e+02,3.529765929778933469e+02,9.240038080731150103e+02
-2.054529679636224500e+03,-8.464770617847204903e+02,-1.438193634827594281e+02,2.814115248440324790e-01,nan,nan,2.369489100817438612e+02,8.518999218139171035e+02,4.019401408450704025e+02,9.519979324603721125e+02,3.799481755684822701e+02,9.529575358851674309e+02
-2.168497822130907934e+03,-1.247192661841761264e+03,-9.007031604694842599e+02,7.191424178279888224e-01,nan,nan,4.111272365805169215e+02,9.429282153539381852e+02,4.029592570401438252e+02,1.176944876783398286e+03,4.389937369519832941e+02,1.045977341389728053e+03
-1.887635352926139376e+03,-1.267392959971300797e+03,3.604650984148092903e+02,2.364485238039666370e-01,nan,nan,1.459127697841726672e+02,1.044096806387225570e+03,4.029690048939640974e+02,1.098886016451233900e+03,4.369724770642201861e+02,1.194011828935395897e+03
-2.299546648638337501e+03,-7.291975463080631243e+02,-1.084974664603500742e+03,5.914598354027956750e-01,nan,nan,4.060169270833333144e+02,7.759609097370291693e+02,4.030256410256410504e+02,9.939872902897814129e+02,3.750388206388206527e+02,8.459870769230768701e+02
-2.258824097720425016e+03,-1.034918527050852390e+03,-1.123073448914237360e+03,2.723164937763022375e-01,4.530275502606105533e+02,1.316972111553784771e+03,nan,nan,4.030768463073852104e+02,1.108904093567251493e+03,4.141468767585818682e+02,9.529720597790773127e+02
-2.117426469725495281e+03,-8.005624677499865811e+02,-4.082567116694609695e+02,3.199051045077738742e-01,3.350872434017595083e+02,1.210974623314829387e+03,2.921002932551319873e+02,8.239616477272727479e+02,4.039541387024608525e+02,9.599758454106280396e+02,nan,nan
-1.903413304314723291e+03,-1.149361154549739467e+03,3.654640731302236532e+02,8.833369378870138400e-01,nan,nan,1.340302325581395451e+02,9.991194511702985892e+02,4.041503054989816519e+02,1.040051993942453237e+03,4.189755952380952522e+02,1.140065452091767838e+03
-2.468376369387062368e+03,-1.018058653618975882e+03,-1.941603757489571763e+03,4.927325430985778354e-01,nan,nan,5.200259285213735438e+02,8.259992684711046422e+02,4.059818523153942351e+02,1.143988803358992300e+03,4.150272290443139127e+02,8.981121126760563129e+02
-2.038411122162236325e+03,-6.230630856618765847e+02,5.211609826192743355e+01,6.401717031891723808e-01,2.389864620938628264e+02,1.118066225165562855e+03,1.739638655462185000e+02,7.780232342007434454e+02,4.060344332855093512e+02,8.309435679611650585e+02,nan,nan
-2.249265180231206159e+03,-7.413917122473106929e+02,-9.307763211100979106e+02,7.266861425133859242e-01,nan,nan,3.850964304741609112e+02,7.850142591444513300e+02,4.060371057513914934e+02,9.860050287356322087e+02,3.791219512195121979e+02,8.580353107344632235e+02
-2.304629703682294803e+03,-9.599325083681966362e+02,-1.292760773907311659e+03,6.416420367253622414e-01,nan,nan,4.510837508947745391e+02,8.369304412864622691e+02,4.071137825939722461e+02,1.092032213529682394e+03,4.099844155844155580e+02,9.160203794799718935e+02
-2.164414114989273003e+03,-5.694504679159208536e+02,-4.906679154560484335e+02,5.256524456691851199e-01,3.519837662337662323e+02,1.142973526900085290e+03,nan,nan,4.079974446337308223e+02,8.760073059360730667e+02,3.519226327944572859e+02,8.120505992010652108e+02
-2.239558021851445574e+03,-1.230137299498218908e+03,-1.225990643168252973e+03,4.205605808422245850e-01,4.729179056237879877e+02,1.377975206611570229e+03,nan,nan,4.091205335874225852e+02,1.186991725768321430e+03,4.430572171651495523e+02,1.012010309278350519e+03
-1.938495250551583013e+03,-1.145336259540293213e+03,1.189206941180581794e+02,6.630881614803173230e-02,2.231461054668601776e+02,1.300967506631299784e+03,2.029093539054966300e+02,9.780955734406438751e+02,4.091420454545454390e+02,1.061964934251722070e+03,nan,nan
-1.889521733517293569e+03,-1.300498150021177025e+03,2.374623032672333238e+02,7.673495671346830527e-01,1.931384704519119282e+02,1.355983571428571395e+03,1.868936170212765830e+02,1.045987439613526476e+03,4.112241256245538921e+02,1.126082454458293341e+03,nan,nan
-2.067103245101018274e+03,-6.343567915050366537e+02,-1.591920277085584132e+02,9.186175821978617151e-01,nan,nan,2.308167853128512661e+02,7.758526054590570311e+02,4.121399046104928630e+02,8.629761092150171180e+02,3.621075471698113120e+02,8.579100977198696683e+02
-2.179825666649920549e+03,-7.942718777788966236e+02,-7.489895717291096844e+02,1.296222770837598126e-01,nan,nan,3.621231121281464311e+02,8.090050533408198135e+02,4.129324410452517782e+02,9.910000000000000000e+02,3.901770354906054195e+02,8.879747583243823783e+02
-2.004965391851769937e+03,-1.265943775039741695e+03,-3.222222950515040907e+02,6.861672412752506389e-01,nan,nan,3.150340983606557188e+02,9.880561714708055661e+02,4.130636871508380068e+02,1.152007434944237957e+03,4.502292314526877135e+02,1.108942921096810323e+03
-1.925290109289112479e+03,-1.337567819780413856e+03,-2.483404205585161151e+01,3.312553864883427956e-01,nan,nan,2.569363057324840725e+02,1.035973958333333258e+03,4.159711422845691118e+02,1.164963697967086091e+03,4.619750663129973418e+02,1.172984106802288579e+03
-2.066439069227292293e+03,-5.440956273517032287e+02,-1.507101327473894798e+02,6.801813110827389375e-01,2.910108786610878724e+02,1.107889830508474688e+03,2.260523303352412086e+02,7.429510917030568180e+02,nan,nan,3.540963696369636864e+02,8.179785561115081691e+02
-1.857021631912271232e+03,-1.246199683326230115e+03,3.919686824988522176e+02,1.037938883717688526e-01,1.570360419397116516e+02,1.327057246376811690e+03,1.440519379844961350e+02,1.040135852090032131e+03,4.180325273459988580e+02,1.086845927018061275e+03,nan,nan
-2.159291721700691596e+03,-8.489221480544529186e+02,-7.618997692854643446e+02,2.878975472700864846e-01,nan,nan,3.719396363636363390e+02,8.260414545454545987e+02,4.189921700223713401e+02,1.013984192439862568e+03,4.040792792792792625e+02,9.079262960649593879e+02
-2.172510477924686711e+03,-8.698662610357536096e+02,-8.378716868580871733e+02,2.368115349740210485e-01,nan,nan,3.870651757188498436e+02,8.299635087719298099e+02,4.199156298600311175e+02,1.027998407643312021e+03,4.079684454756380774e+02,9.110639078051335673e+02
-1.974870115189014541e+03,-7.415512482680987887e+02,1.125225849513901011e+02,8.152327165497753603e-01,2.341011699931176793e+02,1.154981526104417753e+03,1.791278317152103625e+02,8.269979811574696669e+02,4.220961191335740068e+02,8.760042117930204313e+02,nan,nan
-2.158054138251171935e+03,-1.100569069605080813e+03,-9.619549725905903870e+02,4.048003607711974094e-01,nan,nan,4.238659454374412121e+02,8.959720902612826876e+02,4.230075825156110341e+02,1.125053534303534207e+03,4.410812854442344246e+02,9.870029325513196454e+02
-1.905029153215156157e+03,-1.199932898529503746e+03,1.091529788166407684e+02,2.560953436190800958e-01,2.338317307692307736e+02,1.320905773059057765e+03,nan,nan,4.230717602363866376e+02,1.090084331337325239e+03,4.489497716894977088e+02,1.130163087637841045e+03
-1.901494715526264827e+03,-1.353242039323989957e+03,-1.153580900523380848e+01,3.746002398652528154e-01,2.629508716323296085e+02,1.382958257713248713e+03,2.609847396768402064e+02,1.043918997107039559e+03,4.249632260760551503e+02,1.172069437652811757e+03,nan,nan
-1.996297581520790345e+03,-6.093554381341849648e+02,8.190276843225373682e+01,5.896053758596341288e-01,2.439557894736842059e+02,1.109984090909090810e+03,nan,nan,4.250116550116550229e+02,8.219797794117647527e+02,3.651611208406304740e+02,8.620236275191105051e+02
-2.268721655034456944e+03,-6.344737218825033551e+02,-1.107458839288937952e+03,6.353180029254467120e-01,nan,nan,4.160123647604327743e+02,7.479347659247889624e+02,4.250189513581806864e+02,9.650110726643598582e+02,3.829547101449275601e+02,8.079825905292478865e+02
-2.345698131572746661e+03,-8.684706106753188806e+02,-1.573270112195994898e+03,2.196650883746722183e-01,nan,nan,4.900677540777917329e+02,8.009186281102892053e+02,4.250330739299610627e+02,1.079015236160487575e+03,4.169316321617718017e+02,8.680474860335195899e+02
-2.007333121657656875e+03,-6.881122738782152055e+02,-4.566274670028507643e+01,1.844446930297870546e-01,2.731298417894162753e+02,1.147009558823529460e+03,2.161324820430965588e+02,8.000611015490533191e+02,4.259335756774619881e+02,8.740015739769149832e+02,nan,nan
-2.092117208061402835e+03,-7.913332144510977741e+02,-5.132859502708029140e+02,5.501800758731734131e-01,nan,nan,3.270205298013245283e+02,8.179737034331628820e+02,4.259756602796478546e+02,9.689781021897809978e+02,4.020509832483612627e+02,9.009400146305779344e+02
-1.981339279756565247e+03,-7.016193658508009321e+02,6.913152007444693936e+01,7.623951803937686345e-01,2.461559507523939772e+02,1.142880466472303169e+03,1.899729299363057464e+02,8.099912868632708296e+02,4.261040925266904082e+02,8.649851851851851734e+02,nan,nan
-2.382873194337069435e+03,-1.285989453874022729e+03,-2.018887836601381196e+03,2.872649266634530463e-01,nan,nan,5.519130895601483644e+02,8.949625766871165524e+02,4.270118430792006166e+02,1.234963274674827744e+03,4.639654855039116228e+02,9.720766756032171543e+02
-1.954968165649881030e+03,-1.279691555969694036e+03,-2.422604660462404240e+02,6.356217689627178258e-01,3.170828877005347408e+02,1.364005698005697923e+03,3.069526424159231510e+02,9.990281576830249151e+02,4.270499390986601611e+02,1.154023778071334164e+03,nan,nan
-2.029304054795014963e+03,-7.151005875782740304e+02,-1.902482627765698453e+02,4.723285181031562918e-01,3.049513761467890163e+02,1.166963213939980733e+03,2.540353238015138686e+02,8.039907321594068890e+02,4.281387665198237755e+02,9.032144413320884269e+02,nan,nan
-2.111205883006480690e+03,-1.051360121428015873e+03,-8.053707608746381084e+02,4.383911224177497457e-01,4.230567327409432892e+02,1.307982456140350905e+03,nan,nan,4.300987654320987872e+02,1.096917331095258078e+03,4.409575289575289503e+02,9.808725121032813377e+02
-1.932437434333173087e+03,-8.121301353301641939e+02,1.834573897965551907e+02,3.855736902660572007e-01,2.220513245033112639e+02,1.173845326716294494e+03,1.719708404802744326e+02,8.579134615384615472e+02,4.311011979823455249e+02,9.008401807723911361e+02,nan,nan
-2.037362058475418735e+03,-1.110614977155761153e+03,-5.497329639695797141e+02,2.432016052244551363e-01,3.801519999999999868e+02,1.317094786729857788e+03,nan,nan,4.318857561332845307e+02,1.102973184818481741e+03,4.500848036425725809e+02,1.024045801526717469e+03
-2.056932738723183320e+03,-7.615714322752921817e+02,-4.076611167998271412e+02,4.839860160109447640e-01,nan,nan,3.080981638418078887e+02,8.130250922509225120e+02,4.339906542056074841e+02,9.470152365677625994e+02,4.030164149704530701e+02,8.950645586297760019e+02
-2.091650288048581388e+03,-8.200060385320854266e+02,-6.258837231702582358e+02,4.774454252049957215e-01,3.949301972685887563e+02,1.226996859296482398e+03,3.562361347397073814e+02,8.239649362477231307e+02,4.359993446920052520e+02,9.921079545454545041e+02,nan,nan
-2.105055487066888418e+03,-1.096097196565850709e+03,-8.656182415557701688e+02,5.000380955470675737e-01,nan,nan,4.160713201820940981e+02,8.999770023790642881e+02,4.360389830508474347e+02,1.119024081878386596e+03,4.521669535283992900e+02,9.920175901495163089e+02
-1.886419131514937135e+03,-1.232168549562536100e+03,3.382366507908962916e+01,4.211575542368257707e-01,2.599089900110987514e+02,1.336029914529914549e+03,nan,nan,4.370346031746031485e+02,1.113016615653694771e+03,4.680603345280764529e+02,1.133001437814521978e+03
-1.849240772516768629e+03,-1.013336834546602972e+03,3.984608157416429322e+02,7.835628697929779285e-02,nan,nan,1.351280913126188921e+02,9.510213252094440577e+02,4.390635910224439158e+02,9.719957507082152688e+02,4.349735182849937019e+02,1.077903836048344829e+03
-2.000205485928374628e+03,-7.988966496236403145e+02,-2.272375087270796712e+02,2.818985898885909003e-01,3.200913019989195050e+02,1.196840023269342737e+03,nan,nan,4.391948310139164846e+02,9.440208219178082345e+02,4.119565472695243784e+02,9.231623376623376771e+02
-2.173873576231271727e+03,-1.093107342917763845e+03,-1.192300072176112963e+03,2.807907439293474416e-01,4.869471624266144545e+02,1.334963611859838238e+03,nan,nan,4.400156910078454757e+02,1.137047779273216747e+03,4.571109890109889875e+02,9.659777503090234632e+02
-1.972636310215165395e+03,-6.448356611368818676e+02,1.239846783067683766e+01,1.157228214026431029e-01,2.689448574969021024e+02,1.126969219219219212e+03,2.070384615384615472e+02,7.869498580889309096e+02,4.401349734042553337e+02,8.489758259468170536e+02,nan,nan
-2.131018844054970486e+03,-8.047191216776989222e+02,-8.479016120914512840e+02,4.066753723862251424e-01,nan,nan,3.981353558926487608e+02,8.099485791610284195e+02,4.430075757575757507e+02,1.007039809606231074e+03,4.219761273209549017e+02,8.839278876834715675e+02
-1.864341790293280837e+03,-1.178598135684926774e+03,1.293169228569030622e+02,5.589965790067952245e-01,2.418893442622950829e+02,1.311020361990950278e+03,2.228634020618556804e+02,9.940334928229665366e+02,4.430359669811320487e+02,1.079906418716256667e+03,nan,nan
-2.329567850100311716e+03,-1.261247034120056696e+03,-1.981797085351114220e+03,4.625124447023687413e-01,nan,nan,5.599599313108185470e+02,8.920053571428571786e+02,4.439460659898477388e+02,1.226953034682080897e+03,4.770292358803986872e+02,9.660056140350877740e+02
-2.013204127406710086e+03,-1.081650890600983757e+03,-5.543913394435073769e+02,3.270265152354103200e-01,nan,nan,3.669690889370932609e+02,9.139327044025156965e+02,4.451105577689243091e+02,1.092848517520215637e+03,4.589628995433790237e+02,1.010967333333333386e+03
-2.030704916082069076e+03,-9.469582146986082307e+02,-5.750786721111275028e+02,2.059376560117448518e-01,3.939175764192139582e+02,1.263989986648865170e+03,3.639053177691309884e+02,8.680457172884918009e+02,nan,nan,4.451236663433559784e+02,9.569976345357775926e+02
-1.959906994376282000e+03,-5.181925412973179164e+02,9.647675660495337979e+01,4.891033700619800140e-01,2.540431499460625560e+02,1.075984799131378850e+03,1.797820895522388014e+02,7.410397672162948766e+02,4.479951456310679418e+02,7.830855263157894797e+02,nan,nan
-1.911947974075904995e+03,-1.132360961157023894e+03,-1.600502626431696456e+02,3.314017596310228075e-01,nan,nan,2.930117056856187219e+02,9.559944941500343703e+02,4.501007025761124396e+02,1.083974789915966312e+03,4.679754829123328363e+02,1.069047124600638881e+03
-1.876303061442296439e+03,-1.256557748803960294e+03,-7.967436425314329540e+01,4.685810616082183855e-01,2.950344202898550634e+02,1.348982591876208971e+03,nan,nan,4.509978917779339440e+02,1.133972075471698190e+03,4.850822210357715107e+02,1.128970221606648238e+03
-2.340723627751470758e+03,-8.853804028563432666e+02,-1.873534763753277048e+03,4.098482408971671487e-01,nan,nan,5.389351121892055971e+02,7.959973009446694050e+02,4.510195419847328253e+02,1.103027163368257561e+03,4.470360036003600612e+02,8.569780528981428915e+02
-1.995146571573219035e+03,-7.545880666349538615e+02,-2.907956660231853334e+02,3.312451106843762871e-01,3.400564930300807305e+02,1.185049921996879903e+03,nan,nan,4.511330839123463647e+02,9.339512195121951663e+02,4.179799349240780657e+02,8.989423748544819546e+02
-1.813771042994605750e+03,-1.108192502550144127e+03,3.865584784023084808e+02,4.094960018802376034e-01,nan,nan,1.541340523882896889e+02,9.880499108734402398e+02,4.520711206896551744e+02,1.021854248733821009e+03,4.609783212896053328e+02,1.119799580272822595e+03
-2.192105456905711890e+03,-8.689773749023522669e+02,-1.259079380591753079e+03,2.644193354965753140e-01,nan,nan,4.709537313432836072e+02,8.150123456790123555e+02,4.530003581661891303e+02,1.061970107426436243e+03,4.440237187632359337e+02,8.829303931987248006e+02
-2.184193502082056966e+03,-9.213626500600148574e+02,-1.264904522971571851e+03,3.249897577476335564e-01,nan,nan,4.750143934201507818e+02,8.300141263940520275e+02,4.539541501976284508e+02,1.080994361865709834e+03,4.499901656314700062e+02,9.010779761904761926e+02
-1.990028946935569593e+03,-5.831425721548201864e+02,-1.858473581155037948e+02,3.062418526041367217e-01,3.210967048710601830e+02,1.121086620262954284e+03,nan,nan,4.550527825588066548e+02,8.499776422764227846e+02,3.980739381227058402e+02,8.309521472392638088e+02
-1.909800102116082371e+03,-1.099939156849627807e+03,-1.985448658308987433e+02,2.329618619375500577e-01,nan,nan,3.029061767005472916e+02,9.419592969472710138e+02,4.569709779179810880e+02,1.074000000000000000e+03,4.709253039953676989e+02,1.050961145194273968e+03
-1.973061180108453073e+03,-8.718624658551485709e+02,-3.524043914225346157e+02,2.895762629765892826e-01,nan,nan,3.198645879732739559e+02,8.540018181818181802e+02,4.580685005393743268e+02,9.900803839232153223e+02,4.429936014625228609e+02,9.430291479820627956e+02
-1.960530272706497954e+03,-8.179579834509295324e+02,-2.664557455583578189e+02,5.321626818018652116e-01,3.402295816733067682e+02,1.204017419354838694e+03,2.990345855694693000e+02,8.390943970767357314e+02,nan,nan,4.360781978249611370e+02,9.270661719233147551e+02
-2.064850428798832127e+03,-1.111644989253318045e+03,-9.698326447769464949e+02,3.024126528191149466e-01,nan,nan,4.490180995475113264e+02,9.009904912836766471e+02,4.611126629422718679e+02,1.133889380530973540e+03,4.799989321943406253e+02,9.869629854368931774e+02
-2.470385375541153280e+03,-3.767408371683661699e+02,-2.326158960688162551e+03,9.155778205692218785e-01,5.910441621294615970e+02,1.189020382165605042e+03,nan,nan,4.630891840607210383e+02,9.780028694404591079e+02,4.150205011389521701e+02,6.830658404337722232e+02
-1.922213306315281898e+03,-6.179297919815870728e+02,4.034426280743081605e+01,1.409518637785780182e-01,nan,nan,2.130007194244604420e+02,7.789683069224353176e+02,4.639634530560806525e+02,8.361259411362080982e+02,4.079646434885091253e+02,8.600779467680608832e+02
-1.942939452812235686e+03,-7.478141681437037960e+02,-1.730468679230908720e+02,1.271513868107236600e-01,3.240219550444328434e+02,1.173885070422535136e+03,2.750911161731207244e+02,8.190042662116040901e+02,4.640528194147037766e+02,9.190094752186588494e+02,nan,nan
-1.846646941843959894e+03,-7.401001533491545388e+02,3.464204604533163092e+02,4.406447510066516249e-01,2.021909262759924388e+02,1.131982402448355060e+03,1.428533615669666403e+02,8.409600560616678422e+02,4.650391177694548333e+02,8.491136606189968461e+02,nan,nan
-2.451178794930531694e+03,-5.085316984640870714e+02,-2.340563281801532412e+03,7.322512783343072540e-01,nan,nan,5.709403794037940543e+02,6.790626740947075177e+02,4.659402086677367834e+02,1.016946165566277273e+03,4.269683293745051742e+02,7.229752513534416494e+02
-2.046028038768805345e+03,-1.138047015245195098e+03,-9.704276954236480606e+02,2.094204970301236646e-01,nan,nan,4.549427148194271240e+02,9.099639065817409573e+02,4.670027487630566156e+02,1.144010725552050417e+03,4.889070484581498022e+02,9.958807638565440357e+02
-2.044407871142557497e+03,-1.202006226046756865e+03,-1.025999709449875809e+03,8.833874708368885109e-01,nan,nan,4.679778887303851889e+02,9.259803179409537961e+02,4.700090782122904898e+02,1.171998560115190685e+03,4.970081199250468558e+02,1.014055128205128199e+03
-1.778102889881414967e+03,-1.211702721368595348e+03,2.900190517754782036e+02,1.406862045336617351e-01,2.171849462365591421e+02,1.314936968484242016e+03,2.011275476660092068e+02,1.021904163393558520e+03,4.709402253797157982e+02,1.083963768115942003e+03,nan,nan
-1.745703860755260393e+03,-1.353643578039319664e+03,3.783088184979972084e+02,5.537591344822011541e-01,1.919112627986348230e+02,1.368024117140396129e+03,1.881018181818181745e+02,1.083948336871903848e+03,4.710013227513227321e+02,1.147911211924821828e+03,nan,nan
-1.998659333135565475e+03,-4.402272995836187306e+02,-3.109958622495747704e+02,6.445935760997617558e-01,3.579442916093535132e+02,1.083995094031071176e+03,2.871114130434782510e+02,7.039749393694421542e+02,nan,nan,3.980364618501012615e+02,7.609574166075231005e+02
-1.854643001589742198e+03,-9.766390941447492651e+02,3.450100771049828552e+01,1.819955957611100461e-01,nan,nan,2.479625850340136139e+02,9.140298507462686075e+02,4.711122994652406533e+02,9.981214796132828724e+02,4.660000000000000000e+02,1.019994177583697251e+03
-1.922398036476574134e+03,-8.474041649553895468e+02,-2.429689158385102132e+02,6.863067127924943334e-01,nan,nan,3.039215955983493700e+02,8.519707317073170998e+02,4.719780979827089595e+02,9.699065066329753790e+02,4.540372093023256070e+02,9.399704519119351289e+02
-1.994818423096711513e+03,-9.298745731962104628e+02,-6.528364000417182069e+02,4.268067689949541221e-01,nan,nan,3.919816053511705718e+02,8.599225396825396501e+02,4.730631268436578125e+02,1.042028985507246489e+03,4.669849340866289822e+02,9.429723404255319110e+02
-2.250151547425582976e+03,-1.095104991962260783e+03,-1.908848725570768920e+03,2.084648332718961328e-01,nan,nan,5.670271317829457303e+02,8.528960689283791226e+02,4.740942095588235361e+02,1.174013851891315880e+03,4.908999999999999773e+02,9.180373333333333221e+02
-1.844460441160537130e+03,-1.209934040445122037e+03,-1.320190116964876381e+02,5.704579827366799138e-01,nan,nan,3.071003154574132736e+02,9.869156441717791495e+02,4.749061154177433082e+02,1.119174451858913244e+03,5.008939828080229404e+02,1.102045220966084344e+03
-1.970026999758569218e+03,-7.669999784637867606e+02,-4.489228943733945698e+02,4.299407726149220288e-01,3.871061055127445343e+02,1.197901649358582745e+03,3.429901396877567663e+02,8.149910793933987634e+02,4.759098912480579884e+02,9.579498697916666288e+02,nan,nan
-1.874784307688564240e+03,-5.927735725451485678e+02,1.864120201574453120e+02,5.239008267729301505e-01,2.500235720761559435e+02,1.091977889447236294e+03,1.799205444761000194e+02,7.748579831932772777e+02,4.759581249999999955e+02,8.060310421286030760e+02,nan,nan
-2.190543961871940155e+03,-8.906064254047496433e+02,-1.536034551630669966e+03,1.841393993195808709e-01,nan,nan,5.219583107742284938e+02,8.119688493324856609e+02,4.769327850255246517e+02,1.088993684992570479e+03,4.709652870493991941e+02,8.739412100456620465e+02
-1.786227201135800897e+03,-1.377226406353900529e+03,4.256660527078218514e+00,1.923034276804379550e-01,2.928955026455026314e+02,1.388965346534653463e+03,2.910552050473186227e+02,1.058072758037224958e+03,4.789844282238443043e+02,1.187000570125427657e+03,nan,nan
-1.866263175407578274e+03,-1.204113423552351605e+03,-2.952052986047846161e+02,5.589958262742059647e-01,nan,nan,3.449385521885521939e+02,9.739615736505031691e+02,4.790039840637450084e+02,1.129016050244242933e+03,5.059518689196108312e+02,1.081110788863109065e+03
-1.885395957691195463e+03,-5.733709462038101492e+02,1.059807891776811886e+02,3.043426411951979382e-01,2.711021759697256357e+02,1.092054822335025392e+03,2.019776271186440795e+02,7.649252491694352329e+02,4.790462462462462554e+02,8.089456953642384178e+02,nan,nan
-1.990643106091332129e+03,-9.274143712507461714e+02,-6.978861684441636726e+02,2.844436932539223251e-01,nan,nan,4.040043227665706240e+02,8.580452488687782306e+02,4.790926769978730135e+02,1.044990158322635807e+03,4.728567323481116773e+02,9.380989483747609938e+02
-1.944085171591423887e+03,-7.309237233174769699e+02,-3.866912919748430681e+02,5.126369272796977850e-01,3.800728089887640522e+02,1.181089804543053333e+03,3.332147621164962175e+02,8.049805714285714657e+02,nan,nan,4.501695454545454709e+02,8.809781879194630392e+02
-1.898345023093676218e+03,-6.054257395209447168e+02,-1.975963303580529740e+01,3.556391279466964428e-01,3.010339652448657262e+02,1.112958670260557028e+03,nan,nan,4.810792300805729838e+02,8.410112422709387374e+02,4.259022746419545342e+02,8.490124932102118009e+02
-1.760020949744765403e+03,-1.400272506031569492e+03,1.073596346502190499e+02,6.458502879521009765e-01,2.689734239802224920e+02,1.394139938080495313e+03,2.700580952380952340e+02,1.076084888059701598e+03,4.819514757378689183e+02,1.191931239848402811e+03,nan,nan
-2.021413472283039027e+03,-9.137693660017556567e+02,-8.664707542770676127e+02,2.621803129119830156e-01,4.640985477178423366e+02,1.265863340563991414e+03,nan,nan,4.820019038553069777e+02,1.052985194324490976e+03,4.759905850706119850e+02,9.210087783467447480e+02
-1.852513877189801406e+03,-9.203135072894687028e+02,-3.377287472336435314e+01,2.551030116171196793e-01,nan,nan,2.669942897930050094e+02,8.900008143322475007e+02,4.820941366325981789e+02,9.810128205128205536e+02,4.699404630650496415e+02,9.879733085040347760e+02
-1.755797078541974543e+03,-1.051546279617796699e+03,4.374693360330601877e+02,5.408669586359798886e-01,nan,nan,1.539351245085190101e+02,9.721291540785498455e+02,4.829693641618496827e+02,9.910074324324324380e+02,4.820070977917981168e+02,1.097011794439764117e+03
-1.826057897633893617e+03,-8.830794391090465751e+02,1.351040621733169758e+02,2.844028264767493042e-01,nan,nan,2.230776280323450180e+02,8.861853325753269246e+02,4.830741593735605761e+02,9.450396912899668678e+02,4.639600915930651013e+02,9.869471089197669471e+02
-1.987280383434719397e+03,-7.290545796444341704e+02,-5.933078738091932109e+02,2.330653177560884082e-01,4.180267175572519136e+02,1.193970016207455501e+03,nan,nan,4.838969450101832876e+02,9.581295746785360734e+02,4.521154255319148660e+02,8.669824451410657957e+02
-1.994059907527841233e+03,-1.207896832401075471e+03,-9.922989395262378594e+02,6.964363605337524632e-01,nan,nan,4.740304073436603289e+02,9.299509078681909386e+02,4.860804403048264248e+02,1.173911491442542683e+03,5.150480649188514235e+02,1.017990855649902073e+03
-1.845680829695742204e+03,-5.853876871358618246e+02,2.418832958222443779e+02,5.854452040730485640e-01,2.418946266573621813e+02,1.083939910313901237e+03,1.719163369135104631e+02,7.748759800427654909e+02,4.860821371610845176e+02,7.949950124688278947e+02,nan,nan
-2.136565263308551039e+03,-9.717987400417810022e+02,-1.489384848640260316e+03,2.067987104694774259e-01,nan,nan,5.280689223057644313e+02,8.379526895657809291e+02,4.879355416293643657e+02,1.115071161048689191e+03,4.911343119266055055e+02,9.020201245807379564e+02
-1.820015253432167356e+03,-6.662798181959693693e+02,3.008556643855381481e+02,4.957661756889583660e-01,2.289351403678606118e+02,1.107075975359342920e+03,1.630313370473537589e+02,8.101797593772115533e+02,4.879735249621785442e+02,8.240033030553262279e+02,nan,nan
-1.772550694566125458e+03,-1.301372591103294553e+03,2.862635327082989622e+00,5.901306630004109488e-01,3.010362790697674313e+02,1.359004926108374320e+03,2.931003921568627675e+02,1.031872122762148365e+03,4.909867424242424363e+02,1.152954304635761673e+03,nan,nan
-1.865705360799391428e+03,-1.000204008135667891e+03,-2.751554260913847543e+02,2.850161719020847251e-01,nan,nan,3.340379951495553996e+02,9.049638157894736423e+02,4.911021846370683761e+02,1.039976099426386327e+03,4.919408955223880753e+02,1.000117094552285494e+03
-1.848279382251177594e+03,-7.202648053276076325e+02,4.292651060826063514e+01,2.235657611375894138e-01,2.931158192090395573e+02,1.147025182778229009e+03,nan,nan,4.920088085303662524e+02,8.840023752969120778e+02,4.510287769784172838e+02,9.049725085910653206e+02
-1.918399034567938543e+03,-1.118268870580536941e+03,-6.542790979198510968e+02,2.352771269430452561e-01,nan,nan,4.179750733137830139e+02,9.229847094801223193e+02,4.929570637119113599e+02,1.118876101860920699e+03,5.109353057199211321e+02,1.012947183098591495e+03
-1.858950544551385974e+03,-5.250888262632216765e+02,1.175646245420248164e+02,5.163253895622847978e-01,2.780543396226415211e+02,1.072130855018587454e+03,2.049369134515119981e+02,7.478429906542056642e+02,4.940392927308448066e+02,7.880836849507735451e+02,nan,nan
-1.887834344893746902e+03,-1.073280592286519550e+03,-4.881528265215498550e+02,2.757186441978651259e-01,nan,nan,3.849405576012624692e+02,9.179798411728771725e+02,4.950386323268206183e+02,1.088942793045428971e+03,5.059689554419284150e+02,1.009971860343929166e+03
-1.830243353416250557e+03,-6.404442836047630863e+02,1.759325203879653259e+02,8.394854749556038831e-01,2.641239782016348840e+02,1.108922480620155056e+03,1.999100467289719631e+02,7.949937791601865911e+02,4.951022954091816359e+02,8.299222636815920850e+02,nan,nan
-2.224773249144250713e+03,-1.151895214469270741e+03,-2.144035851897391694e+03,5.358526203169545754e-01,nan,nan,6.039758389261744469e+02,8.590422535211267814e+02,4.959737550471063514e+02,1.202044680851063731e+03,5.179679999999999609e+02,9.199733688415445840e+02
-1.726438072641814870e+03,-1.343625737958290074e+03,1.920815143153944575e+02,4.710857299181843705e-01,2.570591093117408832e+02,1.368999086757990881e+03,2.530785953177257568e+02,1.064931002759889680e+03,4.960095735422106031e+02,1.158996963562753081e+03,nan,nan
-1.930177635750378613e+03,-9.407118253985305500e+02,-6.269123151338613980e+02,3.526052928124754349e-01,nan,nan,4.040075705437026841e+02,8.670141843971631488e+02,4.970028294260307007e+02,1.045978159126364972e+03,4.929869807811531359e+02,9.470149253731343606e+02
-1.936369031402012524e+03,-8.401453575271605132e+02,-5.758894506103969206e+02,3.027506280715192566e-01,nan,nan,3.870238393977415399e+02,8.361327354260089351e+02,4.970245767340251177e+02,1.001976833976833973e+03,4.790500274876305866e+02,9.109477124183006254e+02
-1.915718309647664455e+03,-1.236441428143909434e+03,-8.015928894377229881e+02,4.859656182585653794e-01,4.679869952087611296e+02,1.363022315202231539e+03,nan,nan,5.000368632707774736e+02,1.175960591133004982e+03,5.310526315789473983e+02,1.043067462686567069e+03
-2.065193919249200007e+03,-1.093001946543306758e+03,-1.400774722847629846e+03,3.058841103793444871e-01,5.530219194312795707e+02,1.338930484693877588e+03,nan,nan,5.000677333333333081e+02,1.152994555353901887e+03,5.160405716920239456e+02,9.471401240951396403e+02
-1.860661168830374436e+03,-9.805175813928626667e+02,-3.437506612505456474e+02,1.893075649836695185e-01,nan,nan,3.529272976680384204e+02,8.949581749049430073e+02,5.009773013871374587e+02,1.039025710419485904e+03,4.990894225855901709e+02,9.849919703520691883e+02
-1.813570525698673691e+03,-7.855105151884691850e+02,6.521485137612583571e+01,3.694667299486731338e-01,2.940144230769230944e+02,1.167986321094312416e+03,2.450240722166499552e+02,8.460239005736137869e+02,5.020498417721519218e+02,9.110135135135135442e+02,nan,nan
-1.925810708460676778e+03,-6.308480446019243573e+02,-4.219740067556631971e+02,3.377310986709667340e-01,3.971237928007023470e+02,1.150924731182795767e+03,nan,nan,5.020987758547910289e+02,9.030427835051546026e+02,4.558872180451127747e+02,8.350818278427204859e+02
-2.199823592138825006e+03,-1.115728046624747549e+03,-2.091839853681961813e+03,2.955281788408502530e-01,nan,nan,6.030690511674117715e+02,8.519661299278178603e+02,5.029344176285414392e+02,1.189878315132605394e+03,5.210034246575341967e+02,9.120109890109889648e+02
-1.751242211522756406e+03,-1.258628008950039202e+03,2.623854015726286093e+01,3.123598305237616501e-01,nan,nan,2.911335978835978722e+02,1.018924040720438484e+03,5.029902860226659413e+02,1.132080663615560752e+03,5.341427003293084681e+02,1.137976063829787336e+03
-1.936685335737430478e+03,-7.758388278233909432e+02,-5.983209823468440618e+02,3.268190375554627658e-01,nan,nan,3.910841264967761504e+02,8.139271661783172931e+02,5.031018145161290249e+02,9.789552238805970319e+02,4.770164034021871089e+02,8.840297783933517621e+02
-1.857746348040539033e+03,-4.912572823005698410e+02,1.129775042056892964e+01,4.260240210629865909e-01,3.090444893832153639e+02,1.069982996811902240e+03,2.378977480219111271e+02,7.319885714285713902e+02,5.060658198614318621e+02,7.899269703543022842e+02,nan,nan
-1.947216229252203220e+03,-6.994344623816322155e+02,-6.267931274114480402e+02,4.233933554724966797e-01,4.369820916905443937e+02,1.185069678407350693e+03,3.930222804718217731e+02,7.869600550964187278e+02,5.060927065026361902e+02,9.529619437939110185e+02,nan,nan
-1.768766513867043614e+03,-8.875341200005753990e+02,1.874996704367315772e+02,3.345893444236926473e-01,2.670552200172562607e+02,1.195153908794788322e+03,2.249536862003780584e+02,8.919813084112149681e+02,5.070448343079921756e+02,9.440000000000000000e+02,nan,nan
-2.123399065942786365e+03,-1.180814205091026224e+03,-1.832220128480916401e+03,3.437609526837645535e-01,nan,nan,5.870470139771283584e+02,8.819874088800530672e+02,5.080369935408103288e+02,1.202033163265306030e+03,5.319056872037914445e+02,9.461255208333333258e+02
-1.741087895454129011e+03,-8.393835033317458283e+02,3.733035576770955686e+02,2.768514966768488850e-01,2.220883018867924648e+02,1.163908379013312469e+03,1.720116873630387033e+02,8.849921465968586745e+02,5.100507071403932287e+02,8.978353658536585726e+02,nan,nan
-1.744491948396312637e+03,-7.668439284432259910e+02,4.118800108272994862e+02,5.991576961190872019e-01,2.120318181818181813e+02,1.133936945812807835e+03,1.551100752958049611e+02,8.577343499197431811e+02,nan,nan,4.719822154471544877e+02,9.550220763723150412e+02
-1.865901295706591100e+03,-7.520753779404236639e+02,-3.134436277651078626e+02,4.958761333462851639e-01,nan,nan,3.371552456033959970e+02,8.179497413155950198e+02,5.109827357237715546e+02,9.410615280594996648e+02,4.799356984478935715e+02,8.919883870967742041e+02
-2.012487714977289443e+03,-6.271032106030791056e+02,-9.799723118954873371e+02,5.549255889152241439e-01,nan,nan,4.549872276483846463e+02,7.540068337129840756e+02,5.130137825421132902e+02,9.599953124999999545e+02,4.739682539682539755e+02,8.050810996563574236e+02
-2.009684667761440778e+03,-8.940014978185722612e+02,-1.159701298071800920e+03,1.968918437120146248e-01,nan,nan,4.978744244453746433e+02,8.299834224598930632e+02,5.130166816952208819e+02,1.070165372316126195e+03,5.062187825182102188e+02,8.930159271899885880e+02
-1.858479206794272386e+03,-9.011866291712849488e+02,-4.253462230602884802e+02,5.064721475047905264e-01,nan,nan,3.721368198626518620e+02,8.639401496259351916e+02,5.139754098360655235e+02,1.015148190695002882e+03,5.030315457413249192e+02,9.449788961038960906e+02
-2.063731196755451037e+03,-1.186788535160649417e+03,-1.643826132023872333e+03,3.959341936418332986e-01,nan,nan,5.740290556900725960e+02,8.931029239766081673e+02,5.140362726704190663e+02,1.197014018691588717e+03,5.400179514255544291e+02,9.599820912767186201e+02
-1.894075016938547151e+03,-8.009092505708650833e+02,-5.255803774623597064e+02,7.078947069783599888e-01,nan,nan,3.849496296296296123e+02,8.250277153558052987e+02,5.140420726306465440e+02,9.838877139979858839e+02,4.899489559164733237e+02,8.979443005181346962e+02
-1.769445519688367995e+03,-1.104465120608209190e+03,-1.034785730192519111e+02,3.123966624094235978e-01,nan,nan,3.179477077363897024e+02,9.539678747940691892e+02,5.149153814089204388e+02,1.073155290884104488e+03,5.270392902408111695e+02,1.057988919667589926e+03
-1.818008203068234707e+03,-7.058197459862375354e+02,-6.428862368789783943e+01,3.818142708938987440e-01,3.329132569558101409e+02,1.148038914027149303e+03,2.790521195274496336e+02,8.110208000000000084e+02,5.159398769574944481e+02,8.940069595476294353e+02,nan,nan
-1.827697501998294456e+03,-6.085800052762491532e+02,-4.565957047210780217e+01,6.461919843492613946e-01,3.288887665198237755e+02,1.112968436154949813e+03,nan,nan,5.171465295629819821e+02,8.499847328244275104e+02,4.621509481668773560e+02,8.469623250807319437e+02
-1.787468477334333329e+03,-1.211997805288895734e+03,-3.531301292740675422e+02,3.995611106072631258e-01,3.970019946808510554e+02,1.339097075295581817e+03,nan,nan,5.188980169971671330e+02,1.139996007984031849e+03,5.470830065359476748e+02,1.075031824611032562e+03
-1.875324708707661102e+03,-1.090631861706332984e+03,-7.276169814677899694e+02,4.331647036739772472e-01,4.669390942217594898e+02,1.312982327848872728e+03,nan,nan,5.189996897300651426e+02,1.115003767266638761e+03,5.339374257425743053e+02,9.942111436950146981e+02
-1.779482170157701376e+03,-6.905787937256098985e+02,1.367778326632711412e+02,5.208440659666471184e-01,2.879475465313028621e+02,1.127012732615083223e+03,nan,nan,5.190026055237102582e+02,8.619247813411078596e+02,4.749522058823529278e+02,8.959556923076922885e+02
-1.799306588698285623e+03,-1.042455658411278137e+03,-3.021510566089239660e+02,3.555380135082639170e-01,nan,nan,3.610923547400611824e+02,9.199185291997116565e+02,5.209291428571428924e+02,1.063947305389221583e+03,5.270040745052386910e+02,1.012042875989445861e+03
-1.863486040211817908e+03,-7.929674070633413976e+02,-4.665840479533451344e+02,2.485728403376139539e-01,nan,nan,3.790074318744838706e+02,8.260114566284779585e+02,5.220143540669856748e+02,9.750000000000000000e+02,4.979859762675296793e+02,8.979987515605492945e+02
-1.901225346355219926e+03,-8.011839080269986653e+02,-6.837718074885623309e+02,1.577375065481699534e-01,4.590552995391705053e+02,1.218890554722638626e+03,4.220211748633879552e+02,8.201029040404040416e+02,nan,nan,5.019525404801786976e+02,8.869949685534591026e+02
-1.825410819296261934e+03,-9.048179710617331466e+02,-3.788386901749844924e+02,5.759152591795175802e-01,nan,nan,3.699914926527455350e+02,8.689582267689684159e+02,5.249813333333332821e+02,1.013035665294924570e+03,5.130651685393258958e+02,9.490799605133267960e+02
-1.754036518793322784e+03,-7.174117021231813851e+02,1.940783869436508553e+02,4.027998743377991242e-01,2.781404530744336512e+02,1.131966536964980605e+03,2.209468289557975709e+02,8.270531996915959780e+02,5.259265175718850287e+02,8.669446935724962486e+02,nan,nan
-1.761484432964746247e+03,-1.043363470785142454e+03,-1.485975336442976129e+02,2.973638588752520184e-01,nan,nan,3.311113243761996046e+02,9.299160214413341237e+02,5.260247191011236509e+02,1.050957232704402486e+03,5.310546821599452869e+02,1.027009530791788848e+03
-1.870827776050985221e+03,-1.192912384266691333e+03,-8.762543992167529723e+02,3.586013075030625163e-01,4.980385310054184060e+02,1.350000632111251662e+03,nan,nan,5.269318658280922136e+02,1.164912132024977609e+03,5.531693576090690385e+02,1.018927891156462579e+03
-1.818157129612658309e+03,-5.141927729868167489e+02,-4.174786930267703866e+01,1.001469664354467604e+00,3.340874558303887056e+02,1.080961682242990719e+03,2.659899387576552954e+02,7.389704861111110858e+02,5.278832070707070443e+02,8.110436418359669233e+02,nan,nan
-1.708202115301090089e+03,-1.379687096016139776e+03,-1.349999992463945091e+02,2.475157505698846461e-01,3.559920774647887356e+02,1.392039377289377398e+03,3.530812379110251413e+02,1.049966834170854327e+03,5.280734861845973001e+02,1.200946650124069492e+03,nan,nan
-1.767772304841726736e+03,-1.116876614333237058e+03,-2.974196644062777182e+02,1.705677916582044873e-01,3.921716772151898454e+02,1.303037926068170918e+03,nan,nan,5.298677383997077186e+02,1.095920654396727969e+03,5.451894582723280109e+02,1.041981759221726861e+03
-1.664392569014775972e+03,-1.029566068691607370e+03,4.690179101863058690e+02,1.982475852077942857e-01,nan,nan,1.729016927083333428e+02,9.699368974583697991e+02,5.299708846584546791e+02,9.810114942528736037e+02,5.258975940777297637e+02,1.085956916099773252e+03
-1.891386702992812161e+03,-9.756626388876200053e+02,-8.585822815120743599e+02,3.199382779265293464e-01,nan,nan,4.680381328073635814e+02,8.689935714285713857e+02,5.309615996364462944e+02,1.080906228610540666e+03,5.310626645602949338e+02,9.409950738916255659e+02
-1.748625118533403565e+03,-9.041713836284292256e+02,-8.864115130108116247e+00,2.787175700823649183e-01,nan,nan,2.909815856777493650e+02,8.881098958333333258e+02,5.310006653359946540e+02,9.759734004313443165e+02,5.161075214538111595e+02,9.800132412204951606e+02
-1.715898002932103736e+03,-1.045777621441022120e+03,2.530995188926479855e+01,6.112341373078699069e-01,nan,nan,2.959368686868687064e+02,9.429822866344605927e+02,5.340199398043641850e+02,1.036108096085409215e+03,5.381034482758620925e+02,1.044976109215017004e+03
-1.796308431749754618e+03,-9.817599420074010368e+02,-4.240904608506057798e+02,1.721329907551367444e-01,nan,nan,3.920014936519791036e+02,8.930152091254752804e+02,5.359513981358188630e+02,1.049994999999999891e+03,5.349972489683631238e+02,9.760928882438316805e+02
-1.735472347997403403e+03,-1.110352591593676152e+03,-1.754901005666975777e+02,2.139735195786524047e-01,nan,nan,3.479796640141467492e+02,9.529518413597734252e+02,5.361003039513677777e+02,1.083985673352435469e+03,5.490146827477714169e+02,1.050965662650602326e+03
-1.873997611414642051e+03,-6.733902732463822076e+02,-6.081975363095724560e+02,1.532761684946300218e-01,nan,nan,4.079798458802608252e+02,7.809920053297801132e+02,5.370028591851322517e+02,9.440007621951219789e+02,4.990179028132992585e+02,8.399782923299566164e+02
-2.000180955565515660e+03,-1.326825548168658088e+03,-1.756832787432444093e+03,5.936181797118186276e-01,6.239946091644204671e+02,1.412964261631827412e+03,nan,nan,5.380093395597065182e+02,1.249990119971771264e+03,5.748618035190615956e+02,9.940750572082380359e+02
-1.758264223531500875e+03,-5.893621892712442332e+02,1.152172515634487553e+02,5.593980548132088115e-01,3.050204626334519844e+02,1.092012974976830492e+03,nan,nan,5.380734607218684005e+02,8.219923932124048633e+02,4.809672867222578816e+02,8.459766784452297088e+02
-1.883659260952499380e+03,-9.002226811674086093e+02,-9.039738949216382480e+02,1.849351809771474786e-01,nan,nan,4.781597498578738055e+02,8.439871708305199718e+02,5.420224650880388708e+02,1.057003278688524688e+03,5.340714630613230156e+02,9.090321654221711469e+02
-1.760271966936356876e+03,-7.435147770044570734e+02,-9.063076414554845428e+01,2.275391867290207648e-01,3.551199324324324493e+02,1.161021178027796168e+03,nan,nan,5.421669024045261267e+02,9.159920948616601208e+02,5.079761686526122730e+02,9.019946460440214651e+02
-1.964375057211095054e+03,-9.799477976932996626e+02,-1.415464948094430383e+03,2.406138375186885892e-01,nan,nan,5.579428379287155622e+02,8.469985029940120285e+02,5.449909662215239905e+02,1.119096563723358031e+03,5.480266120777891956e+02,9.049838805970149451e+02
-1.796573612405461517e+03,-6.635123986553612667e+02,-2.712767268805874323e+02,1.912107092869019809e-01,nan,nan,3.430234423195558406e+02,7.890880258899676392e+02,5.450520728008089009e+02,9.041109307359307650e+02,5.020363128491620159e+02,8.549347670250896272e+02
-1.697260686040328437e+03,-1.098934544191643909e+03,-7.278767218743816159e+01,2.116094845731170127e-01,3.539590828924162338e+02,1.285024526678141228e+03,3.311570945945945823e+02,9.569266117969821153e+02,5.469679408138100598e+02,1.070964711729622195e+03,nan,nan
-1.791882275007230191e+03,-1.145361023490653224e+03,-6.837949664887938752e+02,3.017203804764668207e-01,4.780069664344521811e+02,1.327000730460189970e+03,nan,nan,5.479620928990923403e+02,1.137006622516556263e+03,5.670036057692307168e+02,1.016024226110363429e+03
-1.789613586220116076e+03,-6.322660516549154863e+02,-2.448265708982418118e+02,5.490849879055029747e-01,3.909793932455638128e+02,1.133857601026298880e+03,3.370594844679444577e+02,7.789297863061491398e+02,5.480061430451952447e+02,8.890005767012687556e+02,nan,nan
-1.908976508802668150e+03,-6.076125387273793876e+02,-9.030891560720505140e+02,6.891929870540179914e-01,nan,nan,4.650384875084402552e+02,7.510078966259870867e+02,5.489748911951791115e+02,9.500048030739673095e+02,5.079758019133370794e+02,7.990787207872078852e+02
-1.847931126638807427e+03,-7.119497380566142510e+02,-6.691016412785211287e+02,2.570865956399648877e-01,4.729722222222222285e+02,1.188961449498843422e+03,nan,nan,5.499826700898587433e+02,9.660299931833674236e+02,5.181234477720963696e+02,8.509507139567019749e+02
-1.732361749167786684e+03,-5.031123279360871834e+02,2.079119520142553483e+02,5.150394459911687983e-01,2.911080305927342238e+02,1.052057651991614193e+03,2.160533548908649948e+02,7.448852889667250565e+02,5.500170940170939957e+02,7.709605769230769283e+02,nan,nan
-1.751661965613946450e+03,-7.813117003868577513e+02,-1.948185769835005203e+02,5.387758364920594012e-01,nan,nan,3.390125739644970508e+02,8.350031670625494371e+02,5.509216300940438487e+02,9.449994229659549774e+02,5.240059952038369602e+02,9.100323383084577245e+02
-1.858958382324886315e+03,-1.165568513733520604e+03,-1.118485739359241734e+03,3.388454646949227711e-01,nan,nan,5.329857278782112644e+02,9.159844444444444207e+02,5.520222612770943442e+02,1.170020037570444629e+03,5.750986414648552909e+02,9.869754804506295613e+02
-1.689788498643765251e+03,-6.632681276019142160e+02,3.060217120037796690e+02,5.002278428676839583e-01,nan,nan,2.048234950321449332e+02,8.131727272727272293e+02,5.529747899159664257e+02,8.289906542056074841e+02,5.028983134920634939e+02,8.940480997624703150e+02
-1.718574457200819552e+03,-1.153778432034552225e+03,-3.389092599065206173e+02,1.785029426752323400e-01,4.159741230592294414e+02,1.316030579050097685e+03,nan,nan,5.530030823425803419e+02,1.116970438328236469e+03,5.721699955614735700e+02,1.051141395348837250e+03
-1.689756314980816342e+03,-6.910216745644861476e+02,2.723791604658781011e+02,4.059740977060966594e-01,2.761337939698492505e+02,1.113974418604651191e+03,2.161081661891117562e+02,8.221307237813884967e+02,5.539016168813373042e+02,8.470191804707933443e+02,nan,nan
-1.884069674788700922e+03,-5.900059652092382976e+02,-8.361755331813781140e+02,4.659363160219852085e-01,nan,nan,4.570428360413589530e+02,7.480038138825324268e+02,5.549196127946128172e+02,9.370284659989456486e+02,5.109440922190201491e+02,7.950000000000000000e+02
-1.686373014361892274e+03,-9.229405252286888981e+02,3.807605584698585233e+01,2.205040790966618369e-01,nan,nan,2.969431137724550922e+02,9.000261603375527102e+02,5.560826587132509076e+02,9.820148678414096821e+02,5.431239041496201025e+02,9.900034626038781198e+02
-1.614869675329732672e+03,-1.188213170891621758e+03,2.858766551226955244e+02,1.941798739507750449e-01,2.720860084797092782e+02,1.300995623632385104e+03,2.540854197349042636e+02,1.019007607776838540e+03,5.570549513451630901e+02,1.081008968609865406e+03,nan,nan
-1.831037287233337338e+03,-7.749542501858493324e+02,-7.517037150120709157e+02,3.351238750983884795e-01,nan,nan,4.559804749340369199e+02,8.109276236429433311e+02,5.590193298969072657e+02,9.989930747922437604e+02,5.361273979340875258e+02,8.700199488491048214e+02
-1.712217261772216489e+03,-9.999391582148026600e+02,-2.490121148909715316e+02,3.696699582075482771e-01,nan,nan,3.719113149847094633e+02,9.109863547758284312e+02,5.590394390885188614e+02,1.043989713048186331e+03,5.590328521652563722e+02,9.970247797356828414e+02
-1.672353024141762035e+03,-1.080361169261228497e+03,-9.441414784288410544e+01,4.961828461058719886e-01,3.680491419656786434e+02,1.278997580645161179e+03,3.440810359231412008e+02,9.489746376811593791e+02,nan,nan,5.700040911747515793e+02,1.044962962962963047e+03
-1.724489495598752683e+03,-6.848650669364169516e+02,-5.789697113186085176e+01,9.923049975035747039e-01,3.580957575757576024e+02,1.138150385604113126e+03,3.061306948918546027e+02,8.050316715542521706e+02,5.610268456375838468e+02,8.889774375503626516e+02,nan,nan
-1.709247867270221150e+03,-6.674155001262461155e+02,2.394836695583927622e+01,1.505824211640026666e-01,3.420917686318131246e+02,1.124743857814950388e+03,2.860018001800179945e+02,8.029378600823044962e+02,5.630756013745703967e+02,8.710619150467962299e+02,nan,nan
-1.743145070290899412e+03,-4.978044976588106465e+02,-7.319005885752785900e+01,9.689873961602420982e-01,3.649202012940330633e+02,1.075004081632652969e+03,2.980445956160241963e+02,7.339391304347825553e+02,5.659887556221889326e+02,8.130553772070626337e+02,nan,nan
-1.689005914505303508e+03,-7.197637359450901613e+02,7.046491375038003468e+01,7.736348883877931515e-01,3.340201288244766715e+02,1.138979648473635507e+03,2.790827777777777783e+02,8.249470509383378385e+02,5.660461481205805967e+02,8.889672634271099696e+02,nan,nan
-1.691743247127537643e+03,-5.543197443231899797e+02,2.068568124105387369e+02,6.320836071502734521e-01,3.010428015564202155e+02,1.069012903225806440e+03,2.310063510392609771e+02,7.649499661933739389e+02,5.668624305983960312e+02,7.970274170274170729e+02,nan,nan
-1.827297008176520876e+03,-8.180724417219009865e+02,-8.824718288077918942e+02,4.193568748422293879e-01,nan,nan,4.870926892950391789e+02,8.210043415340086312e+02,5.680584447746408614e+02,1.027025122883670065e+03,5.500846425136261360e+02,8.778854207822994340e+02
-1.709342841846526653e+03,-6.993500525170062474e+02,-9.584705151859890293e+01,3.996857416249148254e-01,3.730357325165900875e+02,1.144093730979914881e+03,nan,nan,5.689238993710691830e+02,9.010272792534099153e+02,5.300227457351746807e+02,8.799884931506849171e+02
-1.800057759499613667e+03,-9.220644710844969723e+02,-8.330319441995693523e+02,2.650293537416493206e-01,nan,nan,4.859856655290102481e+02,8.559744298548721417e+02,5.690649661219609925e+02,1.062049504950495020e+03,5.629636032757051680e+02,9.199685950413222599e+02
-1.745992662223230582e+03,-6.496014260754793668e+02,-3.121593984596834161e+02,3.890311922615449780e-01,4.199405099150141609e+02,1.143022660098522238e+03,nan,nan,5.709214703425229800e+02,9.060195421552205062e+02,5.281724292770543343e+02,8.449746556473829742e+02
-1.748059057544278858e+03,-6.743613228718619439e+02,-3.503382975940306210e+02,4.131923363121274839e-01,nan,nan,3.791231527093596014e+02,7.920057736720553976e+02,5.709901041666666970e+02,9.199375361480624633e+02,5.321310277642473920e+02,8.529988304093567422e+02
-1.582457127489617960e+03,-1.253373126556541365e+03,2.586579218181793749e+02,2.419533145973854216e-01,nan,nan,2.750202265372168426e+02,1.043032685512367379e+03,5.710693153000845541e+02,1.116129858657243858e+03,5.970069551777434071e+02,1.158993695823482994e+03
-1.648945963015810094e+03,-1.149181093678850175e+03,-1.234371937439780282e+02,5.072869306404842460e-01,3.801463587921847420e+02,1.305028476506881816e+03,3.608891848694725581e+02,9.731097867001254826e+02,nan,nan,5.870243572395128240e+02,1.069004166666666606e+03
-1.796617928883646528e+03,-1.141705038161927177e+03,-1.062223825885851966e+03,2.003718138324549203e-01,nan,nan,5.380658794282162489e+02,9.129148936170212210e+02,5.739444722361180311e+02,1.159909395973154460e+03,5.930601539942251748e+02,9.819595849262698266e+02
-1.890017077105381304e+03,-1.138478514065810941e+03,-1.573943452977864808e+03,3.355306626676863302e-01,nan,nan,6.050045558086560504e+02,8.870317647058823241e+02,5.739972899728996936e+02,1.182935977337110444e+03,5.930011540680900453e+02,9.449939867708959582e+02
-1.600146558443956792e+03,-8.477746090073476353e+02,4.490421717327540705e+02,5.189479323228255447e-01,2.439562982005141407e+02,1.156088314005352458e+03,1.940361057382334025e+02,8.980977979274611016e+02,nan,nan,5.491738159070598613e+02,9.930493956910141833e+02
-1.715697416106638912e+03,-1.149831745646263244e+03,-6.344390417068460692e+02,2.025718935852411084e-01,4.879961089494163389e+02,1.324909335124244535e+03,nan,nan,5.760208581644815240e+02,1.137973468098547073e+03,5.950440402106271449e+02,1.019986058981233214e+03
-1.788623406614985015e+03,-6.906069103113013625e+02,-6.908336048913785135e+02,4.521917548728331404e-01,nan,nan,4.519301285634432475e+02,7.859249999999999545e+02,5.769980314960629357e+02,9.630021276595745121e+02,5.440707762557077558e+02,8.399273809523809859e+02
-1.725565400677572143e+03,-5.236720009069160824e+02,-1.562383063953789133e+02,5.877436040723506006e-01,3.908933782267115475e+02,1.089044321329639843e+03,nan,nan,5.770059121621621898e+02,8.359844425237683936e+02,5.170407407407407163e+02,7.980788177339901495e+02
-1.836732849188583032e+03,-8.088681122905926486e+02,-1.078273813202677957e+03,3.469025689916055977e-01,nan,nan,5.250684273709483705e+02,8.109515593895156371e+02,5.779899799599198786e+02,1.040053511705685651e+03,5.620079954311821666e+02,8.629829113924050716e+02
-1.563591932221959723e+03,-1.314610101614691985e+03,2.395186351205609867e+02,3.982890694101935414e-01,nan,nan,2.890128087831656103e+02,1.064990981963927879e+03,5.780246679316887821e+02,1.148001288659793772e+03,6.109769408147578815e+02,1.183000000000000000e+03
-1.679022657881239184e+03,-7.357772851759262949e+02,-5.364189909775755893e+01,5.388185357603185732e-01,3.690568561872909754e+02,1.153986486486486456e+03,nan,nan,5.780654705697198779e+02,9.120748568912373457e+02,5.429973821989528915e+02,8.979821045096635999e+02
-1.776712444790995278e+03,-6.347916100404069084e+02,-5.883203886195143468e+02,4.170650740232657583e-01,nan,nan,4.299462439696760612e+02,7.710074239049739617e+02,5.781274348744426561e+02,9.309470270270270476e+02,5.372093023255813478e+02,8.230150478796169864e+02
-1.806756114789853200e+03,-7.373552161678894663e+02,-8.552429238675448460e+02,2.491999632922452246e-01,nan,nan,4.850358637178720755e+02,7.959463447350771048e+02,5.789757377049180604e+02,9.960158075601374321e+02,5.520019828155981259e+02,8.489550561797752835e+02
-1.600358701360439454e+03,-1.258136201108297655e+03,-2.693661949451236026e+01,5.339853820493527525e-01,3.649356044869131779e+02,1.340905552918841977e+03,3.519776328052190024e+02,1.020094073377234281e+03,5.800018541409147019e+02,1.142009765625000000e+03,nan,nan
-1.633855381585041187e+03,-1.283863912910818271e+03,-3.054799113922485958e+02,6.388099113599116086e-01,4.280705697856769234e+02,1.359966101694915324e+03,4.160172839506172977e+02,1.007096774193548413e+03,5.810242844752818883e+02,1.173031678986272482e+03,nan,nan
-1.639008339295765154e+03,-9.126119568524351280e+02,1.090730207881395764e+01,6.579772252128585075e-01,nan,nan,3.199370574350904803e+02,8.960479797979797922e+02,5.810645704660303181e+02,9.820427046263345119e+02,5.670862808145766394e+02,9.819760047990401972e+02
-1.724397552645748874e+03,-6.946179556546474032e+02,-3.893694495643079563e+02,2.740598979423198855e-01,4.429636638909916542e+02,1.163002604166666742e+03,nan,nan,5.830244200244200101e+02,9.339985895627644368e+02,5.470978943479866530e+02,8.579911668991167062e+02
-1.642960038006612422e+03,-1.035272424360576451e+03,-1.810591219688101887e+02,4.231661725429827214e-01,nan,nan,3.749827868852459005e+02,9.300099255583126023e+02,5.840347313237220988e+02,1.055973027646662104e+03,5.869945627548709126e+02,1.014990628445424477e+03
-1.775356613837822124e+03,-5.582932074930675981e+02,-6.091165484162769417e+02,9.561751726443376009e-01,nan,nan,4.331763261296659948e+02,7.448424586776859542e+02,5.840480153649167505e+02,9.049829907866761687e+02,5.360627925117004224e+02,7.901151761517614887e+02
-1.597169629799787799e+03,-1.139095223503580883e+03,5.724888893813934843e+00,3.629388762234497801e-01,3.619609101516919623e+02,1.293912336374454526e+03,3.401874701099952176e+02,9.799447583176396392e+02,5.869337552742615571e+02,1.086081683168316886e+03,nan,nan
-1.701247817676967315e+03,-9.297520366724162386e+02,-5.184412290182657443e+02,4.611191630442088574e-01,nan,nan,4.410007757951900658e+02,8.739763912310286287e+02,5.880104347826087405e+02,1.041992322456813781e+03,5.800163763066202591e+02,9.439566591422121746e+02
-1.644512926533555856e+03,-6.509306181605306847e+02,1.000895941072559481e+02,3.800551226430504692e-01,3.410696517412935123e+02,1.111063569682151638e+03,nan,nan,5.898708726415094361e+02,8.569872483221477069e+02,5.420120264582080836e+02,8.699730250481695748e+02
-1.666253419036527703e+03,-9.073449856506618971e+02,-3.113321309279185130e+02,8.896941420340089002e-02,nan,nan,3.990393374741200887e+02,8.769755043227665965e+02,5.900562130177514746e+02,1.013964399237126486e+03,5.789621301775148368e+02,9.510101010101010388e+02
-1.629425219114252059e+03,-8.932495906912874943e+02,-4.253262893536714984e+01,6.780324418971339639e-01,nan,nan,3.369418907198612487e+02,8.869488799540494028e+02,5.909728773584905639e+02,9.810058631921824599e+02,5.739958628841607151e+02,9.669842829076620774e+02
-1.583896263038194093e+03,-1.060995226877409777e+03,8.993367522495634603e+01,3.842225628937283033e-01,3.460213567839196003e+02,1.259974963181148723e+03,3.179423226812158987e+02,9.579708295350957314e+02,5.929380321665089468e+02,1.042964542936288126e+03,nan,nan
-1.805646171712110799e+03,-1.274065897987939024e+03,-1.537607020926506493e+03,1.906005307794102765e-01,6.380026246719160099e+02,1.390001904761904825e+03,6.209667374380750289e+02,9.279935391241923526e+02,5.950284463894967075e+02,1.230007615700058523e+03,nan,nan
-1.795625595771099142e+03,-1.114133887138684941e+03,-1.378797239958264981e+03,1.991410073253700730e-01,nan,nan,5.959365239294710364e+02,8.909610011641443634e+02,5.969930939226519513e+02,1.167914772727272748e+03,6.129220338983051306e+02,9.480097656250000000e+02
-1.668771100178116967e+03,-5.870458786975051453e+02,-1.663709580463499833e+02,4.744966770846126836e-01,4.080705782312925294e+02,1.110005429864253301e+03,3.500110204081632901e+02,7.678324705882353101e+02,nan,nan,5.479344262295081762e+02,8.239886363636363740e+02
-1.609089711837073082e+03,-9.537189149369432926e+02,-1.182867967612321536e+02,2.207615405733892866e-01,nan,nan,3.661791135397692756e+02,9.049649635036496420e+02,6.009272168118912987e+02,1.016036683417085442e+03,5.929725016767270063e+02,9.860000000000000000e+02
-1.705538825001786336e+03,-9.358960716370664841e+02,-7.434610024977221201e+02,4.792554429969761998e-01,nan,nan,4.920085592011412245e+02,8.659641873278236517e+02,6.009274232830005076e+02,1.063975839717147892e+03,5.950989816700611073e+02,9.290237868696480064e+02
-1.697243634733669978e+03,-1.140452379081074923e+03,-8.872214025261739607e+02,2.556637990647602776e-01,nan,nan,5.291409756097560830e+02,9.239617834394904321e+02,6.009798183652875423e+02,1.151891089108910819e+03,6.199020817270624093e+02,9.929984886649873488e+02
-1.683354529443975025e+03,-6.858402489518897482e+02,-3.735212280304087926e+02,4.242672152615250547e-01,nan,nan,4.040815815815815881e+02,7.968845327604726663e+02,6.010338055376690818e+02,9.309618353344768593e+02,5.628633686690224067e+02,8.540824648844585454e+02
-1.580598688586485878e+03,-9.221203953501557180e+02,7.716086694284143732e+01,3.099379072731091589e-01,nan,nan,3.189716636197440494e+02,9.049585537918870841e+02,6.040507448789571754e+02,9.819857305936072862e+02,5.910091116173121009e+02,9.900689655172413950e+02
-1.586590300413788327e+03,-6.051882326072897058e+02,3.283077160239104160e+02,7.259085139412676524e-01,2.960473036896877943e+02,1.072857781753130666e+03,2.300996466431095371e+02,7.940913173652694468e+02,6.069368825466519866e+02,8.049841379310345246e+02,nan,nan
-1.899986192054398771e+03,-9.213189932027363511e+02,-2.061140541011808182e+03,3.049716931912008211e-01,nan,nan,6.700272397094430517e+02,8.089819875776397566e+02,6.079922802850355765e+02,1.137996839443742147e+03,6.078975741239892159e+02,8.489358845250084187e+02
-1.809702614695743932e+03,-1.487432997741858799e+03,-1.969851127817211363e+03,8.877630929850949260e-01,nan,nan,6.829993215739484640e+02,9.650181208053691080e+02,6.089893262174782649e+02,1.312991602519244225e+03,6.540202966432474341e+02,1.019993914807302190e+03
-1.514461640730882209e+03,-1.022547170318402550e+03,3.664166009784193534e+02,1.894511069755896171e-01,nan,nan,2.559634146341463463e+02,9.649586426299046025e+02,6.142593346911065737e+02,9.980196266156056026e+02,6.099110658520027073e+02,1.064000934579439217e+03
-1.640390195890623545e+03,-4.165573721941992176e+02,-6.271408380544777827e+01,2.000309214946831282e-01,3.958921713441654333e+02,1.041999104744852275e+03,3.249770334928229545e+02,7.069929006085192214e+02,6.169171342252913064e+02,7.831125619090499868e+02,nan,nan
-1.619420546749881396e+03,-4.377164492985523907e+02,5.670248364454290169e+01,5.467512754639146655e-01,3.690820960698690101e+02,1.038019175455417098e+03,2.980268576544315238e+02,7.179670223084384588e+02,6.180484304932734858e+02,7.739897854954034528e+02,nan,nan
-1.897351928223080222e+03,-1.057348033394339382e+03,-2.480056780163130952e+03,5.654967888136367415e-01,nan,nan,7.180130597014925797e+02,8.289844527363184170e+02,6.199713261648745402e+02,1.196021113243762102e+03,6.310536948431685005e+02,8.669755813953488541e+02
-1.614602610957836077e+03,-5.491408837842271851e+02,-7.768748805219814813e+01,7.092117697964140932e-01,4.029544000000000210e+02,1.086980733944954181e+03,3.409236387782204361e+02,7.580218818380743642e+02,6.209048765803732977e+02,8.410249287749287532e+02,nan,nan
-1.576794025830886767e+03,-5.794900790093175829e+02,2.045844048881681658e+02,3.320410415923093495e-01,3.359957983193277187e+02,1.073981380065717303e+03,nan,nan,6.209653102068045882e+02,8.140413043478260988e+02,5.629043478260869051e+02,8.419859700048378954e+02
-1.803718328400625978e+03,-8.634190643795013784e+02,-1.674087372392478301e+03,6.346502029713380066e-01,6.660252380952381372e+02,1.277002939735423752e+03,nan,nan,6.229826194909993546e+02,1.102009038089089699e+03,6.170489202291757920e+02,8.479894525364138644e+02
-1.566696485029983933e+03,-9.318758959975377820e+02,-1.558555231729237960e+02,5.038695596449053182e-01,4.220173756740563249e+02,1.224989192625556370e+03,3.889682097044060356e+02,8.959855453350853622e+02,nan,nan,6.139314227226202547e+02,9.720176721511273854e+02
-1.562995044214970221e+03,-6.110042727505294806e+02,2.090306286022224640e+02,4.922446717302781383e-01,3.370818231740801707e+02,1.084036024844720487e+03,2.758111510791366641e+02,7.919716399506781954e+02,6.249951020408162776e+02,8.280246913580247110e+02,nan,nan
-1.865393679285524286e+03,-9.617302161890650041e+02,-2.236730996316774963e+03,4.446342908817377815e-01,nan,nan,6.999702687249856581e+02,8.139652941176470904e+02,6.250006045949213558e+02,1.159019218449711616e+03,6.280323264440911544e+02,8.519775147928994556e+02
-1.598766839421061832e+03,-4.408313817332322628e+02,9.734040348456584013e+01,3.679976614897502163e-01,nan,nan,2.920384351407000736e+02,7.209111600587370958e+02,6.250337197049525457e+02,7.699902597402597166e+02,5.520460720614294132e+02,7.700012445550715938e+02
-1.551085628607058652e+03,-9.634490146857565378e+02,-9.989558254217975275e+01,3.119820529141137944e-01,nan,nan,3.791804853387259868e+02,9.110440214158238632e+02,6.260313344138303364e+02,1.021016782407407391e+03,6.189671338811019723e+02,9.899914089347079198e+02
-1.796247512038494506e+03,-1.441381376485845067e+03,-2.193438401183700535e+03,1.245311052339529434e+00,nan,nan,7.110184729064039857e+02,9.419771986970683884e+02,6.260443113772455490e+02,1.304993120700437885e+03,6.660073063809060159e+02,9.890564603691639149e+02
-1.568470357287893194e+03,-6.952589745158621781e+02,2.665620441569113552e+01,3.009859543103625690e-01,3.830098814229248774e+02,1.129034979423868208e+03,nan,nan,6.269005667181864965e+02,8.900321811680572637e+02,5.871808747220162559e+02,8.829266811279826470e+02
-1.665425972491063249e+03,-9.160350564537180844e+02,-9.424782625846135033e+02,7.864364809615691232e-02,nan,nan,5.449672489082969378e+02,8.529287439613526658e+02,6.299802955665024911e+02,1.073987781350482237e+03,6.241703352522857813e+02,9.059769126301493998e+02
-1.564495586753488396e+03,-8.430745359552255422e+02,-1.712429137366425493e+02,1.313654547110908177e-01,nan,nan,3.909706076618230099e+02,8.639559090909091310e+02,6.310287107258938022e+02,9.770057670126874427e+02,6.110748031496062822e+02,9.320304271503803193e+02
-1.545007454490597638e+03,-1.122111028299062582e+03,-3.355007075913000563e+02,5.014433341564012991e-01,4.670930930930931027e+02,1.300992715920915771e+03,nan,nan,6.321480475382003306e+02,1.110060399829859534e+03,6.461361486486486001e+02,1.031969656992084538e+03
-1.548637882834215588e+03,-6.374098829583144834e+02,1.430877195922328440e+02,4.254808342973965263e-01,3.590438328236493248e+02,1.099035532994923869e+03,3.010862396956246130e+02,7.999850634802090781e+02,6.339811463046756899e+02,8.500038819875776426e+02,nan,nan
-1.663462323541255273e+03,-1.281895354100855684e+03,-1.329823509023242650e+03,4.030542974069826201e-01,nan,nan,6.230097847358121044e+02,9.449986522911051452e+02,6.339953188999414806e+02,1.227980062305295860e+03,6.650062082139446602e+02,1.002982985729967027e+03
-1.558894439411560143e+03,-6.740697358944729558e+02,-4.133015362466489151e+00,5.289807816621193703e-01,3.950121608980355745e+02,1.124001930501930474e+03,3.411508684863523513e+02,8.079819168173598882e+02,6.350062687380757325e+02,8.860049180327869180e+02,nan,nan
-1.514691510859414620e+03,-1.267737777275635381e+03,-3.789002353468253546e+02,2.348640559427806751e-01,nan,nan,4.690030143180105711e+02,1.001033050847457616e+03,6.400356902356902538e+02,1.176067892503536086e+03,6.688714683645046080e+02,1.083975485188968378e+03
-1.435357300374614397e+03,-1.265750796300598267e+03,3.580338456437405625e+02,4.455619256359771296e-01,nan,nan,2.930552325581395507e+02,1.063139896373056899e+03,6.400469459868753574e+02,1.119940076965365506e+03,6.639457831325300958e+02,1.171015239477503656e+03
-1.577236204123355947e+03,-5.740468964159175584e+02,-1.653245256014146776e+02,4.296509078968946960e-01,nan,nan,3.780226415094339814e+02,7.650214991284136659e+02,6.410638722554890592e+02,8.649962518740629775e+02,5.900351780351780917e+02,8.159273094396769466e+02
-1.565929868239961706e+03,-8.867162722999944435e+02,-4.193018414681569652e+02,2.574079072086750686e-01,nan,nan,4.550029550827422895e+02,8.679372523117568790e+02,6.421378107283035206e+02,1.020994034707158335e+03,6.290991033506370513e+02,9.300269556025369866e+02
-1.482346745209619939e+03,-1.057344968424132958e+03,7.022845235264669839e+01,3.405967528377447096e-01,nan,nan,3.560332046332046616e+02,9.589261410788382136e+02,6.429806076276664726e+02,1.047978318002628157e+03,6.460456475583864631e+02,1.044848484848484759e+03
-1.479952759891579944e+03,-9.095399497013697783e+02,2.153960935426436833e+02,2.612141166684732174e-01,nan,nan,3.101988408381631643e+02,9.119747851002865673e+02,6.459600257898130167e+02,9.650080000000000382e+02,6.300265263157895106e+02,9.939467213114753577e+02
-1.644870391846235179e+03,-1.379867688417379895e+03,-1.505113816977885563e+03,5.569591758355395550e-01,6.719909255898367064e+02,1.417968959220937222e+03,nan,nan,6.459794754846066098e+02,1.268978723404255334e+03,6.840462908011869558e+02,1.020025657071339197e+03
-1.514700903111931439e+03,-8.195067758207245561e+02,-2.880589872424535258e+01,3.086776767176755421e-01,4.091139916126572871e+02,1.176007625826131061e+03,nan,nan,6.479404663923182852e+02,9.529693396226415416e+02,6.230022123893804746e+02,9.319930955120828457e+02
-1.544421159832068270e+03,-9.324552658063045101e+02,-4.046499803090406431e+02,2.759009574604711634e-01,4.900189295039164676e+02,1.238021404682274351e+03,4.590445699937225186e+02,8.849199739752765481e+02,nan,nan,6.401118040089087344e+02,9.489900367068694322e+02
-1.671980220626228174e+03,-6.372147558416244237e+02,-1.072997394342477264e+03,6.215446770154616773e-01,6.030524282560705842e+02,1.182044497895369886e+03,5.650976771888028907e+02,7.619715231788079564e+02,6.499898614396755647e+02,9.869642857142856656e+02,nan,nan
-1.648678991317799955e+03,-6.458328892435102944e+02,-9.238037270598167652e+02,2.716765539083612069e-01,nan,nan,5.409763033175355531e+02,7.689152892561983208e+02,6.499961966062024885e+02,9.760872048743335654e+02,6.160099502487562404e+02,8.059806320081549984e+02
-1.617605855144905263e+03,-1.094891168599467164e+03,-1.157925479548216117e+03,8.299341803549321606e-01,nan,nan,6.020012870012869826e+02,8.989808833223466991e+02,6.520413917216557138e+02,1.154974165091367468e+03,6.630338669950739359e+02,9.530013201320132339e+02
-1.476568984584023156e+03,-1.098156565882187579e+03,-9.310984772600365034e+01,3.000445344126345115e-01,nan,nan,4.040771388499298951e+02,9.629599371563236900e+02,6.520790111488123557e+02,1.081919957310565678e+03,6.598917410714285552e+02,1.044992424242424249e+03
-1.522141305618922388e+03,-8.795909572647195773e+02,-2.798689669527074670e+02,2.304481826501151021e-01,nan,nan,4.329434353918007332e+02,8.729469835466179575e+02,6.539796703296702844e+02,1.006051925320886767e+03,6.390724299065420837e+02,9.369899396378269785e+02
-1.555991147987420845e+03,-6.055666196873326044e+02,-2.745286473667690643e+02,4.572249622175395545e-01,4.659983879634605159e+02,1.119919831223628762e+03,4.150713884204609485e+02,7.740418160095579196e+02,6.550528007346189270e+02,8.929902634593356652e+02,nan,nan
-1.556725176556466295e+03,-7.076067003635105266e+02,-3.882279169696589634e+02,3.831134534168798011e-01,nan,nan,4.459529459901800124e+02,8.069086663207057200e+02,6.551442906574394556e+02,9.469471066907775594e+02,6.211131996658311891e+02,8.588383573612931059e+02
-1.508715470359799383e+03,-6.994259085914627576e+02,4.097510186628861462e+00,8.978010615339050704e-02,nan,nan,3.561170145477545930e+02,8.199304589707927562e+02,6.560258481421648185e+02,8.978979591836734926e+02,6.171416544655929783e+02,8.809952358265841212e+02
-1.497731952482900169e+03,-5.298483717677805771e+02,3.260455060926998385e+02,2.824573588798885981e-01,3.280282722513089197e+02,1.041018912529550789e+03,2.580523598820058737e+02,7.648964705882352746e+02,6.560276653171390535e+02,7.779694719471947337e+02,nan,nan
-1.524747679933325344e+03,-8.821078316423514707e+02,-3.426958068019227994e+02,2.062450617386645535e-01,4.829463562753036285e+02,1.217000589275191487e+03,4.481257452574525928e+02,8.709399494310998762e+02,nan,nan,6.420884315906563415e+02,9.329543592744295211e+02
-1.557855524146762946e+03,-4.397673765271281923e+02,-1.383383548297927064e+02,8.472393094874837161e-01,4.391058823529411939e+02,1.053072580645161224e+03,3.720813503043718811e+02,7.159675366008912079e+02,6.569447852760736168e+02,8.088338557993730547e+02,nan,nan
-1.540162924471427004e+03,-4.866251938546434985e+02,-6.197502232418740675e+01,3.812032891749565500e-01,4.221697183098591495e+02,1.061968253968253975e+03,3.590175746924429063e+02,7.359838420107720367e+02,6.579309074159373267e+02,8.169724264705882888e+02,nan,nan
-1.639140655474552432e+03,-6.443800536616413410e+02,-9.985743411631545996e+02,1.995481337755161677e-01,5.980251428571428960e+02,1.179991829038340711e+03,5.590312868949232552e+02,7.669404978749240627e+02,6.579621815286624269e+02,9.829939728779507959e+02,nan,nan
-1.522251256837955452e+03,-9.019211997312308995e+02,-4.217932976571659083e+02,1.265541165283733671e-01,nan,nan,4.689057180270623917e+02,8.739567333693888713e+02,6.600630944831959823e+02,1.029026926263463110e+03,6.489675579322638441e+02,9.349525089605734820e+02
-1.524245600489150547e+03,-1.278909106349656895e+03,-8.661896743931401943e+02,2.913561597017488847e-01,nan,nan,5.740204802259886492e+02,9.729948529411764184e+02,6.620245470485095893e+02,1.209019088669950634e+03,6.919476502082094385e+02,1.038992791612057772e+03
-1.532587079297644323e+03,-7.526622430311361995e+02,-3.906752171354249299e+02,4.951746455529426605e-01,nan,nan,4.548804616652926711e+02,8.230898021308979651e+02,6.630361833288662865e+02,9.660085279940674354e+02,6.341889469753547246e+02,8.768438538205980421e+02
-1.489164630348396031e+03,-1.084282031652602427e+03,-4.797095694144267668e+02,3.254205021928928132e-01,nan,nan,4.960637626262626441e+02,9.339443284620737131e+02,6.669144981412639481e+02,1.108996323529411711e+03,6.759380267724343412e+02,1.000903679653679660e+03
-1.557640438245099404e+03,-7.356261881078310125e+02,-6.729986665564118766e+02,3.437179827800376786e-01,5.520583941605839300e+02,1.187960466623460889e+03,5.139816326530611832e+02,8.069359267734553214e+02,6.679922103213242508e+02,9.879701579871269814e+02,nan,nan
-1.452044314373894395e+03,-8.521645873899623211e+02,5.834119377635325776e+01,2.348857003257075748e-01,nan,nan,3.631688009313155021e+02,8.819372384937238394e+02,6.709378953421506822e+02,9.599648666232920959e+02,6.489727326615293350e+02,9.519882425742574696e+02
-1.501623931857126991e+03,-1.155901494787600086e+03,-7.337724984408240516e+02,6.731767273593355361e-01,5.700201528839471621e+02,1.326021364576154383e+03,5.500084899939357683e+02,9.419570592062459582e+02,6.710374275171323006e+02,1.154992558672009181e+03,nan,nan
-1.518202132090019632e+03,-6.651002650178215845e+02,-3.532375128087714984e+02,3.215757930593992064e-01,4.939219015280135636e+02,1.143981404958677786e+03,4.480532212885154308e+02,7.940103595368677816e+02,nan,nan,6.340051129100979779e+02,8.420080280983441980e+02
-1.518468126979484850e+03,-7.101172376247175180e+02,-4.202334650396697953e+02,5.973894764684045677e-01,5.080441533236293026e+02,1.163908212560386573e+03,nan,nan,6.730362219165519946e+02,9.531618062088429042e+02,6.401832817337461847e+02,8.559928172386272536e+02
-1.478527021375042068e+03,-1.162611158296373333e+03,-5.951158639872957110e+02,4.696939641216130723e-01,5.460933098591549424e+02,1.322992172211350180e+03,5.268921892189218852e+02,9.529558441558441473e+02,6.730710295291301009e+02,1.148958525345622093e+03,nan,nan
-1.582776685697382391e+03,-4.300418815422549415e+02,-6.589997842028737978e+02,5.485978033767596740e-01,5.499915966386554373e+02,1.091980052038161375e+03,4.979770642201834789e+02,7.040167597765363325e+02,6.740267579340385282e+02,8.728804483188044969e+02,nan,nan
-1.482375477486625641e+03,-1.032999761597020097e+03,-5.188279929792366829e+02,5.063326636171772144e-01,nan,nan,5.059404407385348463e+02,9.149703703703703468e+02,6.749101883148238130e+02,1.091991238317757052e+03,6.780735596707819468e+02,9.769756235827663886e+02
-1.510816638907935612e+03,-5.451037734088897651e+02,-2.932052161990845320e+02,3.312465233866172531e-01,4.860750421585159984e+02,1.098983798379837935e+03,nan,nan,6.789987445072190440e+02,8.740310026385224091e+02,6.269759704251385983e+02,7.939686457638425736e+02
-1.487400829227170789e+03,-6.971623905512560668e+02,-3.106313440166451301e+02,3.281730115152596272e-01,4.920666013712046833e+02,1.150996314496314426e+03,nan,nan,6.809305408271474107e+02,9.369708436724565672e+02,6.469950549450549033e+02,8.569893679858239466e+02
-1.477396154884860834e+03,-1.086769683574697183e+03,-6.835076398402543418e+02,5.986872161020907468e-01,nan,nan,5.449557321225879605e+02,9.239646902065289851e+02,6.819725067385444390e+02,1.126081376297105408e+03,6.919345887016847882e+02,9.829873417721519218e+02
-1.386222806247745666e+03,-9.935387197371924231e+02,3.283906575104509784e+02,2.518162872447454737e-01,3.441115107913669249e+02,1.213968727272727165e+03,3.099589552238805936e+02,9.559457831325300958e+02,nan,nan,6.740486548368631929e+02,1.041005161290322576e+03
-1.425021622986442480e+03,-1.302946846675308052e+03,-5.325821048368246693e+02,6.357849271187155926e-01,nan,nan,5.309963423555230975e+02,1.003983758700696058e+03,6.851073703366696463e+02,1.203986652429257902e+03,7.160443599493029296e+02,1.078019505851755639e+03
-1.452065545761668091e+03,-9.282249823690098083e+02,-3.632381105560309038e+02,1.689201484680112053e-01,nan,nan,4.760598243688254456e+02,8.880177045177044874e+02,6.860872431174874464e+02,1.037001934235976705e+03,6.769829351535836395e+02,9.479904648390942157e+02
-1.503047555579872778e+03,-6.715115705103947903e+02,-5.251530716571800212e+02,5.479563885731886241e-01,nan,nan,4.939782244556113824e+02,7.910126903553299371e+02,6.868774115755627463e+02,9.509324774132192033e+02,6.510865591397849812e+02,8.339633596392333175e+02
-1.417464368450630673e+03,-7.994499319381450277e+02,1.466531000624762839e+02,8.531127155667096451e-01,nan,nan,3.481283987915408034e+02,8.679935217903415605e+02,6.868887283236994108e+02,9.269708114419147478e+02,6.569387341772152240e+02,9.350180383314543633e+02
-1.504593704110239059e+03,-5.282043224793191030e+02,-4.070286479165808942e+02,1.748746848383985197e-01,5.149954867827208318e+02,1.101911250873514973e+03,nan,nan,6.879693422519509340e+02,8.818990772779700364e+02,6.361252371916508537e+02,7.809646547036433049e+02
-1.410547184036011231e+03,-1.059107655504632703e+03,-1.632000417315079517e+02,6.042948487257085999e-01,nan,nan,4.420351014040561495e+02,9.470024752475247851e+02,6.880428422152559733e+02,1.073990881458966669e+03,6.910160256410256352e+02,1.018969461697722522e+03
-1.578304332407072934e+03,-1.184719445582812114e+03,-1.798457261733433143e+03,3.200153487242240469e-01,nan,nan,7.150245398773006400e+02,8.980108892921959978e+02,6.909553948161543531e+02,1.216944283226929883e+03,7.109886531820424125e+02,9.359828064337215210e+02
-1.569469513628108416e+03,-8.642553139959921964e+02,-1.393125069420066666e+03,3.378312195030504506e-01,nan,nan,6.530405177265052998e+02,8.229956949569495919e+02,6.919124087591241050e+02,1.092000000000000000e+03,6.829801204819276563e+02,8.579796296296295850e+02
-1.409327075873843341e+03,-9.456538087339587264e+02,-1.230100467705674987e+02,3.181096612324288975e-01,nan,nan,4.289235970250169316e+02,9.079665889665889154e+02,6.929014138326327839e+02,1.022005727923627660e+03,6.841151807228915231e+02,9.751577395577395464e+02
-1.477880594869250672e+03,-1.048446458595379681e+03,-8.788907484690288356e+02,3.885062785240662731e-01,nan,nan,5.850214541120381000e+02,9.020303030303030027e+02,6.929661807580174582e+02,1.125002536461636055e+03,7.000090233545647607e+02,9.530052325581394825e+02
-1.390512601559437371e+03,-1.199513213969134995e+03,-2.842891857020787825e+02,4.839949034545676376e-01,4.991172022684310150e+02,1.321985517241379284e+03,4.810118343195265993e+02,9.889727112676056322e+02,6.939677605066206070e+02,1.144967799642218324e+03,nan,nan
-1.455292221707430599e+03,-9.712095733007117815e+02,-6.183413652675411640e+02,4.862795895986118944e-01,nan,nan,5.349169712793733424e+02,8.899575530586766945e+02,6.940414814814814690e+02,1.077036323610346699e+03,6.919197247706422331e+02,9.439730443974630134e+02
-1.445323937143374906e+03,-5.605709887069913293e+02,-3.570759067150586930e+01,4.123134273672294792e-01,4.421209125475285191e+02,1.081973404255319110e+03,nan,nan,6.949956458635704166e+02,8.480000000000000000e+02,6.420509708737863548e+02,8.139285270354257591e+02
-1.440301437663600836e+03,-8.588387080354999625e+02,-4.980504748143403617e+02,2.884654654635137039e-01,nan,nan,5.099108143041792118e+02,8.580239918325676172e+02,7.010295974743488614e+02,1.023062326869806043e+03,6.859803407601572189e+02,9.089852382960775685e+02
-1.529977382199185513e+03,-9.844512725570582461e+02,-1.434417584145261799e+03,3.192945212184248316e-01,nan,nan,6.710274223034734860e+02,8.580025806451612880e+02,7.019775345622119858e+02,1.135915727002967287e+03,7.040898123324396920e+02,8.939548294089380533e+02
-1.501680287439231961e+03,-5.615708411431909326e+02,-7.291659147421149783e+02,3.374617261845134775e-01,5.840023391812865157e+02,1.135028301886792406e+03,nan,nan,7.020000000000000000e+02,9.319557408595253492e+02,6.589878516624040685e+02,7.790784919653893894e+02
-1.453779645434569147e+03,-6.506612758054928918e+02,-5.552965544981628909e+02,5.482632247345714527e-01,5.580829238329238251e+02,1.149980640854472540e+03,5.159823570924488649e+02,7.849685628742514609e+02,7.089724310776941820e+02,9.480210918114144079e+02,nan,nan
-1.561581848289911932e+03,-1.033143976181703920e+03,-2.013269144842118294e+03,8.322900024007955366e-01,7.709508928571428896e+02,1.328943633952254686e+03,nan,nan,7.099864176570458767e+02,1.179981715006305194e+03,7.180526932084309237e+02,8.779367655288192509e+02
-1.308915113887685720e+03,-1.578514801821823767e+03,-2.791594434352414851e+02,5.115397692883326686e-01,5.110377668308702823e+02,1.460997472620050530e+03,5.120464625131995717e+02,1.120936612021857854e+03,7.100205864004990417e+02,1.312030967741935456e+03,nan,nan
-1.394567046693924340e+03,-5.868916924415709673e+02,-6.170972714494154410e+00,1.120978628800678223e+00,nan,nan,3.931678321678321595e+02,7.789299830604178396e+02,7.149442664958360183e+02,8.570535475234270280e+02,6.659851002865329974e+02,8.270402010050250965e+02
-1.293668821645790331e+03,-1.324735903385949996e+03,1.124087718693005655e+02,1.639325397256468919e-01,nan,nan,4.120162962962962752e+02,1.068002535925612847e+03,7.170252824098978408e+02,1.174951289398280778e+03,7.459279279279279535e+02,1.158041171088746523e+03
-1.345664366465402281e+03,-8.905148667753131804e+02,1.081334442741114827e+02,1.996062281668951333e-01,4.229303370786516894e+02,1.186905487804878021e+03,3.849520639147802967e+02,9.029688473520249090e+02,nan,nan,6.989771714922048886e+02,9.698973362930078110e+02
-1.347329748016849862e+03,-9.860850833568324560e+02,-8.810014494132488494e+01,3.453572974784857585e-01,nan,nan,4.399641649763353826e+02,9.269829503335804475e+02,7.180157549234135104e+02,1.038884739511295493e+03,7.119938513135830362e+02,9.929899823217442645e+02
-1.441450259539020635e+03,-5.767986831524324316e+02,-5.979538775441043299e+02,3.148537076768364584e-01,nan,nan,5.269970691676436445e+02,7.580198209718670341e+02,7.199426462237364603e+02,9.260512356841470591e+02,6.769826370048833724e+02,7.899819347319347571e+02
-1.452446866245808906e+03,-1.219395834297463125e+03,-1.524617675525115374e+03,2.473796945374867884e-01,nan,nan,7.070390920554855256e+02,9.229715025906735946e+02,7.220358719646799273e+02,1.221021288837744578e+03,7.440125499144323840e+02,9.619743433109346142e+02
-1.362683994528241783e+03,-1.109423761168844067e+03,-6.085522763151575418e+02,3.688468002603795814e-01,5.839839537869063406e+02,1.302030359355638211e+03,nan,nan,7.239610091743119256e+02,1.132977968176254535e+03,7.359976047904191319e+02,9.949701863354036959e+02
-1.318629660296219981e+03,-1.134636022763860410e+03,-1.593981396172965219e+02,4.060681704779328105e-01,4.920193628981886604e+02,1.290969017798286131e+03,nan,nan,7.250083270249810994e+02,1.110967475950526705e+03,7.359775893397940081e+02,1.046962546816479289e+03
-1.391514334842244580e+03,-5.162931279043407358e+02,-1.977794828480591605e+02,6.254852231363891013e-01,4.989537777777777592e+02,1.077994088669950770e+03,4.440220364741641106e+02,7.479530046224961097e+02,7.279950424929178325e+02,8.550052790346908296e+02,nan,nan
-1.380579858188610615e+03,-5.758057667003073448e+02,-1.817665018156121732e+02,2.958391058876546631e-01,4.969593432369038055e+02,1.095988003427592048e+03,nan,nan,7.289638879514005794e+02,8.780401057734684400e+02,6.809571072319201903e+02,8.098773684210526653e+02
-1.355213368671463968e+03,-5.156203280932274993e+02,1.920335338962390779e+02,4.627824581211970600e-01,4.119303415941058120e+02,1.041951259138911382e+03,nan,nan,7.309431387414707615e+02,8.010771628994543789e+02,6.699744408945687155e+02,8.040372990353697560e+02
-1.209254148843830990e+03,-1.863639920142156143e+03,7.457903327921367520e+01,1.012782051680539253e+00,4.420319999999999823e+02,1.574995535714285779e+03,4.610686886708296015e+02,1.261011131725417499e+03,7.309740566037735334e+02,1.437016594960049133e+03,nan,nan
-1.349304736451623967e+03,-9.736519489982350706e+02,-4.546620942004653898e+02,2.965077700790221260e-01,nan,nan,5.290377588306943153e+02,9.020111038536904289e+02,7.311112123974476162e+02,1.068039834454216134e+03,7.279263836646963455e+02,9.549762470308788807e+02
-1.393455696600700549e+03,-5.061317516482356496e+02,-2.988299810165189569e+02,4.610510929151911963e-01,5.230807993049521656e+02,1.083000000000000000e+03,4.678969359331476312e+02,7.409610935856992455e+02,7.319614055299539359e+02,8.650651272942569676e+02,nan,nan
-1.380322333491585141e+03,-6.174246573078985421e+02,-3.149542148671057475e+02,1.388026812408542643e-01,nan,nan,4.790006711409395734e+02,7.819058577405858159e+02,7.319867674858222699e+02,9.109643088903309263e+02,6.899509138381200728e+02,8.200510428100988065e+02
-1.315010601666929688e+03,-5.912199613412358303e+02,4.615647009888673438e+02,6.741772678732796953e-01,3.460343859649123033e+02,1.042935275080906194e+03,2.810818872017353556e+02,8.019198497182217125e+02,7.370865766481334731e+02,7.940724637681159948e+02,nan,nan
-1.282417071355313283e+03,-8.442148982073289289e+02,4.224524630759857473e+02,3.273125109608773231e-01,nan,nan,3.121278600269179151e+02,9.059398734177215147e+02,7.399289805269186218e+02,9.189993577392421003e+02,7.139564974902398262e+02,9.760124766063630659e+02
-1.276860520329928022e+03,-1.308732741266151152e+03,-3.857474370175366971e+02,4.854239941663041624e-01,5.539887773183697846e+02,1.362021170610211811e+03,5.419620553359683299e+02,1.023007614213197940e+03,7.420142938822184533e+02,1.201978041543026620e+03,nan,nan
-1.382725081267161386e+03,-9.494158889047021148e+02,-1.154978919752763659e+03,3.984229630545145784e-01,nan,nan,6.620094517958411870e+02,8.619924050632911303e+02,7.449426447158789415e+02,1.110985722784057089e+03,7.440043010752688133e+02,8.959743589743590064e+02
-1.402548354156924461e+03,-8.656394813826728978e+02,-1.284046962690330929e+03,3.342527802711798834e-01,nan,nan,6.779483785572468832e+02,8.310068728522336414e+02,7.469166229680125753e+02,1.091001741149158534e+03,7.379183387774148741e+02,8.599790368271955003e+02
-1.287892173060717369e+03,-7.165028704994896316e+02,2.040229893627513604e+02,3.485643358378500700e-01,nan,nan,3.720093457943925159e+02,8.419113372093023600e+02,7.509457725947521567e+02,8.900046265697289982e+02,7.129599546656592111e+02,8.969150240911081937e+02
-1.350392055027299193e+03,-6.641703679436122911e+02,-5.990618922394700121e+02,3.780607859999625120e-01,5.969979633401221690e+02,1.154005571030640567e+03,5.559946921443736301e+02,7.909679266895761884e+02,7.518614107883817042e+02,9.620201967892284074e+02,nan,nan
-1.331197451315745639e+03,-6.177754199864681368e+02,-3.352973863692765235e+02,4.205517871834024146e-01,nan,nan,4.990324889867841307e+02,7.820118012422360607e+02,7.531671999999999798e+02,9.159959595959595617e+02,7.130458107293550256e+02,8.179292623941959164e+02
-1.286666975717332434e+03,-6.864295967761173642e+02,1.812092025995867743e+02,3.536592298302231874e-01,nan,nan,3.781396276595744439e+02,8.290757501229709305e+02,7.538433362753751226e+02,8.800299625468164777e+02,7.129720386375190628e+02,8.809895776193088750e+02
-1.246208928615753621e+03,-1.003435145963588980e+03,2.328465089932652745e+02,5.742674065003158246e-01,nan,nan,3.860129240710824092e+02,9.580035026269702030e+02,7.539144529491220510e+02,1.016930444087747446e+03,7.469780275932549785e+02,1.029972434017595333e+03
-1.291095981295221009e+03,-7.724691568513790116e+02,-6.594353092875078914e+01,2.914957637151741054e-01,nan,nan,4.470844991606043664e+02,8.510251450676983040e+02,7.540121506682867221e+02,9.479993408042188321e+02,7.260584958217269786e+02,9.009384269662921270e+02
-1.290162902430074155e+03,-8.519168406104067799e+02,-1.836119194886611865e+02,4.508672241144942028e-01,5.160415375077495810e+02,1.189932986337020111e+03,4.789878296146044363e+02,8.740429114611623618e+02,7.540124675324675536e+02,9.949730488489612981e+02,nan,nan
-1.317440290074519226e+03,-8.360325948882502871e+02,-5.384627074362443864e+02,3.445802424564150535e-01,nan,nan,5.548750529436679244e+02,8.520572460030944058e+02,7.548950099800399585e+02,1.023149847094801203e+03,7.379423676012461328e+02,8.931539087947883218e+02
-1.333111939872853100e+03,-5.042386953270714116e+02,-2.517185578284506562e+02,5.679836109666034361e-01,5.289943639291465161e+02,1.075994768962510989e+03,4.759312092686458868e+02,7.430290394638868747e+02,7.559477987421383887e+02,8.609883401920438928e+02,nan,nan
-1.195327649316224552e+03,-1.844055679115169369e+03,-5.445810783337832390e+02,3.875182726859803251e-01,6.010053763440860166e+02,1.559987341772151922e+03,6.089816681943171943e+02,1.185952247191011338e+03,7.559831176139560966e+02,1.437970056497175165e+03,nan,nan
-1.308184339648828200e+03,-6.199510330638485129e+02,-2.310946858562930117e+02,2.612551373225128204e-01,5.290292957746478351e+02,1.112953638119768129e+03,nan,nan,7.599595898673100010e+02,9.049397208121827134e+02,7.180174114915844257e+02,8.240078979343863921e+02
-1.216166018808784884e+03,-1.162274217416207875e+03,1.176702217910859076e+02,4.449447931651235311e-01,4.520760437375745369e+02,1.286954173486088393e+03,4.320756442227764182e+02,1.010974955277280856e+03,7.629653979238754573e+02,1.102992840095465453e+03,nan,nan
-1.311962289987883196e+03,-5.211011541115909722e+02,-2.498845500904650976e+02,2.186429079293033817e-01,5.350298181818182002e+02,1.080940991345397379e+03,4.819982886480319735e+02,7.500450793650793457e+02,7.639597961494903302e+02,8.680760340632602947e+02,nan,nan
-1.296831688803528095e+03,-5.564586618228048565e+02,-1.075890235317535399e+02,3.510193686366824273e-01,5.050372940156114510e+02,1.080959790209790299e+03,nan,nan,7.639804908747639729e+02,8.639717741935484128e+02,7.150410447761194064e+02,8.030627118644067650e+02
-1.322299558862230015e+03,-6.506076276947210317e+02,-5.841638885343135144e+02,2.881327876185760251e-01,6.020322364002686300e+02,1.148023208191126287e+03,nan,nan,7.640000000000000000e+02,9.569807947019867242e+02,7.290012026458208538e+02,8.169968553459119676e+02
-1.266888081382343898e+03,-9.983208132596736277e+02,-5.896165383158834175e+02,2.000155872311857319e-01,nan,nan,5.839857792946530708e+02,9.059955012853470180e+02,7.690168115942028635e+02,1.092044897959183572e+03,7.680774566473988898e+02,9.509739235900545964e+02
-1.209242620761935768e+03,-9.668199337714937656e+02,3.981981460649726614e+02,5.138143931433806211e-01,nan,nan,3.490462471569370564e+02,9.570568837592745695e+02,7.699309973045822062e+02,9.830073947667804077e+02,7.580312315851502944e+02,1.029005424954792034e+03
-1.277749953891376890e+03,-6.778699394109064542e+02,-4.086723206907817030e+02,4.727062935493898110e-01,5.760565797838524986e+02,1.144010238907849725e+03,5.349393079977311345e+02,8.030539906103285830e+02,7.750120845921450154e+02,9.499570361145703146e+02,nan,nan
-1.207817551527183923e+03,-1.155427945350168102e+03,-3.214726888064603258e+02,5.649612690743882615e-01,nan,nan,5.440764671013633915e+02,9.770115724982981646e+02,7.779631147540983420e+02,1.136988378527946907e+03,7.910371549893842484e+02,1.034027237354085628e+03
-1.173097653454773763e+03,-1.252507008231907093e+03,1.148684134860946386e+02,6.909142002849626429e-01,4.639243924392439453e+02,1.320969083754918529e+03,4.489955396966993817e+02,1.046003759398496186e+03,7.789631236442515956e+02,1.146993111366245785e+03,nan,nan
-1.279586787729800790e+03,-6.254625412196145362e+02,-4.825177761998766641e+02,3.992793443382340879e-01,5.930800457404230883e+02,1.132013601036269392e+03,5.501008447729673208e+02,7.819915713425647255e+02,nan,nan,7.419467084639497898e+02,8.110139442231076146e+02
-1.183234427937230066e+03,-1.191203758848687357e+03,-1.989679900681193772e+02,2.383362637349503432e-01,nan,nan,5.240312500000000000e+02,9.989950331125827461e+02,7.839871003925967443e+02,1.143012719563900646e+03,7.990132370637785471e+02,1.061008029647930925e+03
-1.130118370343085417e+03,-1.632883061632833233e+03,-1.253317777418003374e+02,5.200190209023153320e-01,nan,nan,5.319482758620689538e+02,1.161785522788203707e+03,7.849953271028036852e+02,1.335960064759848819e+03,8.400384325546344826e+02,1.243989180834621266e+03
-1.239967010850459701e+03,-8.832958341422794319e+02,-6.137366682563396125e+02,2.698987903000719668e-01,nan,nan,5.950182291666666288e+02,8.669677985948477499e+02,7.861144631765749864e+02,1.051077850326469161e+03,7.749202127659574444e+02,9.039802930773117851e+02
-1.245192987287098958e+03,-8.900140447050172270e+02,-7.259260737006096633e+02,2.778700962572630551e-01,nan,nan,6.170869158878505232e+02,8.639767441860465169e+02,7.869201856148491743e+02,1.062975571725571626e+03,7.769881002974925650e+02,8.990581936685288156e+02
-1.305416946144145641e+03,-2.918175167104205343e+02,-5.342973995056504464e+02,5.602791633981553110e-01,6.060251012145748746e+02,1.030004269854824997e+03,5.469946605644546480e+02,6.620649546827794438e+02,7.870534618755477823e+02,8.199953139643861277e+02,nan,nan
-1.114339695068243827e+03,-1.530073410996931216e+03,1.864777326655601826e+02,5.399258317218224024e-01,nan,nan,4.559611973392460982e+02,1.158900479616306939e+03,7.919875454073689980e+02,1.273969189189189137e+03,8.360007662835248539e+02,1.247918996415770607e+03
-1.204553429680704994e+03,-6.897724023340178974e+02,8.774363929342752044e+01,5.928345305605465798e-01,4.810496134020618797e+02,1.108972953216374208e+03,nan,nan,7.930434192672998961e+02,8.980083217753120834e+02,7.570454293628808955e+02,8.729218313791178616e+02
-1.176202089228514978e+03,-9.466660895557763524e+02,4.965952021334113198e+01,3.802311691341008770e-01,4.911460240963855313e+02,1.205984461709211928e+03,4.579959044368600871e+02,9.270029304029303603e+02,7.939966254218222730e+02,1.014986235786953898e+03,nan,nan
-1.226663501840564777e+03,-7.462127250804853702e+02,-4.468743505710511386e+02,2.457581937678343653e-01,nan,nan,5.599612068965517437e+02,8.269882429784454416e+02,7.940441724321447055e+02,9.829942857142857520e+02,7.680131075914800931e+02,8.609958432304038070e+02
-1.184319928048152406e+03,-1.194378575146387675e+03,-6.772017907581272311e+02,8.086543735908869879e-01,6.480141206675224339e+02,1.329923870967742005e+03,nan,nan,7.960309278350515569e+02,1.176946070878274213e+03,8.120544959128064875e+02,1.013945930232558112e+03
-1.187148341296757508e+03,-8.587395144594321437e+02,-5.282341131321223884e+02,3.103260989418158977e-01,nan,nan,5.919571217348448045e+02,8.639811111111110904e+02,8.068854351687389226e+02,1.036020084566596097e+03,7.920364934549781992e+02,8.989859728506787633e+02
-1.187874619999397282e+03,-7.747914001205145951e+02,-4.410534802743272280e+02,4.183366838403477783e-01,nan,nan,5.709670781893004232e+02,8.379665480427046305e+02,8.079850209706411306e+02,9.950563625798954490e+02,7.859563862928348499e+02,8.719881154499150853e+02
-1.127330372500165140e+03,-9.505639446652533024e+02,4.237967628229356478e+02,7.898451050810518792e-01,nan,nan,3.701960595867371353e+02,9.560318509615384528e+02,8.120060496067756048e+02,9.760319715808170713e+02,7.960378973105134719e+02,1.020994930291508240e+03
-1.171633947727557143e+03,-8.839288216120044126e+02,-6.322959266281321788e+02,4.248265849971704644e-01,6.499667338709676869e+02,1.222995063082830484e+03,6.189788223140495802e+02,8.679730769230769738e+02,nan,nan,8.031766072811773256e+02,9.009768497503404205e+02
-1.178958446361881670e+03,-1.416179158115974133e+03,-1.878531504175882219e+03,6.016156383820124853e-01,8.470429208472686469e+02,1.425986524424480649e+03,nan,nan,8.159307273626917549e+02,1.303990389749065571e+03,8.469747332959011601e+02,9.900169109357384514e+02
-1.111374274661618301e+03,-1.293204911822851727e+03,-4.599050773882514704e+02,2.939976603795518839e-01,nan,nan,6.070248538011695700e+02,1.017974124809741284e+03,8.160453980099503042e+02,1.206042367601246042e+03,8.399924365207995152e+02,1.069988088792636745e+03
-1.200687812181215349e+03,-3.134245869160138227e+02,-3.292531351444765733e+02,5.946267063723804647e-01,5.909714779602420549e+02,1.014025500910746814e+03,5.329904692082111524e+02,6.740432389937107018e+02,8.230594498669032646e+02,8.049881925522252004e+02,nan,nan
-1.111779183410159931e+03,-1.170794138227118538e+03,-6.713737849885982314e+02,2.981989758970641780e-01,nan,nan,6.489684035476718691e+02,9.629689086294416711e+02,8.250435910742086207e+02,1.169988228699551655e+03,8.400005230125523212e+02,1.003977813852813824e+03
-1.052683448472963164e+03,-1.526761106299348967e+03,-1.228841386165886007e+02,5.667453441939032110e-01,nan,nan,5.529464052287581808e+02,1.128093572009764102e+03,8.259621301775148368e+02,1.290973618090452192e+03,8.679929961089494554e+02,1.199003053435114452e+03
-1.161081315399038886e+03,-7.170851033777356633e+02,-1.053224867904535813e+03,1.426360082884474412e-01,nan,nan,7.020087361677344688e+02,7.989932307692307631e+02,8.339650655021833927e+02,1.031072442486539330e+03,8.120902672718103759e+02,8.139048817312531128e+02
-1.066984771035050244e+03,-1.206900399286670108e+03,-1.194386192741992971e+02,3.956242197244928538e-01,5.600020818875780151e+02,1.309949554896142445e+03,nan,nan,8.340185497470489508e+02,1.148984813084112147e+03,8.480208085612366631e+02,1.070967611336032405e+03
-1.151133613877056177e+03,-4.347619924849015547e+02,-8.096610688126970956e+01,7.208560529251446525e-01,nan,nan,4.880813600485731740e+02,7.240251489080079637e+02,8.340539018503620809e+02,8.199845890410958873e+02,7.749194012665515174e+02,7.460130874479476688e+02
-1.044770366982957512e+03,-1.441379063969344998e+03,-3.540040913689182958e+02,6.405581970383625867e-01,nan,nan,6.069483532934132199e+02,1.079056701030927798e+03,8.359853896103895750e+02,1.263988624052004297e+03,8.709956140350876694e+02,1.135825235678027639e+03
-1.048125940963537232e+03,-1.177370148227144909e+03,-9.171930426669830183e+01,6.895013208231198787e-01,nan,nan,5.399301075268816703e+02,1.006998582565556376e+03,8.440293803418803691e+02,1.135000000000000000e+03,8.540057471264367450e+02,1.061026208503203179e+03
-1.065578456989026790e+03,-1.058135641369654422e+03,-3.863067863633818888e+02,2.070808835298098283e-01,nan,nan,6.011162918266593351e+02,9.439790076335877984e+02,8.450333978702807372e+02,1.107016506922257804e+03,8.471005530417295404e+02,9.850065181966322143e+02
-1.105880055238415480e+03,-5.570473488595591789e+02,3.479527361735241442e+01,1.768385363598984628e-01,5.299694055944055435e+02,1.060963483146067347e+03,nan,nan,8.459758787043418806e+02,8.549435757987763509e+02,7.980472127417519914e+02,8.059970828471412005e+02
-1.085338467967422730e+03,-7.472620497012835585e+02,-4.935159650223349814e+01,6.206741085078896214e-01,5.509993898718730634e+02,1.136913645352669846e+03,5.090192307692307736e+02,8.479917257683215439e+02,8.469780170480036077e+02,9.449885535900103832e+02,nan,nan
-1.046567812377153132e+03,-1.209441030554855161e+03,-4.691706332716188967e+02,1.670524877821498722e-01,nan,nan,6.270230621396540300e+02,9.910085978835978722e+02,8.470430686406460836e+02,1.174975469728601183e+03,8.630266602035869710e+02,1.034988911290322676e+03
-1.116829424812228126e+03,-9.049304416904491291e+02,-1.560961775958649696e+03,1.928117276452136208e-01,nan,nan,7.969735483870967983e+02,8.399860186418109151e+02,8.499494895217625299e+02,1.129986413043478251e+03,8.459861188228761648e+02,8.510241657077100399e+02
-1.012243223504152070e+03,-1.359208855009832178e+03,1.890444461480259974e+01,1.020894349871793949e+00,nan,nan,5.280541632983023419e+02,1.084985454545454559e+03,8.510446756425948251e+02,1.208985045513654086e+03,8.760246666666666897e+02,1.146968148148148202e+03
-9.880447213945338945e+02,-1.672950566616729247e+03,-5.880671913873986796e+02,4.347071021958775483e-01,nan,nan,6.749612612612612565e+02,1.134990356798457015e+03,8.529961873638344514e+02,1.371993193420306397e+03,9.060155670867309254e+02,1.189975714285714275e+03
-1.040975992937893125e+03,-1.102649617148114885e+03,-5.058712049094589815e+02,4.592756435228270706e-01,6.580180127832655899e+02,1.286956626506024122e+03,nan,nan,8.550092927207020921e+02,1.135020021645021643e+03,8.609307182883342193e+02,9.909882022471909977e+02
-9.443721278511180799e+02,-1.965344936581731645e+03,-2.628732659587289504e+02,7.133268609435866603e-01,6.140483641536272899e+02,1.607997194950911535e+03,nan,nan,8.559558441558441473e+02,1.497040816326530603e+03,9.339142526071842667e+02,1.339040391676866648e+03
-1.083901768131399422e+03,-5.212311647469518903e+02,9.554314223249626536e+01,4.690717349030172900e-01,5.229948186528497445e+02,1.041990689013035308e+03,4.670539233915953901e+02,7.659865802869042000e+02,8.569015580736544280e+02,8.320000000000000000e+02,nan,nan
-1.062835571535360032e+03,-7.993849852445893021e+02,-5.414037486577083200e+02,4.622553973734805921e-01,nan,nan,6.310606271777003258e+02,8.459915319476519926e+02,8.599723632261703870e+02,1.019955322669608336e+03,8.409265078560567872e+02,8.710190369540873689e+02
-1.104360059703268462e+03,-3.478831122200671189e+02,-7.493000453203234201e+02,3.011044644263349834e-01,nan,nan,6.560138522427440648e+02,6.839613924050632932e+02,8.659375000000000000e+02,8.757422402159244257e+02,8.109994714587737690e+02,6.849440133037694522e+02
-9.540610672135795767e+02,-2.006686238544152275e+03,-2.457852342163461344e+03,5.875543699689945720e-01,nan,nan,9.399641853932583899e+02,1.093012781954887259e+03,8.720017094017093768e+02,1.495995580110497258e+03,9.280038634900192847e+02,1.102969230769230762e+03
-8.934385692986384129e+02,-2.117993725362732221e+03,-6.293770004656544188e+02,7.998554540817336411e-01,nan,nan,7.159905385735080472e+02,1.274992868462757542e+03,8.740041039671682483e+02,1.561971586971586930e+03,9.590787234042553564e+02,1.332954215116279101e+03
-9.479679753646508971e+02,-1.831487483062437150e+03,-1.581008912380299762e+03,8.059729440566396619e-01,nan,nan,8.470028517110266648e+02,1.102177876106194617e+03,8.740346394094265179e+02,1.442980694980695034e+03,9.300463352990733483e+02,1.129946764946764915e+03
-1.027218546450150370e+03,-7.274182028916400213e+02,-8.305722967425978140e+02,5.866716082917827757e-01,7.319912335629304607e+02,1.178981852315394235e+03,nan,nan,8.800483064963908646e+02,1.020993258426966236e+03,8.580141998907701009e+02,8.249966120835686070e+02
-9.309722125972093636e+02,-1.525699521740809132e+03,1.400382844707403649e+02,7.620362477776788657e-01,nan,nan,5.288120000000000118e+02,1.160681764705882415e+03,8.809855217174238078e+02,1.280992805755395693e+03,9.190130975769482120e+02,1.230981220657276936e+03
-1.061956289369211618e+03,-4.148620584441854362e+02,-1.079984037793092284e+03,3.769705384352563526e-01,7.699927360774818226e+02,1.100007119741100269e+03,7.319969641772920568e+02,7.029459291485394488e+02,nan,nan,8.380021691973969382e+02,7.009600874794970196e+02
-9.949496858247244973e+02,-8.262450328200046670e+02,3.699606744915632817e+02,3.406464975279754337e-01,nan,nan,4.290132100396301098e+02,9.049640883977900785e+02,8.829816676522767693e+02,9.329724999999999682e+02,8.570499451152579695e+02,9.520111896348645359e+02
-9.863798409499468107e+02,-8.966889205109629302e+02,-1.341751902001902508e+01,3.510348917487027820e-01,nan,nan,5.359564152791381275e+02,9.099837492745211875e+02,8.839191815856777339e+02,1.009009539842873210e+03,8.680783599088838400e+02,9.489784569138276993e+02
-1.098515277618123719e+03,-1.239922199952936666e+02,-1.712905127339044839e+03,5.825760524960611475e-01,nan,nan,8.209445205479452170e+02,6.080303657694962567e+02,8.840179836512261318e+02,9.050221703617269213e+02,8.280091272104963309e+02,5.900071471113758435e+02
-1.023269006997530482e+03,-5.539532259617225236e+02,-1.358158708298352337e+02,5.111679828820187010e-01,nan,nan,5.469874134675897039e+02,7.730726708074533917e+02,8.840815500289184001e+02,8.809234393404004777e+02,8.390792393026941909e+02,7.919730790802019555e+02
-9.466316596168096567e+02,-1.522929676863560189e+03,-1.575619670197234882e+03,3.239787481118472923e-01,nan,nan,8.459406444318824470e+02,1.019014509576320393e+03,8.850160843039378733e+02,1.337022653721682900e+03,9.210397667020148447e+02,1.038023821853961635e+03
-9.170740326396150977e+02,-1.577777684468014286e+03,-5.341090306117547470e+02,4.434698377560633009e-01,nan,nan,6.840289710289710001e+02,1.113071680376028098e+03,8.860022111663902251e+02,1.332973377703827055e+03,9.290364554122265872e+02,1.159070694864048392e+03
-9.423658161798151696e+02,-9.607104159444419338e+02,-2.550341281563792108e+02,8.767960637162041104e-01,nan,nan,6.090291073738681007e+02,9.219597585513078002e+02,9.009838895281933446e+02,1.060984182776801390e+03,8.919699507389162818e+02,9.530205962059620788e+02
-8.508296140321185703e+02,-1.906351246451692077e+03,-5.512530513043950577e+02,8.413611971859703553e-01,nan,nan,7.110137207425342467e+02,1.219986031224322005e+03,9.010257703081232421e+02,1.473036697247706343e+03,9.660386329866270216e+02,1.269972413793103442e+03
-9.977856784958742082e+02,-3.978636255616896165e+02,-2.215602897693328828e+02,9.309764292795335017e-01,6.259752066115702291e+02,1.024040412725709302e+03,5.741205752212389370e+02,7.110199252801992316e+02,9.020352852852853403e+02,8.329884583676833927e+02,nan,nan
-9.662824121791038579e+02,-5.595394358918408670e+02,1.338800046241172303e+01,4.819444420376986504e-01,nan,nan,5.291333659013190527e+02,7.819837398373983888e+02,9.079631705364291747e+02,8.660222793487574791e+02,8.629748617395675865e+02,8.009414532148457511e+02
-8.870525564300360202e+02,-1.359332684047165458e+03,7.018909079898431003e+01,7.870920109079072580e-01,nan,nan,5.570146699266504129e+02,1.095040370058872895e+03,9.080073868882733450e+02,1.209967076167076129e+03,9.320323759791123166e+02,1.148773851590106005e+03
-8.971980085517668613e+02,-1.264790429513828713e+03,-7.324274616616909270e+02,5.331218581529977296e-01,7.430502309468822659e+02,1.348027325581395417e+03,7.249456716417910229e+02,9.959921976592977444e+02,nan,nan,9.260292486132123031e+02,1.026036422067488047e+03
-9.530374663833944169e+02,-5.825465076685212580e+02,6.095452706982170099e+01,1.256948964300386828e+00,5.709957118353345322e+02,1.061994570135746699e+03,nan,nan,9.129762295081967522e+02,8.709820700896495964e+02,8.700082987551867291e+02,8.130020746887967107e+02
-9.132424616895290228e+02,-9.147553256667017649e+02,8.665378093576471485e+01,7.526471488772014107e-01,nan,nan,5.360655948553054486e+02,9.260238262088297461e+02,9.149947835159102851e+02,1.008991565629941988e+03,9.020801144492131698e+02,9.629994703389830875e+02
-9.302887898534099804e+02,-6.548851752092664356e+02,2.540496151061556773e+01,4.963114570020443206e-01,nan,nan,5.400952921157117999e+02,8.199392638036810013e+02,9.199600257898130167e+02,9.059629392971246489e+02,8.830471641791044703e+02,8.439639794168095932e+02
-9.082061055635090270e+02,-8.548473545446728394e+02,-1.203939921513577701e+03,2.747066181394946516e-01,nan,nan,7.989627586206896694e+02,8.429855282199710018e+02,9.199796137339055804e+02,1.097979455857856692e+03,9.109851458885941611e+02,8.480156162855549837e+02
-9.118241148645724934e+02,-7.754026354897860074e+02,1.397126560649314513e+02,5.482039195053621805e-01,nan,nan,5.200065320665082709e+02,8.749935938500960901e+02,9.230114285714286098e+02,9.430124481327800368e+02,8.959282907662083062e+02,9.050159235668789961e+02
-8.570773042572243412e+02,-1.246161323486991250e+03,-5.840596091397713963e+02,2.789418895701523127e-01,nan,nan,7.079760589318600523e+02,1.001980519480519433e+03,9.239281927710843547e+02,1.202997353096876623e+03,9.399008106819266004e+02,1.031007723995880497e+03
-9.658701763548763211e+02,-2.013069631327845741e+02,-1.252346437477075142e+03,2.619107318884785762e-01,8.250442828816919700e+02,1.046991735537190152e+03,7.870156760287393354e+02,6.350059681697612177e+02,9.239790544584080862e+02,8.889912102772143498e+02,nan,nan
-7.924951929523545004e+02,-1.812206857630326795e+03,-6.040162358375187068e+02,8.187171319597211783e-01,nan,nan,7.369928520371694276e+02,1.186972263868065966e+03,9.289099756690997083e+02,1.434991008991009039e+03,9.839845132743363365e+02,1.227920750782064715e+03
-7.954311640564347954e+02,-1.547485538292898354e+03,-1.208294083691542710e+03,5.654475348924172806e-01,8.521002666666666983e+02,1.450976756756756686e+03,nan,nan,9.360415153087701583e+02,1.341985995850622430e+03,9.710499495459132504e+02,1.072993278179937988e+03
-7.503313987596353627e+02,-1.916949203353322901e+03,-8.962175335427028813e+02,6.875261224844985142e-01,nan,nan,8.010128847530422718e+02,1.190953363914373085e+03,9.399746903607970125e+02,1.478973432518597292e+03,1.001010591900311510e+03,1.224968827930174484e+03
-8.450580527031578413e+02,-1.057061503636714633e+03,9.689938908114292815e+01,1.433514794287446270e-01,nan,nan,5.590698455339153270e+02,9.839971611071681536e+02,9.409978712080894638e+02,1.074044337606837644e+03,9.379179487179486614e+02,1.023000543773790127e+03
-8.720551642813301214e+02,-5.119523838090803451e+02,-3.986244589134887519e+02,3.032074040628862655e-01,6.999815471965932829e+02,1.073019652305366662e+03,nan,nan,9.480671217292377833e+02,9.040012019230769056e+02,9.060528034839412612e+02,7.580080367393800316e+02
-7.395592205054474562e+02,-1.852055347640980472e+03,-2.888908122135377994e+02,4.893321731119897322e-01,nan,nan,6.920191625266146502e+02,1.235985052316890915e+03,9.520241025641025772e+02,1.450948691636736839e+03,1.009962508080155089e+03,1.284028223220012933e+03
-7.668395569268354848e+02,-1.457173144157492743e+03,-3.961056475377667994e+02,2.976823455668812790e-01,nan,nan,7.009940696812453780e+02,1.091049317147192824e+03,9.540072276716572333e+02,1.281953745600804496e+03,9.830749636098980773e+02,1.125948942377826370e+03
-7.778624270305830350e+02,-1.720745892655376565e+03,4.912929502570772229e+02,3.386583538029974139e-01,nan,nan,4.940475737392958990e+02,1.287988888888888823e+03,9.549872787610619298e+02,1.367024973432518664e+03,9.989929980903882552e+02,1.361972549019607868e+03
-8.298914935564931739e+02,-7.230144450333657460e+02,-2.573038049716194564e+02,4.865206988503964491e-01,nan,nan,6.419965075669382486e+02,8.369742946708463478e+02,9.569874925550923308e+02,9.710165289256198093e+02,9.320188172043010582e+02,8.519770299145299077e+02
-7.533673789499956683e+02,-1.325473253518421643e+03,-9.277567365395918841e+02,5.665043194223419176e-01,nan,nan,8.010012406947890895e+02,1.007959442332065919e+03,9.600122574055158111e+02,1.253049524762381225e+03,9.800020030045067188e+02,1.024003521126760461e+03
-8.536204909961378462e+02,-5.283141687837112386e+02,2.980015089583977783e+02,8.137004876927842467e-01,5.490880609652836029e+02,1.014010535557506614e+03,4.939038031319910260e+02,7.830119363395225491e+02,9.620254237288135073e+02,8.179778820375335044e+02,nan,nan
-7.339358019725452777e+02,-1.573662627910523952e+03,-3.764037529096268031e+02,6.968639330498485052e-01,nan,nan,7.089230158730158564e+02,1.133071363220494050e+03,9.640106145251396583e+02,1.330978900610771689e+03,1.000005678591709284e+03,1.171094902386117155e+03
-6.916151936400252680e+02,-1.549756985283178437e+03,-1.572024439368651656e+03,3.083034276694625042e-01,nan,nan,9.119951193058568606e+02,1.033981992121553276e+03,9.699924852388620593e+02,1.351996335078534003e+03,1.002019183472700433e+03,1.039022947475777755e+03
-7.864407397523390273e+02,-1.105155218235755683e+03,3.026639134256770376e+02,3.097110653328712937e-01,nan,nan,5.279730603448275588e+02,1.021946236559139834e+03,9.700252233315817421e+02,1.078997279651795452e+03,9.679570877531340329e+02,1.064004486540378821e+03
-7.249725677420947250e+02,-1.029443795611275618e+03,-1.062889777195836359e+03,6.565709007118808449e-01,nan,nan,8.290248648648648668e+02,9.069894503053858443e+02,9.790115194733955377e+02,1.154952593418851166e+03,9.809813698630136969e+02,9.119931506849314928e+02
-7.419792169777612116e+02,-7.593435313868387766e+02,-6.354113419827714324e+02,2.912308055097839188e-01,nan,nan,7.480163624921334531e+02,8.369668155711550526e+02,9.869237330657300618e+02,1.025998435870698586e+03,9.678922261484099181e+02,8.409864932466233540e+02
-7.563762849030320012e+02,-5.477777385428616981e+02,-6.643116880968251508e+02,3.582664165651929244e-01,nan,nan,7.470156343956705314e+02,7.620583586626139549e+02,9.890016797312430299e+02,9.519645270270269748e+02,9.550802219979818801e+02,7.580213114754097887e+02
-7.073864505266242304e+02,-5.925350867875578160e+02,-1.786914843559705787e+03,8.107286314918971115e-01,9.609813874788494559e+02,1.179962011173184464e+03,nan,nan,9.900970687169630082e+02,1.061004067107269975e+03,9.700005299417064180e+02,7.349806451612903402e+02
-5.914053131911473429e+02,-1.623549731084963014e+03,-1.867906186979872018e+03,4.319550851294489680e-01,nan,nan,9.729707475622968786e+02,1.038924776433456145e+03,9.969547368421052624e+02,1.382003741314804984e+03,1.030059329710144993e+03,1.034998554913294811e+03
-7.188507063043343805e+02,-7.746699866276723014e+02,-5.063164830458865708e+02,4.204470504458495683e-01,nan,nan,7.309867476532302817e+02,8.489952295766249790e+02,9.970297324083251169e+02,1.019986425339366519e+03,9.779425521098119134e+02,8.540103092783505190e+02
-6.668985690389116598e+02,-1.757830755967579762e+03,2.133927022144721093e+02,1.150435514901454903e+00,nan,nan,6.050223463687150343e+02,1.269973362131029489e+03,9.999740698985343670e+02,1.397996670366259650e+03,1.044990341274951788e+03,1.324975737704917947e+03
-7.334045571628665812e+02,-6.241162430104375289e+02,1.020442481156270702e+02,7.018542926581913255e-01,nan,nan,5.889942344650864925e+02,8.180267737617135708e+02,1.008943356643356651e+03,8.929824175824176109e+02,9.720173378076062818e+02,8.280000000000000000e+02
-6.028021908842698622e+02,-1.407819512122049446e+03,-9.926442107933527268e+02,6.558347191608601134e-01,nan,nan,8.550128707330721909e+02,1.034008918617614199e+03,1.011024327122153181e+03,1.289978598180845438e+03,1.036005211047420516e+03,1.040936372745490871e+03
-7.413585903803008250e+02,1.463059329945534728e+02,-1.086155310956353787e+03,5.061002288745916067e-01,8.639612676056337932e+02,9.269826964671954102e+02,8.230346260387811981e+02,5.209632199861207482e+02,1.012050565535595524e+03,7.720450391644908450e+02,nan,nan
-5.544506792460488214e+02,-1.352693851888043810e+03,-1.796449717829066685e+03,1.855988484127623350e-01,nan,nan,9.749972572682391956e+02,9.699868646487720980e+02,1.016983351235230884e+03,1.295995733333333419e+03,1.036021916411824577e+03,9.609962805526035936e+02
-7.147914688295912811e+02,-5.970440384742736342e+02,8.307583017672702397e+01,4.027538610738556346e-01,nan,nan,5.999981504315659322e+02,8.060156462585033523e+02,1.018030633083730436e+03,8.849813753581661331e+02,9.789794520547944785e+02,8.149977985690699143e+02
-6.664920117915647779e+02,-1.152649063486135447e+03,1.280717954484991026e+02,7.095323542658706906e-01,6.380240357741755588e+02,1.265015133876600657e+03,6.159430455635491626e+02,1.031019053876478210e+03,1.019125946592267837e+03,1.120987138263665656e+03,nan,nan
-7.072584193187518622e+02,-8.372384063584099749e+02,4.531393008526764561e+02,8.682618506531216696e-01,5.530677154582763251e+02,1.117015837104072489e+03,5.109120077783179568e+02,9.259413897280966239e+02,1.022980681240467675e+03,9.419825422804145774e+02,nan,nan
-6.963006538123810287e+02,-3.433375871133575288e+02,-4.617372710267000002e+01,6.722724586863888518e-01,nan,nan,6.340271668822767879e+02,7.009629130141604492e+02,1.032039317507418446e+03,8.010106463878327077e+02,9.769918166939443154e+02,6.940198895027624530e+02
-4.419137566790747655e+02,-1.790057278235210561e+03,-1.569923238336518807e+03,3.453499261160818956e-01,nan,nan,9.780313152400834724e+02,1.108788781770376772e+03,1.046001034126163404e+03,1.437987628865979332e+03,1.085000000000000000e+03,1.103012040939193184e+03
-6.527988351828043960e+02,-5.526533621699610421e+02,1.499294058059819008e+02,5.575772349940615324e-01,nan,nan,6.050066401062416617e+02,7.920544262295081808e+02,1.048934162399414845e+03,8.609742143432715693e+02,1.007002914035939739e+03,7.970048709206040485e+02
-3.978665784539325614e+02,-2.014285887183026944e+03,-1.606499177041860094e+03,2.625327605711131329e-01,nan,nan,9.930258810572687480e+02,1.168898463227222919e+03,1.053949851042701084e+03,1.516055966697502299e+03,1.102941683233929780e+03,1.162008362369337874e+03
-6.043364828970087501e+02,-6.012788940149382597e+02,9.713968441452125457e-01,9.374754486255488795e-01,nan,nan,6.589694323144104828e+02,8.089885931558935681e+02,1.061991291727140833e+03,9.019890750182082684e+02,1.028032224532224518e+03,8.079899097185342498e+02
-5.301862103744447268e+02,-9.724295613612249554e+02,-4.238739641937270903e+02,4.908714735484864256e-01,nan,nan,7.769918032786885078e+02,9.289756578947368553e+02,1.065993427704752321e+03,1.095997484909456716e+03,1.060974207415368028e+03,9.310201377848436550e+02
-4.327036147812598870e+02,-1.501561365875278625e+03,-1.084395592029889940e+03,9.018811124051406836e-01,9.420021436227224285e+02,1.427029641185647506e+03,9.169698253043939076e+02,1.061950583009439242e+03,1.068007751937984494e+03,1.330967000000000098e+03,nan,nan
-3.856406973086554899e+02,-1.943214032627709912e+03,-1.060003320154156654e+03,4.981128613705334551e-01,9.500744943265909797e+02,1.581039492930277902e+03,9.279461001902345743e+02,1.197976236351958960e+03,1.074005823186871339e+03,1.495993437657748700e+03,nan,nan
-3.515700060579761157e+02,-1.640207414268949378e+03,-1.727565871859262415e+03,2.287184045343802208e-01,nan,nan,1.020018329938900251e+03,1.058991223541559066e+03,1.074975158562367824e+03,1.390992838874680274e+03,1.104958604651162887e+03,1.043983374083129547e+03
-3.946788474113279221e+02,-6.627382542174365199e+02,-2.051399014939107929e+03,6.233038325675307467e-01,nan,nan,1.047005942733657548e+03,7.720114345114344587e+02,1.075942074776198069e+03,1.105010016694490787e+03,1.062992623814541730e+03,7.419957127545551430e+02
-5.131006468902596680e+02,-1.776881486735909903e+03,2.653772343714438762e+02,1.023909059971149782e+00,nan,nan,6.450213235294118022e+02,1.290971578160059835e+03,1.076980340063762014e+03,1.412935567010309342e+03,1.114032734274711174e+03,1.333039974210186983e+03
-5.435227395793492633e+02,-1.571567586007090767e+03,4.423066407908549422e+02,1.068734539874673262e+00,5.960100502512563025e+02,1.430031468531468590e+03,5.890008688097307186e+02,1.233969581749049439e+03,1.076982670744138659e+03,1.303006697578567810e+03,nan,nan
-5.125165532965098691e+02,-1.476443562992067882e+03,2.973392478377111274e+02,7.218537806140546964e-01,nan,nan,6.339937275985663518e+02,1.180985060690943101e+03,1.085995941146626137e+03,1.264986472945891819e+03,1.107002976190476147e+03,1.213034756097561058e+03
-5.398278527566791354e+02,-5.114043691723053939e+02,-1.207717252760036644e+02,7.370409835000780729e-01,nan,nan,7.069928613920285443e+02,7.690031565656565817e+02,1.088986078886310906e+03,8.859936153232242759e+02,1.050010487916096736e+03,7.610000000000000000e+02
-5.377339015631730490e+02,-1.006472391923717282e+03,3.071293253125322735e+02,5.294654562631484485e-01,nan,nan,6.159739243807040339e+02,9.930088135593219931e+02,1.089949605609114769e+03,1.043990277777777692e+03,1.079969736273238141e+03,1.011005903723887400e+03
-5.505213120439367458e+02,-1.097287688497217914e+03,4.725076321928588072e+02,3.798469761236864528e-01,5.989498575498575974e+02,1.217986708860759563e+03,nan,nan,1.089994520547945285e+03,1.068989171629669727e+03,1.082017133305474317e+03,1.071001773049645408e+03
-4.498234756490833774e+02,-1.394461140891121431e+03,-1.896807966269140877e+02,1.359960844748530351e-01,nan,nan,7.610770642201835017e+02,1.100985102420856720e+03,1.095040858018386189e+03,1.256004734350342005e+03,1.112020753266717975e+03,1.114056875449964082e+03
-4.685479722355119065e+02,-7.007893084795875893e+02,-4.913169966592280389e+02,3.729315508783538902e-01,nan,nan,8.079796156086197243e+02,8.299739027283511632e+02,1.096994895354772780e+03,1.000990246406570805e+03,1.075033140452393582e+03,8.189736286919830945e+02
-3.933879374704343377e+02,-1.272318601159096715e+03,-7.474941269997864310e+02,4.499366451360128916e-01,nan,nan,8.780463428252372751e+02,1.015006952491309335e+03,1.099999491353001076e+03,1.235998469387754994e+03,1.111010050251256189e+03,1.009996774193548390e+03
-4.521377149921404452e+02,-1.435338941956213603e+03,2.115781156672686052e+02,2.898065992510142075e-01,nan,nan,6.750053705692803305e+02,1.157907602339181267e+03,1.111984350547730855e+03,1.252980881571959571e+03,1.128019302615193055e+03,1.180954078549848873e+03
-4.347522509612824706e+02,-1.641849076932721800e+02,-5.816536907917459303e+02,7.578724025670098285e-01,nan,nan,8.329875491480995606e+02,6.309910428662827826e+02,1.122001428571428505e+03,8.210087591240876463e+02,1.071986332574031849e+03,6.009446808510638220e+02
-1.783264973576639534e+02,-1.790181362928113231e+03,-1.701101299097053015e+03,6.091700458090947290e-01,nan,nan,1.062944485566247295e+03,1.108008305647840643e+03,1.128013452914798108e+03,1.442935590032910113e+03,1.159091722595078409e+03,1.084000000000000000e+03
-4.392863032621228854e+02,-2.083952043722773624e+02,-2.726245264430641555e+02,9.715247184868228691e-01,nan,nan,7.710098039215686185e+02,6.489852448021462124e+02,1.131961313868613161e+03,7.969501730103805812e+02,1.080930069930069976e+03,6.220105485232068077e+02
-3.665725152467921362e+02,-1.988604882173553733e+03,1.906398663968872995e+02,8.070655490434224255e-01,7.180305907172995603e+02,1.619021119324181655e+03,7.169855263157894569e+02,1.368974949221394809e+03,1.135994784876140784e+03,1.520995600251414317e+03,nan,nan
-2.515138928806893261e+02,-4.268215028050575484e+02,-1.644476413957403565e+03,3.377041484770280100e-01,nan,nan,1.043042575838211860e+03,7.139382653061225028e+02,1.136033696215655709e+03,1.015972536348949916e+03,1.112933400605449151e+03,6.770089804543052878e+02
-3.580556227420977393e+02,-4.181518682819575616e+01,-6.556252294032342434e+02,6.074082180779304396e-01,nan,nan,8.709811688311688158e+02,5.869807692307692832e+02,1.149996397694524603e+03,7.929554794520547603e+02,1.097007705008255471e+03,5.490245098039215463e+02
-2.866746419263363350e+02,-1.291274798091644925e+03,-2.552862226253109554e+02,8.581959744156297809e-01,nan,nan,8.279907138711549806e+02,1.064993133583021290e+03,1.162049533799533720e+03,1.220952353942144100e+03,1.171990521327014221e+03,1.060988052568697640e+03
-2.223226241531574203e+02,-1.709894780111591444e+03,-5.572397375814437055e+02,6.444282496416254835e-01,nan,nan,9.019967105263158373e+02,1.183005387205387251e+03,1.162996631106120049e+03,1.405994538503550075e+03,1.191009962640099729e+03,1.176064935064935071e+03
-5.191695980681369349e+01,-1.831166845999855241e+03,-1.585832604531184415e+03,4.533362503949148192e-01,nan,nan,1.084998204667863547e+03,1.132055737704918101e+03,1.171995194617972174e+03,1.458913707865168590e+03,1.201927933673469397e+03,1.102003109452736226e+03
-2.256217324305456202e+02,-1.692015003373394393e+03,-3.062292185889656935e+02,4.070286853920112580e-01,nan,nan,8.590212624584717105e+02,1.204003424657534197e+03,1.175971335857220083e+03,1.394047470005216383e+03,1.202022063208109785e+03,1.202017008797653943e+03
-1.395739525617688344e+02,-1.565485031051899114e+03,-9.120738368135035898e+02,3.364960654518314165e-01,1.006948901379662743e+03,1.441979979466119175e+03,9.799147180192571795e+02,1.104905042567125065e+03,1.179026795284029959e+03,1.357968546637744112e+03,nan,nan
-2.507378384308412365e+02,-1.844445438180258407e+03,6.157814612287725531e+00,6.464548051574140475e-01,nan,nan,7.930289443813848038e+02,1.296021237864077648e+03,1.180946798493408551e+03,1.457004087193460464e+03,1.213972207375734797e+03,1.303968295218295225e+03
-1.539892818135462278e+02,-6.948428244959570748e+02,-7.008178679873265082e+02,2.234049511697052404e-01,nan,nan,9.460054083288264337e+02,8.279851973684210407e+02,1.204015018125323650e+03,1.029991761071060864e+03,1.187011161846778350e+03,7.979805228088159765e+02
1.237252910640838905e+02,-1.295385003242954099e+03,-2.250844828946017060e+03,1.849291013173008924e-01,nan,nan,1.196044717444717435e+03,9.490025974025974165e+02,1.204018602312719850e+03,1.305953165208440623e+03,1.215071222329162765e+03,9.030073637702503220e+02
-9.578529213105531426e+01,-3.473203490370370332e+02,-1.110667770324171215e+03,2.884126868772373675e-01,nan,nan,1.023973810796365569e+03,6.989789029535864984e+02,1.209959893048128379e+03,9.530083892617449237e+02,1.181985286103542194e+03,6.570177824267782398e+02
5.395259847126059327e+00,-1.583513054617302487e+03,-1.152645158100776598e+03,2.826518977223033136e-01,nan,nan,1.054147138964577607e+03,1.095872543180464618e+03,1.216956329463792144e+03,1.372041464728056098e+03,1.235960451977401135e+03,1.064947303161810396e+03
1.067091132593634910e+02,-1.671157172986312617e+03,-1.553177505269699850e+03,5.925899042669866557e-01,nan,nan,1.126076730190571652e+03,1.094997962302598125e+03,1.227030493707647565e+03,1.408933624031007639e+03,1.248038461538461434e+03,1.053033599999999979e+03
-6.126423408751416133e+01,-1.471371933884270447e+03,-5.532862131843432962e+02,4.720896043393398855e-01,nan,nan,9.530251954821893605e+02,1.110040142729705622e+03,1.230940451745379960e+03,1.313976744186046517e+03,1.243933571428571440e+03,1.087955588452997745e+03
9.199577154093984177e+01,-1.802414363334536802e+03,-1.354823389559333009e+03,3.047406315713999669e-01,nan,nan,1.101031295487627403e+03,1.147868830290736923e+03,1.230962113659022862e+03,1.452007014028056119e+03,1.255930024410089572e+03,1.110027138157894797e+03
-1.590624806596419774e+02,-1.162760000623205542e+03,-4.227979726403933824e+01,4.424944879969088807e-01,nan,nan,8.310349170005723636e+02,1.039963407318536383e+03,1.232998913633894517e+03,1.158976533333333236e+03,1.231037934668071557e+03,1.027994582881906808e+03
-2.231726886718038827e+02,-1.341199211201700564e+03,4.174309441476941061e+02,1.014301354761310003e+00,7.350000000000000000e+02,1.315996472663139230e+03,7.118724082934609214e+02,1.156959713518352828e+03,1.235032951289398170e+03,1.203998499999999922e+03,nan,nan
2.286012843243973407e+02,-2.113079144793442481e+02,-2.506124490307753604e+03,5.956641066153941511e-01,1.264022388059701598e+03,1.092959100204499009e+03,1.254958605664488005e+03,6.479864351600650707e+02,nan,nan,1.218022495982860164e+03,5.920137638962413575e+02
2.243841490977237640e+02,-1.203373818931783717e+03,-2.019993329962528151e+03,2.079945343100578770e-01,nan,nan,1.205043032786885306e+03,9.379447541814495253e+02,1.245053075396825307e+03,1.275015376729882064e+03,1.252056379821958444e+03,8.870087045570916189e+02
1.084247929581806034e+02,-1.041988122457866439e+03,-1.205733599143470201e+03,3.579812363251670959e-01,nan,nan,1.094047897817988314e+03,9.279951974386339089e+02,1.258014940752189659e+03,1.190980032379924523e+03,1.257020634920634848e+03,8.849816315505132707e+02
-6.438527403484755496e+01,-9.040536286078793182e+02,-2.611131460949671919e+02,5.854202631590884470e-02,nan,nan,9.040122222222222490e+02,9.290088008800879606e+02,1.261028746465598488e+03,1.073978239845261214e+03,1.250014705882352928e+03,9.020005159958719787e+02
2.022428600673049459e+02,-1.225524728414180800e+03,-1.193606433015848097e+03,3.061221217981741627e-01,nan,nan,1.119927313769751663e+03,9.890105363984674796e+02,1.286033316506814799e+03,1.253950549450549488e+03,1.290953754351069165e+03,9.429797402597403106e+02
1.973798968148012989e+02,-1.788154659294487601e+03,-8.744667397782095577e+02,6.103208180484506196e-01,nan,nan,1.078096871846619479e+03,1.193025066666666589e+03,1.299048792270531294e+03,1.448096216721158271e+03,1.318080652904464614e+03,1.151014667365112700e+03
-9.589599657876068051e+00,3.764550241800399277e+01,-2.784095346585999096e+02,3.957427833065052525e-01,9.579767441860465169e+02,8.390306486101211476e+02,nan,nan,1.299991695501730192e+03,7.300203366058906340e+02,1.254975372279496014e+03,5.080343082114735580e+02
5.208800094846526463e+02,-1.302005905461239763e+03,-2.461628820816801635e+03,6.163475018521026305e-01,nan,nan,1.315941532258064626e+03,9.510323590814195995e+02,1.301998393144081319e+03,1.321048122686409215e+03,1.311019628099173588e+03,8.869906928645294784e+02
-5.690896581896659256e+01,-1.255417460491908514e+03,4.523942038823500411e+02,5.501064825752334242e-01,nan,nan,7.680933682373472493e+02,1.133098596617488283e+03,1.319027390180878456e+03,1.167967908902691534e+03,1.313039057656540535e+03,1.117973262032085586e+03
1.814189747377034791e+02,-1.586994737677473722e+03,-4.885508902421553330e+02,1.318328653712669551e-01,nan,nan,1.023005259697567340e+03,1.165954636424282853e+03,1.326984464008285840e+03,1.364946185997910106e+03,1.338004243281470963e+03,1.126960839160839214e+03
1.035342283550998417e+02,-2.029803105881201191e+03,-4.053299363585744430e+01,5.287566093861176819e-01,9.519798761609906705e+02,1.626918956043956086e+03,9.249811529933481324e+02,1.375043287671232974e+03,1.331053134328358283e+03,1.552054483541430272e+03,nan,nan
6.887978219150927828e+01,-8.587881581685320498e+02,2.772587715607887660e+01,3.879087341277796530e-01,nan,nan,9.010027457440966145e+02,9.349774601429356835e+02,1.339070183702307986e+03,1.034989302088639761e+03,1.325031443298969180e+03,9.009727854855923397e+02
1.826933226920376114e+02,-8.333337845865358986e+02,-3.947354913161809122e+02,3.221544114999783104e-01,nan,nan,1.013035305818001007e+03,9.029858585858586366e+02,1.346003688092729135e+03,1.067000000000000000e+03,1.334931285788651849e+03,8.580133832976445092e+02
4.395855634823271316e+02,-7.477899646799528455e+02,-1.415246912693095737e+03,4.311418715515482614e-01,nan,nan,1.219012714206744022e+03,8.339967105263158373e+02,1.352008034279592948e+03,1.117999456816947259e+03,1.344967266775777489e+03,7.729942759015455067e+02
4.610345172890332606e+02,-6.076244277654733423e+02,-1.415430404122575965e+03,7.893381079818481139e-01,1.245924934152765672e+03,1.130929333333333261e+03,nan,nan,1.360940573770491710e+03,1.076002183406113545e+03,1.348998919502971376e+03,7.280031762837479619e+02
3.220900529419735108e+02,-1.626285049425156330e+03,-5.056135190660567673e+02,4.696581361720841841e-01,nan,nan,1.072045940170940185e+03,1.183995570321151718e+03,1.378953097857556486e+03,1.385046581972171907e+03,1.387001253918495195e+03,1.133010342598577836e+03
1.256841215008502530e+02,-3.405664975196838782e+02,1.134450452741701696e+02,6.663681665856637792e-01,9.389510910458991475e+02,9.170229007633587344e+02,9.059756367663344463e+02,7.230321864594894805e+02,1.379960028050490791e+03,8.199761904761904816e+02,nan,nan
2.297294338201625692e+02,-1.488131690342901493e+03,-1.379015359322498284e+02,8.106814474577568319e-01,nan,nan,9.870127272727272612e+02,1.171000000000000000e+03,1.380015508021390360e+03,1.315956116291826675e+03,1.384974493132766611e+03,1.129035714285714221e+03
2.780214960306001899e+02,-1.578205751772316489e+03,-2.707799907579027376e+02,9.597079594663711077e-01,1.056962180746561899e+03,1.429017273576097068e+03,nan,nan,1.386055523755008608e+03,1.358024613623354298e+03,1.391059442724458222e+03,1.144998051948051852e+03
1.365050224371129843e+02,-1.057880790278524955e+03,2.922018325106761267e+02,6.421830842863490707e-01,nan,nan,8.770040045766589856e+02,1.040961031518624623e+03,1.391978907517576999e+03,1.098993318485523332e+03,1.381000540248514426e+03,1.007021598272138249e+03
4.400213910878256343e+02,-1.008481654075241408e+03,-8.845066190865284170e+02,9.960370674927206125e-02,nan,nan,1.163013263855992363e+03,9.448743432574431154e+02,1.392034986945169749e+03,1.172020711630377036e+03,1.387956929872998444e+03,8.849325120514193941e+02
2.619197356895202802e+02,-1.890168209946263914e+03,-1.166745059797743238e+02,5.226500583717780257e-01,nan,nan,9.939932056825200561e+02,1.322029102167182600e+03,1.393039798206277965e+03,1.491939645625692037e+03,1.404075427224513760e+03,1.280020564042303249e+03
6.752179425898685849e+02,-5.744687634569311285e+02,-1.790885445470319155e+03,1.908228739761619053e-01,nan,nan,1.323008142493638616e+03,7.739674348697394635e+02,1.394957663451232520e+03,1.095020678685047642e+03,1.386994617868675959e+03,7.039924406047516641e+02
5.292577584067146290e+02,-1.668819884435778249e+03,-1.043512625299518504e+03,3.430458033479336089e-01,nan,nan,1.200964270152505378e+03,1.152164599774520866e+03,1.401962570180910689e+03,1.412001239925604523e+03,1.409972039473684163e+03,1.085053586150041156e+03
5.997055868258379405e+02,-5.876640056417364804e+02,-1.341728668084762603e+03,5.695352233511937756e-01,nan,nan,1.265009750812567745e+03,7.889822866344605927e+02,1.407989735278227954e+03,1.068001077586206975e+03,1.398002103049421748e+03,7.210382231404959157e+02
1.423291970950149619e+02,-9.570253026036808706e+02,4.777972368359915549e+02,3.692971873005602146e-01,nan,nan,8.419865181711605828e+02,1.016006365740740762e+03,1.416998872604284088e+03,1.036013856812933000e+03,1.401050505050505080e+03,9.800803324099722431e+02
4.460796559958887997e+02,-1.427736808717708300e+03,-5.268422537729643409e+02,1.915496764714054445e-01,nan,nan,1.118967495219885222e+03,1.118092422980849278e+03,1.424977753662506757e+03,1.310029315960912072e+03,1.425984362139917721e+03,1.058070032573289836e+03
5.584220977470694152e+02,-9.328467230870348885e+02,-9.273775543632644940e+02,4.457166501712072626e-01,1.234030565461029028e+03,1.202945005045408607e+03,nan,nan,1.428039576365663379e+03,1.151953783939919049e+03,1.422970997679814445e+03,8.540046565774156306e+02
3.410068780793806695e+02,-4.332884180095110196e+02,-5.763088585683735232e+01,9.210504814197927326e-01,1.044018328445747784e+03,9.599419770773638447e+02,1.022010050251256303e+03,7.639959016393443108e+02,1.445003968253968196e+03,8.890204885736800406e+02,nan,nan
5.978914121578944787e+02,-9.013686753358960004e+02,-8.667019741820374747e+02,3.003296408246952098e-01,nan,nan,1.214987816764132504e+03,9.139842442146725716e+02,1.447955149501661026e+03,1.139015339233038276e+03,1.441029933481152966e+03,8.449881288863764439e+02
3.978435555022551853e+02,-9.944870442566345901e+02,-1.592408576625521164e+02,8.014524688634010186e-02,nan,nan,1.055034096963239108e+03,9.879941239316239034e+02,1.449983390607101910e+03,1.119001129305477207e+03,1.440950819672131047e+03,9.310064896755162636e+02
4.138060693844572597e+02,-1.021946228239909374e+03,-1.616441986180087724e+02,2.723665403477626423e-01,nan,nan,1.061006951871657748e+03,9.990149174214171808e+02,1.455971935853379136e+03,1.130965136548518331e+03,1.446980692788188435e+03,9.410102447353443722e+02
6.106418759314283307e+02,-9.153615082217074814e+02,-7.680476548657020430e+02,2.915304186922092478e-01,nan,nan,1.208990726429675533e+03,9.249661105318039063e+02,1.461965862271924607e+03,1.138006516587677652e+03,1.455003917179630662e+03,8.549842342342342363e+02
5.146100215208502959e+02,-1.490455442551412261e+03,-3.038016332855706878e+02,2.063830765319069338e-01,nan,nan,1.114032825322391545e+03,1.166960147148988426e+03,1.475070307960487980e+03,1.329941975308641986e+03,1.473965024982155683e+03,1.100961428571428542e+03
6.116711458004916722e+02,-4.983736746184005710e+02,-6.699437906460784689e+02,8.360090109458435670e-01,nan,nan,1.203972785485592340e+03,7.779934029686640997e+02,1.475934520025429038e+03,9.880032959789057259e+02,1.462956851311953415e+03,7.070625000000000000e+02
9.141484827392986290e+02,-9.842586569576262718e+02,-1.529646863661580710e+03,8.937056331192058112e-01,nan,nan,1.369961328705998994e+03,9.159428710937500000e+02,1.481982089552238904e+03,1.209050230946882266e+03,1.479954108858057680e+03,8.310357732526141490e+02
1.258495392307639349e+03,-1.417518221191280418e+03,-2.159472746457968697e+03,2.930012767319493672e-01,nan,nan,1.498042434394193151e+03,1.018033560864618835e+03,1.520976699029126166e+03,1.361982535575679094e+03,1.523952495490078263e+03,9.170050505050504626e+02
6.179705160347319861e+02,-1.328010582900662484e+03,-1.929318000595397393e+02,2.500566920574809338e-01,nan,nan,1.139013314646110757e+03,1.122967514124293757e+03,1.529987532808399010e+03,1.262960771276595779e+03,1.522960943856794074e+03,1.048904680851063858e+03
1.250379981058729300e+03,-1.012760506761724400e+03,-1.975759676734284540e+03,2.691440148330724313e-01,nan,nan,1.495974863387978075e+03,9.119868421052631220e+02,1.535931421446384093e+03,1.241964501004688600e+03,1.534997147746719975e+03,8.150064365125804215e+02
9.200466919130453789e+02,-1.010016599018102966e+03,-8.507115941408540039e+02,1.800385868605337836e-01,nan,nan,1.321977951984321408e+03,9.629934508816120342e+02,1.555049908703590972e+03,1.184996111471160020e+03,1.550008832807571025e+03,8.749697156983930881e+02
1.198225840988672417e+03,-1.870355014988020230e+03,-1.392259083269094617e+03,4.379474553569843720e-01,nan,nan,1.433011661807580140e+03,1.205989027066569179e+03,1.580004376367614896e+03,1.494966438356164417e+03,1.578010043041606878e+03,1.094004615384615363e+03
8.943563869219859725e+02,-5.140501050272669090e+02,-5.193402798825987929e+02,5.034746719882727817e-01,nan,nan,1.291967553191489287e+03,7.959587519830777183e+02,1.588976586102719011e+03,9.899725111441307490e+02,1.581001281229980805e+03,7.120163624921334531e+02
1.107721317312424617e+03,-7.963507046425231692e+02,-1.066948615417112705e+03,4.539618751673309416e-01,nan,nan,1.406970933482392411e+03,8.820370985603543659e+02,1.589045242847638065e+03,1.131979606188466960e+03,1.585021999999999935e+03,7.880094022834116458e+02
1.085483452065423307e+03,-3.703792334050373825e+02,-9.607312034605145072e+02,4.163434620635768635e-01,nan,nan,1.401967484312606985e+03,7.339440361786320182e+02,1.595058315334773170e+03,9.880257575757575523e+02,1.591013210039630167e+03,6.460080971659918987e+02
1.002729875370738910e+03,-1.736665922308877498e+03,-6.308060363397501078e+02,2.334265663978136729e-01,nan,nan,1.319042836041358896e+03,1.238966500356379129e+03,1.612992587101556637e+03,1.445013828238719043e+03,1.604951661631419938e+03,1.133004016064257030e+03
1.203492812886281854e+03,-3.838162026263635767e+02,-1.063567180867051320e+03,5.223857968090171999e-01,nan,nan,1.449991060786650678e+03,7.389646851088875792e+02,1.618941176470588289e+03,1.005003819709702043e+03,1.615997067448680355e+03,6.470028943560057542e+02
1.791931454744511711e+03,-1.924106038454138115e+03,-2.362408690191215555e+03,9.850856234161468050e-01,nan,nan,1.644950839328537086e+03,1.156992439862543051e+03,1.644987783595113342e+03,1.518991087344028529e+03,1.647792645556690559e+03,1.027070024570024543e+03
1.210560604891291177e+03,-4.111466384072531355e+02,-7.903419199144710774e+02,5.788310823505278258e-01,nan,nan,1.435001157407407391e+03,7.559574344023324102e+02,1.655966666666666697e+03,9.910304026294165851e+02,1.654024962178517399e+03,6.610187969924811568e+02
1.375298920891727903e+03,-1.995220304613749249e+03,-1.080859566473970517e+03,3.783529088046146405e-01,1.558982236842105294e+03,1.579001908396946646e+03,1.471060102301790266e+03,1.286986772486772452e+03,1.676917266187050473e+03,1.545025547445255370e+03,nan,nan
1.099370998834549027e+03,-1.583091280327856794e+03,-3.967768296935398666e+02,1.531165954515086580e-01,nan,nan,1.337046561604584440e+03,1.217975971731448681e+03,1.682005000000000109e+03,1.384969902182091801e+03,1.668085258964143350e+03,1.102909090909090992e+03
1.331701547720554800e+03,-1.931692962527194140e+03,-9.420311466111229493e+02,4.336681789807382281e-01,1.533051570835803204e+03,1.555930017351070092e+03,1.450951658234963361e+03,1.281976245654693003e+03,1.682100383141762450e+03,1.522958132045088632e+03,nan,nan
1.218690521463734058e+03,-1.159297664018143223e+03,-6.176799327070634718e+02,3.440645225902319027e-01,nan,nan,1.408030028328611934e+03,1.044987243483083830e+03,1.686000000000000000e+03,1.235017829457364314e+03,1.677979835698282386e+03,9.329977358490566530e+02
1.559436327076447697e+03,-1.478292920420904466e+03,-1.336066952020354393e+03,2.442362458215678045e-01,1.618034097954122672e+03,1.383968668407310815e+03,nan,nan,1.693985559566787060e+03,1.372045756457564494e+03,1.686074074074074133e+03,9.749795114263199594e+02
1.251972698043395667e+03,-1.403263149507643220e+03,-4.518294723763302159e+02,1.462390992938248369e-01,nan,nan,1.403004777070063710e+03,1.152916932907348155e+03,1.725955732946298895e+03,1.320025143678160930e+03,1.711989103101424917e+03,1.030040564373897723e+03
1.778006156083678434e+03,-1.641946361314780916e+03,-1.583748692958514312e+03,2.124225532147135942e-01,1.706957720588235361e+03,1.441996065573770466e+03,1.629982911825017027e+03,1.142058823529411711e+03,nan,nan,1.717137588652482236e+03,1.000017377567140556e+03
2.059789908131183893e+03,-1.764147396958341005e+03,-2.224226476612789156e+03,9.429764548340434649e-01,nan,nan,1.723945080091533100e+03,1.133973817567567494e+03,1.729070432357043273e+03,1.477012451361867761e+03,1.724891142663962228e+03,9.880039154267815320e+02
2.090579876508591497e+03,-1.853174482142864008e+03,-2.275420487884716749e+03,7.983527300637986990e-01,nan,nan,1.731027657735523007e+03,1.155992786293958488e+03,1.730063150074294299e+03,1.503023007395234117e+03,1.730935667752442896e+03,1.007009066183136952e+03
1.645556587578704466e+03,-1.454976099237275548e+03,-1.126708694026541252e+03,5.377830843318071041e-01,nan,nan,1.578909090909090992e+03,1.118994912379875586e+03,1.748988120195667307e+03,1.363052388289676401e+03,1.738099264705882433e+03,9.809425379090183696e+02
1.429092863912135044e+03,-1.314280986143792916e+03,-5.463032892666055886e+02,2.484811482746815126e-01,nan,nan,1.478978562421185416e+03,1.117976190476190368e+03,1.769998191681735989e+03,1.294017605633802759e+03,1.757041821561338338e+03,9.860168650793650613e+02
2.090738271296771927e+03,-7.177419115911375229e+02,-1.822757190860073933e+03,1.028218764072948987e+00,1.777965170797052906e+03,1.140017130620984972e+03,nan,nan,1.774972536348949916e+03,1.172003210272873275e+03,1.776968871595330711e+03,7.219861431870670003e+02
1.596016868260755018e+03,-2.103653281890248763e+03,-7.336898122518944092e+02,6.821616963779280063e-01,1.636062402496099821e+03,1.626931333859510687e+03,1.528017430600387343e+03,1.380923169267707181e+03,1.806923076923076906e+03,1.595960272417707074e+03,nan,nan
1.500814633188936341e+03,-1.983625260044377683e+03,-4.842338019176580133e+02,9.392388251781204067e-01,1.580086435331230177e+03,1.579910006293266179e+03,1.483892800000000079e+03,1.371963176064441996e+03,1.817050380228136873e+03,1.552006603773584857e+03,nan,nan
1.495376411141811559e+03,-1.954183070867384231e+03,-4.130601777002324297e+02,6.255170032120805912e-01,nan,nan,1.479108458744161908e+03,1.371021943573667613e+03,1.827947749196141558e+03,1.542025488530161510e+03,1.796136764705882342e+03,1.212972881355932259e+03
2.262464868413796012e+03,-1.239623691186278847e+03,-1.722806653998927004e+03,1.214042339840148560e-01,1.858990237099023716e+03,1.297022578295702942e+03,1.802953029271613332e+03,1.024955395683453162e+03,nan,nan,1.831998538011695928e+03,8.690247678018575925e+02
1.841534137457007546e+03,-1.363553332974941668e+03,-8.960178807598562116e+02,5.819342395095251641e-01,nan,nan,1.645914338919925513e+03,1.117950240770465598e+03,1.844944206008583706e+03,1.332109841269841354e+03,1.830856619890176944e+03,9.638867505551443173e+02
1.512024209499076051e+03,-1.836927994201157389e+03,-2.812175374157959027e+02,6.187077944687349174e-01,nan,nan,1.481024117647058802e+03,1.349948243992606194e+03,1.856998154981549760e+03,1.495921843687374803e+03,1.824883950617283972e+03,1.188972667295004612e+03
1.944706419171629022e+03,-1.487790150398490368e+03,-9.497785777908527507e+02,8.130299787274305467e-01,1.755016801075268859e+03,1.368953061224489829e+03,1.680943517329910037e+03,1.159987831066571289e+03,nan,nan,1.851885509838998132e+03,9.959458631256384251e+02
1.466327222106584713e+03,-1.981067341945694125e+03,-2.181850755477467985e+00,2.333845723123386395e-01,nan,nan,1.440002267573696145e+03,1.447983304548071374e+03,1.902062032085561441e+03,1.559905973451327327e+03,1.857948805460750918e+03,1.277978819969742744e+03
1.656207707181399201e+03,-1.317557031701722281e+03,-2.118087967012029083e+02,6.606971658527628355e-01,nan,nan,1.551007960199005083e+03,1.166074181117533726e+03,1.912952464788732414e+03,1.291001908396946646e+03,1.891155896607431259e+03,1.009083173996175901e+03
1.317699916960946666e+03,-1.570891185358334724e+03,3.655975884350502838e+02,7.906099020486165863e-01,1.418970205850487446e+03,1.378006553795740047e+03,nan,nan,1.913997299729973065e+03,1.368982845610494451e+03,1.877026262626262678e+03,1.182051311288483475e+03
1.906347569545959232e+03,-1.265455887024361573e+03,-2.881209660492586409e+02,9.010018813996657494e-01,nan,nan,1.661064306358381600e+03,1.149961654135338449e+03,1.981021291696238450e+03,1.280006425702811157e+03,1.963102564102564202e+03,9.759753199268739081e+02
1.945172634555207878e+03,-1.203481287935281671e+03,-3.426884686725451843e+02,4.229297014940913702e-01,nan,nan,1.681039650145772612e+03,1.121033483580167513e+03,1.981960120391271630e+03,1.260019674935842659e+03,1.964971134020618592e+03,9.480468920392584096e+02
2.167658101461066963e+03,-1.151907837381446598e+03,-5.053391686356467858e+02,3.215990905889079543e-01,1.829024494794856082e+03,1.204991908293998677e+03,nan,nan,2.018973519163763058e+03,1.253984937238493785e+03,2.004982428115015864e+03,9.129497098646035056e+02
2.032591288068726953e+03,-9.210800671796324650e+02,-1.828157646096340443e+02,5.602160726169156391e-01,nan,nan,1.726956830277942117e+03,1.024079207920791987e+03,2.039982528263103859e+03,1.149970114942528653e+03,2.034057502246181457e+03,8.539828629032258505e+02
2.414790763940616671e+03,-1.287565702669566008e+03,-7.169517487759776486e+02,4.115184612502969380e-02,1.940933962264150978e+03,1.265009701492537260e+03,nan,nan,2.054967914438502703e+03,1.315015044247787500e+03,2.036048335974643351e+03,9.370469157254560741e+02
1.946660004495648991e+03,-1.404939244953360912e+03,-4.109244786195777266e+01,3.864067274680251796e-01,nan,nan,1.665976123595505669e+03,1.240022837370242314e+03,2.057004055150040585e+03,1.328060686015831152e+03,2.025958289885297290e+03,1.047914686825054105e+03
2.408310709702620443e+03,-9.653023517253457157e+02,-5.459827618320500733e+02,4.613017826229044438e-01,1.922918788713007643e+03,1.122030046224961552e+03,1.887959365079365170e+03,1.026062860808210417e+03,nan,nan,2.076967741935483900e+03,8.399873873873873436e+02
2.356756568025765773e+03,-1.081448227644833651e+03,-4.666453209168233229e+02,5.010815123208335331e-01,nan,nan,1.861983272727272833e+03,1.077939855653568657e+03,2.085052581261950309e+03,1.232962771458117913e+03,2.075937347436940399e+03,8.859155722326454452e+02
1.935919516018456534e+03,-1.347514671263714945e+03,1.033902219670708718e+02,9.653622771511423117e-01,nan,nan,1.658032286995515733e+03,1.234072504708097995e+03,2.087982456140350678e+03,1.301018148820326587e+03,2.055982695810564564e+03,1.041013875123885100e+03
2.162242202452011043e+03,-1.072089130442055421e+03,-1.801505344749193966e+02,4.865977099778076576e-01,nan,nan,1.777936701156421123e+03,1.093938518518518549e+03,2.088910655737704928e+03,1.211105595667870148e+03,2.075971768202080057e+03,9.068454106280192946e+02
1.964136975443587744e+03,-1.366743613670997320e+03,6.409737709288589258e+01,7.372505735106115177e-01,nan,nan,1.671978576893649688e+03,1.239074921135646719e+03,2.089030797101449480e+03,1.310026476578411348e+03,2.055966133584195632e+03,1.043920251836306306e+03
2.496591783347058936e+03,-1.258019438285595925e+03,-6.541320369273977349e+02,2.538713386347157819e-01,nan,nan,1.908959413202934002e+03,1.133979247730220550e+03,2.093036048064085662e+03,1.305067729083665427e+03,2.074059290953545315e+03,9.298912564290963019e+02
2.193831905603130963e+03,-1.101727232988170726e+03,-2.038203183263285325e+02,3.593979692373023838e-01,nan,nan,1.791006671608598936e+03,1.105959036144578249e+03,2.093993897787948299e+03,1.223989333333333434e+03,2.081101241642788864e+03,9.150474683544304071e+02
2.105048871508029151e+03,-1.116035616194443264e+03,-4.693310776874320567e+01,5.965751455503597311e-01,nan,nan,1.748970896391152564e+03,1.125043708609271562e+03,2.102053551912568309e+03,1.219009153318077779e+03,2.086954657873041924e+03,9.350309859154929200e+02
2.412549552069845504e+03,-1.317911624823698958e+03,-4.985855696411400118e+02,2.122817655087627653e-01,nan,nan,1.874120494889725705e+03,1.171016979987871537e+03,2.103981366459627225e+03,1.319935779816513786e+03,2.080007284079084457e+03,9.629267759562841320e+02
1.849985671024083103e+03,-1.077976018106036236e+03,3.354061971575175107e+02,9.852040358711162682e-01,nan,nan,1.619036687048360136e+03,1.140937807881773324e+03,2.106098649442160877e+03,1.173008632138114308e+03,2.084985422740524882e+03,9.590333692142088466e+02
1.909375871959575306e+03,-1.078374371933794464e+03,2.600793838178505553e+02,3.111904363199508583e-01,nan,nan,1.650931516422082495e+03,1.135044918998527237e+03,2.108145948945616055e+03,1.179952991452991455e+03,2.090001077586206975e+03,9.510430351075877979e+02
1.949502860089153728e+03,-1.527856824883084755e+03,1.464907933088687173e+02,2.078406930543694742e-01,nan,nan,1.655929892141756454e+03,1.320049464138499616e+03,2.109998299319727721e+03,1.375070038910505900e+03,2.066935911602210126e+03,1.112977326968973784e+03
2.049498311206834842e+03,-1.092340957340582690e+03,7.059841149644104519e+01,3.058094028745683701e-01,nan,nan,1.722072944297082131e+03,1.125924078091106367e+03,2.111893877551020523e+03,1.201935763888888914e+03,2.095067453625632425e+03,9.361668092386655644e+02
2.111703092824200212e+03,-7.255605444744737724e+02,3.102495250690849460e+01,5.670533515664372137e-01,nan,nan,1.767992198581560388e+03,9.600014357501794393e+02,2.111955555555555748e+03,1.065070135746606411e+03,2.117935149863760216e+03,7.879891383055756933e+02
2.189833611100744747e+03,-1.167668190091321549e+03,-1.271697474037758013e+02,7.587314299173093524e-01,nan,nan,1.786046124279308060e+03,1.142971323529411848e+03,2.113104707792207591e+03,1.245021751740139280e+03,2.096009856630824288e+03,9.448780251694095114e+02
1.798925774915242982e+03,-1.049721008713885112e+03,4.542693949208497770e+02,7.088004600357168394e-01,1.626974033816425163e+03,1.096961638491547546e+03,nan,nan,2.115920077972709350e+03,1.151022295623451782e+03,2.096093192868719598e+03,9.589853345554537327e+02
1.841556963388951544e+03,-1.209192830289489848e+03,3.770091842345655664e+02,1.046781775428180100e-01,nan,nan,1.607908286403861666e+03,1.206893595041322214e+03,2.116936945812808062e+03,1.226034957627118729e+03,2.090025247971145291e+03,1.016966085271317866e+03
2.094095647308823118e+03,-1.220533175765943497e+03,2.219517726272804481e+01,9.272260448861935345e-01,nan,nan,1.738058958652373576e+03,1.178003341687552165e+03,2.121026295436968212e+03,1.256955076370170673e+03,2.095197923029933008e+03,9.798886612021857445e+02
1.941123548524482885e+03,-1.175662438515353415e+03,2.662595940677626345e+02,4.026276070009783825e-01,nan,nan,1.662017529880478151e+03,1.181961570593149645e+03,2.124990476190476329e+03,1.220992178770949749e+03,2.100984861976847696e+03,9.899307317073170225e+02
2.417362212314974386e+03,-1.128613860760181296e+03,-3.397663768713186982e+02,6.493667120512998103e-01,nan,nan,1.888006021306160164e+03,1.112894339622641610e+03,2.136014577259475118e+03,1.247013483146067529e+03,2.123063758389261693e+03,9.090226600985221239e+02
2.404216186333361748e+03,-1.206538930585649268e+03,-3.160833279622847272e+02,4.661566421157645190e-01,1.939974719101123583e+03,1.206039999999999964e+03,nan,nan,2.140983033932135640e+03,1.274056122448979522e+03,2.120972354623450883e+03,9.389301310043667854e+02
2.025842698284530343e+03,-1.023655285673031585e+03,2.579409927903598145e+02,1.193156841426877973e-01,nan,nan,1.708965909090909008e+03,1.115979423868312779e+03,2.148978571428571286e+03,1.162016666666666652e+03,2.135060544904137259e+03,9.249978471474704520e+02
2.210136168056604674e+03,-1.132677238648953107e+03,-5.587967068901179779e+00,3.314408886762095219e-01,nan,nan,1.796039845758354659e+03,1.142983657587548578e+03,2.151052102376599578e+03,1.226930555555555657e+03,2.132010400000000118e+03,9.409171656686626193e+02
1.905281815960536278e+03,-1.358180887376140618e+03,3.940456194626896718e+02,7.518713739356431836e-01,nan,nan,1.632081081081081038e+03,1.281889438943894447e+03,2.152952519379844944e+03,1.291996644295302076e+03,2.113951836734694098e+03,1.076959183673469397e+03
2.122899091127000702e+03,-9.057699612326855458e+02,1.722027327947714639e+02,3.416760353832770658e-01,nan,nan,1.763040917544947206e+03,1.056974198047419804e+03,2.157973708920187619e+03,1.124005411255411218e+03,2.152150404312668343e+03,8.681175190424373795e+02
2.308103707689786461e+03,-1.079739197093497751e+03,-9.528971399573455869e+01,4.539627949196662904e-01,nan,nan,1.843983692106979788e+03,1.115012480499219919e+03,2.159058151609553533e+03,1.213945235487404261e+03,2.145992992992993095e+03,9.110947158524426186e+02
2.104811058421975304e+03,-1.174099592750894772e+03,1.933238960227599819e+02,3.411599330141346087e-01,nan,nan,1.742057034220532387e+03,1.181026521060842470e+03,2.166982325581395344e+03,1.229957081545064284e+03,2.143024879614767087e+03,9.769959058341862601e+02
2.223195192790423789e+03,-1.038404850171228418e+03,7.947938801880395943e+01,1.423398371102491955e-01,nan,nan,1.805979397781299440e+03,1.112027303754266313e+03,2.174033632286995726e+03,1.186031460674157415e+03,2.161026805658972535e+03,9.110146551724137680e+02
1.984807527831770813e+03,-1.035294868284134054e+03,4.123846516677078853e+02,4.642943897387826202e-01,nan,nan,1.682973552537526757e+03,1.138999287241625098e+03,2.175960470085470206e+03,1.155010112359550476e+03,2.158828148148148102e+03,9.430625566636446138e+02
2.108358918797459410e+03,-1.217120018209435329e+03,2.192970360408905890e+02,1.888175642457368963e-01,nan,nan,1.741073338426279633e+03,1.203922054915854687e+03,2.177012686567164110e+03,1.246986238532110065e+03,2.149974583698510287e+03,9.959459734964322024e+02
1.980184520006485400e+03,-1.180635199743188650e+03,4.073817174881224332e+02,3.336582221653998093e-01,nan,nan,1.674997307001795434e+03,1.205994157740993160e+03,2.177988734835355444e+03,1.216998985801217032e+03,2.151976331360946915e+03,1.003942098914354688e+03
2.429700423193036841e+03,-1.271949743199793147e+03,-2.008327977287306396e+02,2.061100905586901177e-01,nan,nan,1.889061456245824957e+03,1.189989698890649834e+03,2.181037886340976911e+03,1.294974330357142890e+03,2.154942081447963574e+03,9.699672131147541450e+02
2.016051708335904323e+03,-1.061024975305733278e+03,3.910134961450572177e+02,5.624275900424168251e-01,nan,nan,1.698022154316272008e+03,1.148937391304347784e+03,2.182963265306122594e+03,1.168962243797195242e+03,2.164953860640301173e+03,9.519655521783181484e+02
2.330330895332889213e+03,-1.097549637263658724e+03,1.825790495216568843e+01,3.947741786076727766e-01,nan,nan,1.854030708661417293e+03,1.136999128919860595e+03,2.196996900826446108e+03,1.215962841530054675e+03,2.181889332003987874e+03,9.260057142857142480e+02
2.086875201180402655e+03,-1.181297454975300070e+03,3.294185657115742174e+02,6.446777101157576961e-01,nan,nan,1.729941064638783246e+03,1.202022727272727252e+03,2.198026291931097148e+03,1.225039755351682061e+03,2.171033550792171354e+03,9.929989082969432275e+02
2.074041995766656783e+03,-1.017898783906965718e+03,3.847794035582605829e+02,4.230673570695784314e-01,nan,nan,1.729023376623376635e+03,1.131930762489044810e+03,2.202033488372092961e+03,1.152974444444444543e+03,2.186114533205004591e+03,9.310596175478065106e+02
2.086663674680545682e+03,-9.697278081120235811e+02,4.022813485950243830e+02,3.630534387923646800e-01,nan,nan,1.736992231638418161e+03,1.112020962732919315e+03,2.208987676056337932e+03,1.132006833712983962e+03,2.197972809667673573e+03,9.119864029666255192e+02
2.267575922159429410e+03,-1.003584309580457557e+03,2.035195070601973839e+02,4.577325008839508436e-01,nan,nan,1.828051123160340921e+03,1.112924668874172085e+03,2.222070916489052706e+03,1.166959651387992153e+03,2.211035507844756467e+03,9.051024208566108200e+02
2.275530359382873485e+03,-1.050083593954839671e+03,1.894247533981077538e+02,4.211058392695143371e-01,nan,nan,1.830006997900629813e+03,1.133963682432432506e+03,2.223118421052631675e+03,1.186062961523513422e+03,2.208007213706041512e+03,9.218916500994035914e+02
2.154273493360639350e+03,-1.069260853873003953e+03,3.763829522907183787e+02,3.503010588878359144e-01,nan,nan,1.766940350877192941e+03,1.159970544918998485e+03,2.231927619047618919e+03,1.178034920634920582e+03,2.212990884229717267e+03,9.490000000000000000e+02
2.150736666389120273e+03,-1.015322721886798718e+03,4.090116838100680070e+02,5.483477070803196574e-01,nan,nan,1.767030769230769238e+03,1.138063021316033428e+03,2.238036132812500000e+03,1.153000000000000000e+03,2.222002132196162165e+03,9.299084444444443989e+02
2.401191128090790698e+03,-1.073157547156998589e+03,1.322458548827438847e+02,2.709478069019762292e-01,nan,nan,1.890008496176720428e+03,1.144011505273250350e+03,2.253048760330578716e+03,1.202963619402985159e+03,2.236900118906064108e+03,9.230459057071960842e+02
2.355792101873202682e+03,-1.020101397510459719e+03,4.031058397598797001e+02,5.806823677150990681e-01,nan,nan,1.870982485404503677e+03,1.151019855595667877e+03,2.314018324607329760e+03,1.163895598771750201e+03,2.298095238095238074e+03,9.249203899268886744e+02
