# X,Y,Z,error,cx_i,cy_i
-2.230915111786526268e+03,-1.348687346559365551e+03,4.085215279798870824e+02,2.463224699239382753e-01,2.619142857142857039e+01,1.377935185185185219e+03,2.601240852688514238e+01,1.064936484490398925e+03,nan,nan,2.590826271186440408e+02,1.255140342052313827e+03
-2.216310645867351013e+03,-1.326506068242562378e+03,3.720080843613125694e+02,5.091228437334172074e-01,4.493466721110657147e+01,1.370027528089887710e+03,4.211099137931034164e+01,1.054144196951934418e+03,nan,nan,2.700960102960103200e+02,1.238042063492063562e+03
-2.113916644535111573e+03,-9.042594258537658334e+02,4.986103624269601369e+02,4.079259690619703727e-01,5.981828442437923599e+01,1.193963022508038648e+03,9.118561710398445541e+00,9.048807817589577098e+02,nan,nan,2.739194729136164028e+02,1.048091781643671311e+03
-2.278882312003386232e+03,-9.996064347412348070e+02,3.049563859161997925e+02,3.284588645062819778e-01,6.909133489461358124e+01,1.246994652406417117e+03,3.194904740806380161e+01,9.239746192893401258e+02,nan,nan,2.199229249011857803e+02,1.078987603305785115e+03
-2.152088649882807658e+03,-1.331808192005684532e+03,3.510164452807726434e+02,6.910257954300577099e-01,7.112716763005779796e+01,1.371018181818181802e+03,6.990403706154864949e+01,1.057026479750778890e+03,nan,nan,3.068308786185880876e+02,1.233958037443512012e+03
-2.092408205748500677e+03,-1.383839518249410503e+03,3.951347731992493095e+02,3.862642169337975884e-01,7.211378737541528494e+01,1.388998966942148854e+03,7.503861003861004519e+01,1.082981173062997868e+03,nan,nan,3.361876623376623456e+02,1.262168822328114402e+03
-2.136702387405583522e+03,-1.387879475410032910e+03,3.351602230454031996e+02,5.890844867397174722e-01,7.901430517711172286e+01,1.392861153262518883e+03,8.196482716798058732e+01,1.076066037735849022e+03,nan,nan,3.210416036308623120e+02,1.257960515021459287e+03
-2.123778927688725616e+03,-1.428573947021074673e+03,3.337253411296699142e+02,2.807185845472539021e-01,8.105598455598455132e+01,1.409126286248830638e+03,8.805368647100929991e+01,1.091983886255924062e+03,nan,nan,3.310092547491476012e+02,1.275026517383618057e+03
-2.066707934599495729e+03,-7.703764209789134156e+02,4.958981653696057492e+02,3.624802251679080101e-01,8.302896022330774883e+01,1.139924174480228203e+03,1.995776031434184716e+01,8.530896624472574103e+02,3.320548327137546494e+02,8.279771371769384132e+02,nan,nan
-2.273526006710171259e+03,-9.773822176123833287e+02,2.511077650961157985e+02,4.334470750163807451e-01,9.001865423051299331e+01,1.241058148431522568e+03,5.100693909020817074e+01,9.129089236430543224e+02,2.339738079247817382e+02,9.509141989369779822e+02,nan,nan
-2.167156440894075331e+03,-7.874140694425865377e+02,3.421485755778369366e+02,6.547615764375591674e-01,1.020218978102189737e+02,1.162031408308004075e+03,4.408800000000000097e+01,8.490723684210526017e+02,nan,nan,2.571767293082766628e+02,9.749331578947368371e+02
-1.993640181382010269e+03,-9.916529638707861523e+02,4.636936303680673745e+02,7.538612845347624214e-01,1.040802781289506953e+02,1.226935745937961656e+03,6.504512148091014012e+01,9.420307692307692378e+02,3.571099476439790692e+02,9.440110650069156009e+02,nan,nan
-1.952179949396522034e+03,-1.331655459505909903e+03,4.387977275566439630e+02,4.302989893581745662e-01,1.049579478553406204e+02,1.362956746287927672e+03,1.019328140214216205e+02,1.072951219512195166e+03,nan,nan,4.002494985960689746e+02,1.238011783610069642e+03
-1.957709643202107827e+03,-1.054353760309035351e+03,4.792761355699551586e+02,1.671599518199194667e-01,1.061417058428475428e+02,1.248847856154910005e+03,7.407620263942102667e+01,9.688837209302325846e+02,3.700311572700296665e+02,9.759185867895545243e+02,nan,nan
-2.158778664401246715e+03,-7.139825679427076466e+02,3.390893187529310353e+02,5.861688163159640697e-01,1.102012232415902133e+02,1.133852638793694268e+03,4.409899888765294662e+01,8.198163265306122867e+02,3.060037523452157870e+02,8.210084116773874712e+02,nan,nan
-2.193028784936720967e+03,-9.977714845624051350e+02,2.466260571958997900e+02,1.780695128714823161e-01,1.142074006395614418e+02,1.247004643064422453e+03,7.790284142988083715e+01,9.230051759834368568e+02,nan,nan,2.731402271837054627e+02,1.067016112266112259e+03
-1.936848486327810633e+03,-9.842024950302541129e+02,4.777176649490928071e+02,5.268169021097660609e-01,1.179518140589569128e+02,1.221008468595624663e+03,7.797849462365591933e+01,9.419659348978046864e+02,3.870307621671258289e+02,9.420105590062112242e+02,nan,nan
-2.121239033547243253e+03,-9.185498896570901479e+02,3.159093169712243139e+02,3.888453306937879606e-01,1.179988465974625171e+02,1.210962361623616289e+03,7.287927927927927385e+01,8.999252150893447606e+02,3.112223979753242702e+02,9.219804791481809616e+02,nan,nan
-1.910446019835043217e+03,-1.052880225353010928e+03,4.832468119318320419e+02,4.414768907484021843e-01,nan,nan,8.799623858140785160e+01,9.710121293800539206e+02,3.951535508637235807e+02,9.769840534979423410e+02,3.968794871794871710e+02,1.110008766437069426e+03
-1.884742593028424835e+03,-1.152700810837019162e+03,4.890361306623129849e+02,3.133627676117061722e-01,1.211407731582786340e+02,1.285889615699100659e+03,9.799338235294118249e+01,1.010892599277978320e+03,nan,nan,4.171499723298284721e+02,1.157913718187461200e+03
-1.853362565253334651e+03,-1.328726942946592317e+03,4.888780113228644950e+02,1.568591201448115424e-01,1.212169491525423695e+02,1.357023554603854336e+03,1.159063643013898997e+02,1.080912745936698002e+03,nan,nan,4.461241345202769253e+02,1.240011896893588982e+03
-2.117659996913318537e+03,-1.350339276472040183e+03,2.241235999800265688e+02,2.066199522727836246e-01,1.239388960205391470e+02,1.380984286101327598e+03,1.231205936920222683e+02,1.053918552036199117e+03,nan,nan,3.418779874213836365e+02,1.222023144453311943e+03
-1.834131204166248835e+03,-1.278266816017378687e+03,4.985936023447580965e+02,7.504778764798002433e-01,1.273014354066985589e+02,1.336091144149967704e+03,1.160843454790823159e+02,1.063118194842406865e+03,nan,nan,4.519467680608365185e+02,1.215983816013628712e+03
-2.129411193433083554e+03,-9.610253538798006048e+02,2.567425803819492671e+02,3.328212078693140175e-01,1.321613023952095887e+02,1.230907126436781709e+03,9.218463302752293487e+01,9.119593869731801306e+02,nan,nan,3.020367316341828996e+02,1.048082575757575796e+03
-1.922128936554899838e+03,-8.965423962805544988e+02,4.637060401291778930e+02,6.427360514501352373e-01,1.321623449830890706e+02,1.185206226192039821e+03,8.401719197707735987e+01,9.068192771084337664e+02,4.029658920539729934e+02,9.031050338818973842e+02,nan,nan
-2.111907712515685489e+03,-7.873654254737560905e+02,2.985696763332414889e+02,4.443527411337566124e-01,1.339483282674771942e+02,1.162895104895104851e+03,7.606345565749235504e+01,8.488086367485182109e+02,3.289847560975609895e+02,8.630119496855345460e+02,nan,nan
-2.005157095412922672e+03,-1.003714313196786065e+03,3.594921600611311874e+02,1.279286050039931399e-01,1.340152848540991215e+02,1.237045774647887356e+03,9.823056603773585493e+01,9.389401483050847901e+02,3.610006602839220591e+02,9.638793828892005422e+02,nan,nan
-1.826368326413196201e+03,-1.174112377582093586e+03,4.957738515311863239e+02,6.714177362297326646e-01,1.359863842662632294e+02,1.293017886178861772e+03,1.160208092485549116e+02,1.022016702977487284e+03,nan,nan,4.490289139633286482e+02,1.165952380952380963e+03
-2.094754745060030928e+03,-9.018656925098097190e+02,2.829317423216781435e+02,5.654162882274768043e-01,1.380604192355117164e+02,1.205891710231516072e+03,9.112559523809524364e+01,8.919794207317073642e+02,nan,nan,3.121022950819672133e+02,1.021956296296296273e+03
-2.144448924334970798e+03,-9.203682492639117072e+02,2.305509452675099169e+02,2.366951115566278130e-01,1.382476635514018710e+02,1.217274546474658791e+03,9.514412811387900604e+01,8.949671052631579187e+02,3.090376873661670061e+02,9.331003443187407811e+02,nan,nan
-2.081164230048471381e+03,-6.118788546324163917e+02,3.383818435536820743e+02,5.607118691437797953e-01,1.390263565891472979e+02,1.093916666666666742e+03,6.504081632653061718e+01,7.819562682215743052e+02,3.550302539168017120e+02,7.779194139194139552e+02,nan,nan
-2.027226098214381636e+03,-7.639080361501480638e+02,3.646303518850990031e+02,3.651594647125332993e-01,1.390714754098360686e+02,1.145870806566738111e+03,7.900332446808511122e+01,8.447870830376152753e+02,3.680284757118927814e+02,8.480064161319889990e+02,nan,nan
-1.900295676457440550e+03,-1.133918507600835255e+03,4.175183130302137897e+02,1.949804034660775898e-01,1.409818621523579338e+02,1.282019167217448739e+03,nan,nan,4.010768833849328985e+02,1.025944877171959206e+03,4.148172942817294029e+02,1.140042283298097345e+03
-1.880729893626010607e+03,-8.849939580305957634e+02,4.752453073962897747e+02,2.901819651608019690e-01,1.420736842105263236e+02,1.179075091575091619e+03,9.304194756554306878e+01,9.040222841225627235e+02,4.250845141700405065e+02,8.980139328689043623e+02,nan,nan
-2.161446722808030245e+03,-1.063704506906523193e+03,1.755205868289900479e+02,2.980688100307256616e-01,1.429915540540540633e+02,1.274135977337110489e+03,1.139370967741935488e+02,9.439744479495268479e+02,nan,nan,3.039643750000000182e+02,1.088015612802498026e+03
-2.125688846207305232e+03,-7.337783229783584602e+02,2.602966010921301176e+02,5.418055026072684521e-01,1.440498812351544018e+02,1.146040688575899821e+03,8.305771891678197960e+01,8.251206972639010928e+02,3.309007551240561043e+02,8.439584799437016045e+02,nan,nan
-2.112430313789739557e+03,-8.832707051447054027e+02,2.414636840836930958e+02,6.915603922642965529e-01,nan,nan,9.999488926746167294e+01,8.819071146245058799e+02,3.280673216885007264e+02,9.159334963325183026e+02,3.061664876476906443e+02,1.009947169811320805e+03
-2.119772560540457107e+03,-6.606276239866020887e+02,2.764077290643333527e+02,2.433611078258325622e-01,1.450924932975871400e+02,1.118026548672566378e+03,7.605514705882353610e+01,7.978948863636363740e+02,3.380051282051281873e+02,8.080332717190387939e+02,nan,nan
-1.887334325418704793e+03,-1.302518455800653783e+03,3.855634849734323666e+02,1.768218112957513355e-01,1.461661738616203365e+02,1.350849200833912391e+03,1.390190839694656404e+02,1.060045064377682365e+03,3.979818401937046133e+02,1.113974881194840464e+03,nan,nan
-2.123071094441563673e+03,-9.971802329780099399e+02,2.108247109648418416e+02,6.929954580138404374e-01,1.469480968858131575e+02,1.247008252063015789e+03,nan,nan,3.160014204545454390e+02,9.721103202846975364e+02,3.141172219991971133e+02,1.060060185185185219e+03
-1.972002780683782021e+03,-1.344997677695743960e+03,2.916498832994351460e+02,2.916726016128363685e-01,1.479211195928753284e+02,1.373049001814882104e+03,1.449426142401700304e+02,1.063956170703575481e+03,nan,nan,4.069022457067371192e+02,1.222993611793611763e+03
-1.867158169583611425e+03,-1.110455385057767671e+03,4.334305084200946681e+02,4.741797364451376673e-01,1.482359813084112261e+02,1.270974310776942275e+03,1.208990546927751524e+02,9.910525718608168972e+02,4.189470879330034450e+02,1.014142093541202712e+03,nan,nan
-2.165261868337960550e+03,-8.936002468797518077e+02,1.769020201711575737e+02,3.649453471476301059e-01,1.500285969615728447e+02,1.211048249763481635e+03,1.059454877412623830e+02,8.810024536532170032e+02,3.070534351145038272e+02,9.269541176470588653e+02,nan,nan
-1.891281745783362112e+03,-1.181726314523586780e+03,3.863027571214006457e+02,6.705842262887381500e-01,1.509877049180327901e+02,1.302952855847688170e+03,1.330557432432432563e+02,1.013756448710257928e+03,4.050859656137545244e+02,1.053000535618639560e+03,nan,nan
-1.906941427822774131e+03,-8.569041715755324731e+02,4.235568959106043394e+02,3.343359219419968498e-01,1.527824314306893996e+02,1.172917808219178141e+03,1.009807321772639739e+02,8.891287057122198121e+02,4.180057183702644465e+02,8.899528593508500762e+02,nan,nan
-2.079362590021533833e+03,-9.077980965546396419e+02,2.396293033829980743e+02,5.159439226485620367e-01,1.560836718115353392e+02,1.210076124567474153e+03,1.109355828220858911e+02,8.929808917197452729e+02,nan,nan,3.259245001492091660e+02,1.019041873030166585e+03
-1.771380277700557144e+03,-1.219750680301936200e+03,4.824140344964984024e+02,4.398806637944566167e-01,1.571070075757575637e+02,1.310020898641588246e+03,1.401661585365853568e+02,1.041935127674258183e+03,4.580909985243482652e+02,1.068068753493571876e+03,nan,nan
-2.162488324203362936e+03,-1.307027977977576711e+03,8.292445189916288939e+01,2.677544282576961865e-01,1.579439754412893251e+02,1.368933913043478242e+03,1.538930366116295829e+02,1.025025179856115074e+03,nan,nan,3.338130808950086248e+02,1.184991803278688622e+03
-1.831844971797077960e+03,-1.277835338120958568e+03,3.940538214478766577e+02,5.185128840974861930e-01,1.621043643263757019e+02,1.338941921858500564e+03,1.531167127071823302e+02,1.053070411392405049e+03,4.291012461059190173e+02,1.103993951612903174e+03,nan,nan
-2.209543779724484466e+03,-9.541652503031479000e+02,8.285827192958042531e+01,3.844495870847282060e-01,1.630715563506261105e+02,1.240095953002610941e+03,1.261438809261300946e+02,8.970141944641590044e+02,2.909983136593592121e+02,9.639839285714285779e+02,nan,nan
-1.857415545966150603e+03,-1.101092862844205229e+03,3.980182441948623477e+02,3.552777656552388863e-01,1.631376205787781259e+02,1.268895629484670508e+03,1.360840611353711722e+02,9.850751121076233403e+02,4.280763779527559336e+02,1.013978930307941710e+03,nan,nan
-1.828238821477463944e+03,-1.134959002350618903e+03,4.225495353699553789e+02,9.190550525007313842e-01,1.631411444141689344e+02,1.281067828251400215e+03,1.380110441767068323e+02,1.000979074889867888e+03,4.390780648708081344e+02,1.029073093887838695e+03,nan,nan
-1.938305630460537941e+03,-8.558107952357546537e+02,3.547661428716182854e+02,3.387303030675030691e-01,nan,nan,1.150287206266318520e+02,8.839198036006546317e+02,4.080032626427405944e+02,8.970681216931217250e+02,3.820574074074074247e+02,1.000964326812428112e+03
-1.942771072109010902e+03,-1.376885004292954818e+03,2.631758388882772124e+02,5.108707260931047989e-01,1.649567307692307736e+02,1.386043694141013020e+03,1.640927299703264168e+02,1.073860568383659029e+03,nan,nan,4.270328521652563722e+02,1.231912865497075927e+03
-2.285958381435073989e+03,-9.549080268902998796e+02,7.550945004042080910e+00,4.603871980618852167e-01,1.650000000000000000e+02,1.246000993048659439e+03,1.270315789473684163e+02,8.909497326203209013e+02,2.619879621668099503e+02,9.700543478260869961e+02,nan,nan
-2.131341216895707021e+03,-1.293580372039693657e+03,9.154342961384669763e+01,5.060519529306577446e-01,1.662018834608593352e+02,1.363002861230329017e+03,1.588792822185970692e+02,1.022015999999999963e+03,nan,nan,3.470529531568228094e+02,1.179016000000000076e+03
-1.982201084372839205e+03,-1.018899707909646850e+03,2.722557757882624401e+02,5.260068324478515134e-01,1.680028382213812677e+02,1.247008179959100289e+03,1.360317324185248822e+02,9.399433771486350224e+02,3.809367609254498461e+02,9.829681122448979522e+02,nan,nan
-1.869806533613032116e+03,-8.564266566731125749e+02,4.092850952968565821e+02,3.679404025756913832e-01,1.689245727754861548e+02,1.172938729198184546e+03,1.179912162162162161e+02,8.889081300813007829e+02,4.391317898486197464e+02,8.938394698085419350e+02,nan,nan
-1.829692516455187615e+03,-1.300946635292424389e+03,3.751968535601970416e+02,4.947468230413974433e-01,1.690196703880914413e+02,1.349072179397337095e+03,1.600385852090032017e+02,1.060966024915062235e+03,4.299532563025210266e+02,1.117019112207151693e+03,nan,nan
-1.916845185787962009e+03,-1.514487097859028836e+03,2.491533667018261724e+02,3.428193591156416531e-01,1.700246913580246826e+02,1.441073529411764639e+03,1.819891050583657659e+02,1.123941570881225971e+03,nan,nan,4.510656779661017026e+02,1.289205128205128176e+03
-2.092490953684443866e+03,-8.210226744789923714e+02,1.962788319932792831e+02,2.681575591027068883e-01,1.700300489168413662e+02,1.180975402883799916e+03,1.181058263971462594e+02,8.569639846743294811e+02,3.479985915492957815e+02,8.950188034188033726e+02,nan,nan
-2.211765795146998244e+03,-1.203358458538892819e+03,1.124167209877861673e+01,4.537121330640820349e-01,1.720904392764857960e+02,1.333913537117903843e+03,1.571719242902208293e+02,9.819597701149425575e+02,nan,nan,3.109676767676767781e+02,1.131919469928644276e+03
-1.817065993303005371e+03,-9.986685829923026176e+02,4.240564077903895850e+02,5.182143544495967369e-01,1.731366574330563139e+02,1.225980326025857266e+03,1.360992196209587632e+02,9.479920920201293484e+02,4.550398572278405709e+02,9.630240728692257335e+02,nan,nan
-1.967976555102636894e+03,-7.433922969168759209e+02,3.109325553276394203e+02,5.851445908553771780e-01,1.749805890227576981e+02,1.139957620211898984e+03,1.160405727923627666e+02,8.360302663438257014e+02,4.059242627345844312e+02,8.499211977935382265e+02,nan,nan
-2.138558728306693865e+03,-8.322754400064574156e+02,1.314783254890188857e+02,2.446958582482574307e-01,1.760997697620875044e+02,1.190934925864909474e+03,1.259001677852348990e+02,8.569915572232645218e+02,3.310263605442177095e+02,9.060772806507844734e+02,nan,nan
-1.733434907098697067e+03,-1.137281118307171255e+03,4.744056944340613313e+02,5.479134960884352035e-01,1.761129587155963350e+02,1.276022621423818919e+03,1.521606367583212602e+02,1.010050929668552953e+03,nan,nan,4.969931722689075855e+02,1.140855311355311414e+03
-1.786098458052592605e+03,-1.275960937223575911e+03,3.970515397011049004e+02,3.164386934218655356e-01,1.771035332785538117e+02,1.337074477747502215e+03,1.659674378748928802e+02,1.055029380902413322e+03,nan,nan,4.859731318219983223e+02,1.198013157894736878e+03
-2.073104078747887797e+03,-7.813445997131539116e+02,1.978229625061707395e+02,5.168785034331118133e-01,1.771505312868949318e+02,1.166009129213483220e+03,1.218594377510040090e+02,8.419734585545120353e+02,3.611183431952662772e+02,8.780532608695651788e+02,nan,nan
-1.738907006063870995e+03,-1.224259122446411766e+03,4.520176833977222941e+02,7.279576633546188669e-01,1.771973544973544961e+02,1.312965020576131792e+03,1.609384105960265003e+02,1.042005747126436745e+03,nan,nan,5.020132867132867318e+02,1.179012241775057419e+03
-2.046743731103858863e+03,-9.806047919134863378e+02,1.915250744007084052e+02,7.475688176691906994e-01,1.772643211547135706e+02,1.239174513673526917e+03,1.400797546012269947e+02,9.188972904851922294e+02,3.589784565916398833e+02,9.709124487004104367e+02,nan,nan
-1.987115410786299890e+03,-8.182370133606619902e+02,2.685219098366230810e+02,3.528942603140103884e-01,1.791694711538461604e+02,1.172086227077643343e+03,nan,nan,3.941173913043478478e+02,8.889598370197904842e+02,3.639869721473494906e+02,9.760415944540727651e+02
-1.953237515986179687e+03,-1.097520547806861941e+03,2.519142109963948712e+02,4.860293299684795287e-01,1.799416058394160700e+02,1.278000000000000000e+03,1.540219573400250965e+02,9.690373665480426553e+02,3.921093189964157659e+02,1.024038967136150177e+03,nan,nan
-1.725865868308431345e+03,-9.575455002486736475e+02,5.000450616820175469e+02,6.240991614385946740e-01,1.800928914086349835e+02,1.199949855907781057e+03,1.391422440220723615e+02,9.407951183431952131e+02,5.000472193074501774e+02,9.389752839011356400e+02,nan,nan
-1.699615037602382017e+03,-1.157169114248498090e+03,4.748114542956982973e+02,5.366780225142439020e-01,1.860355466130114053e+02,1.283038863976083803e+03,1.641115767417496158e+02,1.019008985879332499e+03,nan,nan,5.159041000694927561e+02,1.149053818181818087e+03
-1.915906678673595934e+03,-6.379161879109151414e+02,3.507705688279898482e+02,9.237788703547887836e-01,1.860403100775193934e+02,1.096032145960034768e+03,1.131205128205128148e+02,7.979164750957854721e+02,4.369368088467614371e+02,7.979461279461279446e+02,nan,nan
-1.996575113892421768e+03,-8.020643450301525945e+02,2.386880606066072801e+02,3.410784815436930795e-01,1.869333333333333371e+02,1.167969597370583415e+03,1.328949704142011967e+02,8.550437890974084212e+02,nan,nan,3.609313599313599070e+02,9.659222506393862204e+02
-2.139512703476925708e+03,-1.026889000908589651e+03,5.424240192701745400e+01,1.887961988592379292e-01,1.889389788293897823e+02,1.265892395982783455e+03,1.582286758732737724e+02,9.239540493968983128e+02,nan,nan,3.279048102981029729e+02,1.055959981386691425e+03
-2.270631260257293434e+03,-8.193729702028571182e+02,-3.600035531042196624e+01,3.321257499336689456e-01,1.890608886450905004e+02,1.201035430224150332e+03,1.401736441484300713e+02,8.409495747266099670e+02,nan,nan,2.591511683357176707e+02,9.579603784742755579e+02
-1.757765619772862010e+03,-1.127781165249350352e+03,4.078097081069914225e+02,5.865978341125667184e-01,1.900105540897097569e+02,1.275954517133956415e+03,1.668841145833333428e+02,1.000022594142259436e+03,4.781463114754098456e+02,1.031045385779122626e+03,nan,nan
-1.807717705534751985e+03,-7.439647596600241286e+02,4.064973850084120954e+02,2.488548374448578127e-01,1.950776293823038259e+02,1.127044642857142890e+03,1.351648139197679939e+02,8.459314359637775169e+02,4.800415647921760183e+02,8.449947460595446955e+02,nan,nan
-2.090059112462698067e+03,-1.328087658125708685e+03,2.724783054785838488e+01,2.496661330015896851e-01,1.960112359550561791e+02,1.377004156275976811e+03,1.929256812551610381e+02,1.031094558429973176e+03,3.279926238145416164e+02,1.148984875983061102e+03,nan,nan
-1.906181773199611371e+03,-9.152170828172547772e+02,2.774610857776071384e+02,6.883384077756750097e-01,1.962188520765282362e+02,1.205888009049773700e+03,1.530695652173913004e+02,9.029446640316205048e+02,4.279369846878680619e+02,9.371304615384615317e+02,nan,nan
-2.005188379002675674e+03,-7.844388723790814311e+02,1.991427810812336645e+02,1.296396821832764001e-01,1.968758072528564469e+02,1.164832549941245588e+03,1.429229346485819860e+02,8.459280185758514108e+02,nan,nan,3.600459062943681943e+02,9.539547796222094576e+02
-1.668021949209957711e+03,-1.099782963832485393e+03,4.770836903674428413e+02,2.230454172115449996e-01,1.989450292397660860e+02,1.257948237059264784e+03,1.718792093704246042e+02,9.979415064102564656e+02,nan,nan,5.281128953771290071e+02,1.120945400593471732e+03
-1.857565095007654008e+03,-1.395262434705316991e+03,2.351351781105990995e+02,4.145382739545944717e-01,1.999562790697674473e+02,1.391938505203405839e+03,1.999686411149825744e+02,1.081917532070861398e+03,4.210249584026622074e+02,1.174992518703241785e+03,nan,nan
-1.990086944594768056e+03,-1.341388937881893298e+03,1.068984691425263946e+02,9.073950778995119038e-01,2.020721804511278208e+02,1.377897515527950418e+03,1.970449002217294776e+02,1.045978480161398693e+03,nan,nan,4.179245416078984476e+02,1.195036026200873266e+03
-2.063499761547101571e+03,-9.616501229746495483e+02,9.131409717275600713e+01,2.561328389040486986e-01,2.032071668533034767e+02,1.237984016678248736e+03,1.670563380281690229e+02,9.049489247311828422e+02,3.631351609818297561e+02,9.738748960931005740e+02,nan,nan
-1.863345565316562215e+03,-8.081508587109974542e+02,3.053830081739853313e+02,4.164617836955795127e-01,2.058983666061706117e+02,1.161016267942583681e+03,1.540711143695014584e+02,8.650200181983620951e+02,4.550524390243902531e+02,8.859924812030075145e+02,nan,nan
-1.670054251995845334e+03,-1.146451815507079573e+03,4.443836706720441043e+02,5.403613528519750631e-01,2.061437456807187232e+02,1.278942992874109223e+03,1.839195630585898584e+02,1.013108583247156162e+03,nan,nan,5.329055358049771485e+02,1.139019003931847919e+03
-2.159742474811564080e+03,-8.431810414774147375e+02,7.167489849470826790e+00,3.901288556832669951e-01,2.069797507788161965e+02,1.202965645311049229e+03,1.600614868641699218e+02,8.549347353154460052e+02,3.340150913423352108e+02,9.259704347826086632e+02,nan,nan
-1.917942099372610528e+03,-6.530353375882619957e+02,2.718199480200350422e+02,3.071735669935121149e-01,2.082165605095541423e+02,1.107945567651632928e+03,1.408144888287068284e+02,8.009217737917289242e+02,4.419662125340599346e+02,8.170103163686382004e+02,nan,nan
-1.994242494237887286e+03,-1.232398825176962873e+03,9.813719597109923143e+01,6.885704581495213361e-01,2.090340136054421691e+02,1.335900000000000091e+03,1.950569371727748660e+02,1.005987520798668925e+03,nan,nan,4.089099147121535225e+02,1.147066970091027315e+03
-2.128731319879748753e+03,-1.359751691232607755e+03,-5.726139350531395422e+01,9.664166645709276748e-01,2.099307432432432563e+02,1.392095063985374736e+03,2.069802699896157776e+02,1.034045170257122891e+03,3.159258474576271283e+02,1.168944748026715160e+03,nan,nan
-1.711402418695278811e+03,-9.013104909449940578e+02,4.297633264458795566e+02,5.042555451509412867e-01,2.100367534456355258e+02,1.183016507384882743e+03,1.660196399345335578e+02,9.140140318054255886e+02,5.169238427078148561e+02,9.210362149532710418e+02,nan,nan
-1.821046416242330451e+03,-8.278956521525357175e+02,3.332930260878528657e+02,9.172066569961687676e-01,2.100648854961831944e+02,1.164218712029161679e+03,1.580435244161358810e+02,8.750111234705227616e+02,4.730557174071376494e+02,8.949705107951552918e+02,nan,nan
-2.013887308738264892e+03,-9.238611626883803183e+02,1.192579661282260730e+02,3.557806160663539163e-01,2.110762782900251580e+02,1.220902459711619940e+03,1.719862187769164450e+02,8.940261306532663639e+02,3.880342034203420098e+02,9.560095194922937480e+02,nan,nan
-1.629884569012353268e+03,-1.062356494431626970e+03,4.814807779392149314e+02,3.000450492824892623e-01,2.120569727891156333e+02,1.241064291920069536e+03,1.819765886287625278e+02,9.849179046129788730e+02,nan,nan,5.450959302325580893e+02,1.101998919502971376e+03
-2.303976557159956428e+03,-1.044293904953207630e+03,-1.846000742741980503e+02,8.017400475711969898e-01,2.121635071090047404e+02,1.287918367346938794e+03,1.850173053152039415e+02,9.119740061162079883e+02,2.709436553030303116e+02,1.029087418783225075e+03,nan,nan
-1.631203357516009874e+03,-9.201906544029163797e+02,4.980536296011183026e+02,2.250871699214189448e-01,2.141545205479451965e+02,1.182913102511880425e+03,1.700097847358121328e+02,9.290011350737797784e+02,nan,nan,5.339894179894180297e+02,1.035001218026796550e+03
-1.689866879789946324e+03,-1.135566095256628387e+03,4.003275588912600256e+02,6.446879144847024179e-01,2.150881636629322884e+02,1.277893667861409767e+03,1.908959171937895292e+02,1.005000771010023186e+03,5.140594473007712395e+02,1.039021038495971425e+03,nan,nan
-2.098264923659005490e+03,-9.576785641571408405e+02,1.840059464806489586e+01,5.000609680917486033e-01,2.158517482517482620e+02,1.240977391304347748e+03,1.789340277777777715e+02,8.989108996539791860e+02,3.539934810951760369e+02,9.790064239828693644e+02,nan,nan
-1.604401415217006388e+03,-1.134376698063528011e+03,4.779716805253484608e+02,4.353315067073187383e-01,2.179964912280701697e+02,1.270004329004329065e+03,1.941825023518344437e+02,1.014030915576694383e+03,5.541568228105905973e+02,1.034938227394807427e+03,nan,nan
-1.837551647641605769e+03,-8.157937413558179287e+02,2.912086347644571447e+02,2.065203903272823105e-01,2.181275599765945117e+02,1.163877538071066056e+03,1.670409781890284080e+02,8.680033140016570314e+02,4.689258747697974172e+02,8.931732723577235902e+02,nan,nan
-2.365437526541826173e+03,-9.597657663415991465e+02,-2.556851560229640938e+02,2.236181151900572817e-01,2.190801843317972271e+02,1.262990077177508283e+03,1.858930307941653268e+02,8.771813094571908778e+02,2.579610538373424902e+02,9.980458970792767559e+02,nan,nan
-1.834647654275789137e+03,-8.411895119871857105e+02,2.880569466208083327e+02,6.555793008214267914e-01,2.191235446313066006e+02,1.173984896661367202e+03,1.690367327211213251e+02,8.769661125319693156e+02,4.691837336704593326e+02,9.060922233300099151e+02,nan,nan
-2.423995348342665693e+03,-9.382795440387031931e+02,-3.075631902120442760e+02,2.619579671007866151e-01,nan,nan,1.839895916733386798e+02,8.658209677419355330e+02,2.389717411121239650e+02,9.918756006406833876e+02,2.330507212657049649e+02,9.909138410227903933e+02
-1.911339022484386987e+03,-8.930024730707827985e+02,1.961719849070565829e+02,3.152709820695497323e-01,2.209153339604891926e+02,1.202007478632478524e+03,1.769771604938271707e+02,8.899073935772964887e+02,nan,nan,4.159195143884892332e+02,1.000958237986269978e+03
-1.935852094339608357e+03,-8.716053592983207636e+02,1.755092986585366930e+02,3.200877088661011061e-01,2.210757679180887294e+02,1.196000835421888041e+03,1.750554493307839437e+02,8.799658119658120086e+02,nan,nan,4.041953065859197523e+02,9.900160804020100613e+02
-2.005859123359311752e+03,-1.205321240464890707e+03,4.888978171296523101e+01,3.026197752001527630e-01,2.210919540229885172e+02,1.327959882583170156e+03,2.060833333333333428e+02,9.919487179487178992e+02,3.778988136775994349e+02,1.094028295376121378e+03,nan,nan
-1.607963814238550867e+03,-1.221432189815075844e+03,4.484454664383705449e+02,2.065348549637830156e-01,2.221035077630822343e+02,1.306990053050397819e+03,2.059477124183006538e+02,1.046165174938974815e+03,nan,nan,5.689057398630858415e+02,1.171922716627634600e+03
-1.874393525552821302e+03,-7.594672891525702880e+02,2.496335227017757745e+02,4.389693154450089452e-01,2.221373456790123555e+02,1.146979704797048043e+03,1.670297619047618980e+02,8.429822878228782201e+02,4.579482484076432911e+02,8.710953525641025408e+02,nan,nan
-2.185360643482673822e+03,-9.115031715170816824e+02,-8.525708092481613676e+01,4.848881052936104830e-01,2.228960686850429340e+02,1.232068102444703072e+03,1.839722792607802830e+02,8.740126984126984553e+02,3.269901117798796122e+02,9.670581929555895613e+02,nan,nan
-1.888282337827193942e+03,-6.786024602362720088e+02,2.404321026989157701e+02,2.187677294895796487e-01,2.249583766909469205e+02,1.119096348884381314e+03,1.619681697612732023e+02,8.100775225594750282e+02,nan,nan,4.080450819672130933e+02,9.029534028203555636e+02
-1.966185201815328128e+03,-9.976141346142505881e+02,1.161179658284246869e+02,6.393455768964986241e-01,nan,nan,1.901542401821286319e+02,9.229146083274523562e+02,4.059203788144510554e+02,9.920068226120857844e+02,4.049096016343207225e+02,1.042995997331554463e+03
-1.892324611976253209e+03,-8.688495357322533437e+02,2.058299262734169019e+02,3.900964700008722197e-01,2.250862619808306704e+02,1.191973138910207126e+03,1.789830188679245282e+02,8.819364754098360208e+02,4.449557082856051693e+02,9.259599780701754526e+02,nan,nan
-1.811599149856381473e+03,-1.268073557686198683e+03,2.151342853816142338e+02,5.483756782825627285e-01,2.260528266913809148e+02,1.341022931206380918e+03,2.169944495837187901e+02,1.034961184882533189e+03,4.560707610146862407e+02,1.116965971459934053e+03,nan,nan
-1.569953248486943039e+03,-1.075952482057790348e+03,4.996681822303052627e+02,3.766627199720084529e-01,2.261153578874218226e+02,1.243979746835442938e+03,1.960553333333333228e+02,9.940529061102831747e+02,nan,nan,5.758740581270183156e+02,1.108021553884711693e+03
-1.641093694981469298e+03,-6.780890851031573447e+02,4.866553116722340064e+02,2.913555590107992921e-01,2.269876288659793886e+02,1.088975206611570229e+03,1.610719298245614084e+02,8.280256892230576113e+02,nan,nan,5.141664345403900143e+02,9.148576271186440181e+02
-1.893821327317531313e+03,-7.285107795065276832e+02,2.168971546731300180e+02,6.432978376885709615e-01,2.289972260748959911e+02,1.139050075872534080e+03,1.689938423645320142e+02,8.289184423218222264e+02,nan,nan,4.109950248756218798e+02,9.249418994413407518e+02
-1.750834908825564753e+03,-1.071970647849485431e+03,3.020929461544829451e+02,3.658149778493927085e-01,2.290684485006518969e+02,1.258144183168316886e+03,2.010873478030704007e+02,9.709544198895027876e+02,4.939151879699248298e+02,1.016947798987144552e+03,nan,nan
-1.612444872235412959e+03,-1.208443996469997273e+03,4.226201637651589067e+02,2.988868460858383758e-01,2.299716981132075375e+02,1.302958947368421150e+03,2.119161709031909027e+02,1.038852436513383736e+03,5.480785282811641537e+02,1.076962308598351001e+03,nan,nan
-2.112535371626093365e+03,-1.304779891742600739e+03,-1.099707971469077563e+02,6.545485025395962886e-01,2.319555735056542858e+02,1.372973043478260934e+03,2.258870056497175085e+02,1.012010395010394973e+03,nan,nan,3.812409836065573927e+02,1.154928531232414116e+03
-1.933171845894385115e+03,-9.845334201043934854e+02,1.180703224219462584e+02,2.001293726764582781e-01,2.329225531914893565e+02,1.240964593301435343e+03,1.989187913125590228e+02,9.189697916666666515e+02,4.240557432432432279e+02,9.879892405063291108e+02,nan,nan
-1.588767374022918375e+03,-1.099583005968541556e+03,4.533117216793398256e+02,5.058068663873676041e-01,2.329528916124090472e+02,1.257016915422885631e+03,2.060526960784313815e+02,9.989330289193302406e+02,nan,nan,5.710389891696751192e+02,1.113975739196360792e+03
-2.129779659962438018e+03,-9.064831471359457282e+02,-6.537127852474996814e+01,4.147351093785354159e-01,2.330049200492004786e+02,1.227887528691660236e+03,1.941255961844197202e+02,8.748345588235293917e+02,3.521732142857142662e+02,9.650202409638553718e+02,nan,nan
-1.845101882536284847e+03,-7.299526712709723597e+02,2.485879554941499237e+02,3.550305442550126256e-01,2.330866141732283552e+02,1.134956243329775816e+03,1.751389811738648916e+02,8.319358108108108354e+02,4.751072961373390626e+02,8.599918093819806018e+02,nan,nan
-1.873183344050141841e+03,-1.213492919715763492e+03,1.398494150287646107e+02,3.387035832705185268e-01,2.331761426978818292e+02,1.323959726962457353e+03,2.191364092276830604e+02,1.007070858283433154e+03,4.350845614035087578e+02,1.095015865608959302e+03,nan,nan
-1.957812617543845818e+03,-9.187131781046589367e+02,1.003725847123004229e+02,9.565265630948077691e-01,2.340941512125534985e+02,1.217050900548159689e+03,1.950266429840142166e+02,8.938826086956521522e+02,4.179060717879905837e+02,9.590611947547353111e+02,nan,nan
-2.380911988001970713e+03,-8.345692036354768106e+02,-3.068001283147009985e+02,3.171982607100805041e-01,2.349168096054888508e+02,1.224067219152854477e+03,1.920957910014513743e+02,8.320480132450330757e+02,2.678963963963963693e+02,9.500427350427349893e+02,nan,nan
-2.147353755610216922e+03,-1.087642695917330684e+03,-1.218605727043608340e+02,3.466589504534966504e-01,2.360602409638554207e+02,1.295967289719626251e+03,2.120398512221041472e+02,9.348626582278481010e+02,3.360143641740600060e+02,1.049920714684533777e+03,nan,nan
-1.837676793594152969e+03,-1.247458214833387956e+03,1.522994650863724075e+02,3.332418853517005730e-01,2.389204980842911823e+02,1.335971057884231641e+03,2.270158562367864761e+02,1.022021482277121322e+03,nan,nan,4.809441670449386947e+02,1.153111662531017373e+03
-1.631597963310093519e+03,-9.939541977751558761e+02,4.035755992094066187e+02,5.541306146082111139e-01,2.401069682151589291e+02,1.219156269691241278e+03,2.040819134993446937e+02,9.518174242424242948e+02,5.539918414918414555e+02,9.730061255742725734e+02,nan,nan
-2.209946636196120380e+03,-1.101180164494582186e+03,-2.005640330492139185e+02,1.227594772594887140e-01,2.401490125673249452e+02,1.304979919678714850e+03,2.179703034215623063e+02,9.331146616541353751e+02,3.139505576208178468e+02,1.061019578313253078e+03,nan,nan
-1.621914931403796345e+03,-8.009391931748847355e+02,4.426761112348351617e+02,7.862556404321968673e-01,2.409880701754385939e+02,1.139979729729729797e+03,nan,nan,5.689808988764044670e+02,8.759703652653342942e+02,5.359896653543306684e+02,9.709170797656602190e+02
-2.083329145400732159e+03,-1.057067594276551290e+03,-7.235986512049618113e+01,2.671585645784555485e-01,2.410850963798777684e+02,1.280989583333333258e+03,2.150806310254162952e+02,9.290218037661051085e+02,nan,nan,3.730160085378868757e+02,1.052975194897235951e+03
-2.431075688642672048e+03,-9.203593079120711309e+02,-4.001111771048733772e+02,1.202455212756383673e-01,2.432058679706601367e+02,1.257865979381443367e+03,2.080096999090633574e+02,8.560106973058636868e+02,2.498918523931311597e+02,9.939572864321607994e+02,nan,nan
-1.861294636395757834e+03,-1.317189739642983568e+03,1.005069475941712369e+02,2.494598576226221276e-01,2.439965457685665058e+02,1.364971248246844425e+03,2.380609613130128821e+02,1.041969879518072275e+03,nan,nan,4.790191029900332182e+02,1.178069715560513032e+03
-1.746138634940791235e+03,-7.940438389691212251e+02,3.026402157638077028e+02,4.303996339508119884e-01,2.442128218602207141e+02,1.151077115987460729e+03,1.920149934810951891e+02,8.629284615384615336e+02,5.159797413793103260e+02,8.870756347920042799e+02,nan,nan
-2.044313950671846214e+03,-1.265951613125391304e+03,-8.046987931695957741e+01,1.925695631833289900e-01,2.448873435326842696e+02,1.355942643391521187e+03,2.359945762711864461e+02,1.002925798101811893e+03,nan,nan,4.071935070482699643e+02,1.139942913385826841e+03
-1.871368491214576579e+03,-1.202903279825294703e+03,9.754501677962102235e+01,3.479876398659282888e-01,2.469142108709888532e+02,1.321976892430278895e+03,2.321053779069767415e+02,9.999340567612688346e+02,nan,nan,4.669536500579374092e+02,1.127941342756183758e+03
-2.020287998964846111e+03,-8.421379866418392339e+02,4.425634495129333601e+00,4.830102461989931872e-01,2.480825838103025376e+02,1.197945622119815653e+03,2.020444630872483174e+02,8.579395555555555575e+02,4.030449852507374544e+02,9.339665871121718510e+02,nan,nan
-1.832616304582607654e+03,-1.244555678554317865e+03,1.227542580922833082e+02,4.463337745451454452e-01,2.490475059382422671e+02,1.335883909287256984e+03,2.380361623616236102e+02,1.018178674351584959e+03,4.550905101481075121e+02,1.113044402751719872e+03,nan,nan
-2.235816765747729278e+03,-9.738763469085987481e+02,-2.370486505845080387e+02,1.140773361973576039e-01,2.490510046367851658e+02,1.263209574987786937e+03,2.170450367647058840e+02,8.870131353512279020e+02,3.161603919546157613e+02,1.008119682359614330e+03,nan,nan
-1.679145102160790202e+03,-1.144139905545220472e+03,3.004689474869958872e+02,1.858055470640052886e-01,2.491600481347773837e+02,1.285018556701031002e+03,2.270941979522184226e+02,1.001024068322981407e+03,5.260215686274509608e+02,1.054913159652638569e+03,nan,nan
-1.802981836782162873e+03,-8.871764978322187289e+02,2.097247660242590825e+02,1.397251419727328636e-01,2.500161596958174925e+02,1.194975283213182365e+03,2.069960876369327138e+02,8.920401785714285552e+02,4.881725740848344230e+02,9.389926629261976814e+02,nan,nan
-1.910909937567609177e+03,-1.302095609778884182e+03,3.161526433431130911e+01,3.637212846868201344e-01,2.500541871921182349e+02,1.363009918845807078e+03,2.430765911542610525e+02,1.029025287356321769e+03,nan,nan,4.611600919188050511e+02,1.163998502994011915e+03
-1.704354276493719226e+03,-1.168192736060973630e+03,2.630529959538966409e+02,7.592078840882604540e-01,2.508907949790794873e+02,1.297913271245634405e+03,nan,nan,5.140946148092745034e+02,1.068980870396939281e+03,5.319247747747747326e+02,1.126014351320321566e+03
-1.596398163313861460e+03,-1.236773376620681120e+03,3.668739890829178307e+02,3.363610974005373788e-01,2.509963689179375592e+02,1.317028052805280595e+03,2.361177370030580960e+02,1.044853269537480173e+03,nan,nan,5.818572499063319583e+02,1.166983812010443899e+03
-1.917432289159020911e+03,-1.243831257640165632e+03,2.029361779164606361e+01,2.263860047203906933e-01,2.540847457627118615e+02,1.341014134275618289e+03,2.429219427580225386e+02,1.007112565445026235e+03,4.220221249696085692e+02,1.118226404169079387e+03,nan,nan
-1.555757052231941998e+03,-9.783159618523733343e+02,4.392783608980977874e+02,4.983342664750896045e-01,2.551255115961800755e+02,1.207014061207609529e+03,2.170950861518825832e+02,9.518115107913669135e+02,nan,nan,5.809979131886477717e+02,1.053037018756169800e+03
-2.248356053733246881e+03,-1.121826657534098331e+03,-3.053443152591977992e+02,2.651378859957267964e-01,2.579683053040103573e+02,1.317063909774436070e+03,2.378988035892323012e+02,9.330775147928993647e+02,3.068860819828407784e+02,1.077954244431065717e+03,nan,nan
-2.264369829498636136e+03,-8.735372132820564275e+02,-2.805012766506905564e+02,1.668415564763898462e-01,2.579887931034483017e+02,1.231994269340974142e+03,2.179794584500466783e+02,8.500164439876670031e+02,3.159756235827664455e+02,9.689603064066852767e+02,nan,nan
-2.054047148314305105e+03,-9.299564587253618129e+02,-8.231458529995617823e+01,2.324060111470193368e-01,2.589483537766300856e+02,1.234954326923076906e+03,2.219066891512085533e+02,8.847947464874771413e+02,3.889301599687865973e+02,9.808704862782859664e+02,nan,nan
-2.027215287157942385e+03,-8.213081208023529598e+02,-4.092864006565002200e+01,3.416933904651428544e-01,2.600799407846039912e+02,1.193950567260940034e+03,2.130964581763375918e+02,8.479805481874446969e+02,4.060224475018102908e+02,9.299945694336695396e+02,nan,nan
-1.848257275651880263e+03,-5.616411297295029499e+02,1.757158904711070591e+02,9.109728303747862688e-01,2.611070663811563008e+02,1.079926970954356875e+03,1.920383322125084078e+02,7.629868637110016607e+02,4.920921658986175089e+02,7.959879807692307168e+02,nan,nan
-2.058704127800998776e+03,-1.138943942911781050e+03,-1.311223261166703651e+02,2.126355753899590306e-01,2.618405386250885840e+02,1.311911330049261096e+03,2.419041740152851219e+02,9.549486803519062050e+02,3.761624680540343206e+02,1.078038317757009281e+03,nan,nan
-1.507312008642698629e+03,-1.278716404033353683e+03,4.231764621806883611e+02,3.778868425465199965e-01,2.618593932322053774e+02,1.328898305084745743e+03,2.490214765100671173e+02,1.070896838602329353e+03,nan,nan,6.250050847457627015e+02,1.189911130284728188e+03
-2.063255313753600149e+03,-9.398544364842820187e+02,-1.038288320240500155e+02,1.809271407248731200e-01,2.619300986842105203e+02,1.240032697547683938e+03,2.260486666666666622e+02,8.869863829787234408e+02,3.860394979697305189e+02,9.869946367625548191e+02,nan,nan
-1.810507558505095403e+03,-9.403083981096888238e+02,1.450848551198616008e+02,3.594543878784862145e-01,2.641246081504702374e+02,1.219015342960288763e+03,2.270000000000000000e+02,9.080572119258662269e+02,4.860441310282074596e+02,9.710005668934240930e+02,nan,nan
-1.516737189447184392e+03,-1.252190084246508150e+03,4.053387976778561779e+02,1.620297800598385629e-01,2.649771986970683884e+02,1.318923376623376726e+03,2.510914985590778201e+02,1.058050447518307465e+03,nan,nan,6.198814531548757714e+02,1.175878651685393152e+03
-2.018543413472764314e+03,-8.981067678935950198e+02,-6.548511529159631550e+01,5.872146503440097698e-01,2.660604623592175244e+02,1.222993346640053232e+03,2.259536474164133608e+02,8.749954710144927503e+02,4.069393026259147632e+02,9.660642615558060697e+02,nan,nan
-2.102949163162586956e+03,-1.246128955629382972e+03,-2.100338077662500211e+02,1.037906536679319425e-01,2.660839064649243255e+02,1.353963873943120689e+03,2.559193267556587443e+02,9.849836065573770156e+02,nan,nan,3.930537587412587186e+02,1.118165204678362670e+03
-1.643973537810771177e+03,-1.201716181290447366e+03,2.728584216525696888e+02,2.067231611689338833e-01,2.662025912838633417e+02,1.308093363844393480e+03,2.490694333599361414e+02,1.022072024260803687e+03,5.420835450183460580e+02,1.087030268634127879e+03,nan,nan
-1.829326254126470531e+03,-8.685069118692982784e+02,1.292458929673636874e+02,1.459033720290260072e-01,2.671286919831223372e+02,1.193895785440613054e+03,2.230934579439252445e+02,8.799431137724550354e+02,nan,nan,4.619162746942615172e+02,9.799971081550029339e+02
-1.762329818743392480e+03,-7.961581353910579537e+02,2.089684364507636190e+02,6.398169177579632327e-01,2.679735058533580059e+02,1.160030803906837036e+03,2.159102564102564088e+02,8.580201224846894092e+02,5.151465163934426528e+02,9.000039113428944120e+02,nan,nan
-1.797035350148527641e+03,-8.311380248561000599e+02,1.642474675034528104e+02,3.215213848275362274e-01,2.680956388676357847e+02,1.176940285954583715e+03,2.209785373608903001e+02,8.681263689974725821e+02,4.989570787956438380e+02,9.199882697947214183e+02,nan,nan
-2.033610159715644386e+03,-8.323151429374241843e+02,-8.133713216990841488e+01,3.676205176466593172e-01,nan,nan,2.243003906815222024e+02,8.498708186619718390e+02,4.060752999586263741e+02,9.389982817869415612e+02,3.821037593984962655e+02,9.519587500000000091e+02
-1.575333511089785816e+03,-1.257674768747242524e+03,3.282336840379925320e+02,1.659101123072523054e-01,2.690628598848368256e+02,1.326015900056785995e+03,2.559749999999999943e+02,1.050987499999999955e+03,nan,nan,5.960567715458275870e+02,1.170097193702943287e+03
-1.739130565328787952e+03,-1.259156009870865319e+03,1.502667759787890986e+02,6.372278722330942946e-01,2.691010568031704224e+02,1.337956275303643679e+03,2.590943627450980671e+02,1.029075284090909008e+03,4.990249695493300806e+02,1.121958498023715492e+03,nan,nan
-2.091158554181314685e+03,-7.984437385070183382e+02,-1.477418550605541441e+02,2.477433340405242046e-01,2.728804589193190395e+02,1.194067146282973681e+03,2.259733096085409159e+02,8.340791111111111604e+02,3.881869701026327562e+02,9.299320606400898441e+02,nan,nan
-2.092812444194427826e+03,-1.039694638880658886e+03,-1.934227309715192007e+02,9.778924212356167323e-02,2.740275502606105533e+02,1.280051724137930933e+03,2.470081755593803905e+02,9.159803262955854279e+02,3.741251439539347530e+02,1.038948806941431712e+03,nan,nan
-2.045019632570269096e+03,-1.228811424838031598e+03,-1.788793651826138955e+02,4.079568265209750355e-01,2.749824561403509051e+02,1.345045174537987577e+03,2.630164024056861649e+02,9.829076693968726204e+02,nan,nan,4.150207736389684783e+02,1.112956626506024122e+03
-1.565611560571348718e+03,-9.134461153617861555e+02,3.741608892012914112e+02,1.169191997929614812e+00,2.751113999257333944e+02,1.184962019230769329e+03,2.319121265377855821e+02,9.200206489675516650e+02,5.949987507807620659e+02,9.439249379652605967e+02,nan,nan
-2.227388430203466669e+03,-9.560064902503625035e+02,-3.230679587969406157e+02,1.246258295551323642e-01,2.760285152409045963e+02,1.260941289701636151e+03,2.430476947535771046e+02,8.769972350230415259e+02,3.320741268709907104e+02,1.010074101796407149e+03,nan,nan
-2.136755434487619368e+03,-1.277209118027700015e+03,-2.909878436604569742e+02,3.010197315974915688e-01,2.780820484581497567e+02,1.368041466346153811e+03,2.699056859205776391e+02,9.891895388076490008e+02,3.460079594790159376e+02,1.149160543130990391e+03,nan,nan
-2.346551151576140455e+03,-1.109260281869735081e+03,-4.852452336066131693e+02,3.425342788476082312e-01,2.800405679513184509e+02,1.320959293394777205e+03,2.600927099841521226e+02,9.160153452685422053e+02,2.851507053447248268e+02,1.085000000000000000e+03,nan,nan
-2.115118065497049884e+03,-1.296838255204079587e+03,-2.807379735030942243e+02,2.201925078963785642e-01,2.800905562742561301e+02,1.373951528709917966e+03,2.740386235955056122e+02,9.968294339622641473e+02,nan,nan,3.989492703266157037e+02,1.131027295285359742e+03
-1.479158374665835481e+03,-7.570988131565924277e+02,4.718793391187739985e+02,2.005195953337311210e-01,2.810903659447348559e+02,1.114113884555382128e+03,2.249418813660874719e+02,8.659807692307692832e+02,6.440620805369127311e+02,8.600136388434260653e+02,nan,nan
-2.031539191214153334e+03,-1.135446055698514783e+03,-1.733765458815520333e+02,4.446415815908339453e-01,2.819759999999999991e+02,1.311042065009560247e+03,2.619679758308157034e+02,9.519570459683496892e+02,nan,nan,4.141828001661819485e+02,1.073924185798184681e+03
-1.746188356669250652e+03,-1.237216776535660983e+03,1.075630673121318779e+02,3.487659955121842348e-01,2.819802273850716574e+02,1.331058859408356284e+03,2.680013458950201652e+02,1.018085318985395816e+03,5.000855018587360519e+02,1.114878232758620697e+03,nan,nan
-2.349839109961072609e+03,-1.018966386916593365e+03,-4.877301304081660760e+02,1.754465001222691445e-01,2.838720496894409848e+02,1.291926284437825871e+03,2.570633928571428442e+02,8.869120492524186830e+02,2.910781476121562719e+02,1.047002386634844925e+03,nan,nan
-2.068922533590960938e+03,-1.001103685416231656e+03,-1.987294193460902534e+02,2.615878453611102938e-01,2.840045207956600279e+02,1.266037892791127433e+03,2.540260416666666572e+02,9.029961890243902189e+02,3.890117395944503755e+02,1.024081180811808053e+03,nan,nan
-1.610891102532558307e+03,-8.993524617530039222e+02,2.908340984230782169e+02,2.216069142400395597e-01,2.858921626399528577e+02,1.188031002162941604e+03,nan,nan,5.779378217821781618e+02,9.439964230965763363e+02,5.589374674309535749e+02,1.002074902179988840e+03
-1.844622996143342789e+03,-1.215516892204142096e+03,-1.121194973357967406e+01,1.345679059478376294e-01,2.870146455770357079e+02,1.330015006821282441e+03,nan,nan,4.629503885236102860e+02,1.110962457337883961e+03,4.909098693105001985e+02,1.119004036908881289e+03
-1.990713483853021671e+03,-9.774329610114641582e+02,-1.258084553326568624e+02,6.303385325812070894e-01,2.870613496932515432e+02,1.253136205698401682e+03,nan,nan,4.200813875917278324e+02,1.009016578749057999e+03,4.179887640449438209e+02,1.009003095975232213e+03
-1.605354359732684088e+03,-7.567746882983201431e+02,3.116173147878376426e+02,1.725377002631272305e-01,2.880573505654281234e+02,1.131986452159187138e+03,2.338831775700934656e+02,8.529598360655737679e+02,5.889006763972944327e+02,8.759872122762147910e+02,nan,nan
-1.667445797988020558e+03,-8.681324854515659126e+02,2.242346101830220562e+02,4.268172861525994510e-01,2.890688566013897685e+02,1.182970633693972104e+03,2.450081300813008056e+02,8.900178954903364001e+02,5.561339814032121467e+02,9.349900277008309786e+02,nan,nan
-1.908813945420391065e+03,-8.619206902275742550e+02,-3.091212587732964323e+01,4.782829969750252430e-01,2.890793339862879634e+02,1.204024340770791014e+03,2.479731182795698885e+02,8.669866444073455796e+02,4.589536332179930582e+02,9.519606060606060964e+02,nan,nan
-1.699311370282388680e+03,-1.142208251813283823e+03,1.464531558582706054e+02,1.684168338613091509e-01,2.891448763250883189e+02,1.291984326018808815e+03,nan,nan,5.270301244269810468e+02,1.069016242937853121e+03,5.420226049515607656e+02,1.100061371841155278e+03
-1.781913918858294664e+03,-7.287727160015917889e+02,1.210065595811881849e+02,4.422196286993462233e-01,2.909436936936937173e+02,1.142049464138499616e+03,2.350731964191679708e+02,8.281117381489841591e+02,nan,nan,4.770465686274509949e+02,9.129273817455029985e+02
-2.100565017497866393e+03,-8.091473071662303482e+02,-2.306969399619059971e+02,2.529840959703140157e-01,2.921296296296296191e+02,1.202981259370314774e+03,2.481185185185185276e+02,8.340911127707244077e+02,3.919818840579710013e+02,9.440535315985130183e+02,nan,nan
-2.320064505824590015e+03,-1.078826163973608345e+03,-5.030026832903241143e+02,2.830423717309237808e-01,2.929951048951048733e+02,1.311127052105638768e+03,2.709167897587395260e+02,9.059710047201618863e+02,3.020408038976857483e+02,1.074954421768707562e+03,nan,nan
-1.811246884422042967e+03,-1.275176435146237054e+03,-9.387931381899820238e+00,2.213774940250174961e-01,2.939415481832543264e+02,1.351020761245674748e+03,2.840476588628762329e+02,1.019953831948291736e+03,4.749475169300225730e+02,1.139953094462540776e+03,nan,nan
-1.851836706651968825e+03,-8.592303609090183727e+02,9.874075377028409761e+00,2.186701713668726121e-01,2.949235772357723704e+02,1.198993506493506402e+03,nan,nan,4.830026191723415536e+02,9.488940901111761832e+02,4.620567528735631981e+02,9.649702564102564111e+02
-1.962167226751502994e+03,-1.283667163823176907e+03,-1.716976499339574787e+02,3.817956762759246447e-01,2.950109324758842604e+02,1.362909694555112992e+03,2.859448751076657800e+02,1.005139917695473287e+03,nan,nan,4.562064386317907179e+02,1.132943255813953556e+03
-1.627855697057540056e+03,-7.442439483489623626e+02,2.655447135117979087e+02,2.939897917139228101e-01,2.950651558073654428e+02,1.130947895791583278e+03,nan,nan,5.811422905304908682e+02,8.760215384615385119e+02,5.429048120828942956e+02,9.270252260828176532e+02
-1.930786599506348239e+03,-1.071621751330651932e+03,-1.060545305601959996e+02,5.455008660761325734e-01,2.950952380952380736e+02,1.283160415464512425e+03,2.701522606382978893e+02,9.380253542132736584e+02,4.399632473944048456e+02,1.050962666666666564e+03,nan,nan
-1.478696968714456489e+03,-9.663857408139592735e+02,3.911119329687759318e+02,2.883545248437766051e-01,2.961043992120814323e+02,1.202954751131221656e+03,2.580752884031572307e+02,9.458817427385891961e+02,6.349706691109074654e+02,9.699522776572667908e+02,nan,nan
-1.513727533369984258e+03,-7.204465496741134984e+02,3.869549069959977032e+02,3.481855778395964163e-01,2.970377475247524899e+02,1.107983193277310875e+03,2.391049999999999898e+02,8.450508333333333439e+02,6.329977711738484913e+02,8.540289968652037942e+02,nan,nan
-1.670835863148174440e+03,-1.108823032679586959e+03,1.556295832421974978e+02,1.756777639520206991e-01,2.970537951363301659e+02,1.277966255144032857e+03,2.729769038701622890e+02,9.767793931731985140e+02,5.429866098600122086e+02,1.053984522207267901e+03,nan,nan
-2.421435481430528398e+03,-1.041013751167891087e+03,-6.183536832264114764e+02,3.901861528255107792e-01,2.971090805254140719e+02,1.306013446567586698e+03,2.730328515111694969e+02,8.859921996879875223e+02,nan,nan,2.862037932316846423e+02,1.003012183235867496e+03
-1.626161414050342728e+03,-6.726138271248059937e+02,2.688344032135005932e+02,7.319801876971666621e-01,2.979553648068669531e+02,1.104105698529411711e+03,2.371267272009474993e+02,8.161159982751186135e+02,5.869879879879879354e+02,8.440118389897395446e+02,nan,nan
-1.937892828901740359e+03,-1.227257390932095177e+03,-1.517147621820730308e+02,5.280809558006774873e-01,2.980649588289112444e+02,1.341020771513353111e+03,2.861929752066115498e+02,9.878534798534798256e+02,4.300959211116091296e+02,1.124965375586854407e+03,nan,nan
-2.033578623440651882e+03,-1.201170177571202430e+03,-2.464753825209478748e+02,4.160556620717703602e-01,2.980674418604651237e+02,1.337927980132450330e+03,2.840566406250000000e+02,9.698741770299926657e+02,nan,nan,4.260179299103504604e+02,1.091982851985559591e+03
-1.733689328191290087e+03,-1.271014617597142887e+03,5.738363138625778248e+01,5.510453485846978916e-01,2.989945305378304283e+02,1.345985981308411283e+03,2.879267116682738674e+02,1.026942043222004031e+03,5.079018898271009448e+02,1.135011904761904816e+03,nan,nan
-1.427590057939199141e+03,-9.345343390585162524e+02,4.412699475670877973e+02,2.837673503589745461e-01,2.990034989503149063e+02,1.184855263157894797e+03,2.590115291262135884e+02,9.388447332421341116e+02,nan,nan,6.440063620589936590e+02,1.027026299694189674e+03
-2.047467110784938541e+03,-1.102476889959888922e+03,-2.499945328986062520e+02,1.974296002877534983e-01,2.999484463276835982e+02,1.303018227009113616e+03,2.779341772151898908e+02,9.358390655418559163e+02,nan,nan,4.130596943648519641e+02,1.051880750605326966e+03
-1.826794886128034932e+03,-9.015561848116856254e+02,9.871860287501787568e+00,3.110105006007212736e-01,3.009726288987905605e+02,1.212972549019607868e+03,2.610509193776520647e+02,8.859820846905537337e+02,4.920234321157822137e+02,9.689911958914159413e+02,nan,nan
-1.911797787147712825e+03,-8.200213701669065358e+02,-6.787740949481271002e+01,2.556123358461586670e-01,3.011518567639257071e+02,1.191855281207132975e+03,2.559725085910652922e+02,8.500029498525074132e+02,4.639548088064889839e+02,9.379850948509484851e+02,nan,nan
-1.977631047556115618e+03,-1.060337543356687547e+03,-1.781585944199903793e+02,4.833054099017315974e-01,3.019980256663376394e+02,1.283977977977978071e+03,2.760025020850708870e+02,9.270488215488215928e+02,4.259800391389432548e+02,1.051817303653926956e+03,nan,nan
-1.365805827701086173e+03,-1.030341169115799403e+03,4.833485064124349719e+02,4.737067393988669273e-01,3.030251466890192660e+02,1.217986903648269390e+03,2.700076252723311541e+02,9.829740406320541979e+02,6.850954844778927963e+02,9.960128491620112072e+02,nan,nan
-1.378934799745209830e+03,-8.637499740859950634e+02,4.930456642017725244e+02,2.144134051235866423e-01,3.031153230112119559e+02,1.150960758665794629e+03,2.570423875432525733e+02,9.149819981998199410e+02,6.879661125319693156e+02,9.130348684210525789e+02,nan,nan
-1.915252291240032719e+03,-1.210902314667479914e+03,-1.409520235535191262e+02,5.845309952971989853e-01,3.031902697495182792e+02,1.334019503546099259e+03,2.890359771054783096e+02,9.836799719887955007e+02,nan,nan,4.698460918614021011e+02,1.104967342342342363e+03
-1.512356983472972388e+03,-1.023849909140260593e+03,3.143817363409044106e+02,2.595137306947430944e-01,3.049664775657555538e+02,1.230944162436548140e+03,2.730594900849858391e+02,9.619207365892714279e+02,6.180416666666666288e+02,1.004983731570920213e+03,nan,nan
-2.405291149953243803e+03,-1.049352649737485535e+03,-6.363649693804114804e+02,7.443944536926948574e-01,3.050177606177606435e+02,1.307987277353689478e+03,2.831247372109320395e+02,8.879348370927318683e+02,nan,nan,2.960285220397580019e+02,1.005010714285714243e+03
-1.545304262301289555e+03,-1.000182248119191968e+03,2.831947977292607561e+02,5.773296798996434553e-01,3.050332179930795746e+02,1.225015936254980033e+03,nan,nan,6.049649671567094629e+02,9.950944664031620732e+02,5.979689960629921188e+02,1.046032391048292084e+03
-1.541725391381293775e+03,-1.257166932508492437e+03,2.456739127686990685e+02,2.780664180978857369e-01,3.050962250185048106e+02,1.328096749811035579e+03,2.921237661351556767e+02,1.045094962840627659e+03,nan,nan,6.179599313108185470e+02,1.156941213258286325e+03
-2.003053939529450872e+03,-1.092168592826850727e+03,-2.247924447114211830e+02,2.877592036566571920e-01,3.059925410243660053e+02,1.297118829981718363e+03,2.831870005327650688e+02,9.349972260748959343e+02,4.160906174819567127e+02,1.069074567901234559e+03,nan,nan
-1.998973329749860113e+03,-1.141628654665393242e+03,-2.315085449261150643e+02,2.010435579470942480e-01,3.069651542649727958e+02,1.315070773263433921e+03,2.878852691218130531e+02,9.519148124602670578e+02,4.149970896391152451e+02,1.090793916349809933e+03,nan,nan
-2.423851485938314454e+03,-9.377435569547935756e+02,-6.457617992935670372e+02,3.856974888012257296e-01,3.070985000000000014e+02,1.274010216346153811e+03,2.769177555726364517e+02,8.519107303877367485e+02,2.848728033472803531e+02,1.025942760942760970e+03,nan,nan
-1.894867268593119206e+03,-9.099702492724227341e+02,-8.927023033767419236e+01,5.977988439399276599e-01,3.080041597337770440e+02,1.223035042735042680e+03,nan,nan,4.670038109756097811e+02,9.810457665903890074e+02,4.549292986425339222e+02,9.800943070730304498e+02
-1.748785026925189641e+03,-6.955287047590910561e+02,9.196206480597665234e+01,6.719990824649307859e-02,3.100266666666666424e+02,1.130986636971046664e+03,2.539674796747967491e+02,8.150759717314488171e+02,nan,nan,4.940039370078740149e+02,8.940000000000000000e+02
-1.400139446793267780e+03,-8.467987120996573367e+02,4.439539542963109966e+02,5.114246733783799348e-01,3.109250161603102924e+02,1.148869021339220126e+03,2.650231404958677786e+02,9.039662716499543649e+02,nan,nan,6.530113507377980113e+02,9.839891095451633873e+02
-2.462212056345339533e+03,-1.172192658434572650e+03,-7.391082290487287310e+02,3.034929414597278829e-01,3.109461920529801091e+02,1.352016438356164372e+03,2.970491029272898800e+02,9.199509536784740931e+02,nan,nan,2.939661114302125497e+02,1.044002153625269102e+03
-1.576362886642943749e+03,-7.047391426918935622e+02,2.742738449725357555e+02,5.507024754303601055e-01,3.109467501957713580e+02,1.113972271914132307e+03,2.529290989660266007e+02,8.309635761589404410e+02,6.090374288039056410e+02,8.599857142857142662e+02,nan,nan
-1.776856586313748039e+03,-9.319745273147331091e+02,2.016510640435875956e+01,3.551682621573330478e-01,3.110363636363636601e+02,1.222032201914708367e+03,2.749749596122778712e+02,8.989433797909407531e+02,nan,nan,5.019899431569742205e+02,9.961172476233589350e+02
-1.656915621528099791e+03,-1.251969972513441917e+03,9.599208229375174994e+01,2.648535149368694275e-01,3.120939803439803200e+02,1.334951544943820181e+03,2.999495861550037716e+02,1.025901744719926455e+03,nan,nan,5.729684134960516531e+02,1.139969902182091801e+03
-1.664733336266025390e+03,-6.156148590852245661e+02,1.839705091422858061e+02,2.255417882437588395e-01,3.129154649428145376e+02,1.091984061393152388e+03,2.499587727708533009e+02,7.900123456790123555e+02,5.769968750000000455e+02,8.280202020202019639e+02,nan,nan
-1.631546614475170372e+03,-4.995543985412832058e+02,2.390610394906021270e+02,5.203283053202056863e-01,3.129354260089685908e+02,1.043988589211618319e+03,2.389587155963302791e+02,7.470025740025739651e+02,nan,nan,5.279428934010152261e+02,8.070504413619167963e+02
-1.544166893323585327e+03,-8.522637730373260183e+02,2.780531142343645570e+02,1.802618146151067913e-01,3.130906666666666638e+02,1.168094288304623660e+03,2.680111464968152859e+02,8.909517120280947893e+02,6.150796382730454752e+02,9.279850808122669150e+02,nan,nan
-1.930253523576803673e+03,-1.134611493264510727e+03,-1.800814838384132770e+02,3.411575656252576194e-01,3.131103117505995215e+02,1.308946500222915802e+03,2.930876651982378576e+02,9.550728848114168841e+02,4.429027584285316266e+02,1.085930078609846987e+03,nan,nan
-2.072694022568654873e+03,-9.016870666195179638e+02,-2.976859702707134261e+02,2.459384901798178646e-01,3.140572207084468914e+02,1.236893497757847626e+03,2.779628506444275899e+02,8.639810981098110005e+02,nan,nan,3.931429365962180214e+02,9.639139447236181013e+02
-1.624742853292705604e+03,-1.213792917347019284e+03,1.261963039484717513e+02,4.439390868420582947e-01,3.149274783765801544e+02,1.318090140845070437e+03,3.000614640883977700e+02,1.014986787778695316e+03,5.609791172282866683e+02,1.108065573770491710e+03,nan,nan
-1.839750628594416639e+03,-9.911771394626724714e+02,-7.142715098064327606e+01,2.586639025123532720e-01,3.159334637964774970e+02,1.249974178403755786e+03,2.841488222698072832e+02,9.139859906604402795e+02,nan,nan,4.841045197740112940e+02,1.015105711422845729e+03
-2.234607353222598249e+03,-7.808463985376191658e+02,-4.570793912124588587e+02,4.499649191426466910e-01,3.160936274509803638e+02,1.209925903614457866e+03,2.731123032904148999e+02,8.129702380952380736e+02,3.579768518518518476e+02,9.520937921727395405e+02,nan,nan
-1.393572399081789854e+03,-7.853927707557996882e+02,4.458197061838131390e+02,1.060394807376398990e-01,3.161234817813765403e+02,1.124042664670658723e+03,2.640955829109341266e+02,8.789929886064854827e+02,6.870136054421768677e+02,8.820058823529411711e+02,nan,nan
-1.475861456059160901e+03,-9.500364851225360781e+02,3.255936415660887064e+02,6.448673175463645046e-01,3.170509633312616415e+02,1.201021739130434753e+03,nan,nan,6.400276145710928404e+02,9.699979784366577178e+02,6.278928722058203675e+02,1.023943781094527367e+03
-2.001871706363172279e+03,-1.165200239284468807e+03,-2.760903408334283995e+02,9.027755529346936925e-02,3.170866089273817465e+02,1.325043323863636260e+03,3.000592105263157805e+02,9.569502487562189117e+02,nan,nan,4.409992464204973430e+02,1.073000811030008208e+03
-1.888117815002241969e+03,-1.016467453572045088e+03,-1.424165297902597445e+02,7.542552786152108280e-02,3.199322493224932487e+02,1.264080600333518532e+03,2.910146386093321098e+02,9.170504201680672622e+02,4.679377142857142644e+02,1.033011348464619459e+03,nan,nan
-1.358027550921655347e+03,-9.811842520091352071e+02,4.416796532804274307e+02,3.822675762580935999e-01,3.209666666666666401e+02,1.200967639593908643e+03,2.839457504520795510e+02,9.599739463601532634e+02,nan,nan,6.819531073446327127e+02,1.047023506988564122e+03
-2.014503322959897332e+03,-8.955015986525743301e+02,-2.649610927018325697e+02,2.407172331211542282e-01,3.221325878594249161e+02,1.231982580645161306e+03,nan,nan,4.290484160191273304e+02,9.880429042904290782e+02,4.160989304812834462e+02,9.619879007864489040e+02
-1.836600749975709959e+03,-1.196952361015248925e+03,-1.261488057562724379e+02,1.469668839579308106e-01,3.229788166544923342e+02,1.326915042868277396e+03,3.071444444444444457e+02,9.829383667180277371e+02,nan,nan,5.039769487412799549e+02,1.096981609195402370e+03
-1.709129475943333091e+03,-6.893323153273959178e+02,8.973000105647446389e+01,4.413117576890952520e-01,3.231007660577489560e+02,1.127960170697012700e+03,2.670109717868338635e+02,8.139668161434977947e+02,5.570019342359768189e+02,8.709925149700599150e+02,nan,nan
-1.398405917254854785e+03,-1.428357874300668072e+03,3.204414155531790129e+02,6.519179016265640447e-01,3.239558676028084392e+02,1.391933268858800830e+03,3.209291666666666742e+02,1.122959239130434753e+03,nan,nan,6.929806201550387641e+02,1.236945660377358536e+03
-2.079844104209930265e+03,-1.137651722970010269e+03,-3.775662046906270461e+02,5.999691612820042819e-01,3.239906542056074841e+02,1.320993520518358537e+03,3.039810318664643205e+02,9.389406028368794068e+02,3.930458811261730716e+02,1.098800404040404146e+03,nan,nan
-1.707816481547764170e+03,-8.399878323319924220e+02,6.356499952854677105e+01,3.816961013587548135e-01,3.240276214833759809e+02,1.183977011494252793e+03,nan,nan,5.490620941558441928e+02,9.409442708333333485e+02,5.260628672150411376e+02,9.560092776673293429e+02
-2.152510647752511431e+03,-1.079521879725163899e+03,-4.503553966368993429e+02,4.413662209808679182e-01,3.250809455587392449e+02,1.306123733719247411e+03,3.020437470280551793e+02,9.139824242424242584e+02,3.719981082103669792e+02,1.076994407727503813e+03,nan,nan
-1.684161494959251741e+03,-8.981819621288769895e+02,7.319764823659355102e+01,4.269199549300161656e-01,3.258998691099476446e+02,1.203016178736517759e+03,2.869709989258861356e+02,8.929699799866577905e+02,5.560433589462129476e+02,9.669826923076923322e+02,nan,nan
-1.427777184659414615e+03,-9.906341511276043548e+02,3.406073898262965827e+02,5.350179438806502707e-01,3.269169054441260869e+02,1.213974076983503437e+03,nan,nan,6.620087361677344688e+02,9.899464178205899998e+02,6.521651904340124020e+02,1.042974204171240444e+03
-2.204228451351590138e+03,-9.294755538059364426e+02,-4.898878232796557199e+02,1.649946214854927096e-01,3.270476190476190368e+02,1.258960893854748520e+03,nan,nan,3.640959949141767424e+02,1.017069252077562282e+03,3.581709163346613423e+02,9.629901041666666970e+02
-1.408856195246904690e+03,-6.147461747109944099e+02,4.145475418396117675e+02,1.686722465718078767e-01,3.279201331114808795e+02,1.060947955390334528e+03,2.629337016574585846e+02,8.060874316939890605e+02,6.908765989465763369e+02,8.072363765038924157e+02,nan,nan
-1.703277441398592828e+03,-8.503943640121583485e+02,5.342698862968944695e+01,3.248214310941328065e-01,nan,nan,2.850724085365853853e+02,8.730078260869564701e+02,5.518984538236522894e+02,9.470405624661979118e+02,5.289913924050632659e+02,9.601372345934748864e+02
-2.441001835551717704e+03,-9.821641521272425734e+02,-7.677239104291089689e+02,1.819542054894335570e-01,3.309065021357380374e+02,1.292888372093023236e+03,nan,nan,2.899871144084341950e+02,1.053988648090815332e+03,2.931593843098311822e+02,9.678916528468766955e+02
-1.699118255082075393e+03,-8.021589928879536728e+02,4.788083627599043268e+01,6.546697671029474419e-01,3.319785977859778541e+02,1.170979982593559726e+03,2.869115898959881292e+02,8.550331877729257712e+02,nan,nan,5.289488465396188985e+02,9.369741784037559000e+02
-1.324207847363072915e+03,-9.720741511289961636e+02,4.400928059320829675e+02,5.549791108551120900e-01,3.330075062552126610e+02,1.196013651877133043e+03,nan,nan,7.119430809399477766e+02,9.750155502392344715e+02,6.979675767918088241e+02,1.041012650221378863e+03
-1.360493566816677003e+03,-1.112697315723630254e+03,3.715522421421381978e+02,2.735280434550617090e-01,3.350163170163170321e+02,1.258950446791226568e+03,3.089896907216494810e+02,1.007076056338028138e+03,6.870184831102612861e+02,1.047951858622790951e+03,nan,nan
-1.529413198137286599e+03,-6.927229206127374255e+02,2.334497986682666806e+02,3.485625887724023708e-01,3.378854232972628893e+02,1.110974130962004892e+03,2.810663615560640665e+02,8.258769544527532389e+02,6.349993861264579209e+02,8.629332443257676459e+02,nan,nan
-1.919263808137018486e+03,-1.026419655390260232e+03,-2.437782577197314708e+02,1.744753007620056529e-01,3.380544605809128598e+02,1.272912870159453405e+03,nan,nan,4.619950711938663517e+02,1.046005921052631493e+03,4.660308250226654536e+02,1.015904640489546182e+03
-1.896369990704296470e+03,-7.500987850128409491e+02,-1.782149981534271319e+02,4.063065007101587800e-01,3.389714975845410549e+02,1.173007575757575751e+03,nan,nan,4.859430894308943039e+02,9.230304594734125203e+02,4.521719773024880169e+02,9.029256933542648085e+02
-2.276422175826270632e+03,-8.469991224212888028e+02,-6.076700573016412363e+02,2.475757732362104946e-01,3.400810419681620829e+02,1.240022256331542621e+03,nan,nan,3.519746978851963490e+02,9.929447884416924808e+02,3.349958000839983470e+02,9.219652978600347524e+02
-1.721120666799459514e+03,-1.190182002108212600e+03,-6.481962324169857936e+01,1.774232771265255859e-01,3.408635881104033842e+02,1.319056366047745314e+03,3.241299949418310575e+02,9.888469626168224522e+02,5.290470737913485664e+02,1.109998732572877088e+03,nan,nan
-1.902561496592292087e+03,-1.134399907848701105e+03,-2.540312341322446059e+02,1.823758705518977730e-01,3.412398765908214386e+02,1.311000000000000000e+03,3.212205177372962339e+02,9.509671532846715536e+02,4.630073825503355920e+02,1.093949880668257720e+03,nan,nan
-1.647338787304391872e+03,-5.654292138360414128e+02,1.058046577766168070e+02,4.712605481307215460e-01,3.419333917616125973e+02,1.079982404692082127e+03,2.781006178287731814e+02,7.678995680345572055e+02,nan,nan,5.349540975103734581e+02,8.309293893129771504e+02
-1.928145997404993977e+03,-8.578219417880163746e+02,-2.473019549555471315e+02,3.862384886021867914e-01,3.430279220779220850e+02,1.215023443223443337e+03,3.040368043087971159e+02,8.550046382189239011e+02,4.699786239144956426e+02,9.750136887608068719e+02,nan,nan
-1.470266214521387383e+03,-8.133571133180356583e+02,2.641784754098364942e+02,5.059385018995308236e-01,3.430304659498207798e+02,1.152056676272814684e+03,2.950064748201438647e+02,8.770050547598989397e+02,6.549043715846994473e+02,9.159203634420096023e+02,nan,nan
-1.379574414222416408e+03,-1.067021119174789874e+03,3.235769913445247425e+02,4.728604607165108331e-01,3.439487715629900890e+02,1.243979098628347401e+03,3.161029411764706083e+02,9.840174825174825628e+02,nan,nan,6.820690566037735607e+02,1.073995786516853968e+03
-2.345776584902695504e+03,-7.987077620914384397e+02,-6.964931028920630069e+02,3.050931382686899451e-01,3.449235709698137384e+02,1.230865079365079282e+03,3.059869565217391028e+02,8.078874680306905702e+02,3.361041281577325890e+02,9.800893561103811180e+02,nan,nan
-1.521538981645425793e+03,-7.699461759576842041e+02,2.056314656035048074e+02,3.602198651642747329e-01,3.449356193142057236e+02,1.141873338545738761e+03,nan,nan,6.349781839622640973e+02,9.009412941961307979e+02,6.020653804930332171e+02,9.299743888242142020e+02
-1.466906086402430219e+03,-9.886768413937089690e+02,2.340976230852058109e+02,3.202659304087979719e-01,3.450948121645795936e+02,1.221060010621348965e+03,3.109454209065680175e+02,9.439897330595482572e+02,6.471130716600648611e+02,9.999344409519533201e+02,nan,nan
-1.843703481845382839e+03,-1.305594176914938316e+03,-2.312641047945071762e+02,4.491585104527188732e-01,3.451631868131868259e+02,1.370014895057548983e+03,3.369504666188083206e+02,1.013059760956175296e+03,nan,nan,5.170429524603836171e+02,1.128987179487179446e+03
-1.595057338044061453e+03,-7.103162316373744716e+02,1.300718322922739105e+02,7.534967700717173367e-01,3.459741550695824799e+02,1.128013306038894598e+03,2.910979532163742647e+02,8.259340746624304757e+02,6.080810621942697480e+02,8.820177121771217799e+02,nan,nan
-1.255348261958374451e+03,-8.886143791520808008e+02,4.883579488188213986e+02,4.884335821945471889e-01,3.459912974683544462e+02,1.156070219966159129e+03,3.028543010752688360e+02,9.290674157303370748e+02,nan,nan,7.270030712530711980e+02,1.003994318181818130e+03
-1.479902815100397902e+03,-1.054308113889650485e+03,2.050244437208099839e+02,3.387160562565963429e-01,3.459927901946647353e+02,1.247899352983465178e+03,3.179094865100087191e+02,9.669827089337176176e+02,6.379259475218658508e+02,1.033044166666666570e+03,nan,nan
-1.954982226500947718e+03,-8.361546512222486172e+02,-2.880193033450803455e+02,3.655035971075162871e-01,3.469646697388632788e+02,1.210990099009901087e+03,3.070259917920656676e+02,8.448969607116382576e+02,nan,nan,4.419708436724565672e+02,9.329267185473411246e+02
-1.839733117056446645e+03,-1.174730419890857547e+03,-2.141337333366546147e+02,2.807788462213678393e-01,3.470015048908954327e+02,1.322037428803905641e+03,3.299669551534224752e+02,9.690190146931720392e+02,nan,nan,5.090935709739019899e+02,1.078019943019942957e+03
-1.333984970899574137e+03,-8.348095426285593703e+02,3.986074675985573208e+02,4.541525678275173949e-01,3.480184229918938854e+02,1.144991166077738626e+03,3.009692857142857179e+02,8.989756711409396530e+02,nan,nan,6.881581450653983438e+02,9.709727095516569761e+02
-1.455685420249237495e+03,-7.528174559800737597e+02,2.658848562621200813e+02,7.048649254017332888e-01,3.490291438979963345e+02,1.128987878787878799e+03,2.979026479750778549e+02,8.539622641509433834e+02,nan,nan,6.300411339633129728e+02,9.239944102850754462e+02
-1.801582776105529092e+03,-7.946164988344792164e+02,-1.203690174437990663e+02,5.095729978574724539e-01,3.491874197689345465e+02,1.182023034154090510e+03,nan,nan,5.220719866071428896e+02,9.390128726287263135e+02,4.939366076527698510e+02,9.239890675241157396e+02
-1.552297828119251335e+03,-1.049351031252971325e+03,1.079255404884795837e+02,2.504650152309434996e-01,3.507804391217565012e+02,1.253980848153214765e+03,3.230120288692862687e+02,9.559377664109122179e+02,6.079848566792860538e+02,1.036975241545893823e+03,nan,nan
-2.091205868858939994e+03,-9.390424013444145430e+02,-4.655173735537122752e+02,3.462229107293143815e-01,3.509049382716049195e+02,1.257956810631229246e+03,nan,nan,4.120058217644424303e+02,1.023925356125356075e+03,4.058640679660169894e+02,9.650294617563739621e+02
-2.209461286113426468e+03,-9.221282397974035803e+02,-5.913313183465979819e+02,1.874812228004105741e-01,3.509453711426188534e+02,1.261013085052843508e+03,3.189916989485334966e+02,8.548953804347826235e+02,3.739660452729693816e+02,1.023979514415781523e+03,nan,nan
-1.630492581409945387e+03,-6.102149300990296297e+02,8.764405319005649631e+01,6.213193756220647401e-01,3.510530839231547020e+02,1.095968956406869211e+03,2.901263020833333144e+02,7.849510040160643030e+02,nan,nan,5.470962962962962592e+02,8.509640984267849717e+02
-1.658325541934983221e+03,-7.341345026219793226e+02,3.421113318746501619e+01,1.516647470247801388e-01,3.519023178807947261e+02,1.145958955223880594e+03,3.010236842105263122e+02,8.299982030548068224e+02,5.820296703296703527e+02,9.009899531145345009e+02,nan,nan
-2.201062632292217586e+03,-9.741048805002500330e+02,-5.934702148328165094e+02,2.786728226814919607e-01,3.520370004933399173e+02,1.277859903381642425e+03,3.230964383561643558e+02,8.719794429708223333e+02,3.740213343677269222e+02,1.044892200898325882e+03,nan,nan
-1.201486542495734739e+03,-1.281073993329670429e+03,4.774793987389368226e+02,8.320782110827238398e-01,3.520762651461154746e+02,1.319008681925809015e+03,3.359355524079319935e+02,1.090900371747211921e+03,nan,nan,7.751946414499606135e+02,1.184012280701754435e+03
-1.290256314927775520e+03,-1.091790387073258216e+03,3.966773506266210347e+02,2.947000560603997843e-01,3.521300236406619319e+02,1.246016415868672993e+03,3.250796460176991332e+02,1.003864620938628150e+03,7.228892362661902098e+02,1.039077973568282005e+03,nan,nan
-1.329582527128481161e+03,-6.650808993131462330e+02,4.082688624252323848e+02,5.301381387355431629e-01,3.529514637904468373e+02,1.077951198630137014e+03,2.949126383226558232e+02,8.290232727272726834e+02,nan,nan,6.808948009748172581e+02,8.900087336244541802e+02
-1.485684251880109969e+03,-8.324771272084565226e+02,2.045539758046031125e+02,2.785963667171835745e-01,3.539984260230850168e+02,1.164178688524590143e+03,3.090590769230769297e+02,8.811578063794067930e+02,6.488633832976445319e+02,9.310234899328859228e+02,nan,nan
-1.225242912689460809e+03,-8.653951659338919171e+02,4.966418055728534569e+02,2.146720365678234099e-01,3.550262135922330344e+02,1.145006944444444343e+03,nan,nan,7.660638182801513949e+02,9.219988130563798450e+02,7.409876832844574892e+02,9.919951040391676997e+02
-1.751614126599288966e+03,-1.089252619738476824e+03,-1.342103142933245294e+02,2.417700897160414419e-01,3.551394840402273871e+02,1.285981070849107709e+03,3.311898238747554046e+02,9.479102792632204455e+02,nan,nan,5.370448430493273690e+02,1.047034764826175888e+03
-1.645397807410894529e+03,-9.182982123396923271e+02,5.865296484249002518e+00,3.765561989606848736e-01,3.560088315217391255e+02,1.213963622291021693e+03,3.191237337192474683e+02,8.979991896272284748e+02,5.779261931187569417e+02,9.849892947103274992e+02,nan,nan
-2.213260423244459162e+03,-9.230836114014489340e+02,-6.188451686632499786e+02,4.752702886783525815e-01,3.569673977474807316e+02,1.262088326127239043e+03,nan,nan,3.751486607142857110e+02,1.027013631406761078e+03,3.691186856302109049e+02,9.500767061477721427e+02
-1.191375338348914511e+03,-1.095983143431177496e+03,4.964164603573137242e+02,1.288226598687019220e-01,3.570789001793185662e+02,1.238945257797581235e+03,3.291226903178122711e+02,1.017913223140495916e+03,7.709675072744907993e+02,1.034969444444444434e+03,nan,nan
-1.776361281755456048e+03,-1.231298198222156770e+03,-1.894672247973106494e+02,5.269544943359368849e-01,3.570857427716849202e+02,1.339954974986103480e+03,3.431151515151515241e+02,9.921520891364903036e+02,nan,nan,5.391226252158894567e+02,1.101886687306501472e+03
-1.840485871145019473e+03,-1.258714678080668818e+03,-2.636256500663192810e+02,4.961021838525001004e-01,3.571028081865778177e+02,1.353970313358988506e+03,3.450858257477243001e+02,9.949280359820089643e+02,4.840566448801743036e+02,1.151000610128126937e+03,nan,nan
-1.598646118131369576e+03,-5.134066826823608380e+02,1.108533476420921176e+02,2.229162872303875609e-01,3.581206415620641792e+02,1.058983009708737882e+03,2.900682110682110419e+02,7.489779086892489204e+02,6.199537166900420289e+02,7.990831525668835411e+02,nan,nan
-2.073517789233302210e+03,-1.055339985090997061e+03,-4.953032100571916203e+02,2.630596959897178455e-01,3.589341614906832092e+02,1.297000000000000000e+03,3.349485352335708512e+02,9.060041911148365443e+02,nan,nan,4.248978634705575814e+02,1.009014668367346985e+03
-1.592221278300810809e+03,-9.511682017247961767e+02,4.546021932819850520e+01,2.842505342850217276e-01,3.599519538757206760e+02,1.221932944606413912e+03,nan,nan,5.990726643598616192e+02,9.980272581507215364e+02,5.889415274463007108e+02,9.999652849740932652e+02
-2.094145235881062035e+03,-9.958257740959667217e+02,-5.130199847527633210e+02,9.487165154993232319e-02,3.599795680093403121e+02,1.278891727493917188e+03,nan,nan,4.111333333333333258e+02,1.050998330550918126e+03,4.139490156486622823e+02,9.840220264317180181e+02
-1.284880738156037069e+03,-8.445423112275964286e+02,4.081553284227512677e+02,1.960640736645106186e-01,3.609453781512605133e+02,1.146021455223880594e+03,3.159344146685472765e+02,9.050327743902439579e+02,nan,nan,7.129855595667870602e+02,9.749740670461733316e+02
-2.463823717428833334e+03,-7.911816558929187977e+02,-8.993588494981837584e+02,2.864621563610325050e-01,3.620725750174458994e+02,1.240994712990936478e+03,nan,nan,3.109898989898990180e+02,9.920925373134327856e+02,2.880443037974683307e+02,8.849943227899432259e+02
-1.696085699053770668e+03,-1.281444199114778030e+03,-1.300744707675881386e+02,8.598089824282418858e-01,3.629351911860013047e+02,1.355926351351351286e+03,3.521179577464788508e+02,1.016967259120673475e+03,5.399241268566840972e+02,1.156131768088164790e+03,nan,nan
-1.262273183384447066e+03,-8.120949380755271250e+02,4.332782793431509845e+02,4.513525629347883705e-01,3.629954896907216266e+02,1.131007513148008911e+03,3.149417134831460885e+02,8.938928571428571104e+02,7.519433060109289499e+02,9.029992947813822184e+02,nan,nan
-1.577201737874409218e+03,-1.041056610168529232e+03,3.712547449039018943e+01,2.983705115439607702e-01,3.630553691275167694e+02,1.255140557518649302e+03,nan,nan,6.010855096882897897e+02,1.039928536938676871e+03,6.019281621859850020e+02,1.037965826330532309e+03
-1.908161051744582664e+03,-1.067547347335323366e+03,-3.386813982935826175e+02,3.605961146410670004e-01,3.640083565459610213e+02,1.291013123359580050e+03,3.410020746887966538e+02,9.230337986774430874e+02,nan,nan,4.831279426816786327e+02,1.023078341013824911e+03
-1.591756927302417125e+03,-4.635108278162207398e+02,1.001492896016908389e+02,8.947869101233103528e-01,3.640118110236220446e+02,1.041979420018709106e+03,2.949311145510835672e+02,7.290276577355228937e+02,6.270650224215246453e+02,7.801135962330782831e+02,nan,nan
-1.769787978257197210e+03,-1.127779366173115477e+03,-1.944146847634797552e+02,4.363775062057960175e-01,3.640609022556391210e+02,1.302975669099756715e+03,3.440384810126582238e+02,9.571373684210526562e+02,5.200882910193255384e+02,1.091020564323290273e+03,nan,nan
-2.402191250484773263e+03,-7.567363884256973279e+02,-8.347891297531425607e+02,1.668573151123197429e-01,3.641551874455100233e+02,1.225981676846196478e+03,nan,nan,3.319105932203389671e+02,9.759701321079838863e+02,3.029992025518341165e+02,8.739924623115578015e+02
-2.252925779779438017e+03,-1.263225819636808637e+03,-7.524742547777533446e+02,3.155708775099110852e-01,3.659853958493466735e+02,1.376969255663430431e+03,3.559283110571081465e+02,9.529781790820165952e+02,nan,nan,3.901906493506493234e+02,1.069918518518518567e+03
-2.026270742830829931e+03,-9.664688427337941903e+02,-4.586616096463660028e+02,2.219708894342536931e-02,3.659910246821241344e+02,1.265057377049180332e+03,3.359501028806584486e+02,8.799594680177327746e+02,4.379473490427098454e+02,1.037009576612903174e+03,nan,nan
-1.437632744883968599e+03,-8.844568157884668835e+02,2.056641129487413764e+02,2.281973996677363059e-01,3.669214890016920663e+02,1.181957200402819808e+03,3.260808909730363325e+02,9.029526501766783895e+02,6.690308788598574665e+02,9.569879356568364983e+02,nan,nan
-1.947875201393518637e+03,-8.606500627886505299e+02,-3.596707325943596629e+02,1.933114512584873934e-01,3.669780755176614093e+02,1.223079465988556876e+03,nan,nan,4.710694996028594232e+02,9.869851616322204109e+02,4.540854700854700923e+02,9.370469336670838629e+02
-2.345446483658845409e+03,-1.191364809540799115e+03,-8.543203287241733506e+02,8.077099543107496560e-02,3.680185614849187914e+02,1.359028548770816769e+03,nan,nan,3.260767101621194115e+02,1.146017156862745196e+03,3.589586840091813542e+02,1.035890821256038635e+03
-2.283263036876939168e+03,-8.045609249726828693e+02,-7.253819888988106186e+02,4.653801632728546411e-01,3.680307298335467294e+02,1.232900128040973186e+03,3.291172868582194724e+02,8.099951638903814910e+02,3.660894704808277424e+02,9.880334519572953695e+02,nan,nan
-1.190513583396245394e+03,-1.178176722332096233e+03,4.360312883756019460e+02,2.627287913579161027e-01,3.719468367889420506e+02,1.277008376288659747e+03,3.500584088620342413e+02,1.045974495217853246e+03,7.679501894964807889e+02,1.081006524317912181e+03,nan,nan
-1.598503541442406231e+03,-7.629057081393781345e+02,2.271121494281907616e+01,1.842127578840085933e-01,3.720984793627806084e+02,1.155005902192242729e+03,3.239171291157972519e+02,8.419052035033488437e+02,nan,nan,5.768998073217726414e+02,9.139908151549942659e+02
-1.658601140952917149e+03,-7.339290074897032810e+02,-4.092042539618172725e+01,1.902524497580101726e-01,3.721285965942454368e+02,1.150852265265922597e+03,nan,nan,5.870156178226917518e+02,9.110326264274061714e+02,5.511376146788991264e+02,8.979622109419063918e+02
-2.109600542976758334e+03,-1.098274256407190933e+03,-5.977148343661475565e+02,1.966684806079877779e-01,3.728624078624078493e+02,1.315992838541666742e+03,3.519538551401869313e+02,9.140144230769230944e+02,nan,nan,4.231016077170418157e+02,1.016985085227272748e+03
-1.798197135427389185e+03,-1.127892096877907079e+03,-2.574477178143578726e+02,2.430733363104979061e-01,3.728879688261081355e+02,1.306051506849315047e+03,3.520101058710298503e+02,9.520556167400881122e+02,5.120746102449888895e+02,1.095861330851558932e+03,nan,nan
-1.344593422810075481e+03,-9.213534825917307671e+02,2.854899009988255898e+02,2.631319056894727004e-01,3.729962805526035936e+02,1.186953518398967162e+03,3.349673135852910946e+02,9.260169491525423382e+02,7.089695630829651236e+02,9.688809278350515797e+02,nan,nan
-2.236225460407133141e+03,-9.655305372054082227e+02,-7.214726065018356849e+02,7.923417059363027093e-01,3.739710743801653052e+02,1.281978399999999965e+03,nan,nan,3.739004644990046700e+02,1.050840081799590962e+03,3.740061025223758975e+02,9.590444184687316920e+02
-1.634440511694585211e+03,-1.037443171411528283e+03,-6.617648681077282902e+01,7.495317833684449482e-01,3.739725925925926049e+02,1.260958722741433121e+03,3.468929812369701153e+02,9.380951257861635213e+02,5.799730983302412142e+02,1.045019780219780159e+03,nan,nan
-1.717054972263378204e+03,-8.593608860388485482e+02,-1.336149620890151368e+02,5.276157059979212915e-01,3.739889807162534225e+02,1.202965250965251016e+03,nan,nan,5.579944040290990870e+02,9.730245901639344765e+02,5.390186615186614745e+02,9.470439632545932227e+02
-1.458678459629960344e+03,-9.090196277143710404e+02,1.453814358841789840e+02,2.767877348024417872e-01,3.760358255451713489e+02,1.196005273566249116e+03,nan,nan,6.600375054513737041e+02,9.739758842443729918e+02,6.441751633986928027e+02,9.859487179487178992e+02
-1.426305984513668136e+03,-8.475720647938150023e+02,1.910388118216164344e+02,2.573947070625848266e-01,3.760492076730608915e+02,1.168029438001784229e+03,nan,nan,6.770436724565756776e+02,9.430949811117106947e+02,6.540069708491761276e+02,9.609880239520957730e+02
-2.366978760055472321e+03,-1.125670024449238326e+03,-9.069297145576324510e+02,4.259329239345230889e-01,3.769120654396728014e+02,1.340000599161174250e+03,3.590150150150150239e+02,8.999961508852964016e+02,nan,nan,3.518668796592119179e+02,1.008005614472863385e+03
-1.278144201359080398e+03,-6.831523814017818950e+02,3.830560987288964725e+02,3.087631960444369716e-01,3.770665571076417564e+02,1.084987929433611953e+03,3.208989898989898961e+02,8.369636015325670542e+02,nan,nan,7.090812077043207182e+02,8.949725243274184550e+02
-1.788235978938081189e+03,-1.188795705176604770e+03,-2.748439968301965450e+02,3.096743435920240595e-01,3.779568197395476545e+02,1.327954156954157042e+03,3.611097560975609895e+02,9.719078212290502279e+02,5.140678506375227244e+02,1.124114844533600717e+03,nan,nan
-1.550798212490483593e+03,-7.477366253564215413e+02,5.884622355661695536e+01,5.303776031975586669e-01,3.779836567926455473e+02,1.144926934097421281e+03,3.279671210906174679e+02,8.389596557288864460e+02,nan,nan,5.961560452650387560e+02,9.089794069192751067e+02
-1.675889143375523872e+03,-9.253240515761433471e+02,-1.112070042005795472e+02,1.366586597173168049e-01,3.780172284644194747e+02,1.223974151857835295e+03,3.430007022471909863e+02,8.929726562500000000e+02,5.711467710371820203e+02,1.000003498250874600e+03,nan,nan
-1.362154980546014258e+03,-7.922196918758005495e+02,2.664795737259262864e+02,5.235531786624328943e-01,3.781440058479532240e+02,1.140169270833333258e+03,nan,nan,7.088482213438735471e+02,9.109777777777777601e+02,6.780308674827035702e+02,9.399829835507657663e+02
-2.062340798284154516e+03,-1.181015327274604260e+03,-5.905617407818118636e+02,2.636975869112006543e-01,3.810150537634408465e+02,1.341990963855421796e+03,3.649767092411720455e+02,9.420535987748851312e+02,4.200296442687746890e+02,1.134047651933701673e+03,nan,nan
-1.900829316277117414e+03,-9.403146452737381651e+02,-3.761855417964130197e+02,2.103732965915066921e-01,3.810683229813664639e+02,1.248990595611285244e+03,nan,nan,4.880061274509803866e+02,1.023884424603174580e+03,4.821262783459315528e+02,9.668659645763523258e+02
-1.955838389387410189e+03,-9.796245278571001336e+02,-4.436579366614453193e+02,1.036815431101419938e-01,3.810882145377558459e+02,1.267003159557662002e+03,3.521255230125523212e+02,8.869381384790011680e+02,4.670373084610259866e+02,1.043974964234620984e+03,nan,nan
-1.972388367009632475e+03,-1.289037676269718531e+03,-5.060647617769859608e+02,2.796446927371292190e-01,nan,nan,3.718810492989597378e+02,9.840569583088666832e+02,4.439860664523043852e+02,1.176048076923076906e+03,4.850015999999999963e+02,1.096014443500424704e+03
-1.898445890336134880e+03,-1.009643946068146420e+03,-3.931049432863850370e+02,1.951523326387671065e-01,nan,nan,3.559953703703703809e+02,9.009295454545454049e+02,4.860477178423236637e+02,1.053996964177292057e+03,4.889198585739540590e+02,9.939868421052631220e+02
-2.100491409690752789e+03,-1.242903893754524915e+03,-6.511510228518777694e+02,2.153898747110921663e-01,3.830474978795589323e+02,1.365021611001964629e+03,3.710571557155715823e+02,9.569471018570624210e+02,nan,nan,4.419553571428571672e+02,1.067016962220508958e+03
-1.601431876511534711e+03,-7.522526417255393199e+02,-1.991801089315444173e+01,1.538741375440203230e-01,3.831394728061394517e+02,1.153956694653115392e+03,3.349399008674101879e+02,8.360274647887323454e+02,6.109977385798281375e+02,9.190280898876404763e+02,nan,nan
-1.535411417304043425e+03,-8.369793905542318271e+02,4.200082684852753090e+01,1.748196757847851612e-01,3.831905495634309204e+02,1.177972347266881116e+03,3.408751608751608728e+02,8.729932785660940908e+02,6.329779367918903290e+02,9.510019367333763967e+02,nan,nan
-1.169125654077322679e+03,-1.281326798023803121e+03,4.063331286955241239e+02,3.011303149129520018e-01,3.840315284441398376e+02,1.321002225519287776e+03,3.689375000000000000e+02,1.085008287292817613e+03,nan,nan,7.930258418167579748e+02,1.172989335520918758e+03
-2.283613375257712960e+03,-7.662148373262890573e+02,-7.911673006717652470e+02,2.958478487580137872e-01,3.841042394014962724e+02,1.224115447154471440e+03,nan,nan,3.759692197566213281e+02,9.800660919540230225e+02,3.489666666666666401e+02,8.769932075471698454e+02
-1.318554713478809390e+03,-1.064415167362689772e+03,2.460812030783797297e+02,2.484725179859899324e-01,nan,nan,3.589792332268370387e+02,9.799929577464788508e+02,7.150285252960172784e+02,1.040987096774193560e+03,7.150484429065744507e+02,1.061010050251256189e+03
-1.620891250981871963e+03,-1.229991544742574433e+03,-1.240111800429016711e+02,6.004496892510192696e-01,3.861212121212121247e+02,1.332975335120643422e+03,3.720027901785714448e+02,1.001949528936742922e+03,nan,nan,6.041335299073293754e+02,1.103032676348547739e+03
-1.642176935915339527e+03,-1.206098334806267985e+03,-1.478829291997930397e+02,4.782368718236325589e-01,3.870536641661857971e+02,1.325918577981651424e+03,3.710928829915561096e+02,9.909655172413793025e+02,nan,nan,5.949674321503131296e+02,1.090998941238750604e+03
-1.313359752068106673e+03,-7.280195482681288013e+02,2.924576287181369025e+02,3.777077417553152405e-01,3.890851377952756138e+02,1.110927696793002951e+03,nan,nan,7.349634814363968189e+02,8.820881979695431028e+02,6.979488933601609233e+02,9.099103641456582636e+02
-2.039046107953565297e+03,-1.006493894196515953e+03,-5.722447718613522056e+02,4.788625142640348109e-01,3.890887728459530308e+02,1.283939436619718208e+03,3.619993373094764593e+02,8.869835820895522147e+02,4.409548654244306363e+02,1.063081383519837345e+03,nan,nan
-2.374056762473362141e+03,-9.181305812038926888e+02,-9.390288642640335866e+02,2.473853832563070176e-01,3.892161438408569438e+02,1.277945257196790863e+03,nan,nan,3.440150918635170569e+02,1.047052966101694892e+03,3.391037577117218120e+02,9.280038314176244967e+02
-1.217355709524337726e+03,-1.062348301585585887e+03,3.557817438245367043e+02,4.751061792396476524e-01,3.899837570621468785e+02,1.233887244538407231e+03,3.618839360807401135e+02,9.920120370370370892e+02,7.619989658738365961e+02,1.032900733496332577e+03,nan,nan
-1.975152369166407652e+03,-7.928031080894684237e+02,-4.722403815492229455e+02,2.407390279478613948e-01,3.900068754774637227e+02,1.206994359387590748e+03,nan,nan,4.740500000000000114e+02,9.709969040247677867e+02,4.488982427462198643e+02,9.009858233369683376e+02
-1.773871042828937107e+03,-8.052587081548670085e+02,-2.481967739851376678e+02,1.840453088417737526e-01,3.900203045685279335e+02,1.192866908650937603e+03,nan,nan,5.439600000000000364e+02,9.599862218999275001e+02,5.191275555555555457e+02,9.169091367995961264e+02
-1.301133359647110183e+03,-8.954688854522264592e+02,2.801769100682649878e+02,7.226592828646442868e-02,3.900836707152496388e+02,1.175861545756282567e+03,nan,nan,7.319739263803680842e+02,9.599840091376356668e+02,7.130568965517240940e+02,9.869757160647571936e+02
-1.315523936062415260e+03,-6.939648391270760612e+02,2.891552416876428424e+02,2.113567257116755194e-01,3.908871051268772590e+02,1.098135315533980474e+03,nan,nan,7.360284757118928383e+02,8.670775510204081229e+02,6.950181415929203013e+02,8.938923152227116589e+02
-1.828712846272813522e+03,-1.019886141452151719e+03,-3.488127874862024100e+02,3.737901922201716243e-01,3.910417737789202874e+02,1.273058543226684833e+03,3.650518248175182521e+02,9.088944988696307519e+02,5.129576480263158373e+02,1.057116567232675607e+03,nan,nan
-1.189698085519901724e+03,-1.150877830937328781e+03,3.673683321431813056e+02,8.480139670066111357e-02,3.931012747875354307e+02,1.268945730247406118e+03,3.699410698096101555e+02,1.028970048309178765e+03,7.710095288512439993e+02,1.075014236902050015e+03,nan,nan
-1.938312616012462513e+03,-8.637435638710076091e+02,-4.555817141581042051e+02,5.373124297465602384e-01,3.940110658124635847e+02,1.228937216828478995e+03,3.560497866287340116e+02,8.479904333145751707e+02,4.839234449760765528e+02,9.990426035502958939e+02,nan,nan
-1.970121829825646273e+03,-1.196260971387911923e+03,-5.461499288212500005e+02,4.180454439618175311e-01,3.940289093298291618e+02,1.344054493984430337e+03,3.799269202087994017e+02,9.520093220338983429e+02,nan,nan,4.840822607722440125e+02,1.054979838709677324e+03
-1.860455677471838271e+03,-1.173897334250847734e+03,-4.271371035947719292e+02,4.985661535242305598e-01,3.970823019801979967e+02,1.330031459170013477e+03,3.791245967741935488e+02,9.549686503719447046e+02,nan,nan,5.189393737508328286e+02,1.054966241560390017e+03
-1.705628817961153572e+03,-1.076541631144196344e+03,-2.428039775129082045e+02,1.793173905954577319e-01,3.979302409205321851e+02,1.284917663954045111e+03,3.739607190412783098e+02,9.378924050632911076e+02,nan,nan,5.660073664825046080e+02,1.028980971128608871e+03
-2.257652901355613267e+03,-9.341709732458112967e+02,-8.483581812734523737e+02,2.275263581330301543e-01,3.979908450704225515e+02,1.276940353460972119e+03,nan,nan,3.809876911600149469e+02,1.050044468546637745e+03,3.780120824449182919e+02,9.369685737308622038e+02
-1.525107030623237506e+03,-1.263557778709026707e+03,-6.526979557248391473e+01,3.683688927298834348e-01,3.980426742532005733e+02,1.341982431482782886e+03,3.860568285976168568e+02,1.021963867187500000e+03,nan,nan,6.459531059683313288e+02,1.119023841961852895e+03
-1.824082812398017040e+03,-9.825473732401160305e+02,-3.681853172182088088e+02,2.618938667008076648e-01,3.989852448021462124e+02,1.261027406417112388e+03,nan,nan,5.190347467608951320e+02,1.043911658653846189e+03,5.180768463073852672e+02,9.820544323483670723e+02
-1.491857561531493502e+03,-1.080285216628145690e+03,-2.437020892500254554e+00,1.100644875255562677e-01,3.990821566110398066e+02,1.269100257069408826e+03,3.741161417322834382e+02,9.620117792932423981e+02,6.410759259259259579e+02,1.065016741790083643e+03,nan,nan
-1.404146613958205535e+03,-1.335151016863758969e+03,6.082735580447449308e+01,1.767787450397902693e-01,4.000440293529019300e+02,1.362013399153737737e+03,3.909534662867995962e+02,1.062945529290853074e+03,6.649549071618037033e+02,1.179011194029850685e+03,nan,nan
-1.159804706670896621e+03,-7.759296449751412865e+02,4.296140371126906530e+02,6.876278117313935345e-01,4.002500000000000000e+02,1.112993967828418135e+03,3.510160128102481849e+02,8.819833748960930961e+02,nan,nan,7.720623595505618368e+02,9.390169388989716026e+02
-1.833253315044570627e+03,-1.139965901079350033e+03,-4.093738726158796339e+02,2.638859550811440413e-01,4.009103448275861865e+02,1.316964285714285779e+03,3.820918070889018168e+02,9.460403439153438967e+02,nan,nan,5.271131873998932633e+02,1.041969143576826127e+03
-2.058988501777871079e+03,-1.173043466943252042e+03,-6.702143330254911007e+02,1.816425498634890168e-01,4.009896253602305478e+02,1.341942592592592518e+03,3.850661478599221823e+02,9.349663784822286061e+02,nan,nan,4.570699669966996908e+02,1.037003666361136538e+03
-1.214717214728369072e+03,-8.040675046411624862e+02,3.585515538634848554e+02,5.860766001615465015e-01,4.011331138287864633e+02,1.131146673387096826e+03,nan,nan,7.769960604070912495e+02,9.119971929824561130e+02,7.480543417366947097e+02,9.489902200488998005e+02
-1.367516927880919184e+03,-8.191123768053181493e+02,1.695565306346554166e+02,6.583170439434891941e-02,4.020587093643862318e+02,1.156832993890020362e+03,3.580357426528991027e+02,8.779305666400638302e+02,7.080313901345291470e+02,9.359907209136331403e+02,nan,nan
-1.474198132065446543e+03,-1.179269515310560337e+03,-9.690432708810932994e+00,2.647535674832942609e-01,4.029169207317073074e+02,1.306041927710843311e+03,3.840317180616739847e+02,9.979709737827715799e+02,6.439406910778751580e+02,1.110971532404603295e+03,nan,nan
-1.703951010089527699e+03,-9.881564582554227627e+02,-2.508485130983752924e+02,1.451047547711074304e-01,4.040309597523219622e+02,1.254092258064516045e+03,3.740152484013772778e+02,9.069993722536095220e+02,5.639477351916376620e+02,1.039982305630026758e+03,nan,nan
-1.892154849976446030e+03,-1.107259912669956066e+03,-4.832754582998844626e+02,1.937436207769707153e-01,4.040554046713742764e+02,1.309995635910224337e+03,3.831479122434536180e+02,9.289030390738060987e+02,nan,nan,5.061652173913043384e+02,1.023971032745591970e+03
-2.119783000017900576e+03,-8.104764556551632495e+02,-7.019589525997655528e+02,4.175817135834749005e-01,4.050217256362507783e+02,1.228986995208761073e+03,nan,nan,4.329829809179989866e+02,9.949828220858895520e+02,4.110426008968609608e+02,8.959677171406610796e+02
-1.748604726955074511e+03,-1.021798995364913822e+03,-3.117488805081753753e+02,8.368928141058262771e-02,nan,nan,3.780035569105691025e+02,9.139741896758703206e+02,5.459561328790459811e+02,1.058023293607800724e+03,5.490770036668412786e+02,1.001038439472174446e+03
-1.091400250187203483e+03,-1.351918159042238358e+03,4.148660070793088721e+02,3.796271121585563790e-01,4.059345475241889858e+02,1.348021810971579725e+03,3.960445969125214560e+02,1.116965645311049229e+03,nan,nan,8.338855633802817238e+02,1.202973219373219308e+03
-1.659593285264647420e+03,-8.200208242210577509e+02,-1.820811205495988929e+02,3.976960795659198467e-01,4.059534522885958268e+02,1.189993203058623521e+03,nan,nan,5.898709781209780658e+02,9.639785087719297962e+02,5.670218068535825751e+02,9.249930069930070431e+02
-1.907380632707625637e+03,-1.041771384523609186e+03,-5.005229061220032918e+02,4.072721046271503553e-01,4.069300670016750701e+02,1.289041491596638707e+03,3.810695777351247671e+02,9.060512261580381619e+02,nan,nan,4.971221532091097401e+02,9.969972360420121049e+02
-1.439161966509979948e+03,-6.694261014367586995e+02,8.826929435468484542e+01,4.961933812214311401e-01,4.069814159292035356e+02,1.109999054820415950e+03,nan,nan,6.859018485915493102e+02,8.780264293419633077e+02,6.439371543489190799e+02,8.709819662594532019e+02
-2.189067864816976908e+03,-8.491340978576068892e+02,-7.957898490638008298e+02,3.981946078037935099e-01,4.070450819672130933e+02,1.246964689265536663e+03,3.719859154929577585e+02,8.249506423258958421e+02,nan,nan,3.950015015015014797e+02,9.059598246895544662e+02
-1.625128542570391346e+03,-1.243772816600931947e+03,-2.103892872615145393e+02,7.602541094679057254e-01,4.079711934156378561e+02,1.342060584461867393e+03,3.930240963855421796e+02,1.000943248532289658e+03,5.810058252427184016e+02,1.148941785252263799e+03,nan,nan
-1.173396072735750749e+03,-1.073572771786858993e+03,3.451221746715728500e+02,9.879141192210771916e-02,4.080079562406762648e+02,1.237947336561743441e+03,3.800237892948173339e+02,9.970213713268032052e+02,nan,nan,7.820554913294797643e+02,1.071004872107186429e+03
-1.337082857084702482e+03,-8.967962493198064067e+02,1.714448970840749098e+02,3.059163175405273383e-01,4.080116640746500707e+02,1.185049352750809021e+03,3.700044422507403965e+02,9.090573813249869772e+02,7.181386217948718240e+02,9.720142421159715695e+02,nan,nan
-1.910711068338153609e+03,-7.068482304543091459e+02,-4.599244104375401889e+02,2.532439619252184193e-01,4.080398907103825081e+02,1.176907539900935717e+03,3.611176811594202718e+02,7.958843967150978642e+02,nan,nan,4.710078651685393538e+02,8.640676868746321588e+02
-1.287291006114699485e+03,-8.089454500855907781e+02,2.401229342140203755e+02,4.805916581756364825e-01,4.088820116054158689e+02,1.144980694980695034e+03,3.641124361158432521e+02,8.799203947368421268e+02,7.449949928469242195e+02,9.269716157205240279e+02,nan,nan
-2.163507022812699233e+03,-1.095985958907862823e+03,-8.171828688232399145e+02,1.033034263421198640e-01,4.100855218855218709e+02,1.323967109867039881e+03,3.900152027027027088e+02,9.009698924731183070e+02,4.060081490104773252e+02,1.113069767441860449e+03,nan,nan
-1.640357219485216774e+03,-8.862020896861814663e+02,-1.885326884019125089e+02,3.900038836663539121e-01,4.101345076060848669e+02,1.212970795568982794e+03,3.741484583174723753e+02,8.759667142177841015e+02,nan,nan,5.800845959595959584e+02,9.520248152059134554e+02
-1.144514765178251992e+03,-6.099716040874137661e+02,4.331963315729379360e+02,4.858450373975650716e-01,4.110096153846153584e+02,1.045953722334003942e+03,3.509968479117415541e+02,8.139491935483871430e+02,nan,nan,7.710833333333333712e+02,8.579929667519181749e+02
-1.655451901705483124e+03,-1.159496231584610314e+03,-2.472181841800243660e+02,4.933211734865856624e-01,4.110206786850476988e+02,1.313885386819484211e+03,3.919953461314717629e+02,9.681645944345766566e+02,5.749250180245132924e+02,1.114040362811791283e+03,nan,nan
-1.776055480506898675e+03,-1.199368898355014608e+03,-3.948509988886847282e+02,4.743205026529730417e-01,4.119983069977426453e+02,1.335033608490565939e+03,3.960863664404688507e+02,9.681048064085447322e+02,nan,nan,5.540785440613026367e+02,1.065953665283540886e+03
-1.612992411052331136e+03,-1.111147058901225137e+03,-1.956547279162032282e+02,2.275817925702170452e-01,4.120126771066368292e+02,1.292990521327014221e+03,3.898993750000000205e+02,9.560606725146199096e+02,5.940225763612218088e+02,1.090929535232383842e+03,nan,nan
-1.715162169617457721e+03,-6.910181533114920285e+02,-2.605361340278807916e+02,6.587943431742727673e-01,nan,nan,3.649414261460102011e+02,8.009686147186147309e+02,5.780378854625550957e+02,9.180027548209366159e+02,5.409381402679274515e+02,8.649664122137404547e+02
-2.009449231378703416e+03,-8.738888109422584876e+02,-6.185871695089335844e+02,2.361957792475465057e-01,4.129993577392421571e+02,1.241901443816698020e+03,nan,nan,4.670791295746785181e+02,1.015886480908152748e+03,4.540064423765211359e+02,9.239573170731707705e+02
-1.341981228500229690e+03,-1.061341262897580918e+03,1.264280752881741563e+02,3.916680730108592634e-01,4.130437317784256379e+02,1.250951959544879855e+03,3.850046656298600283e+02,9.689062754686226526e+02,7.080442206654990969e+02,1.050870117647058805e+03,nan,nan
-1.634718346410728373e+03,-1.067499118863055173e+03,-2.195134626864585243e+02,4.637372458628204464e-01,4.131678558017273986e+02,1.278966553562772560e+03,3.889612244897959386e+02,9.390161725067385987e+02,5.881767376877401148e+02,1.073056038227628051e+03,nan,nan
-1.901918030135301024e+03,-9.794511473869433757e+02,-5.150725228377051508e+02,4.146525765964501065e-01,4.139884901828029911e+02,1.267993511175198364e+03,nan,nan,4.969837869137232360e+02,1.052921299188007424e+03,4.969886643666831105e+02,9.710441176470587834e+02
-1.271560949403735776e+03,-7.763629015675835490e+02,2.451804771494745410e+02,3.946350763785733684e-01,4.139942363112392059e+02,1.132016190476190559e+03,nan,nan,7.538969335604770095e+02,9.120093252879868260e+02,7.229678838539375647e+02,9.269822660098521965e+02
-1.163016132785779519e+03,-9.008190226209595721e+02,3.628909750122936089e+02,6.864344132016731992e-01,4.140622406639004112e+02,1.166972346119536041e+03,3.729656460044809592e+02,9.289531880548829577e+02,nan,nan,7.780582210242587280e+02,9.929876615746180732e+02
-1.550041822907983260e+03,-8.382426829587736847e+02,-9.454275621301489707e+01,1.974262389573824272e-01,4.149588053553038094e+02,1.187903607332939146e+03,nan,nan,6.339350026638252302e+02,9.669638888888888459e+02,6.119635193133046869e+02,9.359913441955193321e+02
-1.210343103464812657e+03,-1.299357063373123310e+03,2.417874627999737527e+02,5.098657520356858486e-01,4.159471014492753511e+02,1.335965714285714284e+03,nan,nan,7.550291793313069775e+02,1.155976235146966928e+03,7.791316220644456507e+02,1.161004174120453172e+03
-1.771325624769798878e+03,-1.144831869321109934e+03,-3.986676598928357862e+02,4.264807156458644832e-01,nan,nan,3.969297839506172636e+02,9.499483362521891650e+02,5.339742441209406252e+02,1.116019460138104250e+03,5.539865470852017779e+02,1.042924075275794848e+03
-1.700391051030934705e+03,-1.110684018806796530e+03,-3.113237697716498928e+02,3.656820883520794929e-01,4.160053603335318826e+02,1.299995355009953528e+03,3.940947611710323599e+02,9.459387583892616931e+02,5.620664435946462163e+02,1.097000558035714221e+03,nan,nan
-2.119298358117668158e+03,-7.468845595493246492e+02,-7.410082209981214874e+02,1.461546163751062111e-01,4.160136079440970889e+02,1.211019422074846034e+03,nan,nan,4.409768786127167459e+02,9.749984227129338024e+02,4.119571776155717657e+02,8.680434537246050013e+02
-1.313559279844621415e+03,-1.157370434506823813e+03,1.346867333588466238e+02,9.087431620402074139e-02,4.160221861471861189e+02,1.286838763114301400e+03,3.950466034755134501e+02,1.006991095280498712e+03,7.159261570462819009e+02,1.094964429145152053e+03,nan,nan
-1.679569578107756115e+03,-1.014494560423692974e+03,-2.769955948874491014e+02,4.703956846088197530e-01,4.169178605539636919e+02,1.264054732041048965e+03,3.890871191876001944e+02,9.159920972644376889e+02,5.749569060773480942e+02,1.054007854984894266e+03,nan,nan
-1.713073709256205802e+03,-8.991107925428125327e+02,-2.961435520406134287e+02,5.147152211470652494e-01,nan,nan,3.811046798029556726e+02,8.728788075178224517e+02,5.690061696658098072e+02,1.007002906976744157e+03,5.560903119868637532e+02,9.509733059548254914e+02
-2.001780538394169753e+03,-1.128178450046984835e+03,-6.697472011975546593e+02,1.350582452369104847e-01,4.180080413555427867e+02,1.325983344010249766e+03,nan,nan,4.580193120096560051e+02,1.120936717205009927e+03,4.781187263896384252e+02,1.018004697986577185e+03
-1.384240558802980786e+03,-6.381037052958836284e+02,1.137869839169617876e+02,2.867013344969399080e-01,4.190564910374796455e+02,1.095007638888888778e+03,3.631195079086115811e+02,8.038332326283988323e+02,nan,nan,6.669942129629629335e+02,8.570101492537313561e+02
-1.214806341591229057e+03,-6.146344647202010947e+02,3.138675143042844979e+02,5.548245050273171719e-01,4.200278917145200808e+02,1.062106158833063319e+03,3.621429277942631302e+02,8.070178272980501788e+02,nan,nan,7.399476236663433610e+02,8.549596557288864460e+02
-1.905007450809432612e+03,-1.162702402323452588e+03,-5.724682109546488391e+02,2.632313670909625647e-01,4.200854555744199388e+02,1.331931261207411808e+03,4.030139103554868711e+02,9.419793103448275815e+02,nan,nan,5.120098340503994905e+02,1.037018048128342343e+03
-1.684414973405391493e+03,-7.633510470801847987e+02,-2.668177661135507606e+02,5.051240056755211816e-01,4.219378698224851973e+02,1.175974776240846268e+03,3.780700483091787305e+02,8.278564650059312271e+02,5.880564784053156018e+02,9.500048043925875163e+02,nan,nan
-1.378557837925026433e+03,-7.525003212062333660e+02,8.752397467207116222e+01,8.644562155197590414e-01,4.239063218390804764e+02,1.138964849354375929e+03,3.749180244399185540e+02,8.469709044908286160e+02,7.100645610775661680e+02,9.169628832705756167e+02,nan,nan
-1.890595285979164373e+03,-8.086981063789816062e+02,-5.209490710759731655e+02,2.897925782794110172e-01,4.240509433962263870e+02,1.212997181113460101e+03,nan,nan,5.139313160422670990e+02,9.860451955943790381e+02,4.921555555555555657e+02,9.008386422976501535e+02
-2.433215916729750461e+03,-1.116990061398901616e+03,-1.215219900058485109e+03,5.876700467376320125e-01,4.250971202710333046e+02,1.347982236842105294e+03,4.080996563573883122e+02,8.820587659157688449e+02,nan,nan,3.610528743789922146e+02,9.801467820850583621e+02
-1.738504101362553456e+03,-1.093936110993422062e+03,-3.926124966354932440e+02,4.476738072154566872e-01,4.260058670143416180e+02,1.297964899713467048e+03,4.030517077798861578e+02,9.340061315496097905e+02,5.520824991370383259e+02,1.095935427574170944e+03,nan,nan
-1.599320218856131532e+03,-1.143523803185809356e+03,-2.389010087850535911e+02,2.592414365401021215e-01,4.261499359248184646e+02,1.306019023136246687e+03,4.060951140065146774e+02,9.651048440610484249e+02,6.009776170798897965e+02,1.109061026936027019e+03,nan,nan
-1.074623144212871694e+03,-6.680556349960822899e+02,4.531952940031068806e+02,3.269877471623104381e-01,4.269904912836767039e+02,1.063987432675044829e+03,3.720442247658688757e+02,8.409316730523627257e+02,nan,nan,8.089555752998667231e+02,8.860736416704086196e+02
-1.551287904149013229e+03,-8.758959784265819053e+02,-1.475687444684582772e+02,3.711314546084668042e-01,4.270087248322147389e+02,1.203996290801186888e+03,nan,nan,6.339973045822102904e+02,9.890187695516162876e+02,6.169547198772064576e+02,9.479975186104218210e+02
-1.646059088324874210e+03,-1.033940265810817436e+03,-2.842890406749019121e+02,1.723123399143302314e-01,4.279268138801261898e+02,1.270002152080344331e+03,4.010444027517198151e+02,9.229290416971469995e+02,nan,nan,5.931060445387062146e+02,1.005032258064516100e+03
-1.793436463820329436e+03,-8.694015034373771869e+02,-4.314998728591331201e+02,2.958456948847824619e-01,4.279353671147879936e+02,1.225052600818234851e+03,nan,nan,5.451304642494069412e+02,1.005003659652332999e+03,5.299231805929919119e+02,9.299771117166212662e+02
-1.694660057577258158e+03,-9.032151980815993966e+02,-3.275816520079750376e+02,2.541118542868753827e-01,4.289732905982905891e+02,1.228002577319587544e+03,3.950045792787635719e+02,8.739829508196721690e+02,nan,nan,5.671727799227799096e+02,9.490172413793103487e+02
-1.641161258025568259e+03,-1.142319477204448958e+03,-3.028748371289879628e+02,5.697201726039310410e-01,4.290427872860635716e+02,1.309028532608695741e+03,4.109125401929260306e+02,9.591097638800255254e+02,nan,nan,6.029216398546964228e+02,1.046967097532314938e+03
-1.650822994398090259e+03,-1.155904430915538796e+03,-3.159602471025278305e+02,6.323606153481183823e-01,4.301089981447124160e+02,1.315002168021680291e+03,nan,nan,5.820796252927400474e+02,1.118089402310396736e+03,5.999686946249261155e+02,1.051990138067061253e+03
-1.586594799728324460e+03,-9.956112028327628423e+02,-2.207913528799907397e+02,2.638605297501180336e-01,4.309189052204764039e+02,1.251947929736511924e+03,4.010715421303656854e+02,9.149432659102121761e+02,nan,nan,6.130163309744148137e+02,9.929789350497367195e+02
-2.363422643335552493e+03,-7.684264605127074219e+02,-1.108077549441914471e+03,3.542366140132292007e-01,4.311260810195721547e+02,1.240928984744871059e+03,nan,nan,3.780193600430223455e+02,1.007931850282485925e+03,3.541886216113020396e+02,8.600211800302571419e+02
-1.732346832052768832e+03,-1.265936300807875341e+03,-4.351829554786536391e+02,1.371355534798549547e-01,4.319134224288204678e+02,1.358893333333333430e+03,4.201039809863339087e+02,9.889839048285514309e+02,5.469568874868559760e+02,1.171006354708261142e+03,nan,nan
-1.625549600515913653e+03,-1.036438993213233971e+03,-2.778135356262984033e+02,1.760101761512064267e-01,4.319616384915474896e+02,1.270032100488485639e+03,4.058941109852774503e+02,9.250000000000000000e+02,5.980697674418604493e+02,1.066001878522229163e+03,nan,nan
-1.192238120939069859e+03,-1.028733126754348859e+03,2.416772556641146252e+02,3.936824857749962603e-01,4.319677419354838435e+02,1.226944915254237230e+03,4.019592529711375164e+02,9.699926199261992679e+02,nan,nan,7.739743178170144802e+02,1.039985235661555862e+03
-1.060588163868329957e+03,-7.533665266953237278e+02,4.416060513837391568e+02,1.389908957687346347e-01,4.320583858042358543e+02,1.098042897327707351e+03,3.829054224464060781e+02,8.770535248041775276e+02,nan,nan,8.200863095238095184e+02,9.259818268770923169e+02
-2.046123493013107918e+03,-1.063535224320684392e+03,-7.758810245511365338e+02,4.109805110192084054e-01,4.330357775416223944e+02,1.309959413202934002e+03,4.100099866844207668e+02,8.960035360678924690e+02,nan,nan,4.661455493183640897e+02,9.850813326800588356e+02
-1.948033163138643886e+03,-9.749260867375425050e+02,-6.575057767693375581e+02,1.986469460521247399e-01,4.349782293178519694e+02,1.274019186492709196e+03,4.070015209125475053e+02,8.760124902419984210e+02,4.900663697104677112e+02,1.061966381766381801e+03,nan,nan
-1.656545288154327409e+03,-9.000519372600890620e+02,-3.066575895816029060e+02,2.786449544519952748e-01,4.350341939986043371e+02,1.225049062049062059e+03,nan,nan,5.949844380403458217e+02,1.010993424985056777e+03,5.820798344175044576e+02,9.479800000000000182e+02
-2.102412220966764835e+03,-8.967539126253118411e+02,-8.338689717759218638e+02,2.632177664357082669e-01,4.359759036144578204e+02,1.260982248520710073e+03,4.051653865847414409e+02,8.399540722596448177e+02,4.469811320754716917e+02,1.041006638503319209e+03,nan,nan
-1.201612672867670426e+03,-9.015596465961266404e+02,2.346257715306094838e+02,3.679284746656701910e-01,4.359933993399340011e+02,1.178000834028357076e+03,3.970537634408602230e+02,9.199770992366412656e+02,7.809246841593779891e+02,9.729487594390507184e+02,nan,nan
-2.117038068645977091e+03,-7.965104309863982053e+02,-8.359164520667600300e+02,3.420178155215952143e-01,4.361063829787233885e+02,1.231065260382333463e+03,3.989849330357142776e+02,8.079657179818887016e+02,4.479915917657291970e+02,1.003034602076124543e+03,nan,nan
-1.743218586072325479e+03,-8.092095217030192771e+02,-4.078595106051877224e+02,2.985477569897208583e-01,4.380149790293588694e+02,1.201998661311914248e+03,3.990392501464557427e+02,8.369670920080591259e+02,5.689808955223880957e+02,9.809600266489006799e+02,nan,nan
-2.068995473485440016e+03,-7.764846590947596496e+02,-7.928320024395338805e+02,5.293460615323234419e-01,4.399892665474060891e+02,1.220968297725706407e+03,4.010049720323182214e+02,8.040942760942760970e+02,4.650146163215590605e+02,9.940174703004892081e+02,nan,nan
-1.398345171923835551e+03,-7.088636282838326679e+02,2.490024076466488712e+00,2.868810077270798065e-01,4.409382129277566378e+02,1.129889800703399715e+03,3.920826010544815290e+02,8.268202380952380963e+02,nan,nan,6.700229946524063962e+02,8.810327586206896058e+02
-1.484103368364292692e+03,-1.043384302095161047e+03,-1.457180553378375407e+02,3.221395775719053667e-01,4.409428200129954689e+02,1.261967939972714930e+03,4.139357900614181744e+02,9.399356499356499626e+02,6.541493775933610095e+02,1.062956521739130494e+03,nan,nan
-1.163399856042352667e+03,-1.952858026877154771e+03,1.221367941932058017e+02,4.970555097692308522e-01,4.410091827364554433e+02,1.612978552278820416e+03,4.660143295803479759e+02,1.300970924195223233e+03,7.480214105793451154e+02,1.482037603569152225e+03,nan,nan
-1.657498940464757425e+03,-1.029533476481082516e+03,-3.526827889665549947e+02,3.275045921579243791e-01,nan,nan,4.150634760705289636e+02,9.169820601851852189e+02,5.890288568257491306e+02,1.069039332538736517e+03,5.930858798735511073e+02,9.970480427046263685e+02
-1.550676860646243540e+03,-9.619983290496470545e+02,-2.194788903488210963e+02,2.365523960818673166e-01,4.420751341681574331e+02,1.238871553884711830e+03,4.111402623612512457e+02,9.039590017825312316e+02,nan,nan,6.271504941599281437e+02,9.780269541778975508e+02
-1.915093847364306157e+03,-7.678067561311078180e+02,-6.378647329344117907e+02,3.664174599257511988e-01,4.460103503184713531e+02,1.206986507936507905e+03,nan,nan,5.159674231332356840e+02,9.810234674329501559e+02,4.899924450549450512e+02,8.770050287356322087e+02
-1.585703893160287862e+03,-1.015039854722109226e+03,-2.854004072085116945e+02,2.692757027076931320e-01,4.461450676982591972e+02,1.261960795787010056e+03,4.190788121073672414e+02,9.179289017341041017e+02,nan,nan,6.189442839455221019e+02,9.949540816326530148e+02
-1.462087789725883567e+03,-1.036517626765102250e+03,-1.436238341774136131e+02,3.181633435937407106e-01,4.469880803011292301e+02,1.258995898838003995e+03,nan,nan,6.650722757598221051e+02,1.060998586239396900e+03,6.659164810690423337e+02,1.013038067349926791e+03
-1.307078632324553155e+03,-5.571683998575584837e+02,1.114563029696587506e+02,6.692761742074843090e-01,4.471090047393365126e+02,1.063007805724197851e+03,3.869354219948849050e+02,7.748747528015820762e+02,nan,nan,7.000697463768116222e+02,8.160347222222221717e+02
-1.880550467218163703e+03,-7.971349368930142418e+02,-6.086614946207771482e+02,2.124045851717901723e-01,4.480170818505338275e+02,1.213011312217194472e+03,nan,nan,5.260103292446740397e+02,9.909966124661247022e+02,5.038305032417412690e+02,8.900911371237458525e+02
-1.447512397291780189e+03,-1.126990096265095872e+03,-1.467718544454481844e+02,4.810150675716244884e-01,4.491580459770115112e+02,1.291972488038277561e+03,4.280105750165234895e+02,9.710623671155209422e+02,6.660277469478357943e+02,1.100069609507640052e+03,nan,nan
-2.449567272305875576e+03,-1.282843431853380253e+03,-1.380784041852703922e+03,5.870376590757343527e-01,4.499824024483550033e+02,1.401008507347254408e+03,4.370927461139896195e+02,9.209926425505824454e+02,3.398804133858267846e+02,1.206872576177285282e+03,nan,nan
-1.633753245143417644e+03,-1.043185666578520795e+03,-3.661977166072506407e+02,4.065650706701417483e-01,4.510075067024128543e+02,1.276974668969487539e+03,4.259494799405646290e+02,9.220386996904024954e+02,nan,nan,6.050611806797853660e+02,1.000006666666666661e+03
-2.077469830890506273e+03,-1.019620542205333550e+03,-8.940610836185041990e+02,1.980160112802505923e-01,4.520343949044586225e+02,1.300968684759916414e+03,nan,nan,4.549656652360515068e+02,1.092979591836734699e+03,4.619565217391304373e+02,9.599915730337078230e+02
-2.038557691192118909e+03,-8.113550451729319093e+02,-8.275262246221466285e+02,3.402727189725094359e-01,4.540087783467446911e+02,1.233025738077214328e+03,nan,nan,4.780886214442012943e+02,1.011009511731135035e+03,4.591809764309764432e+02,8.849504219409283223e+02
-1.569107880814539158e+03,-1.049538527610896836e+03,-3.017947211711611430e+02,1.900799610953984031e-01,nan,nan,4.290586907449209662e+02,9.299475839475838939e+02,6.240451293340671555e+02,1.076011827321111696e+03,6.290778210116731088e+02,1.006999369482976022e+03
-1.275773124695439492e+03,-5.517520720696841181e+02,1.187708679295130736e+02,9.275312599400228342e-01,4.550301464254952748e+02,1.059957486136783700e+03,3.950500362581580589e+02,7.730101167315175417e+02,nan,nan,7.149583333333333712e+02,8.129792973651192369e+02
-2.117208789102201536e+03,-1.061821213955189478e+03,-9.684630676399634694e+02,3.723315622305402584e-01,4.559677881173944343e+02,1.316970960536113125e+03,4.349949005609382766e+02,8.849614443084454933e+02,4.428892317186053447e+02,1.112999104744852275e+03,nan,nan
-1.285700105407287538e+03,-8.367892009666779813e+02,6.774196117339030820e+01,1.096374500795957108e+00,4.560052032520325156e+02,1.167016766981943192e+03,4.129774336283185789e+02,8.819740190880169166e+02,7.488832703213610102e+02,9.609272134709397051e+02,nan,nan
-1.518692007750053563e+03,-8.756569948299548969e+02,-2.269114205323741089e+02,4.436193176205323607e-01,4.561367995961635415e+02,1.207832817337461393e+03,4.209880281690140578e+02,8.739592887225081768e+02,nan,nan,6.371482748788138224e+02,9.399914695618456335e+02
-1.951755614773772777e+03,-1.149786183665163435e+03,-7.786199638108503223e+02,9.129602252747850422e-01,4.570259179265658531e+02,1.335024052478134081e+03,4.370317712470214246e+02,9.249951259138911155e+02,nan,nan,5.100810917721519218e+02,1.014818468468468495e+03
-1.324759891281402133e+03,-9.438099356044939441e+02,-1.497862145205508178e+01,2.672017163531131279e-01,4.601386775892334526e+02,1.214047113470471231e+03,nan,nan,7.279222929936305491e+02,1.013964050632911380e+03,7.169368658399098422e+02,9.810143480973175656e+02
-1.834585978747367108e+03,-9.464886373063295650e+02,-6.316955696313583530e+02,1.550236305886617816e-01,4.609713024282560809e+02,1.260979924036896364e+03,nan,nan,5.380030807147257974e+02,1.052987377279102475e+03,5.338974148543290994e+02,9.459150360453140820e+02
-2.228903816326118431e+03,-8.573686212492773393e+02,-1.115008952032217167e+03,1.643011947856533317e-01,4.639891598915988880e+02,1.263965453423812505e+03,nan,nan,4.260457746478872991e+02,1.045063225058004718e+03,4.140434332988624533e+02,8.889865470852017779e+02
-2.176902789860537723e+03,-7.172851564636092689e+02,-1.031075865877090564e+03,3.721931344418883403e-01,4.640328784119106444e+02,1.217969337979094007e+03,nan,nan,4.480658955485453703e+02,9.900495558672276957e+02,4.169736580516898812e+02,8.409884541372674676e+02
-1.301576627457151972e+03,-9.485045518348262021e+02,-1.373798102372924035e+01,1.127858025975731621e-01,4.669088500264970776e+02,1.214976670870113594e+03,4.339473684210526585e+02,9.189447619047618900e+02,7.380397350993378041e+02,1.016984761904761854e+03,nan,nan
-1.246093822628640737e+03,-9.057347089424571323e+02,5.865836084411230189e+01,4.397626666259639161e-01,4.679388297872340559e+02,1.193034289713086082e+03,4.309484760522496458e+02,9.089687975646879750e+02,7.639280283831728866e+02,9.929826815642458087e+02,nan,nan
-1.151702295588950847e+03,-1.853442248698600906e+03,4.923518500266399656e+01,6.154834410035308068e-01,4.680345356868764384e+02,1.569010325655282031e+03,4.870921450151057570e+02,1.257993103448275861e+03,7.599727019498607206e+02,1.433973127501429417e+03,nan,nan
-1.315654312640589069e+03,-6.253051103430931335e+02,1.101403412964308437e+01,4.838603869537485558e-01,4.680585664335664546e+02,1.095999121265377880e+03,4.139691167387276209e+02,7.969914833215045746e+02,nan,nan,7.040293757649939153e+02,8.420261904761904361e+02
-2.384410547822535591e+03,-7.769249838888273416e+02,-1.333285439715762095e+03,1.738286653646322899e-01,4.690489361702127553e+02,1.253011111111111177e+03,4.360987868284228739e+02,7.819312901631241175e+02,3.929721099434114535e+02,1.028861152141801995e+03,nan,nan
-2.074096602337192053e+03,-9.825096118573173953e+02,-9.623161232678520491e+02,4.401820575568055616e-01,4.690497547302032331e+02,1.291993197278911566e+03,4.420726722180166348e+02,8.619732072498029538e+02,nan,nan,4.679530997304582343e+02,9.410281074328544264e+02
-1.563150467711338706e+03,-7.853717929219488951e+02,-3.219002472447602372e+02,3.408854111307366708e-01,4.699658671586715855e+02,1.184004124926340637e+03,nan,nan,6.440887212643677913e+02,9.700013901760889894e+02,6.181407208588957474e+02,8.959495562821111889e+02
-1.353847570850705779e+03,-6.492648569690353497e+02,-4.852670513670796737e+01,4.642215048072963479e-01,4.699760765550239512e+02,1.110009523809523898e+03,nan,nan,7.320181226765798783e+02,8.919886240520042975e+02,6.900026200873362541e+02,8.499880478087649180e+02
-1.079518957828644716e+03,-8.344035791272237930e+02,2.698989376886901255e+02,7.120841349199381609e-01,4.699785440613026708e+02,1.145002525252525174e+03,nan,nan,8.419196141479100106e+02,9.439422850412249772e+02,8.180196286472148586e+02,9.499740034662045218e+02
-2.000454861280354407e+03,-1.058802734864128979e+03,-8.872264691035359192e+02,4.447413038349106729e-01,4.701371055495103519e+02,1.310982153846153778e+03,4.469009197324414799e+02,8.910336311087755803e+02,4.830796552624706237e+02,1.109925816023738889e+03,nan,nan
-1.565313149359756835e+03,-9.993298391919573760e+02,-3.591011863618932125e+02,3.112648178478306660e-01,nan,nan,4.429206019719771916e+02,9.090652920962198777e+02,6.320556713307531709e+02,1.061052312357846859e+03,6.319459187101108455e+02,9.810252771618625047e+02
-1.087936214306981583e+03,-5.085338016251347995e+02,2.931349516116483187e+02,6.914228578242523904e-01,4.720264900662251648e+02,1.018025024061597719e+03,4.099248847926267558e+02,7.659726183685111209e+02,nan,nan,7.980236077481839629e+02,7.989589774078477831e+02
-2.154127037364827629e+03,-1.244751569253777689e+03,-1.125768542960962350e+03,6.834389302651024956e-01,4.740175097276264751e+02,1.378036617842876240e+03,nan,nan,4.309541284403669579e+02,1.190004933051444596e+03,4.680722543352601406e+02,1.022992930086410070e+03
-1.321220878884303147e+03,-3.807967299095256521e+02,8.872246754676233138e+00,9.273806002971932694e-01,4.740773854244928884e+02,1.011018302828618971e+03,nan,nan,7.589982817869415612e+02,7.750834049871023126e+02,6.899987886129617891e+02,7.290211574362165265e+02
-1.090903641852313513e+03,-1.915440093701987962e+03,8.629524251842774163e+01,6.025727805670272330e-01,4.770497695852534434e+02,1.594953314659197076e+03,4.979505395683453344e+02,1.286007684918347650e+03,nan,nan,8.670241477272727479e+02,1.386980392156862763e+03
-2.282251932549771027e+03,-7.535027060646266364e+02,-1.237266182767633381e+03,1.840040088880403879e-01,4.770596142606662511e+02,1.239874299937772321e+03,4.419816124469589909e+02,7.799984825493171456e+02,4.239557082856051693e+02,1.016974750131509722e+03,nan,nan
-2.231821603250166390e+03,-1.160014812485018410e+03,-1.231927844591114990e+03,2.367972935071840368e-01,4.779803299492385804e+02,1.357012253233492174e+03,4.609483248154457442e+02,8.989682024659311992e+02,4.169705623901581930e+02,1.162093750000000000e+03,nan,nan
-1.196015540875778697e+03,-7.066675689372594888e+02,1.062384549558094733e+02,4.907034261504873984e-01,4.779804587935428799e+02,1.113988505747126510e+03,4.299673796791443579e+02,8.360930232558139323e+02,nan,nan,7.609478672985782168e+02,8.810253863134657877e+02
-1.578027754774681625e+03,-9.224427196247875145e+02,-3.927697553847713721e+02,1.212285883364440098e-01,4.780098619329388612e+02,1.234949796472184516e+03,4.459628344895936607e+02,8.809468339307048836e+02,6.330980009751340276e+02,1.031921122286924401e+03,nan,nan
-1.561221964947414790e+03,-8.054649819632890058e+02,-3.558589885011789988e+02,4.688611938326081030e-01,4.780786163522012657e+02,1.191993440233236242e+03,4.390456217807210919e+02,8.430117004680187165e+02,6.449536895674300467e+02,9.819599528857479527e+02,nan,nan
-2.005544107423137575e+03,-1.010118853610210522e+03,-9.297220419514552532e+02,2.614266560213032720e-01,4.789529280948851238e+02,1.297060235507246489e+03,4.539782756279701061e+02,8.740483870967741495e+02,4.879199097574731923e+02,1.094999356499356509e+03,nan,nan
-1.808009323729180778e+03,-7.749120993842684584e+02,-6.552338255622759107e+02,3.999858930269751256e-01,4.789653136531365476e+02,1.206967948717948730e+03,nan,nan,5.619813725490196248e+02,9.899238578680202636e+02,5.369701986754967038e+02,8.759602224123182168e+02
-2.131210454945032780e+03,-8.438892536153585979e+02,-1.066082920857167437e+03,3.503195093658139636e-01,4.790646214099216991e+02,1.256005582693649785e+03,4.469759398496240692e+02,8.149913180741909855e+02,4.609293067947838267e+02,1.040000000000000000e+03,nan,nan
-1.876574333890806429e+03,-9.054181453760437535e+02,-7.714771079691680598e+02,1.755882500147774028e-01,4.820573248407643518e+02,1.255018404907975537e+03,4.511024755325273645e+02,8.509424184261036999e+02,5.340373303167421000e+02,1.047977019041365793e+03,nan,nan
-2.432178004423305538e+03,-7.196653483382536933e+02,-1.465013398720109535e+03,4.471578675949484105e-01,4.820638766519823548e+02,1.243986353297952974e+03,4.480671981776765165e+02,7.609119300437226912e+02,3.919718687206965910e+02,1.018003853564547171e+03,nan,nan
-1.482439029255999912e+03,-1.108597233574064148e+03,-3.185449963875065009e+02,1.322094284100897854e-01,nan,nan,4.601219786396852101e+02,9.519332469215813717e+02,6.600041936713686255e+02,1.105983778625954301e+03,6.711590263691683731e+02,1.025994538232373316e+03
-2.304571287616326572e+03,-8.663788512603256322e+02,-1.315377573232015948e+03,2.464569594149709220e-01,4.830367647058823763e+02,1.276006618133686288e+03,4.540276035131744266e+02,8.100097629009762841e+02,4.158863419293218726e+02,1.061027946537059506e+03,nan,nan
-1.275814366104086730e+03,-7.373195038151152403e+02,-1.831467937345100339e+01,5.036381300542026596e-01,4.831552205471803632e+02,1.136908695652173947e+03,nan,nan,7.610195241000610622e+02,9.289241516966068275e+02,7.300075093867334317e+02,8.880580098170460133e+02
-9.769176829018190347e+02,-1.385831923429638664e+03,2.802553231150624242e+02,4.904363951150536027e-01,4.839902067464635707e+02,1.363993146417445587e+03,4.730204081632653015e+02,1.121949218750000000e+03,nan,nan,8.910129781420764630e+02,1.192943050847457698e+03
-1.835051810445564570e+03,-1.215708061796645779e+03,-7.768799795355494098e+02,1.672712816226450128e-01,4.850168112798264701e+02,1.354013484358144524e+03,4.700618941088739575e+02,9.489775280898876417e+02,nan,nan,5.611288683602771243e+02,1.034992316136114141e+03
-1.353834101551478398e+03,-9.902918131455561479e+02,-1.565302978887303311e+02,2.457870616825328369e-01,4.850202614379085162e+02,1.239975728155339766e+03,4.559236491777603533e+02,9.239716786817713228e+02,7.170439429928741220e+02,1.046965952080706074e+03,nan,nan
-1.373082744251469421e+03,-9.194742540579286469e+02,-1.750054344774404456e+02,2.073643013449979478e-01,4.861202872531418393e+02,1.216037623762376143e+03,4.530519480519480453e+02,8.969955588452997972e+02,7.129507278835386614e+02,1.017990712074303360e+03,nan,nan
-1.957767817458080117e+03,-9.842125091912154176e+02,-9.060944771984829913e+02,3.795006686215076641e-01,4.869536290322580498e+02,1.287989847715736005e+03,4.609808473592570977e+02,8.679476961394769887e+02,5.071087695445275472e+02,1.084874509803921455e+03,nan,nan
-2.366745622499380715e+03,-6.467056268920803177e+02,-1.400854944484735142e+03,3.613867672256078634e-01,4.879258160237388893e+02,1.218979338842975267e+03,nan,nan,4.150013157894736651e+02,9.920173913043478251e+02,3.780046680497925422e+02,8.009513481828839758e+02
-2.066410218600501594e+03,-7.701123953850899397e+02,-1.022430286514835984e+03,2.718605007019319064e-01,4.889734345351043885e+02,1.230054439403758806e+03,4.529393188854489267e+02,7.960719424460431810e+02,nan,nan,4.640601008142691057e+02,8.579393063583814865e+02
-2.248513955017735043e+03,-1.075250544424502777e+03,-1.302661266728262035e+03,6.963496001035062166e-01,4.890083173384517181e+02,1.334027424749163856e+03,4.690448863636363512e+02,8.710630372492836386e+02,4.230555009823182786e+02,1.135972800925925867e+03,nan,nan
-1.996915258807371629e+03,-1.085633550356923024e+03,-9.775469821442452485e+02,5.849366848772870053e-01,4.890628803245435847e+02,1.323022189349112523e+03,4.679016681299385709e+02,8.949861649142225133e+02,4.909691799669785155e+02,1.126023241590213956e+03,nan,nan
-9.969558872945805206e+02,-6.400026922102678100e+02,3.234942655866447581e+02,9.362247399043986951e-01,4.899887445887445665e+02,1.060991942703670475e+03,nan,nan,8.919724025974026063e+02,8.559570850202429710e+02,8.470172786177105309e+02,8.600133779264214127e+02
-1.535139407841030788e+03,-9.234122934506325464e+02,-3.987358397375780328e+02,1.949536278607206519e-01,nan,nan,4.599560381355932464e+02,8.819906832298136123e+02,6.521182519280205270e+02,1.034967136150234637e+03,6.430852141870105925e+02,9.459548254620123089e+02
-1.508688893277393163e+03,-9.051356035002021372e+02,-3.723060163245010017e+02,8.493045415261613051e-02,4.938748043818466158e+02,1.225852054794520654e+03,4.610050942435048569e+02,8.779795550210462807e+02,6.630660592255125039e+02,1.025970247933884366e+03,nan,nan
-1.260508211635339421e+03,-4.753435369250415192e+02,-5.404615820433515516e+00,2.098695041436634268e-01,4.939911971830985635e+02,1.042011111111111177e+03,4.330926580290537800e+02,7.399128805620608773e+02,7.819736594543744559e+02,8.189990099009901314e+02,nan,nan
-1.193589697526163945e+03,-9.402963957083493369e+02,1.802210169712285293e+01,4.545767528563953164e-01,4.941630606860158537e+02,1.205950182260024349e+03,4.600686792452830218e+02,9.219903846153846416e+02,7.869853904282115309e+02,1.015006696428571445e+03,nan,nan
-1.550451175079723043e+03,-7.376808521328015331e+02,-4.158951838648317789e+02,4.235399396262262695e-01,4.970163573450770400e+02,1.172919736842105294e+03,4.559402220324508903e+02,8.171374832064486782e+02,6.569550275774289503e+02,9.618637614678899581e+02,nan,nan
-1.245473045623730059e+03,-5.417541260610836389e+02,-1.490289286835227323e+01,3.886044667267027353e-01,4.989499545040946487e+02,1.066026615969581826e+03,4.420288263555250410e+02,7.659620160701241502e+02,nan,nan,7.339562274368231556e+02,8.000083289953149688e+02
-1.421968350729530130e+03,-6.783632614396925646e+02,-2.542428538770688817e+02,3.044156150625842439e-01,4.990147783251231317e+02,1.138028793774318956e+03,4.519931459904044004e+02,8.049447004608294947e+02,7.080146157472889854e+02,9.260437601296596313e+02,nan,nan
-1.305490643818879789e+03,-1.041999969354770428e+03,-1.636826425361310555e+02,3.256946962258854827e-01,5.001642268984446673e+02,1.256967409016838701e+03,4.739920571882446438e+02,9.440000000000000000e+02,7.360480972515856593e+02,1.072035300606729152e+03,nan,nan
-1.392771746914803543e+03,-7.355732603386537676e+02,-2.358660052289851876e+02,1.978616930033615384e-01,5.010100052659294647e+02,1.155947055324211760e+03,4.580753799392097108e+02,8.269674576271186197e+02,7.169269941415051335e+02,9.479955481357818599e+02,nan,nan
-1.371716870985544347e+03,-5.881416695648227915e+02,-1.942098806162765925e+02,3.111848785707073128e-01,nan,nan,4.501211055276381785e+02,7.749545719277809894e+02,7.329659574468084884e+02,8.849866803278688394e+02,6.860699774266365694e+02,8.140116472545756778e+02
-1.106970243608434657e+03,-1.329197656963061718e+03,4.576328446238049708e+01,5.179806668635086320e-01,5.020006138735420222e+02,1.352991858887381341e+03,4.900539340101522612e+02,1.071020158387329047e+03,nan,nan,8.330934182590233377e+02,1.143085611510791296e+03
-1.106600017616456853e+03,-5.725569865328096739e+02,1.393881214630338548e+02,3.444807645199608470e-01,5.030082918739635147e+02,1.058011596788581528e+03,4.480140771637122157e+02,7.868987639788110755e+02,nan,nan,7.959635416666666288e+02,8.190157526254375853e+02
-2.447698315798747899e+03,-6.823144925254257487e+02,-1.619340586972072060e+03,4.745937968900106885e-01,5.039568427030096700e+02,1.239895946763460415e+03,nan,nan,4.029708029197080350e+02,1.018026819923371704e+03,3.739252232142857224e+02,8.050799507995079694e+02
-2.077169702183248774e+03,-9.063173873619838332e+02,-1.132576275551944491e+03,3.518637577152416429e-01,5.039582790091264428e+02,1.275002735978112241e+03,4.759882920110192686e+02,8.329791811242192807e+02,4.839612021857923310e+02,1.070048376830044617e+03,nan,nan
-1.573212209299482993e+03,-1.094534386452657145e+03,-5.271387898077903174e+02,4.361087821506003936e-01,5.049901356350184756e+02,1.298939682539682508e+03,4.839737991266375730e+02,9.319693637077768926e+02,nan,nan,6.440358796296296759e+02,1.004009744214372745e+03
-1.652243029140008503e+03,-1.066446647794022056e+03,-6.296433632542193664e+02,4.227973743985116717e-01,5.069574115044247833e+02,1.296010651629072754e+03,nan,nan,6.070306328093511183e+02,1.106911261261261188e+03,6.169610389610389802e+02,9.860046565774156306e+02
-1.002293083439089173e+03,-7.276104015806216694e+02,2.351383566959059692e+02,2.101932287799662402e-01,5.080262390670553714e+02,1.102934837092731868e+03,4.619912344777209796e+02,8.569940074906367045e+02,8.840075880758807898e+02,9.059915445321307743e+02,nan,nan
-1.410164888195175308e+03,-6.659377766248794615e+02,-2.831515914372268412e+02,8.090238532816456107e-01,5.089485014774166416e+02,1.135003183023872680e+03,nan,nan,7.150204251771571080e+02,9.259779825908858584e+02,6.779108655616943224e+02,8.429788533834586133e+02
-9.748737214866451950e+02,-8.290674337745057301e+02,2.555659614424099004e+02,4.012561350929360060e-01,5.091822575077666784e+02,1.140043006081668182e+03,nan,nan,8.919685777287761539e+02,9.489958033573141165e+02,8.679964065708419412e+02,9.419902755267422663e+02
-1.003563788816873398e+03,-9.032366663994238252e+02,2.062452308879496172e+02,2.980683559160015039e-01,5.099729729729729684e+02,1.172972200158856140e+03,4.729829907866761118e+02,9.259704000000000406e+02,8.749886792452830377e+02,9.870251141552511172e+02,nan,nan
-2.156700902463192961e+03,-8.767498049817044148e+02,-1.286111451777165712e+03,3.551237241922999832e-01,5.139856876166770689e+02,1.274983692106979788e+03,4.850273668639053426e+02,8.169749804534792474e+02,4.689454545454545382e+02,1.067852540272614533e+03,nan,nan
-9.178917051129084257e+02,-8.173088744276112720e+02,3.140249683203011273e+02,1.692056951145004540e-01,5.140363924050633386e+02,1.128024850042844946e+03,4.719642857142857224e+02,9.009840921557871525e+02,9.199804822043628292e+02,9.400395869191049769e+02,nan,nan
-1.540977735223481886e+03,-9.388047361706167067e+02,-5.025878093895886991e+02,4.060209886427851855e-01,5.140645833333333030e+02,1.245012490241998421e+03,nan,nan,6.540106712564544296e+02,1.049877581120943887e+03,6.480196793002915001e+02,9.439625385632436974e+02
-1.400492619754076941e+03,-9.050432830062370613e+02,-3.231075840742519176e+02,2.422564817113940228e-01,5.141301876065946317e+02,1.220012265978050436e+03,nan,nan,7.080034516765285844e+02,1.025932795698924792e+03,6.960007821666015388e+02,9.399872881355931895e+02
-1.091958665171621078e+03,-4.387137897455155553e+02,1.278948553795967058e+02,8.476692314464137068e-01,5.150241433021807325e+02,1.007961506276150658e+03,nan,nan,8.570319148936169995e+02,7.940560975609755587e+02,7.969753972321885840e+02,7.560000000000000000e+02
-1.342124782971699233e+03,-7.587865668043880305e+02,-2.463090873059299781e+02,2.465370455561383400e-01,5.179959183673469170e+02,1.162969253294289956e+03,nan,nan,7.379280165717244699e+02,9.610030102347983529e+02,7.109430693069307381e+02,8.830168823860439034e+02
-8.526171713700695136e+02,-8.224171942863424647e+02,3.857930642964480512e+02,2.095588442638902926e-01,5.180502625656414466e+02,1.121952837729816110e+03,4.758939717828131961e+02,9.100136314067611920e+02,nan,nan,9.259508448540706240e+02,9.460032555615844103e+02
-2.184092650452619182e+03,-6.572121051319231810e+02,-1.324842828774056898e+03,2.856875911674400803e-01,5.190046620046620092e+02,1.213980158730158792e+03,nan,nan,4.751633311814073863e+02,9.960197455024133433e+02,4.409602063375091916e+02,8.039977029096477281e+02
-1.448021037853929101e+03,-7.869690391927786095e+02,-3.886041417471373620e+02,2.709816859363554653e-01,5.190396919431279912e+02,1.185027599486521240e+03,nan,nan,6.969337649402390298e+02,9.830615384615384755e+02,6.729111418047882580e+02,8.879816711590297018e+02
-2.275633167196302111e+03,-6.946268913630157158e+02,-1.462963829491407751e+03,1.593245424542221178e-01,5.199136546184738563e+02,1.233017251635930961e+03,nan,nan,4.509602649006622528e+02,1.015939553990610307e+03,4.221068746389370290e+02,8.129395484340859639e+02
-1.939242952432581660e+03,-9.573347971663241651e+02,-1.038992389844837589e+03,1.853337293048752665e-01,5.200312934631432427e+02,1.284031180400890889e+03,4.929602385685884656e+02,8.550014295925660690e+02,5.270268324607329760e+02,1.086029550033579653e+03,nan,nan
-8.378695913627675509e+02,-1.852008769246545626e+03,2.737082175863678231e+02,6.646016926256411717e-01,5.210077253218884152e+02,1.563999137187230417e+03,nan,nan,9.140176643768400027e+02,1.438953875416072378e+03,9.749127801332525678e+02,1.382007687379884601e+03
-1.568703284250747629e+03,-1.086546686393856817e+03,-5.899348457990665793e+02,2.051618256753070246e-01,5.210106030483764243e+02,1.298985420808482331e+03,4.991227876106194685e+02,9.260077619663647965e+02,6.389927614911327964e+02,1.115014207149404228e+03,nan,nan
-1.415783831832682381e+03,-9.185761209581489766e+02,-3.754484652493495105e+02,2.963742661581859617e-01,5.211496062992125644e+02,1.227981052631578905e+03,4.899595698924730982e+02,8.849393459915611402e+02,nan,nan,6.930874524714828340e+02,9.418546144121365842e+02
-8.281860381096597621e+02,-1.108955474902518972e+03,3.691721602627626453e+02,3.277162343808673328e-01,5.220141206675224339e+02,1.239003431708991002e+03,4.959735999999999763e+02,1.027950299914310108e+03,9.509319542732716855e+02,1.071972417522985324e+03,nan,nan
-1.059074328211836018e+03,-8.163250512302913648e+02,9.503044290816126249e+01,9.508104107658361948e-02,5.220482713633398362e+02,1.150014094432699039e+03,4.819659367396593552e+02,8.829782863849765135e+02,8.539735682819383555e+02,9.589974506054811627e+02,nan,nan
-2.017123758308227707e+03,-8.999639248545815917e+02,-1.150153296913365466e+03,2.741193915861580566e-01,5.230200534759358106e+02,1.272981897175959375e+03,nan,nan,5.089339622641509209e+02,1.071027218934911161e+03,5.029497882637628550e+02,8.960108548168249172e+02
-1.732015277586150887e+03,-7.057511219000688243e+02,-7.576994539957219104e+02,2.834134307488433979e-01,5.239674074074074497e+02,1.187985529322163075e+03,4.830671100362757215e+02,7.908724053724054102e+02,6.039720885466795153e+02,9.779668025626092458e+02,nan,nan
-8.991605652908526736e+02,-7.956091852091602732e+02,3.028651538476484006e+02,6.354430432329462031e-01,5.241166861143524329e+02,1.119973121984838144e+03,nan,nan,9.288896958692691896e+02,9.320796116504853899e+02,9.029928532160528221e+02,9.279919908466819152e+02
-2.380852842020711705e+03,-6.026745288569808281e+02,-1.652304698707945363e+03,4.839307949717588375e-01,5.258869914615770540e+02,1.217979448032883056e+03,4.919732937685460001e+02,7.240789793438639208e+02,4.350506172839506007e+02,9.979884559884559394e+02,nan,nan
-9.389730183905363674e+02,-1.088696855882018781e+03,2.051690654170279515e+02,3.241536430414275749e-01,5.259338422391857648e+02,1.243973908111174069e+03,5.000000000000000000e+02,1.000959219858156075e+03,8.970140114167098773e+02,1.074008869179600879e+03,nan,nan
-1.045293825592183111e+03,-6.525179285715305468e+02,1.150664560169018955e+02,5.964324955960452757e-01,5.259794050343249410e+02,1.086984100418409980e+03,4.780769578995020197e+02,8.199278406031232862e+02,nan,nan,8.290337389380531476e+02,8.520379229871645066e+02
-9.686148801926402712e+02,-5.786266086091653733e+02,2.238689578052357092e+02,4.326702736608405431e-01,5.269788494077834002e+02,1.045975978647686816e+03,nan,nan,9.070348567002323534e+02,8.449776751347189929e+02,8.600100635593220204e+02,8.230032379924447241e+02
-1.634387740285624204e+03,-7.311426831104226949e+02,-6.526216103480675201e+02,4.499847844749240156e-01,5.270449122807017375e+02,1.187991182953710450e+03,4.869838165879972962e+02,8.040378947368420768e+02,6.359959770114942330e+02,9.809638629283489308e+02,nan,nan
-1.148747355380235831e+03,-1.164258646490350429e+03,-8.382507508315839573e+01,4.379969005586469843e-01,nan,nan,5.059849424269264659e+02,9.990260557053010189e+02,7.989937923250564609e+02,1.123979033197437502e+03,8.089884858952216291e+02,1.061031156381066467e+03
-7.728380635295438879e+02,-9.829461523677595096e+02,4.343465049597399457e+02,6.341120015796523068e-01,5.290577281191806378e+02,1.181005319148936223e+03,4.950013850415512593e+02,9.829932985852568663e+02,9.850561351217088486e+02,1.009011840688912798e+03,nan,nan
-1.362694234213569871e+03,-1.041708399285514815e+03,-3.654212588927603633e+02,6.325259332478528895e-01,5.309123463388561959e+02,1.269006131207848057e+03,nan,nan,7.179230028873917036e+02,1.086986155484558140e+03,7.220444049733570182e+02,9.900057803468207567e+02
-1.878898720798822978e+03,-8.943972604755241491e+02,-1.006874291074931989e+03,2.226160172489415057e-01,5.310096910963052323e+02,1.262001273074474966e+03,nan,nan,5.520168067226891253e+02,1.062998687664041881e+03,5.439609144542772583e+02,9.000443764345830004e+02
-1.283763025102067331e+03,-9.296447839809287643e+02,-2.475967378184298582e+02,4.818316373725652357e-01,5.311490649064905938e+02,1.220992633517495506e+03,nan,nan,7.540648307515776878e+02,1.032998745294855780e+03,7.450684523809524080e+02,9.529687695190506247e+02
-1.372126176523879394e+03,-8.807891587882886597e+02,-3.607532082964114011e+02,2.666527722236537445e-01,5.320509857239973144e+02,1.212997891777934001e+03,nan,nan,7.230448127685697273e+02,1.020989650711513605e+03,7.089978082191780686e+02,9.260198714202221026e+02
-9.301908646603828856e+02,-9.375977885438283010e+02,2.081280410079826027e+02,1.552777736393390895e-01,5.329676739283204370e+02,1.184017582417582389e+03,4.989815100154083325e+02,9.420008097165991785e+02,nan,nan,8.939674267100976977e+02,9.850172018348623624e+02
-1.330220626796874058e+03,-9.345971042376833111e+02,-3.219806681023675310e+02,1.286090258876146919e-01,5.339393153526971219e+02,1.228003582089552310e+03,5.030889382990550303e+02,8.959173703256935823e+02,nan,nan,7.280488864747419484e+02,9.500017730496454078e+02
-2.088257428004901612e+03,-6.875049149415251577e+02,-1.285303730326582127e+03,2.358185469553379654e-01,5.349686252139190401e+02,1.218995509942270701e+03,4.989662090813093869e+02,7.630710955710956114e+02,5.059513196480938291e+02,1.006005412719891751e+03,nan,nan
-1.625694846623632429e+03,-7.440109494762128861e+02,-6.804315996419046542e+02,5.848453484652292866e-01,5.350086419753085920e+02,1.192969654199011984e+03,nan,nan,6.410110253583241047e+02,9.889904882688649650e+02,6.128992222942320041e+02,8.568590944574550576e+02
-1.408019893854035217e+03,-7.459938336406560211e+02,-4.199821687110446646e+02,3.026121376067450464e-01,5.389379194630872689e+02,1.171950809061488599e+03,4.990483091787439776e+02,8.229816155988858100e+02,nan,nan,6.901090109890110398e+02,8.679294055201698939e+02
-1.435990224601304590e+03,-9.537716611068171915e+02,-4.812399410106718278e+02,4.518432423713361623e-01,5.389980481457384940e+02,1.246030463576159036e+03,5.090031887755101820e+02,8.909692718770875217e+02,6.969777211966900268e+02,1.058980314960629812e+03,nan,nan
-1.481393135276779958e+03,-6.682309237093514867e+02,-5.097858249697366091e+02,4.794843754511000089e-01,5.399011857707509989e+02,1.153970430107526909e+03,4.970667078443483433e+02,7.909520958083832056e+02,6.949577287066246072e+02,9.489537459283387761e+02,nan,nan
-9.431137292132824541e+02,-5.856908981828926244e+02,1.984828610339201873e+02,3.528646500271699349e-01,5.420000000000000000e+02,1.050056619483763598e+03,4.890031625553447157e+02,7.990314707771354961e+02,9.179392049883086884e+02,8.529320312500000227e+02,nan,nan
-1.644171763936073603e+03,-7.624830754729689488e+02,-7.393611911301511554e+02,2.826364784980047173e-01,5.420215545395166146e+02,1.202024716098864474e+03,nan,nan,6.350079113924050489e+02,1.001005363528009525e+03,6.110752636625119294e+02,8.609782608695652470e+02
-1.274124164077626574e+03,-1.091302677615577977e+03,-3.069054828250000355e+02,1.321631216886587079e-01,5.430378590078329353e+02,1.281002789400278971e+03,nan,nan,7.520435510887772352e+02,1.105986151182919684e+03,7.590396196513470386e+02,1.012981438515081209e+03
-1.680470734085454751e+03,-9.049577864572889894e+02,-8.091151612470339387e+02,7.938953319198898129e-01,5.430630872483221765e+02,1.250990397805212524e+03,nan,nan,6.171177432542926908e+02,1.058995396419437384e+03,6.079020080321284922e+02,9.120262626262626782e+02
-1.899511546649155434e+03,-7.064604787699015560e+02,-1.089222460389234357e+03,1.490369567030229436e-01,5.460962732919255131e+02,1.210085296889726578e+03,5.090239390642001922e+02,7.778985176738882501e+02,5.611251005631536373e+02,1.002977673935617872e+03,nan,nan
-8.951998661564521171e+02,-2.100743486037231378e+03,6.379849784683481317e+01,8.490091795325312996e-01,5.470010548523206353e+02,1.673027114967462012e+03,nan,nan,8.750817704426106047e+02,1.564002313030069445e+03,9.580691214470284649e+02,1.443982590529248000e+03
-2.185138071146378024e+03,-9.056366527407200238e+02,-1.526150572481112249e+03,2.952611726366343725e-01,5.480324629498941249e+02,1.291998604326587611e+03,5.219823139277818882e+02,8.169863344051447029e+02,nan,nan,4.729705681040383070e+02,8.789826589595376163e+02
-2.471032497705111382e+03,-5.572241717947902089e+02,-1.969728233604882462e+03,3.113699802068112810e-01,5.499362898188632016e+02,1.220956607495068965e+03,5.189610194902548983e+02,7.019906976744185840e+02,4.321102394715111359e+02,1.005016292134831474e+03,nan,nan
-1.356914230693139416e+03,-7.914900350391370694e+02,-4.113869590579699889e+02,1.735729818643472200e-01,5.509480452674897606e+02,1.185032313906520585e+03,5.131684210526316292e+02,8.408999999999999773e+02,7.360332480818414069e+02,9.910582174137042557e+02,nan,nan
-1.673891781090205768e+03,-9.953016170868710333e+02,-8.551102115407566089e+02,2.184825983225268387e-01,5.520239792611795338e+02,1.281979274611398978e+03,nan,nan,6.169651428571428369e+02,1.095965580823601613e+03,6.189346811819596041e+02,9.420052325581394825e+02
-1.417967766522777083e+03,-8.514971211724973728e+02,-5.083876714698960768e+02,2.069049206254578444e-01,5.530054315027157372e+02,1.211990427568602399e+03,5.190164107993647349e+02,8.559982153480071929e+02,7.110154142581887982e+02,1.021987943737441356e+03,nan,nan
-1.419773523122015149e+03,-9.790596736161369336e+02,-5.261063598527636032e+02,2.361832731085489467e-01,5.530772442588726108e+02,1.255977777777777874e+03,nan,nan,7.040639710319854885e+02,1.073007294429708281e+03,7.020061728395061209e+02,9.539716867469879844e+02
-9.134636822384442212e+02,-1.372772559542982208e+03,9.186071278922285899e+01,2.610583892204794143e-01,5.550750147666863086e+02,1.363018541409147019e+03,nan,nan,8.960295100222716655e+02,1.213982527664531062e+03,9.200933242506812348e+02,1.159042264150943311e+03
-7.547588654513983784e+02,-6.955244380662630874e+02,3.900320947975421859e+02,5.379090215248319984e-01,5.560616860863605098e+02,1.066001609010458651e+03,5.080038293216630336e+02,8.609896719319563090e+02,nan,nan,9.680818181818182211e+02,8.829840848806366012e+02
-1.033331565631298645e+03,-8.461212501129942893e+02,-1.701805875266874324e+01,1.357656104304068856e-01,5.571140642303432742e+02,1.167987155963302712e+03,5.199907100199070555e+02,8.889792099792099407e+02,8.650115424973766949e+02,9.860488888888888823e+02,nan,nan
-1.405754876942618921e+03,-9.089938121259176569e+02,-5.225168133460518902e+02,2.314346471394540250e-01,5.580369747899159165e+02,1.232067261904761835e+03,nan,nan,7.139363582793164369e+02,1.045986258588382270e+03,7.039556830031282288e+02,9.259697139652271289e+02
-1.328022971050529577e+03,-8.720942153354098991e+02,-4.161555528164045654e+02,5.739316937422935805e-01,5.581844820470490731e+02,1.211989098116947389e+03,5.249591232227488717e+02,8.699961013645224739e+02,7.439816021464162077e+02,1.023978971962616811e+03,nan,nan
-1.100867841705575984e+03,-4.581735741081690776e+02,-7.228102806341985342e+01,5.982857101638772157e-01,5.599809523809524308e+02,1.035981818181818198e+03,5.039877986781901313e+02,7.360455594002306725e+02,8.540733229329173355e+02,8.290423728813559592e+02,nan,nan
-1.672959209887307225e+03,-1.179049401624679831e+03,-9.111224158336453911e+02,3.954991278158968560e-01,nan,nan,5.410600885515495975e+02,9.350157480314960594e+02,6.100385620915033087e+02,1.168963847203274327e+03,6.330102145045965472e+02,1.004036994219653138e+03
-1.824300887938962887e+03,-1.121980135875524184e+03,-1.109280660185540910e+03,4.697565846871098461e-01,5.600577319587629290e+02,1.333976396085204442e+03,5.390305755395683036e+02,9.040095541401274204e+02,nan,nan,5.851239788563191269e+02,9.719961915125136329e+02
-1.322364700973565732e+03,-7.094621521626446565e+02,-3.964739692486653553e+02,2.053247020618567398e-01,5.600699803793329465e+02,1.154991953182150610e+03,nan,nan,7.540788614092393800e+02,9.590238611713665478e+02,7.239880668257756042e+02,8.519942558746736267e+02
-8.831638073168168148e+02,-7.794933641530881232e+02,1.679711269756459728e+02,6.998398008376699453e-01,5.639601181683899540e+02,1.123995200000000068e+03,5.230073068893527761e+02,8.789738161559888567e+02,9.359553322166387943e+02,9.420681686886192665e+02,nan,nan
-2.483126569179460148e+03,-7.967913974786157496e+02,-2.119052773762738070e+03,3.609877361566478093e-01,5.639669250645995362e+02,1.288967686093479415e+03,5.379885277246653459e+02,7.610508365508366069e+02,4.269148363962348753e+02,1.085975490196078454e+03,nan,nan
-1.637931780505184861e+03,-8.985062333722059975e+02,-8.542157427466930812e+02,4.823396890162128248e-01,5.640067069081153477e+02,1.251055226824457577e+03,nan,nan,6.370541277258566879e+02,1.061122784262862069e+03,6.278715657067195934e+02,9.049750453720507721e+02
-1.986297902298837698e+03,-9.604748341615293157e+02,-1.338159619282387894e+03,5.014214739766345019e-01,5.640940265486725593e+02,1.296974137931034420e+03,5.390796874999999773e+02,8.439768996960485765e+02,5.319632009345793904e+02,1.105993075356415375e+03,nan,nan
-1.317185334267078815e+03,-9.015764906207102740e+02,-4.361603795504974528e+02,2.076867129576105697e-01,nan,nan,5.330160329821346750e+02,8.789473135106937889e+02,7.479612252811167536e+02,1.039004856726566231e+03,7.369173197492162899e+02,9.269933806146572124e+02
-8.047473209854051674e+02,-7.680596181884541238e+02,2.686768096278094617e+02,2.283103298188792207e-01,5.659836867862968575e+02,1.108022452504317698e+03,5.241198182850653211e+02,8.818749286122215381e+02,nan,nan,9.460203408466189785e+02,9.089971542401821125e+02
-2.363982517934095540e+03,-1.148634287910232388e+03,-1.952876318369435694e+03,6.400532002618796179e-01,5.660254735467015053e+02,1.375000000000000000e+03,5.469756097560975832e+02,8.620303999999999860e+02,4.360075034106412204e+02,1.190011938202247165e+03,nan,nan
-1.880790580917330772e+03,-7.619751496935413115e+02,-1.173834156159173062e+03,3.719886156440574965e-01,5.660279220779220850e+02,1.229982056590752336e+03,5.311290163124073160e+02,7.929722543352601178e+02,5.709590643274854074e+02,1.029981818181818198e+03,nan,nan
-9.887756992627992076e+02,-9.054804056853466818e+02,-8.567231372659358968e+00,2.242769428576388557e-01,5.679699738903394746e+02,1.187938885157823961e+03,5.341155943293348400e+02,9.139863523573201292e+02,8.819413278435408756e+02,1.012000553097345119e+03,nan,nan
-9.903619107645333770e+02,-5.038717558958910558e+02,2.891421848695626551e+01,8.798514856345857060e-01,5.689942716857610776e+02,1.039002504173622810e+03,5.159952095808383774e+02,7.590356919223544310e+02,nan,nan,8.500186697782963847e+02,7.769970255800119503e+02
-9.343265284314018118e+02,-7.006637655887473102e+02,8.228216240575295615e+01,6.080712593627434215e-01,5.690162601626016112e+02,1.103007475083056534e+03,5.259850299401197162e+02,8.410057388809182157e+02,nan,nan,8.830317982456140271e+02,8.679897794513178724e+02
-1.189597805035197098e+03,-1.465313406508847493e+03,-3.497745802797235797e+02,4.591311418135847755e-01,nan,nan,5.620542043085475825e+02,1.081062312312312315e+03,7.710496675791944199e+02,1.269956009070294840e+03,8.138859504132230995e+02,1.150926485397784518e+03
-1.173095592530169597e+03,-8.874284181978803190e+02,-2.651488728596302167e+02,2.720821959449395977e-01,5.699931846344485393e+02,1.203008575197889286e+03,5.369369834710744271e+02,8.869714632665452427e+02,8.050315852205005740e+02,1.022997457088366218e+03,nan,nan
-2.361353060344887581e+03,-9.459678359229307034e+02,-1.955426056015789982e+03,2.412950447102552853e-01,5.700646476412347283e+02,1.321021097046413615e+03,nan,nan,4.480403547671840556e+02,1.126006347374495135e+03,4.489893404397068366e+02,8.719765567765567766e+02
-1.241006388368880835e+03,-7.544846347411252054e+02,-3.389464945773807472e+02,3.765563976068386220e-01,5.700698151950718966e+02,1.164038951841359676e+03,nan,nan,7.850232220609578917e+02,9.739866023579850207e+02,7.580534031413612865e+02,8.719622030237580930e+02
-1.203425805635765300e+03,-7.827183626039465025e+02,-2.966901526777443223e+02,3.400725845887807020e-01,5.709795081967213264e+02,1.169994818652849744e+03,5.329605761940864568e+02,8.470533548908649664e+02,7.979617801047120338e+02,9.819910364145657695e+02,nan,nan
-2.134536887432293042e+03,-9.035460835310595940e+02,-1.593965829257648238e+03,3.023696449830930999e-01,5.720719696969697452e+02,1.293017775229357767e+03,5.450154400411734059e+02,8.149905604719764369e+02,5.009850053552302711e+02,1.098833034914950758e+03,nan,nan
-1.400287720471141029e+03,-6.776866874855305696e+02,-5.504330507169247539e+02,3.554545280659821560e-01,5.721073071027082051e+02,1.156996973365617350e+03,nan,nan,7.288624999999999545e+02,9.600025252525252881e+02,6.970006108735491352e+02,8.319514321295142736e+02
-6.841828807291642534e+02,-8.283052924543123936e+02,4.088015914030823410e+02,6.301248180898914031e-01,nan,nan,5.320403885480573081e+02,9.210302853814793025e+02,1.032008515167642372e+03,9.450600403632694224e+02,1.008033406593406539e+03,9.440211494252873763e+02
-1.309877834416124870e+03,-8.940019893451095641e+02,-4.605807469763358313e+02,2.867040277212484778e-01,5.729647971360382144e+02,1.220949270767279586e+03,5.408950923007654410e+02,8.759624228827818797e+02,7.520053252187143471e+02,1.037982806691449923e+03,nan,nan
-1.879594156903266366e+03,-9.109148469431193007e+02,-1.231641131588122562e+03,9.329527889565562837e-02,5.730317460317460245e+02,1.275981729598051061e+03,nan,nan,5.671430317848411278e+02,1.085996357960457772e+03,5.620826330532213433e+02,8.910056743780008901e+02
-2.030795603367347894e+03,-9.756130128480294843e+02,-1.459386605481802462e+03,1.690553056002007948e-01,5.740097592713077574e+02,1.306016839378238274e+03,nan,nan,5.240239452679589931e+02,1.117919459141681273e+03,5.270805626598465778e+02,9.029264705882352473e+02
-1.469092011668681380e+03,-1.076201497434212342e+03,-7.011801018767708911e+02,7.604693800522986935e-01,5.740879059350503439e+02,1.297996451803666559e+03,5.509816315505132707e+02,9.189987365761212459e+02,6.870828431372549403e+02,1.123018980477223522e+03,nan,nan
-7.662686427124318698e+02,-1.059747684423932469e+03,2.509811243921730863e+02,3.146007487492159527e-01,5.760477759472817070e+02,1.223937427578215420e+03,5.479592452830188449e+02,9.999780736100234435e+02,nan,nan,9.748955370279549015e+02,1.037995401124169575e+03
-1.564944807900888236e+03,-6.900476963622326139e+02,-7.965563609341239726e+02,2.756264766374521558e-01,5.771316614420062479e+02,1.180997368421052670e+03,5.379080976863752994e+02,7.879972356599861314e+02,6.739702031602708985e+02,9.830096826250672848e+02,nan,nan
-9.137222420353666621e+02,-1.471329381133398101e+03,-1.557646587661917970e+01,6.381283899360826739e-01,5.780514705882352473e+02,1.405991897366644253e+03,5.720091819699499638e+02,1.126039078156312598e+03,8.909827915869981325e+02,1.265004016064257030e+03,nan,nan
-6.287322891613812317e+02,-9.659973089787005165e+02,4.389012274497141561e+02,4.229775111652125386e-01,5.810394225430316055e+02,1.167923607122343583e+03,5.479601226993864884e+02,9.830115131578946830e+02,1.054971321109543851e+03,1.006986220472440891e+03,nan,nan
-1.260706432265891181e+03,-1.098863952574823998e+03,-4.570589709007469423e+02,4.356236493027342838e-01,nan,nan,5.581610956360259479e+02,9.469931389365351606e+02,7.621475881929445677e+02,1.121987084870848776e+03,7.708679450072359032e+02,1.000963082602676536e+03
-7.315634596753365031e+02,-9.676906602180458776e+02,2.835785827440028584e+02,4.433010814304070846e-01,5.829389228206551934e+02,1.184001925545571339e+03,5.500310559006211406e+02,9.670640394088669609e+02,1.000942689530685925e+03,1.019983091787439662e+03,nan,nan
-7.214634617063711630e+02,-1.247540095774550537e+03,2.664046470155313955e+02,5.821092601547457335e-01,5.830430042398546675e+02,1.299005006257822288e+03,nan,nan,9.950392791127541159e+02,1.151032917705735599e+03,1.002026881720430083e+03,1.119976211453744554e+03
-1.746777974648032341e+03,-8.687686913349452880e+02,-1.096134285241517773e+03,3.619496372191197686e-01,5.830551684088269440e+02,1.254992714025500845e+03,nan,nan,6.110939098093909934e+02,1.065981888035126303e+03,6.001411411411411336e+02,8.810433915211970088e+02
-2.037434633624710614e+03,-6.672661639450200255e+02,-1.490417240165760631e+03,1.978022747922841829e-01,5.831108362196931694e+02,1.221019704433497509e+03,nan,nan,5.409894014962593474e+02,1.018014018691588831e+03,5.110149051490515149e+02,7.969536601746137876e+02
-1.082185887968452334e+03,-7.309503107341282657e+02,-1.869990644550078684e+02,8.235474175973586108e-01,5.849891676168757613e+02,1.139011356466877032e+03,5.440761472516389858e+02,8.369813242784380236e+02,8.499921828021647343e+02,9.549750798722044465e+02,nan,nan
-9.093799057017198493e+02,-1.307903740755798935e+03,-2.286366364002310902e+01,4.959705108423715925e-01,5.859841374752147658e+02,1.341006181318681229e+03,5.720330514988470441e+02,1.066009083402147098e+03,8.999703023758099789e+02,1.191979759299781108e+03,nan,nan
-1.973174083877094290e+03,-6.760234161969846127e+02,-1.426598594987179467e+03,2.933701058636353221e-01,5.880820335066435973e+02,1.219057126030624204e+03,5.540356083086053331e+02,7.590257234726688012e+02,5.589657669519421006e+02,1.018012649332396336e+03,nan,nan
-2.100076513559434716e+03,-1.178748156738644639e+03,-1.685109361212586464e+03,2.950612001144004570e-01,5.899871967654986520e+02,1.372021031207598298e+03,5.710266666666666424e+02,8.880130718954247868e+02,nan,nan,5.299498207885304737e+02,9.550610211706101609e+02
-1.801356105466394411e+03,-5.085234981007243391e+02,-1.167439269218080653e+03,3.178617277833309385e-01,5.900361687876758197e+02,1.153987560469937762e+03,5.470618351063830005e+02,7.180047748976808180e+02,nan,nan,5.660006230529595541e+02,7.480000000000000000e+02
-1.313896482683008117e+03,-8.211047106418416206e+02,-5.437219358636460811e+02,2.028046676547194116e-01,nan,nan,5.569263370332996601e+02,8.469041713641488514e+02,7.571325473383351436e+02,1.017904639175257785e+03,7.390307810696422166e+02,8.868496489054109588e+02
-9.012672939858124437e+02,-7.297133528050976565e+02,3.016125158277336382e+01,5.432955404090300533e-01,5.920552959501557098e+02,1.117013687600644062e+03,5.509085219065960928e+02,8.509867052023121232e+02,9.289861194930597321e+02,9.369994072317723521e+02,nan,nan
-1.311144377317128829e+03,-7.378656636436370491e+02,-5.345275026647537970e+02,2.356521021598021459e-01,5.929605936540430093e+02,1.172898960739029917e+03,5.540951853901493678e+02,8.190048105832831880e+02,7.619938195302843269e+02,9.850006447453256442e+02,nan,nan
-1.343547077606464654e+03,-8.187202648721286096e+02,-5.980387864591765492e+02,3.625939643686519887e-01,5.949722061378112130e+02,1.204034076827757190e+03,5.599887862796833815e+02,8.430034626038781198e+02,7.469826410415374767e+02,1.021018685567010266e+03,nan,nan
-2.220094911199682883e+03,-1.077512711197253338e+03,-1.902305109527524792e+03,1.772084798371295067e-01,5.950177717019822694e+02,1.352025517241379248e+03,5.730179271708683473e+02,8.489527156549520441e+02,4.851268101761252183e+02,1.169047355163728071e+03,nan,nan
-7.193051232139310969e+02,-6.246406827194454081e+02,2.861534806770873729e+02,8.901406924300426793e-01,5.960489671002295609e+02,1.046040160642570299e+03,5.470519402985074748e+02,8.259955099422707008e+02,1.020036126056879311e+03,8.699785276073619116e+02,nan,nan
-1.330938439803991287e+03,-7.545519514556870035e+02,-5.849675998213466528e+02,2.800202493357334399e-01,5.970465116279069662e+02,1.181955502104630114e+03,5.599912280701754526e+02,8.219792817679558539e+02,7.549632070291048649e+02,9.959792531120332342e+02,nan,nan
-9.933764826484808736e+02,-1.542442775074680867e+03,-2.145122674710513024e+02,2.300500027027222727e-01,5.978890692640692350e+02,1.439973748473748401e+03,5.929056122448979522e+02,1.127823264201983875e+03,nan,nan,8.949902325581394962e+02,1.190043010752688133e+03
-2.229355232041327326e+03,-4.138967919413752838e+02,-1.885614567206272341e+03,6.782487463275262973e-01,5.980282258064515872e+02,1.173953020134228154e+03,nan,nan,5.139806295399515648e+02,9.650041379310345064e+02,4.620060975609756042e+02,7.020379113018598218e+02
-2.479814419442372582e+03,-1.202504510667473824e+03,-2.447267971892877085e+03,5.750238515996746180e-01,5.999867812293456382e+02,1.404960719041278253e+03,5.770006345177664571e+02,8.520113333333333685e+02,nan,nan,4.569844653179191027e+02,9.230475475475475378e+02
-1.882727395088172671e+03,-9.711387420083526649e+02,-1.406539319376645153e+03,4.080016691899112646e-01,6.020525316455696156e+02,1.299943973941368085e+03,nan,nan,5.750392006149115787e+02,1.118070292887029382e+03,5.760362879238548430e+02,9.009151732377538337e+02
-8.741354413224253221e+02,-1.843134451041477405e+03,-9.840255031938490049e+01,1.124254818246129162e+00,6.028851224105461597e+02,1.559997968855788713e+03,6.080224812656119866e+02,1.248940983606557438e+03,nan,nan,9.570500705218618123e+02,1.315957736389684896e+03
-1.060916923315418444e+03,-8.306013498187986670e+02,-2.554632289459203776e+02,2.950153472431699120e-01,6.039788325849904140e+02,1.179019525801952568e+03,5.690479452054794365e+02,8.699100696643445190e+02,nan,nan,8.370281373100731344e+02,9.039866592551417170e+02
-1.356581059448442829e+03,-7.123232756885486197e+02,-6.469385506762216664e+02,2.711508467509365361e-01,6.040653896961690634e+02,1.173010402219140133e+03,5.650842865743527454e+02,8.049954604409857666e+02,7.489532044760935605e+02,9.849851428571428187e+02,nan,nan
-2.070538400769697546e+03,-6.183782368561096519e+02,-1.681609066614923449e+03,3.005818042256896971e-01,6.050694294940795999e+02,1.217078354002254855e+03,5.719794019933555091e+02,7.339965682910088844e+02,5.448934345100626615e+02,1.016027514659449707e+03,nan,nan
-2.161115089529513625e+03,-3.088226234332441322e+02,-1.818034808200789712e+03,7.416635095522980947e-01,6.059731499672560631e+02,1.141985221674876811e+03,nan,nan,5.378994854202401257e+02,9.310058997050147127e+02,4.750460282108389265e+02,6.669852255054432817e+02
-2.323867989578885954e+03,-3.466500246038522732e+02,-2.132636685525945722e+03,3.000352948343394388e-01,6.060011019283746236e+02,1.170017595307917873e+03,nan,nan,5.011272624434388945e+02,9.609789888378201113e+02,4.460144376899696113e+02,6.759454403741231090e+02
-9.143458054958090315e+02,7.446580311081785908e+01,3.918388487422429733e+01,8.585082183996174399e-01,6.060061099796333792e+02,8.330134158926728105e+02,5.290358490566037517e+02,5.229781990521327089e+02,9.590440414507771720e+02,6.139972826086956275e+02,nan,nan
-8.254983215416816620e+02,-1.847535478556771295e+03,-4.827407278662467860e+01,6.395215541762934164e-01,6.069887387387387889e+02,1.560027885360185792e+03,6.140767441860465397e+02,1.259008163265306166e+03,nan,nan,9.770170603674540644e+02,1.324976683937823736e+03
-7.133824559360521107e+02,-9.958694302226240325e+02,2.032833468772732033e+02,5.516744064625865862e-01,6.080557993730407134e+02,1.198990540540540451e+03,5.779672016748080523e+02,9.729557774607703777e+02,nan,nan,9.959271178419309081e+02,1.002968447837150165e+03
-7.206984276178120581e+02,-8.036176380242612822e+02,2.076397750265213347e+02,4.734030053862832155e-01,6.089940652818991111e+02,1.122978328173374621e+03,5.710084142394822493e+02,8.959972565157750068e+02,1.010010273972602704e+03,9.569565627950896669e+02,nan,nan
-2.267684761611011709e+03,-1.630934491210758551e+03,-2.136267997489527716e+03,3.598058323048724527e-01,6.090597552195824846e+02,1.508973552537526757e+03,nan,nan,4.580558615263572051e+02,1.351040065412919148e+03,5.240274869109947531e+02,1.060036029911624837e+03
-1.824994646916458350e+03,-8.313820621511061972e+02,-1.357994897249427140e+03,4.363632006775546301e-01,6.110717213114753577e+02,1.256010309278350405e+03,nan,nan,5.999987973541791462e+02,1.070022012578616341e+03,5.870208078335373330e+02,8.550175438596490949e+02
-1.608403803463030954e+03,-1.072608124064953927e+03,-1.080767641854366957e+03,3.866995146003275319e-01,6.120168393782383873e+02,1.312984818481848151e+03,5.899814106068889714e+02,8.970134228187919234e+02,nan,nan,6.619858287122611955e+02,9.499937264742785601e+02
-1.029294368671006396e+03,-6.309458531664364500e+02,-2.263482053525918616e+02,4.245181162128484065e-01,6.121387800783436433e+02,1.105951398135818863e+03,5.690843806104129499e+02,7.989010448678549210e+02,8.779900199600798487e+02,9.218941772151898704e+02,nan,nan
-9.468421024991699824e+02,-1.969028884101850736e+03,-2.582055709108370820e+02,7.013424507861678592e-01,6.129526671675431544e+02,1.610013250194855800e+03,6.230687134502924209e+02,1.269023703703703632e+03,nan,nan,9.320561868686868365e+02,1.341110906862745196e+03
-1.757467053788197063e+03,-7.781410731738118329e+02,-1.271872414277928101e+03,2.000718705570209421e-01,6.139779077322937155e+02,1.236001318391562336e+03,nan,nan,6.220109890109889648e+02,1.047990000000000009e+03,6.040216450216449857e+02,8.390057142857142480e+02
-9.860594843859742014e+02,-6.614868211522363026e+02,-1.752969707093097327e+02,2.530238330979592276e-01,6.140237430167597950e+02,1.111006060606060601e+03,5.710257766027759772e+02,8.129567531603460111e+02,nan,nan,8.609936908517349821e+02,8.359703622392975149e+02
-1.170528576252717130e+03,-1.015758008667805257e+03,-4.840882874168971739e+02,2.965558594378696622e-01,6.160364197530864203e+02,1.259977094240837687e+03,5.899714285714285325e+02,9.199624573378839614e+02,8.049503707929263783e+02,1.093991656734207481e+03,nan,nan
-2.283847021877585576e+03,-7.556716091229778840e+02,-2.185484605550625929e+03,8.969476779248136689e-01,6.189877094972066516e+02,1.275945475638050993e+03,5.939876060013045844e+02,7.529809523809524308e+02,4.979884287454323726e+02,1.084021376085504244e+03,nan,nan
-6.555846481387685571e+02,-5.334379400473909527e+02,2.873861628686423728e+02,3.091349794394964712e-01,6.199923023093072061e+02,1.008700242718446589e+03,nan,nan,1.052962264150943383e+03,8.329925170068027001e+02,1.007917426788286093e+03,7.960328036904152214e+02
-1.792959765648621442e+03,-1.027138339267574565e+03,-1.393042993476102993e+03,2.928585275288255185e-01,6.210084439083233292e+02,1.313908224076281385e+03,5.980131332082551125e+02,8.649698524695317019e+02,nan,nan,6.108969986357435573e+02,9.181026584867075826e+02
-8.472641428742305152e+02,-1.347230693035558261e+03,-8.661589801064837957e+01,4.569595922490866102e-01,6.210388988629563300e+02,1.356991880074953087e+03,6.079534075104311341e+02,1.077045718432510967e+03,9.260092421441775059e+02,1.215962338949454988e+03,nan,nan
-2.026802925851723103e+03,-5.507999722388823329e+02,-1.729327493485539435e+03,5.449559754652307797e-01,6.230261312938176843e+02,1.198992156862745105e+03,5.899858461538461825e+02,7.149696969696969973e+02,5.660304955527318498e+02,1.000990250696378780e+03,nan,nan
-1.248561992110286610e+03,-9.285114826027211166e+02,-6.309530487897925468e+02,4.713917758275110725e-01,6.259309973045822062e+02,1.240023381294964111e+03,nan,nan,7.810869145340415116e+02,1.069053757828809921e+03,7.740493205837946107e+02,9.200998531571218564e+02
-1.014950247125319152e+03,-1.247908855196645618e+03,-3.365313483954462299e+02,2.388423749196321444e-01,6.260546099290779694e+02,1.332029298380879027e+03,6.089571428571429124e+02,1.015013803680981596e+03,8.569945175438596152e+02,1.182972413793103442e+03,nan,nan
-9.858227186631078212e+02,-5.769140784058691906e+02,-2.196771397670454746e+02,2.619418186836461326e-01,6.260551128818060533e+02,1.085040801186943554e+03,nan,nan,8.990881372081943255e+02,9.019951897381079107e+02,8.579780367548185041e+02,7.969946627850557661e+02
-1.499740075097018689e+03,-9.239455801312682297e+02,-9.877011582651006165e+02,2.086715826753742231e-01,6.270265129682996985e+02,1.260989892984542166e+03,5.989985908877407610e+02,8.580089520800421496e+02,6.959826048171275943e+02,1.085988045738045685e+03,nan,nan
-8.610041791219895231e+02,-1.691340357412223966e+03,-1.780842706948832017e+02,6.487690532911832841e-01,6.289532324621733324e+02,1.496965277777777828e+03,6.290055643879172749e+02,1.187982730263157919e+03,nan,nan,9.560019828155981259e+02,1.246003348961821757e+03
-1.174199249046880595e+03,-8.459712232221461363e+02,-5.356232493373615853e+02,3.887376478458806628e-01,6.299976289270895222e+02,1.205076219512195166e+03,nan,nan,8.129349514563107277e+02,1.032072132848988076e+03,7.970813627254509584e+02,8.929766397124888044e+02
-2.111112235032289391e+03,-5.828234440303310748e+02,-1.941986558194670124e+03,3.279921029864137361e-01,6.320134831460674150e+02,1.218961538461538566e+03,nan,nan,5.490220064724918529e+02,1.022965041001294821e+03,5.149809802487197885e+02,7.530514809590973755e+02
-1.207277593872824355e+03,-6.958045660175645253e+02,-5.964613713582273249e+02,2.089551284080045646e-01,nan,nan,5.980664688427299325e+02,8.049353015075377016e+02,8.079869636067354577e+02,9.800544787847040880e+02,7.790685740236149286e+02,8.310045180722891018e+02
-1.592732544357963434e+03,-8.908260086740036741e+02,-1.173341931363621143e+03,2.625721485389757581e-01,6.370558558558558389e+02,1.260937537901758560e+03,nan,nan,6.720342089187538477e+02,1.084975974025973983e+03,6.640565535595475239e+02,8.800224719101123583e+02
-2.246032895897599246e+03,-1.288267845935774403e+03,-2.293374907331836312e+03,8.330901593431493390e-01,6.380281690140844830e+02,1.418989167230873363e+03,6.160564892623716560e+02,8.859684267827980193e+02,nan,nan,5.249876221498370796e+02,9.519304403318442382e+02
-1.306843593655184350e+03,-7.126970611034187186e+02,-7.547153195959650702e+02,5.355967144078611630e-01,6.390421313506815295e+02,1.178006948831332920e+03,nan,nan,7.720339643652561108e+02,9.979729570840681845e+02,7.460255344418052346e+02,8.309655786350148219e+02
-7.141115633576291657e+02,-7.976897842895874646e+02,9.257460318034692648e+01,1.332714929586731600e-01,6.390626198083067493e+02,1.130025249169435256e+03,6.010325112107623227e+02,8.870048661800486798e+02,nan,nan,9.870289710289710001e+02,9.049747983870968255e+02
-1.126434149183510726e+03,-8.005033237587417716e+02,-5.172248564402515285e+02,2.566031230797153895e-01,nan,nan,6.069584816132859260e+02,8.460372239747633785e+02,8.340290567724631501e+02,1.015044180522565284e+03,8.141162361623615880e+02,8.750409836065573472e+02
-8.432161254270594100e+02,-5.920102011664947668e+02,-8.706178943995872999e+01,4.811379412893034835e-01,6.410581867388362980e+02,1.073966463414634063e+03,5.969696233292830811e+02,7.940605152786099552e+02,9.589750353273669816e+02,8.979548452562150942e+02,nan,nan
-1.930700486569299756e+03,-1.055816934787661239e+03,-1.747108265630278765e+03,2.581827245706176388e-01,6.430285714285714675e+02,1.336010658307209951e+03,6.200894601542416922e+02,8.560253443526170258e+02,nan,nan,5.861367334167709942e+02,9.080799196787148730e+02
-1.110878272876628444e+03,-8.045442499514437031e+02,-5.159244441194158526e+02,3.740380112259472090e-01,6.459987893462470083e+02,1.188004410838059130e+03,6.110915824915824714e+02,8.479875912408758722e+02,nan,nan,8.210721752115480285e+02,8.760228452751816803e+02
-1.727225683634322422e+03,-1.092544200279273809e+03,-1.461463440421863652e+03,5.171420154176383788e-01,6.480525179856115301e+02,1.333114787305874415e+03,nan,nan,6.279839541547278259e+02,1.167909036505086760e+03,6.410935412026725544e+02,9.329667063020214073e+02
-1.043305895824565823e+03,-1.202460352703969193e+03,-4.829273191825820390e+02,1.792780727812467167e-01,nan,nan,6.309651090342679254e+02,9.879848084544253197e+02,8.490409411764705965e+02,1.172987692307692214e+03,8.640244523688231766e+02,1.030959161740999434e+03
-1.074205831179810957e+03,-1.036549952965936200e+03,-5.075484564583190377e+02,3.826667606448605485e-01,6.499957932692307168e+02,1.264998753894080892e+03,6.239847984137475123e+02,9.289985915492957247e+02,8.439595494111623566e+02,1.107964989059081063e+03,nan,nan
-7.962146780863065487e+02,-6.613790582845500694e+02,-6.420910373787940273e+01,5.730364728425993981e-01,6.500501519756838888e+02,1.094979775280898821e+03,6.080757304710792823e+02,8.239918290383407111e+02,nan,nan,9.439828973843058293e+02,8.360199789695058143e+02
-1.060115448243810988e+03,-9.032241491802114979e+02,-4.733044185189213522e+02,3.300019413939848656e-01,6.500596491228070590e+02,1.217000610128126937e+03,nan,nan,8.550103806228373742e+02,1.053004154302670713e+03,8.450037940379403381e+02,9.170301675977653986e+02
-2.216686771927350946e+03,-1.367872947501674162e+03,-2.369542301436113576e+03,2.528580928957062102e-01,6.530087939698491937e+02,1.441006785934608160e+03,nan,nan,5.030819131390874190e+02,1.275111111111111086e+03,5.410536105032822434e+02,9.679933614966807909e+02
-7.170023167553378016e+02,-1.264610101078466869e+03,-3.558860714684632853e+01,4.451625310394360935e-01,6.559962917181705961e+02,1.319003841229193313e+03,6.379980607627666132e+02,1.056982191780821950e+03,9.880450310559006084e+02,1.180991242474001183e+03,nan,nan
-8.991605373222998878e+02,-3.711358644247080179e+02,-2.113234865682177599e+02,3.627623799723494469e-01,6.560738423028785746e+02,1.010693877551020364e+03,nan,nan,9.439186351706036930e+02,8.249587000677048536e+02,8.879413265306122867e+02,7.060546639919758718e+02
-5.578148827107713714e+02,-9.516529966726441216e+02,2.130929375191964539e+02,1.024889475516823412e+00,6.630257352941176805e+02,1.174983256351039245e+03,nan,nan,1.078074594120228085e+03,1.027964895173086234e+03,1.065915390505359937e+03,9.789655023717119775e+02
-9.318938754572369589e+02,-1.031989856357630515e+03,-3.670776727946018241e+02,1.592864582509777860e-01,6.640291715285881082e+02,1.253031305375073771e+03,nan,nan,9.019116625310173276e+02,1.099990379476215821e+03,9.009875135722040795e+02,9.719771205357143344e+02
-7.921871547600072745e+02,-3.098635679508524277e+02,-9.202834815484031594e+01,4.098603135567461808e-01,6.650262361251261609e+02,9.730052410901467965e+02,6.109928894634776952e+02,6.840100738750840037e+02,9.919958506224066923e+02,7.899789397240377866e+02,nan,nan
-1.603565864115372278e+03,-6.326799654078866979e+02,-1.328561208147894831e+03,3.467291839828821609e-01,6.660318471337579922e+02,1.193000597728631192e+03,6.300225000000000364e+02,7.559652406417112616e+02,nan,nan,6.570379442843419611e+02,7.819780898876404081e+02
-2.067135159620242575e+03,-7.713143893688796879e+02,-2.163664263322048555e+03,2.135470355360529204e-01,6.679447432762835888e+02,1.276000524383848870e+03,nan,nan,5.660933831376734133e+02,1.093993663809168766e+03,5.529647277227722952e+02,8.020135658914729220e+02
-1.052175820528284248e+03,-7.884281603967026513e+02,-5.634281413610041227e+02,2.930565405464020112e-01,nan,nan,6.390069252077562396e+02,8.419504535938590379e+02,8.650343434343434410e+02,1.017997809419496207e+03,8.450483503981797639e+02,8.650135294117646936e+02
-1.509675154028454472e+03,-1.001972351198507454e+03,-1.282376382276055892e+03,4.867633510170477074e-01,6.759663319551092400e+02,1.296941385435168741e+03,6.509580801944107407e+02,8.689501201923077360e+02,7.019926686217008864e+02,1.133049207217058438e+03,nan,nan
-6.847622315262207167e+02,-1.886385731660663851e+03,-1.360291786139553381e+02,4.544654801283298240e-01,6.760072306579899077e+02,1.573966201322557026e+03,6.789570647931303711e+02,1.268978193146417425e+03,nan,nan,1.035040870138431046e+03,1.318030678851175026e+03
-1.988292309642571581e+03,-2.000294019354139152e+02,-2.047841410111354662e+03,3.519349895337350875e-01,6.769875246224556804e+02,1.122002129169623913e+03,nan,nan,6.099886506935687294e+02,9.239870689655172100e+02,5.460436590436590905e+02,6.250051890289103085e+02
-1.782382512646057421e+03,-1.342962698417148886e+03,-1.753055174961419198e+03,9.879198102777380086e-01,6.770073349633252064e+02,1.415030231179608791e+03,nan,nan,6.119866488651534837e+02,1.259991902834007988e+03,6.489706257982120405e+02,9.930165234633178670e+02
-7.368541606029233435e+02,-6.872035766648799608e+02,-1.090475677005399717e+02,3.057030295302443079e-01,6.789549019607843547e+02,1.105986459038591647e+03,6.389945121951219562e+02,8.330066093853271241e+02,1.000055208333333326e+03,9.439638424177010165e+02,nan,nan
-8.888096457267575943e+02,-7.210154607026586291e+02,-3.577570702735677628e+02,2.751086744393900774e-01,6.820138705416115954e+02,1.142007452574525814e+03,6.450518372703412524e+02,8.310033921302577937e+02,nan,nan,9.070349190283400276e+02,8.460120292887029336e+02
-7.433969938101570278e+02,-2.003811384302707893e+03,-2.661756342384379082e+02,3.152195426113926224e-01,6.830509259259259807e+02,1.622039289055191830e+03,6.880328113348247143e+02,1.289057059253840634e+03,nan,nan,1.013984025559105476e+03,1.342989637305699489e+03
-7.215374262348690308e+02,-1.613299397153152540e+03,-2.105171141009891187e+02,5.132030769654482016e-01,6.859910428662827826e+02,1.462016778523489847e+03,6.790506822612085216e+02,1.164030864197530946e+03,9.700644479661912101e+02,1.344030091348737187e+03,nan,nan
-7.414820874289677022e+02,-1.837485312332537660e+03,-2.628605547016167634e+02,3.265807810351436524e-01,nan,nan,6.860682095006089867e+02,1.234001333333333378e+03,9.520529644268774518e+02,1.443943253467843533e+03,1.008953964194373384e+03,1.282912952281069693e+03
-7.446817950944907807e+02,-1.844419091126859030e+03,-2.923412528931135625e+02,4.228461376458792498e-01,6.920206185567010380e+02,1.556002697235333699e+03,6.910128108515448275e+02,1.233016181229773565e+03,9.500073761854583836e+02,1.447047223663726072e+03,nan,nan
-1.434349820268522762e+03,-7.434273517972376339e+02,-1.245175100980526622e+03,6.909479686369014440e-01,6.940075901328273176e+02,1.216963314358001298e+03,nan,nan,7.399962377727614466e+02,1.044989125295508302e+03,7.190405701754385746e+02,8.209781968179139540e+02
-3.288285099498692148e+02,-1.003140212776414046e+03,4.375979418544209807e+02,4.219827851831958188e-01,6.940306441525954142e+02,1.171990956072351310e+03,6.629960912052117692e+02,1.011052526595744666e+03,1.196012540894220365e+03,1.039009610250934429e+03,nan,nan
-6.027817338124457365e+02,-6.033398213464356559e+02,3.128621630953107058e+01,4.634082431766370358e-01,6.950052151238592160e+02,1.056997252747252787e+03,6.520165079365079919e+02,8.100090614886731828e+02,1.064004596191726932e+03,9.000122783083219247e+02,nan,nan
-1.700893697719522379e+03,-8.128936995241325576e+02,-1.700789545094187361e+03,2.561679120308195112e-01,6.959389774601429508e+02,1.261961516369902256e+03,nan,nan,6.620409429280397262e+02,1.091028169014084597e+03,6.509869369369368997e+02,8.280134303301622367e+02
-1.965871174914894027e+03,-1.180812959807706875e+03,-2.232387999168636270e+03,3.401825944246733013e-01,6.980174278846153584e+02,1.383981214777708146e+03,6.759706221198156300e+02,8.689888268156424829e+02,5.840417156286721365e+02,1.221000000000000000e+03,nan,nan
-6.682841213924840531e+02,-2.776464816347140072e+02,-6.976024797819987100e+01,4.691907150163754925e-01,7.010616375344985727e+02,9.539317963496638413e+02,nan,nan,1.045946244477172286e+03,7.809834958739685362e+02,9.870047872340425101e+02,6.630863636363636715e+02
-8.814631263458151125e+02,-1.910531663704530501e+03,-5.599023212426739065e+02,5.247491161351808264e-01,7.020058097312999053e+02,1.581988954344624517e+03,nan,nan,8.879821235102925812e+02,1.473969321851453287e+03,9.549920232052211304e+02,1.272050105857445260e+03
-3.475509381709432546e+02,-1.892207180875349195e+03,2.821604971872216083e+02,8.114182791396507000e-01,7.059170100058857997e+02,1.573979874213836410e+03,7.019883000688231505e+02,1.347023842917251159e+03,1.153982492276004223e+03,1.475009090909090901e+03,nan,nan
-7.764903551053913588e+02,-7.452605443827989120e+02,-3.067586356240193481e+02,3.215020257825045857e-01,7.060288683602771016e+02,1.142982716049382816e+03,6.709498607242339858e+02,8.450007168458781734e+02,9.780266197890507556e+02,9.869696032972694866e+02,nan,nan
-5.650687149053046596e+02,-3.396127164762706343e+02,5.887337492553321994e+01,5.235407304339800838e-01,7.070000000000000000e+02,9.570348717948718331e+02,nan,nan,1.090056514913657793e+03,7.909685039370078812e+02,1.039018558951965133e+03,6.929861188228761648e+02
-6.584678731223625618e+02,-1.224031804538677761e+03,-1.699895009226185323e+02,3.038521975664474351e-01,7.070334846765039174e+02,1.306970166379804823e+03,6.860150170648464609e+02,1.032981830887491242e+03,1.012012253596164101e+03,1.174979302832244002e+03,nan,nan
-7.572905830666986731e+02,-1.368594524280166752e+03,-3.542475368738421366e+02,5.788707003210831203e-01,7.099976635514018426e+02,1.371962787950383927e+03,nan,nan,9.619853479853479712e+02,1.242980298189563428e+03,9.840622598001536971e+02,1.096909797822705968e+03
-7.942910840925461571e+02,-1.217610285328235022e+03,-4.027906102312540497e+02,2.173884646620704297e-01,7.110031269543464987e+02,1.317954573739888019e+03,6.909850415512465815e+02,1.007011479591836746e+03,nan,nan,9.640597389558232635e+02,1.035948241206030161e+03
-1.652865045507824107e+03,-8.690916486566130743e+02,-1.740697287280592718e+03,6.810488253931765712e-01,7.129994222992489767e+02,1.278988304093567194e+03,6.859718004338394621e+02,8.109993913572732254e+02,6.779925187032418989e+02,1.112019607843137237e+03,nan,nan
-7.440590381476172297e+02,-4.828401148618530669e+02,-2.828315556708583927e+02,9.518759807207263224e-01,7.169985207100592106e+02,1.048029688631426552e+03,6.720127272727272612e+02,7.479874450721907806e+02,1.001933596837944719e+03,8.860196850393700743e+02,nan,nan
-4.929733617300356627e+02,-9.803016402507172415e+02,5.732311803511331760e+01,4.564816283518595696e-01,7.200373831775700637e+02,1.194977286678944211e+03,nan,nan,1.099921777777777834e+03,1.059002433090024397e+03,1.089990143369175712e+03,9.739794050343249410e+02
-1.855477085110582721e+03,-1.528578133276736253e+03,-2.231670076041098582e+03,8.592205916737306604e-01,7.220423870607919525e+02,1.475954701834862362e+03,nan,nan,6.040262148337595818e+02,1.329991864406779769e+03,6.530428265524625431e+02,1.012990580847723663e+03
-7.985002908541930537e+02,-3.136871156232232352e+02,-3.992209067493523662e+02,1.651619007226236002e-01,7.260243217960711490e+02,1.004962037962037925e+03,nan,nan,9.850007733952049875e+02,8.340603318250376788e+02,9.300069892473118216e+02,6.730471502590673936e+02
-4.520914808456854530e+02,-1.944288178605418125e+03,-1.154620976895479600e+01,9.784209053759248542e-01,7.319933382679496390e+02,1.595999270605397442e+03,7.300022421524663514e+02,1.317967862481315478e+03,nan,nan,1.134012084592144902e+03,1.350032420346562276e+03
-6.411272770724160637e+02,-9.689560513525051419e+02,-2.458964133718202447e+02,4.220847187037062298e-01,7.330493119266054691e+02,1.214988875154511788e+03,nan,nan,1.027064610866372959e+03,1.076030565461029028e+03,1.019028503562945389e+03,9.469995069033531081e+02
-4.294696494111302627e+02,-1.589043249224886267e+03,2.733446634865726566e+01,7.740486738297551739e-01,7.380159600997506004e+02,1.442088674698795103e+03,nan,nan,1.108023134328358310e+03,1.333958837772397146e+03,1.134929733727810572e+03,1.217023295213892425e+03
-7.287797256070917911e+02,-1.728904871594763563e+03,-4.778008493417517002e+02,2.616926928639022321e-01,7.381057201225740982e+02,1.510035928143712681e+03,nan,nan,9.590311740890688270e+02,1.399860764587525182e+03,1.006872649572649607e+03,1.213120839033287666e+03
-1.201952306086797307e+03,-6.578153921722665700e+02,-1.146041749279658006e+03,5.209562339500427575e-01,7.399936009307737095e+02,1.180003069367710168e+03,7.060468750000000000e+02,7.759883870967742041e+02,8.240193312434691961e+02,1.018013093289688982e+03,nan,nan
-1.400067044055299903e+03,-6.821845879461656068e+02,-1.480156895731451414e+03,3.906709192259882890e-01,7.410000000000000000e+02,1.208958780350084680e+03,7.089929577464788508e+02,7.709875930521092187e+02,7.620083283759666983e+02,1.044973477998794351e+03,nan,nan
-1.775880021715137900e+03,-1.434404140962211841e+03,-2.219580711195281765e+03,4.888336946200738109e-01,7.410063816209317338e+02,1.448005784061696659e+03,nan,nan,6.329939024390243958e+02,1.302987349397590378e+03,6.730683713173986007e+02,9.860018645121193686e+02
-1.435178140279502486e+03,-1.066719984832707723e+03,-1.587337305064989096e+03,1.808785407914798027e-01,7.429874251497005844e+02,1.323964024390243821e+03,nan,nan,7.369785115303983503e+02,1.173965337954939287e+03,7.460477611940298175e+02,9.090005491488193456e+02
-5.592753281644872914e+02,-1.810545579386987356e+03,-2.306175554509280801e+02,1.215811046585019012e-01,7.429980158730159019e+02,1.539963847643640975e+03,nan,nan,1.034011592741935374e+03,1.436027445109780501e+03,1.080039723661485368e+03,1.270008293838862528e+03
-1.274503549543691634e+03,-8.257106333596854029e+02,-1.316245281663626884e+03,3.157764389719276976e-01,7.460113297555158169e+02,1.240009876543209884e+03,7.170252307692308023e+02,8.209746444032158479e+02,7.949539911308204410e+02,1.084023487962419267e+03,nan,nan
-2.009095163232107382e+02,-1.928163733242317903e+03,3.550819512211452889e+02,4.939982114922017442e-01,7.480111256544502112e+02,1.589011531069827015e+03,nan,nan,1.228967532467532465e+03,1.496021727609962909e+03,1.259043712574850360e+03,1.393998101265822697e+03
-5.320559758369735164e+02,-2.094515659856867842e+03,-2.797422600554360201e+02,9.912779836699382452e-01,7.569645021645021643e+02,1.658053082191780732e+03,7.589616630669546566e+02,1.327017734553775654e+03,1.035997829232995628e+03,1.565029629629629653e+03,nan,nan
-4.069359382720023746e+02,-9.201290711213910072e+02,1.851989749554462605e+01,4.180878734639434380e-01,7.590594005449590895e+02,1.170980869565217290e+03,7.289720797720797236e+02,9.419186602870813658e+02,1.137090106007067106e+03,1.040956817079087841e+03,nan,nan
-2.973532742357192546e+02,-1.105628920786474737e+03,1.802225927684251872e+02,3.632069263579099094e-01,7.620029568302779808e+02,1.230988449848024402e+03,nan,nan,1.189978050921861268e+03,1.110994120307553203e+03,1.183926694329183874e+03,1.031990523690772989e+03
-4.050706380987036255e+02,-1.930717097121130791e+03,-7.392238344018905138e+01,5.871913554025224302e-01,7.628943258719416463e+02,1.588990536277602587e+03,7.580261854210898491e+02,1.307004285714285743e+03,1.105028198433420357e+03,1.493931034482758605e+03,nan,nan
-5.693998632500557733e+02,-5.517809507534344675e+02,-2.427693139226987000e+02,3.066940664620557144e-01,7.630394056847545698e+02,1.061978014184397125e+03,7.239487179487178992e+02,7.800783817951959236e+02,nan,nan,1.036017586712261846e+03,7.739602161100197009e+02
-4.735708300133300668e+02,-8.002424415524164942e+02,-1.035107220140483975e+02,1.777635882178326410e-01,7.630606971153846416e+02,1.136978260869565247e+03,7.300554906542056415e+02,8.850006112469437767e+02,1.107007110208227459e+03,1.000974320241691885e+03,nan,nan
-5.474073158068724752e+02,-7.451193308048029849e+02,-2.286582613586031982e+02,8.764034158907479943e-01,7.640288115246098641e+02,1.128037124337065507e+03,nan,nan,1.074025967143614253e+03,9.900144772117962475e+02,1.051012340036563046e+03,8.539752798507462330e+02
-3.674339835239055105e+02,-6.178264970409250054e+02,6.846355656142084456e+01,5.109580076988168296e-01,7.679802371541502453e+02,1.048983941605839391e+03,7.289850388988629675e+02,8.249756387403446070e+02,nan,nan,1.134992087042532148e+03,8.129803921568627629e+02
-1.181743820207388353e+03,-1.100101003777554979e+03,-1.353891883988951349e+03,3.464365258618953836e-01,7.729988459319099547e+02,1.321023161551823932e+03,7.499427437641722918e+02,9.029921497584541612e+02,8.169171483622350252e+02,1.180994797086368408e+03,nan,nan
-1.216773396709171948e+03,-8.703479275618415159e+02,-1.396825289461624379e+03,2.870071090066664277e-01,7.730489864864864558e+02,1.254979845880260882e+03,7.459509569377989919e+02,8.329555273189326954e+02,8.149369085173501617e+02,1.105984304932735313e+03,nan,nan
-3.294697492811461075e+02,-9.657751245434523071e+02,6.606965266100530698e+01,4.124797701326556321e-01,7.759777651083238652e+02,1.183003048780487916e+03,7.470082122552116743e+02,9.659789406509253240e+02,1.171943378119001864e+03,1.059005626598465369e+03,nan,nan
-1.552885388415136049e+03,-7.056718429702652884e+02,-2.038454504493327249e+03,9.237872439187452267e-01,7.769620628334321282e+02,1.244006184291898535e+03,7.510206185567010380e+02,7.589854614412136016e+02,7.269180018850141778e+02,1.082999442896935989e+03,nan,nan
-3.492395655846740965e+02,-6.235567994088613659e+02,4.486950018917274718e+01,4.255396194108755359e-01,7.790104821802934794e+02,1.053038199181446089e+03,nan,nan,1.171985651902682548e+03,9.179993722536095220e+02,1.142097222222222172e+03,8.139900990099009732e+02
-1.554882324031201279e+03,-7.717861898802159430e+02,-2.060486722308391109e+03,6.486230176740264142e-01,7.790363076923076733e+02,1.261001866832607448e+03,nan,nan,7.241542447190115581e+02,1.104959884001933233e+03,7.121172476233589350e+02,7.959603960396040065e+02
-4.540774397622568017e+02,-1.434671829093317001e+03,-1.957946545345918139e+02,2.552977473851948953e-01,7.790466520307354585e+02,1.384963862224731884e+03,7.609769230769230717e+02,1.114801086956521658e+03,nan,nan,1.111024907749077556e+03,1.128967833491012243e+03
-6.200639515832527877e+02,-2.797292061187190484e+02,-3.980232719204063301e+02,3.193628951603109667e-01,7.810486533449175113e+02,9.859574090505767572e+02,nan,nan,1.055067415730337189e+03,8.299821182943603617e+02,1.003941391941391885e+03,6.549967266775777262e+02
-6.400236020300336577e+02,-1.758053036194411334e+03,-6.007311908504613029e+02,4.848398860554063439e-01,7.910424171993026903e+02,1.520006528189911023e+03,nan,nan,9.930181818181818016e+02,1.415901846452866948e+03,1.038951095262353647e+03,1.203997813012575079e+03
-2.271478112536299534e+02,-1.082372703129444744e+03,1.591782809766862670e+02,1.831539328712190606e-01,7.929920085242407595e+02,1.220003355704697924e+03,7.649839704069050867e+02,1.024014790996784541e+03,nan,nan,1.212981595092024463e+03,1.017011165698972718e+03
-2.126330234241082451e+02,-1.348289273339427382e+03,1.634673106323514844e+02,8.614557682213067613e-01,7.940064977257959526e+02,1.329961359093937290e+03,nan,nan,1.221020309994655236e+03,1.224994054054054004e+03,1.225136538461538521e+03,1.129004883342376615e+03
-6.246856116819434419e+02,-1.543611252681344240e+03,-5.709303985531645367e+02,5.738716630705255062e-01,nan,nan,7.789963735267452876e+02,1.110079724409448772e+03,1.006937106918239010e+03,1.327998923573735283e+03,1.037965378421900141e+03,1.131873100303951333e+03
-1.108301728401904484e+03,-1.146807958465414231e+03,-1.375287606117437235e+03,2.843002533583610103e-01,nan,nan,7.729521690767519431e+02,9.180024096385542407e+02,8.409946265448683107e+02,1.199968008825151628e+03,8.539899721448467744e+02,9.399359634076615748e+02
-7.181352076364610184e+02,-1.287281859396685775e+02,-6.392266456165887121e+02,5.289443409792845552e-01,nan,nan,7.510559049615653748e+02,6.129823943661971271e+02,1.018014326647564417e+03,8.039748148148148630e+02,9.569656917885264420e+02,5.909782122905028245e+02
-1.572123582262142236e+03,-4.670151851788154431e+02,-2.256665458263132223e+03,3.941570963676107042e-01,7.980283564814815236e+02,1.190001740139211051e+03,7.720650406504065586e+02,6.889658011399619681e+02,nan,nan,7.020643210555250562e+02,6.979581614614024829e+02
-2.596640560229404855e+02,-7.201855361171189998e+02,8.980911680929810359e+01,9.592691445440647280e-02,8.000210111621798887e+02,1.082026720106880475e+03,7.650292655991164565e+02,8.709669030732860620e+02,1.209961276818419719e+03,9.569802392095683672e+02,nan,nan
-1.170563305837899179e+03,-1.186633579604810166e+03,-1.530043640881842748e+03,2.692360970527982733e-01,8.020122164048865443e+02,1.351975273145485971e+03,nan,nan,8.209861495844875208e+02,1.218026419336706113e+03,8.370048048048048486e+02,9.439453213077790679e+02
-4.214755036587812356e+02,-7.225543534599900113e+02,-2.145966544428650025e+02,1.819471726288583169e-01,8.039101019462465274e+02,1.114959779614325043e+03,7.699893670886076507e+02,8.510425643720441258e+02,1.125979611650485367e+03,9.838977695167286583e+02,nan,nan
-5.940866226566148498e+02,-1.991600374134820186e+03,-6.125390233440658676e+02,3.802514694362482683e-01,8.050017452006981102e+02,1.609024106400665005e+03,nan,nan,1.003968932038834964e+03,1.514950809061488599e+03,1.063061177815894780e+03,1.279995221027479147e+03
-6.382221205425052801e+01,-1.093903511702854303e+03,3.959724275215220359e+02,6.031652624977543731e-01,8.059470422535210901e+02,1.203001205545509265e+03,nan,nan,1.311979679144385045e+03,1.097022316684378211e+03,1.302985529715762368e+03,1.041031786074672027e+03
-6.005783639299295373e+02,-1.699945382960346478e+03,-6.023662408266447983e+02,7.277532936717964196e-01,nan,nan,7.930577319587629290e+02,1.159087808417997167e+03,1.010995113282985358e+03,1.393115738886664076e+03,1.051117527450182934e+03,1.181980856882406670e+03
-3.660536783314817626e+02,-1.496647123875048010e+03,-1.987062899065598174e+02,3.455608050219465266e-01,8.089785539215686185e+02,1.407962898550724731e+03,7.919290976058931619e+02,1.140000000000000000e+03,nan,nan,1.147999436619718381e+03,1.148979357798165211e+03
-3.308549931136722648e+02,-1.322745723340623044e+03,-1.242175658066996249e+02,2.264818729287878807e-01,8.090645947592930725e+02,1.335036002482929916e+03,7.880710659898477388e+02,1.085969002695417885e+03,1.151015415216310203e+03,1.225972123669538860e+03,nan,nan
-4.740987059096641474e+02,-1.750916053357350620e+03,-4.137000683939762098e+02,4.798175138103688009e-01,8.099691289966923478e+02,1.514006239364719249e+03,7.989882092851879634e+02,1.199967914438502703e+03,1.065984004412575814e+03,1.414985237834882355e+03,nan,nan
-1.163983436731286702e+03,-1.032794941021193836e+03,-1.577650565017531335e+03,2.749163881877870197e-01,8.120139899272523962e+02,1.307990990990990895e+03,7.879653631284916173e+02,8.750312138728323816e+02,nan,nan,8.349602122015915029e+02,8.919909604519774575e+02
-1.273573259132488374e+03,-9.281522335800027577e+02,-1.781061744420113882e+03,4.530586295971755217e-01,8.130348432055749299e+02,1.286985574148874775e+03,nan,nan,8.010080738177623516e+02,1.144995354239256585e+03,7.999709302325580893e+02,8.510121173469387941e+02
-8.027452543166372152e+02,-4.099976834507791068e+02,-9.138419408648984472e+02,2.882367195756642131e-01,8.150261875761266310e+02,1.077996736292428295e+03,nan,nan,9.739931325937665179e+02,9.280238726790450983e+02,9.330296296296296532e+02,6.979867794817556614e+02
-4.467797962770207221e+01,-9.800152034103316510e+02,3.903903614974704510e+02,8.673056949304123187e-01,8.160221445221445720e+02,1.153001832620647519e+03,nan,nan,1.322015633724176496e+03,1.046987136465324284e+03,1.309020134228187999e+03,9.889900990099009732e+02
-2.857360062790510824e+02,-7.983863521436036308e+02,-6.284190351506956773e+01,3.241720285343887009e-01,8.200043156596793779e+02,1.125966327827191890e+03,nan,nan,1.187013655462184943e+03,1.003991570073761864e+03,1.168993390950686262e+03,8.799974554707379184e+02
-2.752945354949992520e+02,-1.558378704738308443e+03,-1.069519408721460252e+02,3.278536460728447288e-01,8.229953407105416545e+02,1.428998853868194828e+03,8.050054390054390296e+02,1.176960062646828419e+03,nan,nan,1.189937682003494501e+03,1.179994495412844117e+03
-6.203973354696065599e+02,-5.107983409755313460e+02,-6.566609698312308865e+02,1.656230995720952281e-01,8.239934383202099752e+02,1.084023160762942780e+03,nan,nan,1.040977083333333439e+03,9.429989327641409318e+02,1.007002195389681674e+03,7.409680216802167934e+02
-2.868195364479376508e+02,-2.146647912859600183e+03,-1.686961441644292563e+02,3.451094165871251285e-01,8.241510574018126363e+02,1.681034755134281113e+03,nan,nan,1.147954510408635315e+03,1.596115018315018233e+03,1.197993597951344327e+03,1.388990366088632072e+03
-5.562596246189665408e+02,-1.667237485295653414e+03,-6.355619302830748438e+02,8.054436179019938136e-01,8.260184013801034553e+02,1.484969788519637405e+03,nan,nan,1.029015474919957342e+03,1.380999474789915894e+03,1.065978684531059571e+03,1.165023465703971169e+03
-1.110528069625210492e+03,-9.040823552242844698e+02,-1.568233333874554091e+03,3.369167082206034891e-01,8.260409192825112541e+02,1.268975279576221283e+03,8.000238764044943309e+02,8.399204328453214430e+02,8.520164194915254257e+02,1.129978009895547075e+03,nan,nan
-5.353305481017519014e+02,-7.846025552621226780e+02,-5.499666377020920436e+02,2.661915633146605953e-01,8.280422783323546128e+02,1.164982568274259165e+03,nan,nan,1.066933171912832904e+03,1.034978844169246713e+03,1.050013353115727114e+03,8.499490944689182470e+02
-3.358396004796454122e+02,-1.957317670327656288e+03,-2.740261634804448931e+02,4.642747705442655803e-01,8.290346153846153356e+02,1.596994328922495242e+03,8.189737187910643570e+02,1.293003385240352145e+03,nan,nan,1.169060573857598229e+03,1.306993788819875817e+03
-9.416638189500199587e+02,-7.978133867900197629e+02,-1.289861740946606687e+03,3.508786597532632112e-01,8.310357359176256296e+02,1.222031379514505716e+03,nan,nan,9.109790209790210156e+02,1.083979948586118326e+03,8.980218408736349147e+02,8.249853018372702991e+02
-4.721080590397051679e+01,-1.602851854332657695e+03,2.739406344364926440e+02,3.973987430862591097e-01,8.329783549783550143e+02,1.434977534911961129e+03,8.110051736881005127e+02,1.251963240810202478e+03,1.300028311965812009e+03,1.343004692387904015e+03,nan,nan
-7.764108899697132529e+02,-1.426235358556502433e+03,-1.045962790784264826e+03,2.860852209579347050e-01,nan,nan,8.140619578686493014e+02,1.029980064308681676e+03,9.470436724565756776e+02,1.294012352032938679e+03,9.749503076194982896e+02,1.047991869918699194e+03
-7.318999528524157085e+02,-8.827153228232297124e+02,-9.581878510709126431e+02,4.751713718910094975e-01,8.369747851002865673e+02,1.226938513135830135e+03,nan,nan,9.829086879432624073e+02,1.095982791586998019e+03,9.740322865988500780e+02,8.669846153846153811e+02
-4.071710545474940091e+02,-1.038978241276035988e+03,-3.846763500433889931e+02,9.764784450939190119e-02,nan,nan,8.100475073313782559e+02,9.589880126182965796e+02,1.114984631690514107e+03,1.123964210526315810e+03,1.111936949466852184e+03,9.559762022806147570e+02
-1.175432760193849390e+03,-2.143356715473881195e+03,-1.839432155245573085e+03,2.646662656059195484e-01,8.369831261101243172e+02,1.643989371124889203e+03,8.230506024096386000e+02,1.161023294509151356e+03,7.889959448499594146e+02,1.544019669551534207e+03,nan,nan
-4.698459532282515170e+02,-2.114181424935628002e+03,-5.893623446369155090e+02,9.973065903207644078e-01,8.419211309523809632e+02,1.656944731024318344e+03,8.319659020458772147e+02,1.298019354838709660e+03,1.051035976015989263e+03,1.568991331269349757e+03,nan,nan
-4.864036864491251890e+02,-1.722734311627999205e+03,-6.003382857944005764e+02,5.481982055923704245e-01,8.419941144997325182e+02,1.504064634787178193e+03,nan,nan,1.056045615589016734e+03,1.404978752260397869e+03,1.093981378963261250e+03,1.186112723754233230e+03
-1.068828179759796058e+03,-4.608512102912875434e+02,-1.577862650043844951e+03,2.169471514070813178e-01,nan,nan,8.100538611291369762e+02,7.100354430379746873e+02,8.820023215322112264e+02,9.949520856820744257e+02,8.470941054808686204e+02,7.040045610034208039e+02
-9.860580794880048643e+02,-1.201063192250800739e+03,-1.480356584248018180e+03,1.748030069893572458e-01,8.440065281899110232e+02,1.350990903577926019e+03,8.210540013012362124e+02,9.319686457638425736e+02,nan,nan,8.979899348727057031e+02,9.469601846508943481e+02
-8.483404901080999707e+02,-7.923056326165237806e+02,-1.231376015362125145e+03,1.714450428252949354e-01,8.479710610932476129e+02,1.214988115449915085e+03,nan,nan,9.429869608826479634e+02,1.080987499999999955e+03,9.299782721158820777e+02,8.239577972207925995e+02
-1.602332163411565205e+02,-1.626766191381206909e+03,-4.754242971330364753e+01,2.354189541623512572e-01,nan,nan,8.339177464788732550e+02,1.213859339407744983e+03,1.222018630412890161e+03,1.360961918892185849e+03,1.241026706231454000e+03,1.210065517241379212e+03
-9.094717855046662862e+02,-6.794716327090474124e+02,-1.365679597840865654e+03,2.587398104699298873e-01,8.520553935860058345e+02,1.189981132075471805e+03,nan,nan,9.260032786885245741e+02,1.051988133764832810e+03,9.060645844362096568e+02,7.809712343096234690e+02
-1.287261383581336077e+03,-1.764870973492558960e+03,-2.158327565587271238e+03,4.775846025146257001e-01,8.528937221947602438e+02,1.530938754503345308e+03,nan,nan,7.740123722431414990e+02,1.415998870056497253e+03,8.280183168316831370e+02,1.069979263867288864e+03
-3.294276684271875411e+02,-4.996952238389884542e+02,-2.980522492876449974e+02,8.958013431681801642e-01,8.529621749408983078e+02,1.038924999999999955e+03,nan,nan,1.165090485695276129e+03,9.109845132743363365e+02,1.131973184357541868e+03,7.440431125131440240e+02
-6.050329818960327657e+02,-4.749635000445697983e+02,-8.019929325934471080e+02,3.066387157329268365e-01,8.529690382081686266e+02,1.083033090668431441e+03,8.190088183421516987e+02,7.370005970149253471e+02,nan,nan,1.009942604856512162e+03,7.219927333705981027e+02
-3.996338484717709605e+01,-1.395384115849236650e+03,1.968051833665012396e+02,6.163396683381624497e-01,8.529938202247191157e+02,1.343982808022922654e+03,nan,nan,1.299057770961145252e+03,1.250954210526315819e+03,1.303025195968644994e+03,1.144991921523369911e+03
-1.725931291528677036e+02,-8.356405069405183212e+02,-4.905985353168853891e+01,1.397825249090393074e-01,nan,nan,8.260434530706836540e+02,9.119981905910735804e+02,1.234010622154779867e+03,1.022978851963746251e+03,1.218022211492032739e+03,8.930072463768116222e+02
-1.047996821221376422e+03,-5.764062307476448268e+02,-1.711304774544862767e+03,1.725089639208498005e-01,nan,nan,8.349924681344148212e+02,7.419947306791568735e+02,8.850525175961017794e+02,1.039980920314253581e+03,8.600549865229110083e+02,7.379572972972972593e+02
-8.219259366191838581e+02,-3.435510250256701852e+02,-1.277390449321941105e+03,2.736234213308821883e-01,8.660187499999999545e+02,1.085001946787800080e+03,nan,nan,9.669579929988331060e+02,9.410258823529411529e+02,9.250545657015589995e+02,6.660142775556824972e+02
-1.027811768752350616e+02,-4.026071411840195537e+02,4.086253391176143168e+01,4.595821099305267832e-01,8.689627143922446066e+02,9.600195924764890378e+02,nan,nan,1.279035612535612472e+03,8.420367170626350344e+02,1.245015592515592516e+03,7.089767441860465169e+02
-3.926190512505778543e+02,-1.386423515198360121e+02,-4.915591797857778715e+02,3.158681305110264126e-01,nan,nan,8.300152777777777828e+02,6.219793103448275815e+02,1.142023415977961349e+03,8.029957983193277187e+02,1.091016384180790965e+03,5.899697817571349105e+02
-1.402310949445391657e+02,-1.743920459931635378e+03,-1.068780923264829141e+02,2.756820689247413969e-01,8.709994496422674501e+02,1.504047518479408609e+03,nan,nan,1.224066925315227991e+03,1.416003547896604232e+03,1.248088877338877410e+03,1.244930740543420370e+03
-6.100057061337479780e+01,-1.404605033613652722e+03,6.392241757334191732e+01,2.427690473857468945e-01,8.710130081300812890e+02,1.354007654455986767e+03,nan,nan,1.278049224184055674e+03,1.261035021551724185e+03,1.284086274509803843e+03,1.132994346733668408e+03
-4.289399714627495541e+02,-1.499375572025618624e+02,-5.737030824649899614e+02,5.733860843995545187e-01,8.719836448598131255e+02,9.530000000000000000e+02,nan,nan,1.124974395448079576e+03,8.160193826274228286e+02,1.074035900405327084e+03,5.949775659001682016e+02
-5.878121702475538086e+02,-4.379111473109907706e+02,-9.072112160168314858e+02,1.382226220325954158e-01,8.749711598746081336e+02,1.078981993569131873e+03,8.419948630136985912e+02,7.229790087463557029e+02,nan,nan,1.014029739776951715e+03,7.040650918635170683e+02
-9.671261577665204641e+02,-9.874408357581584141e+02,-1.671333901968730515e+03,2.312906709092177049e-01,8.769707291112293888e+02,1.293982882385422499e+03,nan,nan,8.970373931623931867e+02,1.166008255365987907e+03,8.989746166049709473e+02,8.680079533404029917e+02
-2.015251733442346449e+02,-7.377419922068713731e+02,-2.122246832489760493e+02,8.360286241998459156e-01,8.780245231607628966e+02,1.111971006253553242e+03,nan,nan,1.213975053078556357e+03,9.979811218985976211e+02,1.193998635743519799e+03,8.429995337995337650e+02
-7.899571371513204667e+02,-2.127337294659434519e+03,-1.412060864783855550e+03,7.294443481213551683e-01,8.810118764845606165e+02,1.642946808510638220e+03,nan,nan,9.179709911361804870e+02,1.553086920529801318e+03,9.890024860161590823e+02,1.228932818073721819e+03
-3.211065852486346444e+02,-4.414370830169536930e+02,-4.433332227168242525e+02,5.010852046853997432e-01,8.810301406563964974e+02,1.031994497936726248e+03,nan,nan,1.162019047619047569e+03,9.070501567398118823e+02,1.128982052720134561e+03,7.139883977900552736e+02
-3.462542639924106993e+02,-2.684986111185120876e+02,-4.816353385450541964e+02,3.682475731027130550e-01,8.810447518307566952e+02,9.789781512605042053e+02,nan,nan,1.155980854197349117e+03,8.490136789056875841e+02,1.112979199999999992e+03,6.429984202211689990e+02
-2.248122956676919273e+02,-1.167093838778272357e+03,-3.083369847040802938e+02,1.347027212539330387e-01,8.830142387732748830e+02,1.279057173678532990e+03,nan,nan,1.188098915401301610e+03,1.175997187060478154e+03,1.189967768940979568e+03,1.006009102730819222e+03
-1.926878922031628179e+02,-1.257473906980557558e+03,-2.488238260931644845e+02,9.810485396569545991e-01,8.830418705818379976e+02,1.309041916167664567e+03,nan,nan,1.203000546746856116e+03,1.210978559648158353e+03,1.207001922152811176e+03,1.045997077447637594e+03
-2.795891462527386011e+02,-1.550803441605263515e+03,-4.612715881729372427e+02,6.546261480442648883e-01,8.880163196398424361e+02,1.432953984287317553e+03,nan,nan,1.148012236906509997e+03,1.337054117647058774e+03,1.171821495678316523e+03,1.134026819923371704e+03
-8.275869496365993427e+02,-6.134366878378174306e+02,-1.467727402285808921e+03,1.361878223459980497e-01,8.890039940089865240e+02,1.173975806451612925e+03,8.599766206163656079e+02,7.630010881392818192e+02,9.550163796724065151e+02,1.040994265549183865e+03,nan,nan
-2.286656230978517783e+02,-8.963948229546448374e+02,-3.502193322578633001e+02,2.965676550768629460e-01,nan,nan,8.630442017680707067e+02,9.150301790281330341e+02,1.190936332767402291e+03,1.072014260249554354e+03,1.179944748858447383e+03,8.979589603283174029e+02
-4.354828881055344141e+02,-6.525931632620768141e+02,-7.491565907794727082e+02,5.759870835087212981e-01,8.929973821989528915e+02,1.131044943820224717e+03,8.640130164119976826e+02,8.039337078651685715e+02,1.101894497498863075e+03,1.008981790591805748e+03,nan,nan
-9.872062661802610819e+02,-8.938697066216166149e+02,-1.854995078989629519e+03,4.266793936059649073e-01,8.959856991525423382e+02,1.273957754010695226e+03,nan,nan,8.940247770069375974e+02,1.146011598587997923e+03,8.909441598360655235e+02,8.310597171293870815e+02
-5.660476804617796915e+02,-1.700356897691744280e+03,-1.063499601687509539e+03,5.773534551487063959e-01,8.960608384458078035e+02,1.497954922279792754e+03,8.769212198221092649e+02,1.118966259870782551e+03,nan,nan,1.054959835221421145e+03,1.127989281886387971e+03
-2.767924747957281397e+02,-5.980659730843427724e+02,-4.616639349793692872e+02,2.847110305375720185e-01,8.969805276381910062e+02,1.085039298669891195e+03,nan,nan,1.174003856749311353e+03,9.680582066072364569e+02,1.149023577652485983e+03,7.750273477812177134e+02
-3.003083960588780315e+02,-1.445093846169769677e+03,-5.710373745957610936e+02,2.300299559734890753e-01,9.010527426160338109e+02,1.394980198019801946e+03,8.789938461538461070e+02,1.089942612137203241e+03,nan,nan,1.155984936268829642e+03,1.084917085427135589e+03
-2.404295756677566658e+02,-1.019403670851820152e+03,-4.520530547055668080e+02,2.781965318197487935e-01,9.039812934259754229e+02,1.231998887652947815e+03,nan,nan,1.177945002644103624e+03,1.126958266452648559e+03,1.172993150684931607e+03,9.379688755020080180e+02
-4.264679341605634733e+01,-8.856339513477848868e+02,-5.582868992202972436e+01,3.461405635467444397e-01,9.039960182025027962e+02,1.149922013274336223e+03,8.749753914988814358e+02,9.360174216027874081e+02,1.286006289308176065e+03,1.048995599022004853e+03,nan,nan
-2.455453445600621762e+02,-1.460835044836338739e+03,-4.849691458928679140e+02,4.771822033801739749e-01,9.049922437673129707e+02,1.397997285559174770e+03,8.820503649635036254e+02,1.105144852941176396e+03,1.162978680203045769e+03,1.302008686765457242e+03,nan,nan
-4.466474229015412902e+02,-1.730632790780959340e+03,-8.957406718914206749e+02,4.027366713657443142e-01,9.059591934709553698e+02,1.505990807934204213e+03,nan,nan,1.062044768611669951e+03,1.412991344195519332e+03,1.100157525230364172e+03,1.153025819265144037e+03
-1.366031989348671338e+01,-4.726737768981777208e+02,3.175107337150315789e+00,8.145078172276737360e-01,9.059802058590656770e+02,9.860252237591537323e+02,nan,nan,1.310976470588235316e+03,8.800037064492216814e+02,1.282023900054318347e+03,7.349804687500000000e+02
-3.484100821832269617e+02,-1.551269565439573626e+03,-7.084334304001129112e+02,4.976038846947861694e-01,9.079939857845816960e+02,1.437984887962480570e+03,8.860712788259958188e+02,1.110982344632768445e+03,nan,nan,1.136009118541033331e+03,1.109026862026862091e+03
-6.059839127782169044e+02,-1.122817467478529124e+03,-1.220520055344110915e+03,4.478677153814925593e-01,9.120620155038759549e+02,1.310956054687500000e+03,8.870621149897330042e+02,9.320199568500539726e+02,nan,nan,1.023073858921161786e+03,9.290189010989010967e+02
-1.216139824825803544e+02,-1.514573060854499772e+03,-3.172078286848777680e+02,1.251111021364519627e-01,9.180555298472929735e+02,1.412006069094304394e+03,8.950359477124183059e+02,1.145077887788778980e+03,nan,nan,1.237047068538397980e+03,1.131959787892178610e+03
-3.426884883748644484e+01,-1.128215865600224333e+03,-1.339759107318366489e+02,5.116243096749867325e-01,9.199672634271099696e+02,1.249014563106796004e+03,nan,nan,1.277980597797587734e+03,1.155043868394815490e+03,1.274939832089552283e+03,1.001004847309743127e+03
-4.563045820176718053e+02,-3.737369345006691788e+02,-9.498250083361621137e+02,1.091832700451558918e-01,9.200412115193644240e+02,1.057968020304568427e+03,8.889847864248098404e+02,7.029774390243902644e+02,1.095957225433525991e+03,9.329627879503839267e+02,nan,nan
-4.121975073778169190e+02,-1.351198583520456964e+02,-8.591067936865691763e+02,6.779610318733809704e-01,9.209356862745097487e+02,9.750338050314464908e+02,8.880340179717586579e+02,6.209392835458409081e+02,nan,nan,1.071973224679860323e+03,5.869865732632807749e+02
-8.079218947606842676e+02,-8.319445256326167737e+02,-1.714133787477506985e+03,3.149165452625635742e-01,9.250052826201796279e+02,1.246999475890985423e+03,8.989961997828447693e+02,8.209798694232862317e+02,nan,nan,9.449593647828118037e+02,8.139881305637982223e+02
-9.744701612302453952e+01,-1.320030002534297864e+03,-3.189171660249994602e+02,2.936624528376014509e-01,9.280295790671217446e+02,1.334984090909090810e+03,9.030201086956521976e+02,1.076982853982300867e+03,nan,nan,1.242014615384615354e+03,1.058088669950738904e+03
-9.444017725394625131e+02,-1.999732827858278597e+03,-2.070831872073738396e+03,8.677838532326423993e-01,9.290448195576251464e+02,1.594998856489422451e+03,nan,nan,8.740065359477124503e+02,1.497981020166073449e+03,9.340461114934618081e+02,1.131016117729502412e+03
-6.798663753613199106e+02,-6.558088306901244096e+02,-1.481963782001791742e+03,3.182959036600158664e-01,9.300467239527389438e+02,1.182977813852813824e+03,nan,nan,1.001079757462686530e+03,1.059975971370143043e+03,9.830101596516691416e+02,7.639800680602819511e+02
-1.024636803749664722e+02,-2.139018604744700269e+02,-3.074558521179874333e+02,4.941318501876941216e-01,9.309645061728394921e+02,9.319574632637277318e+02,nan,nan,1.258020581973030630e+03,8.180850202429149931e+02,1.219011686991869965e+03,6.180479651162791015e+02
-6.999665005907637294e+01,-9.019635339151126345e+02,-2.657584898036781738e+02,4.294859527606254557e-01,9.310274423710208112e+02,1.171978998384491206e+03,nan,nan,1.258947417840375692e+03,1.072989790957705509e+03,1.247023072889355035e+03,9.009989299090423174e+02
-8.265067228973631472e+02,-1.114879741030538526e+03,-1.818057011388341834e+03,1.708630152124128998e-01,nan,nan,9.070093798853569069e+02,8.960129659643436071e+02,9.379319423745653239e+02,1.215980638409209860e+03,9.469806615776080889e+02,8.959428429423459193e+02
-5.158457954048500369e+02,-1.780409554883960709e+03,-1.205806169370314137e+03,3.205813892611198423e-01,9.320248027057497211e+02,1.524987042253521167e+03,9.119592452830188449e+02,1.131918693009118442e+03,nan,nan,1.070851230425055974e+03,1.137084990958408753e+03
1.304314299963809560e+02,-1.024773613568091150e+03,1.317822285181864856e+02,1.165838129385170924e-01,9.340508728179551099e+02,1.184970260223048399e+03,nan,nan,1.372940305635147979e+03,1.097979263867288864e+03,1.362102401449932131e+03,9.769994939271255134e+02
-2.531219797662690212e+02,-1.534238394185211291e+03,-7.190056786094565950e+02,4.120116742672316756e-01,9.409963060686015979e+02,1.429964493905670452e+03,9.170197268588771067e+02,1.108081845238095184e+03,nan,nan,1.168971105527638201e+03,1.098901884340480819e+03
-6.449124800385898197e+02,-2.067237337890136132e+03,-1.544113920966235582e+03,2.309608502758624671e-01,9.420460829493088113e+02,1.619993914807302190e+03,9.210402219140082707e+02,1.180005594405594366e+03,9.700488431876606228e+02,1.530993700787401622e+03,nan,nan
1.130764135542097293e+01,-8.753093989499701593e+02,-1.668950083770641868e+02,3.129736424707479370e-01,9.430275510204081684e+02,1.151992092778070628e+03,nan,nan,1.298955792682926813e+03,1.057039568345323687e+03,1.285988521579430653e+03,8.949845794392523430e+02
-5.119529637145441257e+02,-1.668875770147948515e+03,-1.283569686281002760e+03,4.457227338025526175e-01,9.459418661455788424e+02,1.486980310880828938e+03,9.228194898626553595e+02,1.093941958041958060e+03,nan,nan,1.067166568569746914e+03,1.094887661141804756e+03
-2.925171400700770050e+02,-1.946521036403392372e+03,-8.419007524847320383e+02,6.492288757756795592e-01,9.459689119170984668e+02,1.583980117487573352e+03,9.239293924466338694e+02,1.225020547945205408e+03,nan,nan,1.160040386303775222e+03,1.222999543170397374e+03
-4.718598435834820748e+02,-2.015789923996986090e+03,-1.238248053547322797e+03,5.780479085161102093e-01,9.499754224270353689e+02,1.605105298457411209e+03,9.280061576354679573e+02,1.199029484029484138e+03,nan,nan,1.089977447744774508e+03,1.203977247502774617e+03
-2.677729646438971827e+02,-6.253955460930718573e+02,-7.871897491023089515e+02,2.774250667842815821e-01,9.509842840512224029e+02,1.118990340909090946e+03,nan,nan,1.160987306843267106e+03,1.009023592493297542e+03,1.139977356503422925e+03,7.709915789473684526e+02
-3.034387091080549794e+02,-5.994765437919564022e+01,-8.476274830784190044e+02,6.881536114927144787e-01,9.520245098039215463e+02,9.469692435577721881e+02,nan,nan,1.159992514970059801e+03,8.259667440061871275e+02,1.111980735551663656e+03,5.559638968481375514e+02
1.120543820349068653e+02,-1.964656328936318914e+02,-5.234180092264291595e+00,3.183994489174215015e-01,9.540139426800928959e+02,8.790383458646616646e+02,nan,nan,1.364989161849711081e+03,7.809598591549296316e+02,1.330989285714285643e+03,6.099954999999999927e+02
-2.912479809618350259e+02,-1.040059498142789607e+03,-8.889290460744624625e+02,4.065056641990227315e-01,9.569909188034188219e+02,1.262958638743455595e+03,nan,nan,1.137987580993520623e+03,1.160992436520799629e+03,1.137003911980440080e+03,9.150040140491721559e+02
-4.277038712331140573e+02,-1.726404531197943243e+03,-1.200781657619694670e+03,4.689335460910104003e-01,9.589717764250137861e+02,1.504987627756858501e+03,9.350097719869706907e+02,1.120000839630562496e+03,nan,nan,1.097975120939875524e+03,1.118011860637509244e+03
-1.278809215832031327e+02,-1.948215705537136273e+03,-5.821585223929439508e+02,5.663968367950256155e-01,9.590472560975609895e+02,1.586977557411273438e+03,nan,nan,1.194006619385342901e+03,1.506006354970494840e+03,1.228923113658070633e+03,1.251023570712136461e+03
-5.584682334543887237e+02,-9.879835265101139612e+02,-1.490789922178291818e+03,2.680067766344734204e-01,9.629167958656330484e+02,1.277968179447052762e+03,nan,nan,1.031037648272305205e+03,1.168978318350079235e+03,1.031013955726660242e+03,8.680177653108929690e+02
2.687276453231909841e+02,-1.000058501978515778e+03,2.740906118907811333e+02,4.091499424727927381e-01,9.630015756302520913e+02,1.158019131334022859e+03,nan,nan,1.447939876670092417e+03,1.080991730981256978e+03,1.435009375000000091e+03,9.749572471324296430e+02
8.885027579283959653e+01,-1.240814009049551032e+03,-1.951627448874626225e+02,2.029699820457369075e-01,nan,nan,9.469763903462749113e+02,1.066969581749049439e+03,1.321020120724346043e+03,1.209949424136204243e+03,1.320957068062827148e+03,1.034059907834101296e+03
-5.103523106690573741e+02,-1.661976694272279929e+03,-1.494557818766847049e+03,2.593055459017822861e-01,9.750442577030812572e+02,1.485968645016797382e+03,9.509397110114598490e+02,1.075962763086886071e+03,nan,nan,1.063070283018867940e+03,1.073968507751937977e+03
-2.720741578582835132e+02,-1.943962122918908562e+03,-9.959359817402053068e+02,1.360976044699947762e-01,9.759306387225549315e+02,1.581031715521384058e+03,nan,nan,1.118080073630924971e+03,1.498902864816472629e+03,1.161055890410958909e+03,1.203001674107142890e+03
-4.352763945928189742e+02,-1.904345877668561798e+03,-1.339744922751511467e+03,6.418233761457871056e-01,9.760039525691699964e+02,1.565037211493169934e+03,9.510398734177215374e+02,1.159910909090909172e+03,nan,nan,1.096024711696869872e+03,1.158090151120375140e+03
1.754869325981760486e+00,-2.150395458960128053e+03,-4.537402246387650280e+02,5.056771398059750622e-01,9.839401869158878071e+02,1.670983435047951161e+03,nan,nan,1.251078276165347461e+03,1.596937781785392190e+03,1.286960526315789366e+03,1.331939056703762617e+03
-3.642336306710897134e+02,-1.931919971844203701e+03,-1.255048108309852978e+03,2.398864260212498767e-01,9.850682155215026796e+02,1.574940419447092381e+03,9.599908883826878991e+02,1.177081621321488001e+03,nan,nan,1.121875915974596865e+03,1.173044094488188875e+03
-3.105406833944284131e+02,-6.079876529690674261e+02,-1.130162359619952440e+03,5.886454303199681881e-01,9.870284263959390501e+02,1.136971551261406375e+03,nan,nan,1.132961850262279540e+03,1.031018334985133833e+03,1.111915154487493965e+03,7.530159404888416930e+02
3.112354235886066078e+00,-7.559747624077565433e+02,-4.672272717546071590e+02,1.304651549721202175e-01,9.889576943416182075e+02,1.130064805057955709e+03,nan,nan,1.275000946521533479e+03,1.037970531400966138e+03,1.259991975033437257e+03,8.290269905533062911e+02
-2.177588972914011265e+02,-2.121762675646270509e+03,-9.639438080752876203e+02,8.181294571378963099e-01,9.889730176211453454e+02,1.646920105820105846e+03,9.629694415173867128e+02,1.268082082082082024e+03,nan,nan,1.183914167051222876e+03,1.260024050024049984e+03
-2.652419285701545846e+02,-5.637043421456060059e+02,-1.046894636384762407e+03,1.529417087157016464e-01,9.889798145117293870e+02,1.117025787965616018e+03,nan,nan,1.152079103795153287e+03,1.011003467062902473e+03,1.130027805362462686e+03,7.389919597989950262e+02
-8.834187460096863731e+01,-1.498434935086091173e+03,-7.024046593516370649e+02,2.164217163132379496e-01,9.930280274986779432e+02,1.412991416309012948e+03,9.660968028419182474e+02,1.104044591246903337e+03,nan,nan,1.226970170454545496e+03,1.082973504920514870e+03
-3.079647500059458025e+02,-2.124351868614607156e+03,-1.192561799370329936e+03,8.977600023641230109e-01,9.939311015959517590e+02,1.642987818383167223e+03,9.670629477993858245e+02,1.241003146303093899e+03,nan,nan,1.145926273458444939e+03,1.235991826923076815e+03
-5.271031743563032705e+02,-2.041291977453056688e+03,-1.678258752393130408e+03,1.763390673969465750e-01,9.939677980852915198e+02,1.607771491550330666e+03,nan,nan,1.008989795918367349e+03,1.522059413027916889e+03,1.063009363295880121e+03,1.167058718861209854e+03
-1.237632883064300948e+01,-1.617806299813018995e+03,-5.763216353712781483e+02,3.002979430658050397e-01,9.991077661431064598e+02,1.454926818384649778e+03,9.719838509316770114e+02,1.158885764499121251e+03,1.245091793076623844e+03,1.373898662342926627e+03,nan,nan
-2.331518159654598037e+02,-6.014698338404007245e+02,-1.063243054811108323e+03,9.515685913577430766e-01,1.000010405257393245e+03,1.128996111111111077e+03,9.740109945027486447e+02,7.810135270541081809e+02,1.162012493210211915e+03,1.026977978543195832e+03,nan,nan
1.314623463393671727e+02,-7.806297980550963302e+02,-2.546251282086911942e+02,1.369148173050282746e-01,1.000057583547557897e+03,1.118020397489539846e+03,9.730056818181818699e+02,8.889248937175248102e+02,1.339959080459770121e+03,1.033091626479614206e+03,nan,nan
-2.140012494875094617e+01,-1.771462741697615911e+03,-6.094392417207245671e+02,3.818987441501723867e-01,1.001006918573709413e+03,1.515003184713375731e+03,nan,nan,1.237033459255261732e+03,1.435988870339454706e+03,1.260986390532544419e+03,1.183982588508415574e+03
1.717103371460465837e+02,-4.958508335130812270e+02,-1.730440340135192230e+02,2.681893525775018716e-01,1.001874678663239024e+03,1.004030157642220729e+03,nan,nan,1.367098574821852708e+03,9.179891304347826235e+02,1.344925307125307199e+03,7.340327951564077011e+02
-5.786156018169087929e+02,-1.621497884073696241e+03,-1.865501327822291614e+03,1.372743015074019135e-01,1.003026954177897551e+03,1.476970899470899440e+03,nan,nan,1.001009994447529152e+03,1.382050891920251843e+03,1.034054352832795985e+03,1.034004904364884851e+03
-3.180462769122865438e+02,-1.486849562222023906e+03,-1.280283718379966558e+03,3.080206578902059955e-01,nan,nan,9.769937739463601929e+02,1.047002487562189117e+03,1.103001618996222305e+03,1.333035769828926959e+03,1.124955459770114885e+03,1.033019464720194719e+03
-1.543166622840714979e+02,-1.350228990052953577e+03,-9.294778916503131541e+02,4.078262678557748599e-01,1.004978634705575814e+03,1.365980996404725147e+03,nan,nan,1.177005112474437738e+03,1.278949698189134779e+03,1.190027629665535642e+03,1.013987366375121496e+03
-6.236907540624113153e+02,-8.372225409858502871e+02,-1.988321879831081105e+03,4.332438146963673575e-01,1.005003625064733342e+03,1.254986175115207288e+03,nan,nan,1.005951089845826687e+03,1.146032891246684358e+03,1.000002574665293537e+03,8.009890396659707221e+02
-3.184684028913599150e+02,-1.854593948111725922e+03,-1.296816582106210944e+03,3.018682862887375196e-01,1.005051980198019805e+03,1.547055609284332604e+03,9.780971534653465369e+02,1.153090965732087170e+03,nan,nan,1.132922453117080522e+03,1.144052408681842280e+03
4.013859460322981363e+02,-1.340345147181080847e+03,3.222516599532906412e+02,3.893383611918334597e-01,1.008935175879396979e+03,1.300978534031413574e+03,9.770439560439560864e+02,1.176052008238928920e+03,1.510078442437923286e+03,1.233963204747774398e+03,nan,nan
-2.854969729654526986e+02,-1.940914580511361692e+03,-1.250423335013394080e+03,4.652059845102766711e-01,1.008958109559613263e+03,1.576961377870563638e+03,9.810437219730941933e+02,1.183027481772293868e+03,nan,nan,1.146923198316675325e+03,1.173918647649234117e+03
2.172378750574519302e+02,-1.087617053102475438e+03,-1.209413966417417612e+02,9.159818813873803200e-02,1.010021309771309802e+03,1.223982152230971224e+03,nan,nan,1.381971962616822339e+03,1.146976377952755911e+03,1.374982257269590946e+03,9.769744471744471639e+02
-4.121321229299284710e+02,-1.533450199590537750e+03,-1.551576823770421925e+03,5.244513377866120291e-02,1.010987296747967434e+03,1.444027996070726886e+03,9.840698219306466399e+02,1.038980129160456954e+03,nan,nan,1.089024255319149006e+03,1.027984913793103487e+03
9.187053201589387541e+00,-8.830801993373070218e+02,-6.012071570774739939e+02,1.262927330900057987e-01,1.011011664899257653e+03,1.183998373983739839e+03,9.840322234156820969e+02,9.039860064585575401e+02,nan,nan,1.256024354603019901e+03,8.690048851978505127e+02
-3.107373766817034380e+02,-1.872486078706318267e+03,-1.322246820719990637e+03,4.322290705000034206e-01,1.011048450458315187e+03,1.552987352812908966e+03,9.831193965517240940e+02,1.155926500000000033e+03,nan,nan,1.134981927710843365e+03,1.146894099848714177e+03
-2.158320215780879039e+02,-1.617527365230328996e+03,-1.144196923790065057e+03,3.634843886632821430e-01,1.015927911275415909e+03,1.463944181646168317e+03,9.880278361344537643e+02,1.099572893446277249e+03,nan,nan,1.165948250369640164e+03,1.082912205567451792e+03
2.750518750281314624e+02,-1.717061016533288011e+02,-2.881732520117419583e+01,5.116043650987770475e-01,1.016014357501794734e+03,8.649874446085672162e+02,nan,nan,1.425988286969253295e+03,7.830110051357299881e+02,1.397969954648526027e+03,5.950468926553672873e+02
4.368213761859394140e+02,-1.211077905177870662e+03,3.600751525869986835e+02,5.440451368283056865e-01,1.017001496259351597e+03,1.237999021526418801e+03,nan,nan,1.530969116738727507e+03,1.175015318627451052e+03,1.519117831893165658e+03,1.067969974979149356e+03
-4.574659844744511616e+01,-1.711327143370349177e+03,-7.698717893491647146e+02,4.633548364214809534e-01,1.017042021276595733e+03,1.492005211047420516e+03,9.891286222674123110e+02,1.168955024986118815e+03,nan,nan,1.242030057803468253e+03,1.146053664166185854e+03
7.138451376970577655e+01,-1.848023078567169932e+03,-5.190528751620845469e+02,3.707479886616116826e-01,1.019958005249343842e+03,1.544003484320557391e+03,9.900348468848997072e+02,1.245893923789907376e+03,1.277883991683991781e+03,1.468948161276030078e+03,nan,nan
-4.927077922304547428e+02,-2.031431798797941838e+03,-1.869291468241754956e+03,4.273933178767415075e-01,1.026999197431781795e+03,1.602000726744186068e+03,nan,nan,1.017015072083879431e+03,1.516939844760672713e+03,1.068958041958042031e+03,1.145032140248356427e+03
-6.617687950910221844e+02,-2.095472026077576629e+03,-2.281511562027129457e+03,7.678648537751125991e-01,1.028010997067448670e+03,1.618872715816004984e+03,nan,nan,9.590442930153321868e+02,1.529803977272727252e+03,1.011825033647375449e+03,1.132734346224677665e+03
4.311092023601629535e+02,-6.033489159600788980e+02,2.550289252764622177e+02,5.950797936512342012e-01,1.030976611883691476e+03,9.879786566227244293e+02,1.003957714799820110e+03,8.539888527635856690e+02,1.517877997179125487e+03,9.220304645849200824e+02,nan,nan
2.162892635791831992e+02,-4.877071836333204260e+02,-2.888519340084318969e+02,2.054701252356901098e-01,1.034986544342507614e+03,1.010930555555555543e+03,nan,nan,1.373906768837803384e+03,9.299819444444444798e+02,1.352052445789208377e+03,7.250425974025973801e+02
-5.203453520918992581e+02,-5.804721456850629693e+02,-2.048552629875753610e+03,7.634319216015791332e-01,1.037969121140142533e+03,1.184971864568431101e+03,1.013030075187969942e+03,7.459753963914707811e+02,1.041013230429988880e+03,1.079034957627118729e+03,nan,nan
-3.169314602906496248e+01,-1.973247133457277187e+03,-8.924612548555713829e+02,6.754250522542096791e-01,1.040034192037470802e+03,1.590943223443223360e+03,1.008939932724651612e+03,1.238964999999999918e+03,1.210985443317159252e+03,1.514896170212766037e+03,nan,nan
2.339594449213003315e+02,-1.825435002403767612e+03,-2.771781754366164705e+02,3.087120634393354934e-01,nan,nan,1.009013443640124137e+03,1.276016632016632002e+03,1.365077124183006617e+03,1.462931174089068918e+03,1.378028484231943139e+03,1.235057613168724174e+03
-1.259654027481735881e+02,-1.833414769516272827e+03,-1.126769958619329600e+03,5.418690005098983908e-01,1.041966446124763706e+03,1.537949432892249433e+03,1.011118023255813910e+03,1.169070971495055346e+03,nan,nan,1.200122067975107711e+03,1.148996374935266658e+03
2.959849575538251543e+02,-2.008640783743579163e+02,-1.571703455210196978e+02,3.713259283379557463e-01,1.042995031055900654e+03,8.899812235009085271e+02,nan,nan,1.419972602739725971e+03,8.129414348462664748e+02,1.393967618002195422e+03,6.060065323897658800e+02
3.843039925297933905e+02,-4.823267991338140632e+02,6.455306522677675218e+01,7.124884709339327493e-01,1.042996323529411711e+03,9.629870624048705849e+02,nan,nan,1.475990690457719211e+03,8.939885145482388680e+02,1.454978015075376788e+03,7.329554334554334218e+02
3.137790704543208449e+02,-3.963473450582785631e+02,-1.370718563910255341e+02,4.467313315986325417e-01,1.046947662247034259e+03,9.570277580071174270e+02,nan,nan,1.426008695652173856e+03,8.829525959367946371e+02,1.404943005181347189e+03,6.899682352941176759e+02
2.330632227358462956e+02,-2.130927675344814361e+03,-3.221879325971286789e+02,8.571802733371646221e-01,1.049023539668701005e+03,1.664968000000000075e+03,1.015007902735562311e+03,1.374997518610421821e+03,1.356951181102362170e+03,1.594957566052842367e+03,nan,nan
4.369462257189708509e+01,-1.881014949426273461e+03,-7.964277672463222189e+02,6.311882125652280573e-01,nan,nan,1.020109989909182673e+03,1.224064239828693871e+03,1.247056678383128201e+03,1.481076441102756917e+03,1.273870480549199101e+03,1.195055912914398732e+03
4.633648016240809966e+02,-4.111341380746022196e+02,1.937590124796104476e+02,5.919547214707676641e-01,1.053011303692539514e+03,9.169067431850788807e+02,1.029004266666666581e+03,7.669598096245372290e+02,1.524040476190476284e+03,8.530516089860352622e+02,nan,nan
-2.167757875222631583e+02,-1.191854823705383978e+03,-1.449445696761275485e+03,4.235750813445633978e-01,1.053992820512820572e+03,1.330995749202975503e+03,nan,nan,1.137903240124278682e+03,1.241953639313861913e+03,1.145027874564460035e+03,9.259721505930891681e+02
-4.480932027613707191e+02,-5.645125007615234836e+02,-2.050671248108983036e+03,4.826903432706941555e-01,1.056030769230769238e+03,1.179952331606217513e+03,nan,nan,1.062960685483870975e+03,1.075992738589211513e+03,1.045035070628348649e+03,7.139980685659102164e+02
2.154243165041271482e+02,-3.382589349358456730e+02,-4.589642886949521881e+02,4.682952361523740059e-01,1.059015015015015024e+03,9.759592145015105871e+02,nan,nan,1.360007122507122403e+03,8.949912152269399712e+02,1.336010149253731242e+03,6.600240751614796864e+02
-2.156539501117535451e+01,-7.839639990240838188e+02,-1.033539062467554004e+03,1.194874597559452689e-01,1.060012864918357309e+03,1.178034567901234595e+03,1.035003260869565111e+03,8.489608355091384055e+02,nan,nan,1.218956323006602361e+03,8.109725123694337299e+02
-3.166509384292305640e+02,-1.316927583292716918e+03,-1.746442099075557735e+03,2.716137199132524493e-01,1.060920194003527286e+03,1.378925160697888032e+03,nan,nan,1.092969607843137283e+03,1.288916067146283012e+03,1.107929735234215968e+03,9.480172043010752532e+02
-2.765025294933481632e+02,-2.118586087569115989e+03,-1.644770179051487730e+03,2.714463332674709739e-01,1.062076867295141483e+03,1.631839835728952721e+03,1.029062010836845275e+03,1.197983688833124233e+03,nan,nan,1.139927881519639413e+03,1.184051390568319221e+03
4.504167958529026095e+01,-1.414466125895311961e+03,-8.639554656612314147e+02,1.825430484930052610e-01,nan,nan,1.030972588832487418e+03,1.068000527148128640e+03,1.250991300144997695e+03,1.304947239863214463e+03,1.261924242424242493e+03,1.034988688946015372e+03
2.070574155343595919e+02,-1.320036850748457709e+03,-4.900734261076803477e+02,1.647191876994595350e-01,1.062898538263112641e+03,1.332929879410451122e+03,1.032921621621621625e+03,1.073941652470187364e+03,nan,nan,1.343051978277734634e+03,1.031018963337547348e+03
9.526233712438730095e+01,-1.913342586795835132e+03,-7.634511889553289166e+02,6.869950585207865723e-01,1.064973180076628296e+03,1.567063868613138766e+03,1.031051589369463272e+03,1.239992600422832993e+03,nan,nan,1.293891052631578987e+03,1.207915523861766360e+03
-2.480817513350930312e+02,-4.264952021733363381e+02,-1.632347051884352595e+03,1.861389759502381225e-01,1.064977296726504846e+03,1.113988180883864288e+03,nan,nan,1.137936478281176960e+03,1.014986540378863424e+03,1.113997008973080710e+03,6.770049554013875195e+02
-2.735038171168362169e+02,-1.396601137464257135e+03,-1.702333146515419685e+03,1.732098904457866073e-01,nan,nan,1.038985544656685533e+03,9.950258481421648185e+02,1.105974696889825964e+03,1.314012860082304542e+03,1.123966093600763998e+03,9.730150571131879360e+02
-5.355951497240879178e+01,-1.132561881942670880e+03,-1.202053601566726456e+03,2.329025627475400650e-01,1.072060752169720445e+03,1.300004641567818453e+03,1.044997355896351110e+03,9.519548910288899606e+02,1.202995061728395058e+03,1.215978862606945086e+03,nan,nan
-1.223090967797927533e+02,-2.013110122058805018e+03,-1.350898021280962894e+03,3.172754337155186954e-01,1.072107427869858839e+03,1.598972636815920396e+03,1.038964592274678125e+03,1.200941242937853076e+03,nan,nan,1.194915752741774668e+03,1.179062007356804997e+03
2.024495095519259564e+02,-1.806343913140789709e+03,-5.717023673238822994e+02,3.874864820160952017e-01,1.074984413453650632e+03,1.524954237962594561e+03,1.040098859315589380e+03,1.231933514986375940e+03,1.324939393939393995e+03,1.454923179396092337e+03,nan,nan
6.354445164281593605e+01,-1.192360375268862299e+03,-9.350157492564720769e+02,2.514100064688947755e-01,1.074991489361702179e+03,1.307012721490231797e+03,nan,nan,1.257074725274725324e+03,1.228000483091787373e+03,1.260074376417233452e+03,9.540164783427495649e+02
4.698447940041818924e+02,-5.733828448790402490e+02,5.414675503232974307e+01,2.999374750296217029e-01,1.076975830815709969e+03,9.959626239511823087e+02,nan,nan,1.506930196078431436e+03,9.350100334448160311e+02,1.490974111980734506e+03,7.689789029535864984e+02
1.513488499741889939e+02,-1.417198184027801972e+03,-7.240791377891932825e+02,8.502007519581523676e-01,1.077017097966728215e+03,1.376972565157750296e+03,nan,nan,1.299046025104602450e+03,1.304973711882229281e+03,1.307005073280721490e+03,1.045947454844006643e+03
4.558672167865884148e+02,-7.288860020789445571e+02,2.401897535720000576e+01,3.151487868660433622e-01,1.077040645879732665e+03,1.060928492239467914e+03,nan,nan,1.496894241417497142e+03,9.989844404548174452e+02,1.482051321928460311e+03,8.340431965442764977e+02
4.458146068288632335e+01,-1.545365879003642021e+03,-1.039770326784634335e+03,2.665412479752398700e-01,1.083950264084507126e+03,1.432940995156318877e+03,1.052076056338028138e+03,1.095049859943977481e+03,nan,nan,1.254131668558456340e+03,1.061816428126944629e+03
7.663787946597616951e+01,-1.772788851401033298e+03,-9.561955034595042662e+02,4.971780349797421117e-01,1.084075077743225165e+03,1.513996524761077353e+03,1.050894366197182990e+03,1.174978609625668469e+03,1.249891987605135000e+03,1.439997619047619082e+03,nan,nan
4.069632485524746812e+02,-6.064604541766923376e+02,-1.645573311512719670e+02,7.631083782812794203e-01,1.086009756097560967e+03,1.032978681209717479e+03,1.061975530179445286e+03,8.339478723404255334e+02,1.456000612369871305e+03,9.689148084619782821e+02,nan,nan
-3.631245183970702328e+02,-1.780353205683237320e+03,-2.092176180370929160e+03,5.525665617346561254e-01,1.086975941897412667e+03,1.523051679586563296e+03,nan,nan,1.059063505154639188e+03,1.437066639243109876e+03,1.093980721700444974e+03,1.055954851104706904e+03
-9.621495086427221111e+01,-1.973493172797497664e+03,-1.414380998249198910e+03,6.542925107986569122e-01,1.087931334622823897e+03,1.584988968824940002e+03,1.052880869995056855e+03,1.183938931297709814e+03,nan,nan,1.199907747424988884e+03,1.160017118402282449e+03
1.889335299785370523e+02,-1.489701447060630926e+03,-7.180373839338977859e+02,3.136626019497661955e-01,1.089004688232536409e+03,1.404013098464317864e+03,1.056997418688693870e+03,1.111084098939929390e+03,nan,nan,1.321892203035060220e+03,1.068837337337337431e+03
2.391941603737156186e+02,-5.067129622953816011e+02,-6.263890480406965935e+02,4.312934483305135847e-01,1.089934851694915324e+03,1.047979809310151495e+03,nan,nan,1.351970699945740535e+03,9.720065681444991696e+02,1.333004835589941877e+03,7.209990196078431381e+02
5.639947752477986569e+02,-1.287252876117600181e+03,2.313731724012726829e+02,5.394219889729129358e-01,nan,nan,1.057882646691635500e+03,1.150927792915531427e+03,1.567064004376367620e+03,1.222003059975520273e+03,1.555871774193548390e+03,1.080948040885860337e+03
1.383912696722210853e+02,-1.292466037595946545e+03,-8.676087639367488009e+02,3.364704707213475032e-01,1.091058975462763556e+03,1.337943945228925941e+03,1.061054266777133307e+03,1.030955488331892866e+03,1.285906495655771550e+03,1.262910285455369376e+03,nan,nan
4.818005323801639861e+02,-8.154741308671927982e+02,-2.794485220405566750e+01,7.740930513017513226e-02,nan,nan,1.068979690522243800e+03,9.289545004945598521e+02,1.499931830676195659e+03,1.040001805054151646e+03,1.487063466666666727e+03,8.659681318681318771e+02
-2.480170963394433841e+02,-6.942354657820352486e+02,-1.916044377621047261e+03,1.640746601081769507e-01,1.095047141424272922e+03,1.203983367983367998e+03,1.072001071237279120e+03,7.870581874356333856e+02,1.122059376546264275e+03,1.110981636935991673e+03,nan,nan
5.322755902337927409e+02,-1.665241071233581351e+03,1.270219132851639472e+02,5.460359873962503663e-01,nan,nan,1.058054881266490838e+03,1.287896497647673868e+03,1.539012866700977838e+03,1.395079144385026666e+03,1.531947392708814050e+03,1.219044234592445264e+03
-3.357650853643269215e+02,-2.790942654690882136e+02,-2.187507031500181711e+03,3.890889237003569145e-01,1.096024189646831246e+03,1.107978841309823565e+03,1.077994788952579484e+03,6.610220061412487667e+02,1.096074858757062202e+03,1.010002058672156409e+03,nan,nan
6.105823366628218309e+02,-9.228098747928733019e+02,2.942372284565977338e+02,4.654599022907257022e-01,1.098961424332344222e+03,1.109014536340852146e+03,1.070963269529229137e+03,1.004961119751166393e+03,nan,nan,1.581965844402277071e+03,9.319140526976160572e+02
3.636310330618567832e+02,-4.013519244927298359e+02,-3.813659307471718307e+02,2.461952491169088209e-01,1.099044558071585016e+03,9.830290394638868747e+02,nan,nan,1.419974261922785672e+03,9.150250379362670401e+02,1.400004584527220686e+03,6.840147475893363662e+02
3.678082498328977294e+02,-4.448712268108225771e+02,-3.912622655028276881e+02,1.498392863824862531e-01,1.101949524506218040e+03,9.990099923136049256e+02,nan,nan,1.419980436418359659e+03,9.319992559523809632e+02,1.401030506406345239e+03,7.010298864315600440e+02
1.712300042340845607e+02,-4.231508441830297329e+02,-8.970134275000456228e+02,5.382296372340528157e-01,1.101970933482392411e+03,1.046025150355385449e+03,nan,nan,1.309012907191149452e+03,9.670376515634970929e+02,1.288040162684290863e+03,6.840102986611740334e+02
1.917585143774153948e+02,-1.390430954599690040e+03,-8.213758391528051561e+02,7.156469568924569979e-02,1.103005652173912949e+03,1.369958709677419392e+03,1.071885238720981079e+03,1.068978434130332971e+03,nan,nan,1.314074770091963273e+03,1.025999115826702109e+03
2.454625170518126254e+02,-1.904097889636182344e+03,-6.657853801837399033e+02,4.083717669080079715e-01,1.103958035288507290e+03,1.563005522319374222e+03,1.066044243070362427e+03,1.255088020833333303e+03,1.331981583793738537e+03,1.494990327038231271e+03,nan,nan
1.658380654357182209e+02,-1.854450236038412413e+03,-8.936758113055570902e+02,1.354386252033481786e-01,1.106065771812080584e+03,1.542995998221431819e+03,1.069943838604144048e+03,1.210020184544405993e+03,nan,nan,1.307931090613130664e+03,1.170966824644549661e+03
2.405187222954435526e+02,-1.638385327576780810e+03,-7.127245130595085811e+02,3.364374293359533863e-01,1.107037593984962314e+03,1.458942366915970069e+03,1.072044593088071451e+03,1.162854946181445484e+03,nan,nan,1.342062143966856638e+03,1.117883941970985461e+03
1.893097656162803162e+02,-1.790007747930074402e+03,-8.838249758701291512e+02,5.148144513971270042e-01,1.112940155322064811e+03,1.518018783542039273e+03,1.076035910224438794e+03,1.192024628014366272e+03,nan,nan,1.314958551691281627e+03,1.150960685483870975e+03
3.100912434297422919e+02,-9.488096858498109896e+02,-6.427271765686953131e+02,4.316679278145822418e-01,1.117987153134635037e+03,1.200015098137896302e+03,1.090999001996008019e+03,9.349653788258906388e+02,1.369029858564693541e+03,1.132006696428571331e+03,nan,nan
2.037351080374013748e+02,-1.286784742391886994e+03,-9.304851602901488832e+02,1.758560316118169820e-01,1.120054807692307804e+03,1.335975413948820915e+03,1.089950000000000045e+03,1.026970796043334985e+03,nan,nan,1.309031484962406012e+03,9.819243509400179164e+02
2.925985219218060820e+02,-1.356874361153249083e+03,-7.121260428935462414e+02,2.541978379556527057e-01,nan,nan,1.091082816651904295e+03,1.070971307619943445e+03,1.351936500242365582e+03,1.285088122605363878e+03,1.355898453823652289e+03,1.020999072356215265e+03
4.709992569669518616e+02,-9.349658268400261250e+02,-2.728364198816186104e+02,2.569908601769104184e-01,1.125983214649033471e+03,1.165033702213279639e+03,nan,nan,1.465954595791805104e+03,1.106982396365701334e+03,1.456029097387173351e+03,8.970338882282995883e+02
3.313930606814221846e+02,-7.957380377305066759e+02,-6.628882700784681674e+02,1.451012393418676660e-01,nan,nan,1.102085454545454468e+03,8.789854227405247684e+02,1.376920095693780013e+03,1.079993421052631675e+03,1.366930084745762770e+03,8.249587737843552304e+02
4.572045110732491366e+02,-1.849845957337179470e+03,-3.115209145356865861e+02,4.541860470004119854e-01,1.133019095477386827e+03,1.538993230174081191e+03,1.091977103606182027e+03,1.291947687224669608e+03,nan,nan,1.455971639950678082e+03,1.229988173455978995e+03
1.439465403320041617e+02,-1.904907925574266756e+03,-1.179340681352766978e+03,4.200980510836051507e-01,1.135061300889096856e+03,1.559977900552486290e+03,1.096080687142113447e+03,1.195991624790619653e+03,1.257092038656235673e+03,1.489925438596491176e+03,nan,nan
1.566327002460582207e+02,-1.501719944115522367e+03,-1.184321459113846686e+03,1.450379155399093845e-01,1.136962107208872567e+03,1.417962321351234323e+03,1.103014400677678850e+03,1.073970136144049093e+03,nan,nan,1.280965008431703154e+03,1.031984874675885976e+03
-1.416383297544116715e+02,-1.777047400476107441e+03,-2.010115247098025975e+03,5.712425243909132755e-01,1.139015833745670534e+03,1.518010471204188434e+03,nan,nan,1.128009952606635125e+03,1.440955524344569312e+03,1.159062034739454020e+03,1.054940410615923838e+03
5.195182212932623997e+02,-5.442696960211799251e+02,-2.593791956421662803e+02,1.425279437874248933e-01,1.139036486486486410e+03,1.015029255319148888e+03,1.119025120256547325e+03,8.070227874933757448e+02,nan,nan,1.473958700440528673e+03,7.419911242603550363e+02
5.750675317085187999e+02,-9.876492049502263626e+02,-8.141165946346652049e+01,2.901751296988969164e-01,1.139978623566214765e+03,1.168015491452991455e+03,nan,nan,1.528945248584015189e+03,1.116978064516129052e+03,1.518037552998182946e+03,9.289818067754077902e+02
6.265118599253186176e+02,-2.933300314222369707e+02,1.505155045723022234e+01,4.546872790466287562e-01,1.140042625169147414e+03,8.849916142557651710e+02,nan,nan,1.563925953079178953e+03,8.400023771790807814e+02,1.549981981981982017e+03,6.419503184713375958e+02
7.668659446978257392e+02,-4.940650246841153148e+02,4.065003599649998591e+02,6.070579678574058446e-01,1.144029861111111131e+03,9.059406723796968208e+02,1.125043799472295404e+03,8.249474789915966539e+02,1.678998253275109164e+03,8.750153707052440950e+02,nan,nan
9.754945174392274510e+01,-6.358524969414693828e+01,-1.521017581956205504e+03,4.752913095942291055e-01,1.146982654600301657e+03,9.930110456553755967e+02,nan,nan,1.252989285714285643e+03,9.120131099781500552e+02,1.222005110732538242e+03,5.530267753201396772e+02
5.121906316922842279e+02,-1.508085944321754141e+03,-3.055777619791682014e+02,1.901488461430048960e-01,1.150963321446765121e+03,1.394029294935451844e+03,1.113065605095541514e+03,1.172991008349389858e+03,1.473993239090350244e+03,1.337041716328963048e+03,nan,nan
3.863223365562850518e+02,-1.224718734520377666e+03,-6.849817722376911888e+02,1.118351372489840151e-01,1.151010426110607341e+03,1.299948658649398794e+03,1.119908101045296235e+03,1.030998197386209995e+03,nan,nan,1.389005080831408804e+03,9.749663551401869199e+02
6.194898426499928519e+02,-1.423832020332412412e+03,-1.687933311662786195e+01,1.835438644830564014e-01,1.152938218390804650e+03,1.345994628906250000e+03,1.115105101413644661e+03,1.179949406620861964e+03,nan,nan,1.546026133743274386e+03,1.104115641215715414e+03
-3.460997537345245689e+01,-1.758180809200543308e+03,-1.860939790428721381e+03,1.865932016327883358e-01,1.153937855787476337e+03,1.511005303760848619e+03,1.117018653321201100e+03,1.091983791085096755e+03,1.167025676937441631e+03,1.436063644688644672e+03,nan,nan
6.511426918146499929e+02,-7.763577870484097332e+01,-3.476516132234841905e+01,7.951868709546842107e-01,1.153991176470588243e+03,8.109948642699927177e+02,nan,nan,1.567041600000000017e+03,7.680122050447517950e+02,1.553949856733524257e+03,5.459772226304188507e+02
2.285981123195600162e+02,-1.466019549387882535e+03,-1.216805341082890664e+03,1.359414197792470913e-01,1.162968702675416353e+03,1.405004615384615363e+03,nan,nan,1.289949152542372985e+03,1.336993617021276577e+03,1.300905870936438532e+03,1.016003097573567402e+03
3.673357408814463270e+02,-1.681197316160639275e+03,-8.101849838836873232e+02,5.204307644263050925e-01,1.163979631425800108e+03,1.473993933737750922e+03,nan,nan,1.366921221864951804e+03,1.410973103819257631e+03,1.377020380434782510e+03,1.117938906752411640e+03
-6.930878927176546078e+00,-1.572470423904881955e+03,-1.928496646553277515e+03,2.051448282721962391e-01,1.166977844914400748e+03,1.453943579766536914e+03,1.131988157271435284e+03,1.037933691756272310e+03,1.175944664031620505e+03,1.378980942828485468e+03,nan,nan
2.130016116994326580e+02,-1.813189969368810580e+03,-1.288186510304484273e+03,2.659782653230696181e-01,1.168933108758421668e+03,1.525963895486935826e+03,nan,nan,1.274976459048553124e+03,1.457936522974893478e+03,1.296923122765196695e+03,1.116036137071651183e+03
5.362654827512262727e+02,-8.357133130826995284e+02,-4.345521768928228425e+02,1.922689868192423435e-01,1.169997945557267485e+03,1.136995957554320285e+03,1.145022868032396445e+03,9.130134883720929793e+02,1.472072553430821245e+03,1.083997594708358292e+03,nan,nan
3.538673724949711641e+02,-1.030523330749933166e+03,-9.522615577085703080e+02,2.633074624369449168e-01,nan,nan,1.142125161290322694e+03,9.459438405797101268e+02,1.357123188405797009e+03,1.180911036508602592e+03,1.353986296006264638e+03,8.900304523063143733e+02
-1.199044440262276936e+02,-1.656513941137791107e+03,-2.311087868258143772e+03,8.428273663268042171e-01,1.171040784718637042e+03,1.484977894736842018e+03,1.135998620689655127e+03,1.034030035335689035e+03,nan,nan,1.151953097345132846e+03,1.002030463576158922e+03
2.119368259950148854e+02,-1.255182893179406847e+02,-1.439921925260486205e+03,1.379494607283276997e-01,1.171077136900625419e+03,9.999683908045976750e+02,1.159038180797304904e+03,6.279282108805384723e+02,nan,nan,1.263926211453744600e+03,5.720140213123947888e+02
3.873143453336098219e+02,-1.446343356119629561e+03,-8.551506525991812850e+02,1.994732660641896915e-01,1.173971112999150364e+03,1.386927868852458914e+03,1.138021466905187935e+03,1.091900964066608140e+03,1.371950260540028466e+03,1.324919201520912566e+03,nan,nan
8.303002478803746271e+02,-1.352792104931364520e+03,4.594882930026792565e+02,7.716753672280788345e-01,1.173976080956761734e+03,1.283955061280072641e+03,1.135098563645369040e+03,1.222973739495798327e+03,nan,nan,1.700087706685837475e+03,1.124851176917236216e+03
-3.336061747265066657e+01,-1.680594908459886710e+03,-2.083419149875934636e+03,2.079777382246722206e-01,nan,nan,1.137956018518518476e+03,1.056974038015762744e+03,1.159964487905300984e+03,1.413048840651208593e+03,1.184097323600973141e+03,1.020969108561341613e+03
1.886869462564737887e+01,-1.596512934180175080e+03,-1.943023588841045466e+03,3.892940294155789460e-01,1.176000000000000000e+03,1.460950570342205310e+03,nan,nan,1.182030256410256470e+03,1.387032928064842963e+03,1.203944816053511659e+03,1.005991134751773075e+03
4.238278314060930825e+02,-3.386218443944003980e+02,-8.620175734615762622e+02,4.301072856517071941e-01,1.176999274310594956e+03,1.005967718268525346e+03,1.162008250825082541e+03,7.099693548387097053e+02,nan,nan,1.377997687861271743e+03,6.480280898876404763e+02
4.073871544810885581e+01,-2.069298795395538036e+03,-1.909663797697445489e+03,3.614647594200717795e-01,1.183026998961578329e+03,1.608032160804020123e+03,nan,nan,1.182924485125858155e+03,1.537083422459892972e+03,1.218117551462621805e+03,1.136992920353982299e+03
6.699503747144111685e+02,-2.439308662403736605e+02,-2.333919292840848811e+02,9.449266016063263551e-01,1.186962962962963047e+03,8.960713780918728162e+02,nan,nan,1.548950343773873101e+03,8.559903069466881789e+02,1.534050711193568304e+03,6.150407659048795495e+02
4.259871292541761818e+02,-2.109019454512678749e+03,-7.908293416379907512e+02,8.235541263039666271e-01,1.186986891385767876e+03,1.640963436928702095e+03,nan,nan,1.385927662424648361e+03,1.577968027210884429e+03,1.403871260683760738e+03,1.255000611246943663e+03
3.947980904211492543e+02,-1.048776803003487885e+03,-9.846038719612631667e+02,1.779390030125850009e-01,1.187001828153564929e+03,1.250947277441659480e+03,1.158893239901071638e+03,9.509542805916629504e+02,1.367949931725079750e+03,1.189939829366861204e+03,nan,nan
3.765970310714810694e+02,-1.945068142680640904e+03,-9.580025211642715703e+02,5.373486943215931566e-01,1.187024028629856957e+03,1.573993621197252196e+03,1.141927718040621357e+03,1.240927492447129907e+03,1.353999442586399027e+03,1.510931440814140387e+03,nan,nan
2.681586171847708329e+02,-5.589501743234899322e+02,-1.413198583321780234e+03,1.874832334667656808e-01,1.188001075847229686e+03,1.122981827899518976e+03,1.168997823721436362e+03,7.699860813704497104e+02,1.302992092778070628e+03,1.054984375000000000e+03,nan,nan
1.190265703401088615e+02,-1.887089362315215794e+03,-1.771217336639951554e+03,1.602521765582414215e-01,1.190965993100049218e+03,1.549979852579852604e+03,nan,nan,1.216008141762452169e+03,1.479997273966378998e+03,1.244166666666666742e+03,1.096975106685632909e+03
6.765880519716095876e+01,-1.691997002154542088e+03,-2.014125730728481813e+03,3.902970274647026838e-01,1.197025322740814318e+03,1.489940537989617724e+03,nan,nan,1.191943329989969925e+03,1.418037338439444738e+03,1.215951293103448279e+03,1.025984834558823422e+03
4.000778244167614730e+02,-2.067357648796657031e+03,-9.702295765323927981e+02,5.238319104062251208e-01,1.197813600782778849e+03,1.621256020278834058e+03,nan,nan,1.360186158563293930e+03,1.557618415417558936e+03,1.381153696498054387e+03,1.219967808930425690e+03
2.516918785135516430e+02,-2.575799986119874916e+02,-1.594100059282969823e+03,1.274059937564157585e-01,1.197997278170930940e+03,1.047983032293377164e+03,1.185024491922876450e+03,6.709667194928684921e+02,1.291006593406593311e+03,9.789862107004963718e+02,nan,nan
4.201034612675570088e+02,-1.678561839385223720e+03,-9.573629567592948888e+02,2.891750642867449428e-01,1.199008631851532073e+03,1.472970588235294144e+03,nan,nan,1.371917680074836198e+03,1.413042065009560247e+03,1.383115025466893030e+03,1.100004657661853798e+03
6.182311368767039994e+02,-1.802493707831902384e+03,-3.361589042465457169e+02,1.462446666609054924e-01,1.199048218029350210e+03,1.515983961507618233e+03,1.152088483146067347e+03,1.279994888475836433e+03,nan,nan,1.510094160253508335e+03,1.204009664292980688e+03
3.392950748090896127e+02,-1.123731254411041391e+03,-1.266418891134144587e+03,3.141233138419035065e-01,1.199991361788617951e+03,1.289964723926380429e+03,1.170016276703967378e+03,9.570154798761609527e+02,nan,nan,1.328062189054726332e+03,9.020095999999999776e+02
1.467243990604966086e+02,-1.359115702842321525e+03,-2.013418136807744304e+03,1.293436490659758131e-01,1.215996428571428623e+03,1.388948077883175301e+03,1.182071627906976801e+03,9.789763627592860757e+02,1.220955050237969317e+03,1.319022639425731541e+03,nan,nan
8.209310482394366772e+02,-5.535334204397992153e+02,2.144629618048599085e+01,3.324542148387786278e-01,1.217967407407407336e+03,9.740222563315426214e+02,nan,nan,1.637976491862567855e+03,9.470161443494777131e+02,1.629030239099859273e+03,7.499857448325018368e+02
4.905749667338738504e+02,-1.795752338604350143e+03,-8.956269189500533230e+02,9.472309388924281259e-02,1.218014435042309515e+03,1.515950143815915681e+03,1.172058434399117914e+03,1.205043141592920392e+03,nan,nan,1.411982222222222163e+03,1.141029928432010365e+03
1.804533731025070438e+02,-1.572156413684806466e+03,-1.950483740546133276e+03,1.635938039387012377e-01,1.221995422177009232e+03,1.451023178807947033e+03,1.184025110132158488e+03,1.041944246208742243e+03,nan,nan,1.248038699053108303e+03,9.949969670710571563e+02
6.249737037413702865e+02,-4.956159129201133169e+02,-6.607067846139736957e+02,3.120801233547131903e-01,1.222986501079913523e+03,1.032004373974849614e+03,nan,nan,1.481006703229737923e+03,9.860182504719949748e+02,1.468992457573853017e+03,7.070371498172959264e+02
2.742491717081540514e+02,-1.625442394179696521e+03,-1.674046589921486429e+03,1.747679614527771763e-01,nan,nan,1.185012791228871720e+03,1.077966132723112196e+03,1.272977306364084825e+03,1.398029707714422557e+03,1.289943149284253650e+03,1.027002987622705859e+03
1.971355512085326609e+02,-1.363358158808572853e+03,-1.962477297415156272e+03,1.696196725703985886e-01,1.225919918905220584e+03,1.387966856551009869e+03,nan,nan,1.237979907264296799e+03,1.320020449897750495e+03,1.249054702495201582e+03,9.359481481481481069e+02
6.339639379356312929e+02,-1.218963697547242873e+03,-5.759123859937780026e+02,1.358464136837993219e-01,1.225970534069981568e+03,1.286013650374284452e+03,nan,nan,1.489026660641662829e+03,1.237968095712861441e+03,1.484975538160469569e+03,9.740497291974396603e+02
2.508186060639772279e+02,-1.329327100047798695e+03,-1.840561865772285046e+03,1.057711882679001764e-01,1.229977591036414651e+03,1.374046846846846847e+03,1.196005586592178815e+03,9.830368663594470036e+02,nan,nan,1.270053742802303304e+03,9.320364173228346090e+02
5.855595489773205600e+02,-3.329498201642764457e+02,-8.837048868311401293e+02,2.125318654565155896e-01,1.231010901162790788e+03,1.000000000000000000e+03,nan,nan,1.446966380543633704e+03,9.519933431952662204e+02,1.431976548406494203e+03,6.429821538461538921e+02
1.181396903507257719e+02,-1.790344855445427129e+03,-2.234748146767024537e+03,7.460468290982745776e-01,1.231024352331606224e+03,1.519933755479785759e+03,nan,nan,1.194978499999999940e+03,1.450042115114646776e+03,1.222005303760848619e+03,1.035960168697282143e+03
7.582241618287124538e+02,-1.405021218306311539e+03,-2.302467207262894249e+02,2.672950643560204065e-01,1.236020127638684244e+03,1.341952604411074617e+03,nan,nan,1.578998171846435071e+03,1.299945794392523339e+03,1.570083064516129070e+03,1.068979256698357858e+03
4.657818581190975920e+02,-1.801724938998113657e+03,-1.196220778847433166e+03,2.850532474591096488e-01,1.241011846001974391e+03,1.518052728954671693e+03,1.194952604166666561e+03,1.175955532027527852e+03,1.365949534541891126e+03,1.458986809965803559e+03,nan,nan
1.847897927644920628e+02,-6.114791019194730097e+02,-2.311520791377735804e+03,2.060932776963947111e-01,1.243023198420533163e+03,1.188957081545064284e+03,1.224046559751681343e+03,7.619940087145969301e+02,1.227998955613576982e+03,1.120021090534979521e+03,nan,nan
6.727583506220238405e+02,-9.882347033850497837e+02,-6.695954545056263214e+02,6.047645037866930529e-02,1.247006799417192724e+03,1.203985976789168262e+03,1.219032941176470558e+03,9.589810851169736452e+02,nan,nan,1.487087237479806163e+03,8.848861521620142412e+02
8.836664677980807028e+02,-5.031911135716207895e+01,-9.374909595362045422e+01,2.678039617360871705e-01,1.247982817869415840e+03,7.960170648464163605e+02,nan,nan,1.643989405052974689e+03,7.779933554817275763e+02,1.639078686019862516e+03,5.300089795918366917e+02
7.783643334109153784e+02,-1.383228095959028451e+03,-3.205580321368087766e+02,2.586514082919066926e-01,1.253987647967061321e+03,1.336008835758835858e+03,nan,nan,1.573952103559870466e+03,1.294997342192691121e+03,1.565930044843049245e+03,1.050989299610894932e+03
2.591946541241670161e+02,-2.055155103890677310e+03,-2.007301434489978192e+03,5.160034819314858190e-01,1.254954022988505812e+03,1.599968944099378859e+03,nan,nan,1.243860364267129171e+03,1.534951219512195166e+03,1.274013040901007798e+03,1.118959790209790299e+03
8.708262049969235932e+02,-5.616143962641392591e+02,-1.992686170942463377e+02,1.950888073895482577e-01,1.263014419610670529e+03,9.990196820590462039e+02,nan,nan,1.624039573820395844e+03,9.750067567567567721e+02,1.616014492753623244e+03,7.429936034115138455e+02
8.660515171290518310e+02,-6.857780792857251981e+02,-2.644770818316931127e+02,1.092616151916682710e-01,1.270058572536850306e+03,1.053016844700082174e+03,1.251877581674802741e+03,8.750364543361473579e+02,1.613002394636015424e+03,1.026976203966005642e+03,nan,nan
3.126285143617961921e+02,-1.865355525252770803e+03,-2.081316495355074039e+03,4.037072139562145612e-01,1.273984577114427793e+03,1.540024447578749459e+03,1.226993865030674897e+03,1.115946676406135794e+03,nan,nan,1.282046722454672135e+03,1.062049264705882251e+03
3.835664162429948192e+02,-1.191224724034496376e+03,-1.985386104076183074e+03,2.047563716081214624e-01,1.278002548419979576e+03,1.334008517034068063e+03,1.246013650151668344e+03,9.400748587570622021e+02,1.292965725806451701e+03,1.274059862610402433e+03,nan,nan
8.989561307783636721e+02,-2.009148110055131440e+02,-2.989665373771133545e+02,2.314189126157749909e-01,1.278006603081438016e+03,8.770154071900219606e+02,nan,nan,1.619978448275862092e+03,8.580102301790280990e+02,1.613954961294862869e+03,5.929587324981577012e+02
6.509590845738723601e+02,-3.258497568507140159e+02,-1.210420051998176859e+03,1.689134397444053415e-01,1.282012425715829295e+03,1.024021115322143942e+03,nan,nan,1.437003873824017774e+03,9.810039392234102706e+02,1.423965990453460563e+03,6.350138554216867988e+02
8.982012187959270477e+02,-5.407343485390341584e+02,-3.241121589352131309e+02,8.695056430307980533e-02,1.285979136690647465e+03,1.003032324621733096e+03,nan,nan,1.616044721407624593e+03,9.810048899755500997e+02,1.608993719469644020e+03,7.290472334682860946e+02
7.223268415384193304e+02,-2.887466893612156014e+02,-1.020286487856935423e+03,8.816352750060433285e-01,1.287023909985935234e+03,9.919933872152828371e+02,1.281014317180616672e+03,6.950115546218487452e+02,1.476982522796352669e+03,9.570137931034482790e+02,nan,nan
7.683340579645384878e+02,-1.390904413806633102e+03,-7.666925007350755550e+02,1.937435335268560543e-01,1.297013917525773195e+03,1.354948598130841219e+03,1.256004554655870379e+03,1.096007003501750887e+03,nan,nan,1.511050031269543524e+03,1.012993519118600148e+03
3.856426637342523236e+02,-1.887994264473891235e+03,-2.162733283374653183e+03,7.372026605343414696e-01,1.301993435448577657e+03,1.545952330508474688e+03,nan,nan,1.274035366478728747e+03,1.482973333333333358e+03,1.298011093502377207e+03,1.060957064793130257e+03
1.006808529812024403e+03,-1.725781945197923051e+03,1.449474895930592595e+02,6.238085504010010274e-01,1.302052938319572604e+03,1.468929216152019080e+03,1.243975233902036280e+03,1.342934651290499687e+03,nan,nan,1.718060676779463165e+03,1.224060982830076910e+03
8.634699158012431326e+02,-3.158956672093940483e+02,-6.770648403225985703e+02,3.840008043315831787e-01,1.303952890792291328e+03,9.619711111111110995e+02,1.298973670886075979e+03,7.139955925563173196e+02,nan,nan,1.550988095238095184e+03,6.340541254125412252e+02
9.000306745104096535e+02,-5.153476410122566449e+02,-5.148384480806500960e+02,1.134444199189039298e-01,1.305033254156769544e+03,1.012992135511191805e+03,nan,nan,1.591015804597701162e+03,9.899641550841258777e+02,1.583970390309555796e+03,7.129491077329807922e+02
9.561611930600928417e+02,-1.171855101425224348e+03,-2.524704741870298790e+02,7.191805252913012481e-02,nan,nan,1.277049309664694192e+03,1.072001023541453378e+03,1.648992866407263364e+03,1.213999304589707890e+03,1.638960101329955705e+03,9.739850136239781477e+02
5.511958489988094243e+02,-1.302986401016863738e+03,-1.822131018046626650e+03,2.520877727392193401e-01,nan,nan,1.278925619834710687e+03,9.849671272034302092e+02,1.349983719782930393e+03,1.306048607833883807e+03,1.356026113671274970e+03,9.189574036511156692e+02
5.366503967447082459e+02,-2.126706095107065721e+03,-1.709972265157424772e+03,1.421393398797446417e-01,1.315085006693440391e+03,1.625905769230769238e+03,1.256017038777908283e+03,1.223928243398392624e+03,nan,nan,1.368100346020761208e+03,1.156003050640634456e+03
1.089358624247937996e+03,-3.669588006224034871e+02,4.956685945842165353e+01,4.572359411264967366e-01,1.318972161172161123e+03,8.829952867242733419e+02,nan,nan,1.742015398550724740e+03,8.849799235181644690e+02,1.742042197452229402e+03,6.649813915857605480e+02
6.426788437444532747e+02,-2.895756055112436798e+02,-1.770620320014429126e+03,2.417558261849056256e-01,1.323057794273594936e+03,1.056998369565217445e+03,nan,nan,1.389950154162384479e+03,1.013020137784843655e+03,1.376902390438247039e+03,6.170174326465927379e+02
6.318448151076357817e+02,-1.231749660777428971e+03,-1.623748435434597923e+03,3.597198603357027458e-01,1.323068343616516358e+03,1.329941317941317948e+03,nan,nan,1.388955853174603135e+03,1.280945591939546603e+03,1.391992904206791763e+03,9.069534031413612638e+02
8.774958869243133677e+02,-1.992443344311147257e+03,-5.832933312859317994e+02,3.150369116517322543e-01,1.331929682997118107e+03,1.591145435791645241e+03,1.266854184641932761e+03,1.325904741191822495e+03,1.575946629213483220e+03,1.543862204724409366e+03,nan,nan
6.414530852181890168e+02,-1.170911967061136238e+03,-1.756960344891484283e+03,4.095487789179100280e-01,1.335046328240512594e+03,1.314935839598997518e+03,nan,nan,1.381996033994334312e+03,1.266890350877192986e+03,1.384958966565349556e+03,8.819339139344261866e+02
6.839163724452434963e+02,-5.858195705476483681e+02,-1.782589487141162181e+03,1.885949128266958541e-01,1.340001549586776946e+03,1.141018819938962451e+03,1.325011783610069642e+03,7.779843014128728100e+02,1.398006121313299900e+03,1.098020971302428279e+03,nan,nan
9.436188415708002140e+02,-2.469240593239483985e+02,-8.044034350439372929e+02,3.344983473690554265e-01,1.340998581560283583e+03,9.490187319884726094e+02,nan,nan,1.570014426727410864e+03,9.299616666666667015e+02,1.563004676018704004e+03,6.060217248189597967e+02
9.236583005766619863e+02,-1.017507639885454978e+03,-8.445239631632779265e+02,3.766370439820441729e-01,1.352035622096024781e+03,1.216985120574653592e+03,1.322963445167751615e+03,9.660086602139582510e+02,nan,nan,1.552026595744680890e+03,8.779270440251572154e+02
1.078071251928369520e+03,-1.030022937677716328e+02,-6.746070172014576656e+02,4.123997944057126719e-01,1.373955418381344316e+03,8.799850640113797908e+02,1.383955971381397831e+03,6.349411438089949797e+02,nan,nan,1.626926343729263408e+03,5.499705056179775511e+02
9.968481429521405062e+02,-2.159345029581002393e+02,-1.134166490253184747e+03,9.836007945815099240e-02,1.383006823351023513e+03,9.700007733952049875e+02,1.386007730535615792e+03,6.730268672756582191e+02,1.548985270049099881e+03,9.530384300899427217e+02,nan,nan
1.236964151696794033e+03,-7.146425367794753356e+02,7.331918844313500472e+01,2.999504292944819017e-01,1.386064846416382352e+03,1.012975384615384655e+03,nan,nan,1.804921409214092137e+03,1.022004264392324103e+03,1.800013662979830769e+03,8.090274684484038517e+02
1.152522383269778402e+03,-1.168346400489391641e+02,-6.059688578255673974e+02,9.826094668473739357e-02,1.395018996960486220e+03,8.729672862453531934e+02,1.407022076372315041e+03,6.419751732101616426e+02,nan,nan,1.662976688102893831e+03,5.539506079027355554e+02
1.119869636124118870e+03,-1.918386633542163736e+03,-3.065268420222511736e+02,1.384738700129749533e-01,1.402987303199593725e+03,1.557960559161258061e+03,1.329892496008515081e+03,1.352941736694677957e+03,nan,nan,1.687938453963564825e+03,1.228019628099173588e+03
1.084679192731390685e+03,-5.877314442436271520e+02,-9.500556467900782991e+02,2.230381376702417484e-01,1.406980523094045566e+03,1.069982613572630498e+03,1.395956613756613706e+03,8.129830322933771640e+02,nan,nan,1.591974149659863997e+03,7.219946949602122004e+02
1.146408665278091348e+03,-3.643563229473934939e+02,-1.041133031144896677e+03,1.974957536231517763e-01,1.429006586169045022e+03,1.001989186112692096e+03,nan,nan,1.603977081741787515e+03,9.950000000000000000e+02,1.601005649717514189e+03,6.419873980726464424e+02
1.220800085245197124e+03,-3.892146473114987089e+02,-1.064064850062997721e+03,1.232039881853559254e-01,1.456003586371787151e+03,1.009021543985637322e+03,1.456006559332140796e+03,7.410628895184136127e+02,nan,nan,1.622017492711370323e+03,6.489563409563409095e+02
1.322237193927300723e+03,-4.091751350245370986e+02,-8.226548202553017290e+02,2.379967606882156250e-01,1.477026168224298999e+03,9.880067985166872404e+02,1.478976941747572710e+03,7.569809069212410577e+02,nan,nan,1.687038374717832994e+03,6.579843400447426802e+02
1.335862232468506818e+03,-8.415478337424766551e+02,-6.634068752644820961e+02,3.950342448618405222e-01,1.484917755200774081e+03,1.126914640198511279e+03,1.462873282442748177e+03,9.279664780148019645e+02,nan,nan,1.711987463837994255e+03,8.160485875706215211e+02
1.505026163216277610e+03,-7.859435265897009231e+02,3.142190181492247447e+01,5.866995995765790228e-01,1.507007723995880497e+03,1.033954545454545496e+03,nan,nan,1.896903460837886996e+03,1.064009326424870551e+03,1.892955033557047045e+03,8.290076277650648535e+02
1.246730799146164372e+03,-1.021903388035444095e+03,-1.972658232332776151e+03,6.544624194275016071e-01,1.526003544004725427e+03,1.263947712418300625e+03,1.494043453724604888e+03,9.140407821229050569e+02,nan,nan,1.534952468007312518e+03,8.179605346912794630e+02
1.546768086789898916e+03,-4.788807916530487319e+02,-1.743296120474601310e+02,3.793203781573544209e-01,1.526992248062015506e+03,9.309607558139534831e+02,nan,nan,1.865951844262295026e+03,9.699786982248521099e+02,1.872929501915708897e+03,6.949556692242114195e+02
1.425375114524631954e+03,-1.264755397848470238e+03,-8.084691108261188219e+02,3.600943974760019706e-01,1.539983519717480931e+03,1.291011594202898550e+03,nan,nan,1.725969899665551793e+03,1.285033419023136275e+03,1.716955680902497988e+03,9.490124481327800368e+02
1.400475147835236839e+03,-1.465940118437639512e+03,-1.208395082421325696e+03,5.696033407249275760e-01,1.556044205495818460e+03,1.379948130277442715e+03,nan,nan,1.662976372480889495e+03,1.362975994513031537e+03,1.655948684210526380e+03,9.839333333333332803e+02
1.479240972807953085e+03,-1.991518043720991045e+03,-4.893872895284477522e+02,5.112601837217231049e-01,1.571026925485284892e+03,1.583937578027465634e+03,1.476034054302807135e+03,1.372030172413793025e+03,1.808987120515179413e+03,1.555085205992509373e+03,nan,nan
1.564267756705123702e+03,-1.015928649648775036e+03,-1.355035795999089487e+03,5.521211285977194461e-01,1.604009287925696526e+03,1.224978829389788189e+03,nan,nan,1.689967741935483900e+03,1.226980243161094222e+03,1.686951687624090027e+03,8.349647218453188771e+02
1.736258485177507055e+03,-8.837815041942353673e+02,1.634879513748857960e+02,2.561095924456919803e-01,1.606038930854154614e+03,1.051937764350453108e+03,nan,nan,2.013069579288025807e+03,1.100986358866736509e+03,2.007041594454072765e+03,8.700069101678183188e+02
1.519848789449634523e+03,-1.440056017546475005e+03,-1.532575601011255912e+03,7.594366950291444596e-01,1.608978371501272250e+03,1.376996825396825443e+03,1.551012110726643641e+03,1.075003056234718770e+03,nan,nan,1.652963099630996339e+03,9.520351506456240713e+02
1.592803852934486258e+03,-1.300000815880425762e+03,-1.110524752035423262e+03,4.590966830163767942e-01,1.616127629063097402e+03,1.311975039001560162e+03,1.565006003001500858e+03,1.066965535810446909e+03,1.734042640990371410e+03,1.310038999264164886e+03,nan,nan
1.582325275512984490e+03,-9.345156046078999168e+01,-2.468187893624158278e+03,8.703794427514806031e-01,1.616976517754868382e+03,1.021024130190796882e+03,1.633029556650246377e+03,6.369864672364672060e+02,1.584044611819235115e+03,1.029999354005168016e+03,nan,nan
1.547324427600525951e+03,-1.726340622329526013e+03,-1.199035332544537596e+03,4.638244530525515441e-01,1.617968690095846569e+03,1.473009874917709112e+03,1.540945866141732267e+03,1.195981800766283413e+03,nan,nan,1.698936553030303003e+03,1.059141626794258400e+03
1.703230482353640809e+03,-1.386268751749572630e+03,2.874596084478608304e+01,9.222261675255314373e-01,1.618056578050443022e+03,1.292972631578947357e+03,1.557015037593984971e+03,1.227939591836734735e+03,nan,nan,1.955988718775181269e+03,1.055089962121212011e+03
1.575415038271263256e+03,-1.510286501668695109e+03,-1.194275305878487188e+03,6.542151521181814866e-01,1.620077055779183411e+03,1.391957894736842036e+03,1.556006166495375055e+03,1.128023155627355891e+03,1.718946559786239050e+03,1.381097278911564672e+03,nan,nan
1.642610050767265875e+03,-9.741385369826538181e+02,-1.080260866116011584e+03,1.988714349156712746e-01,1.622038505747126464e+03,1.191993604651162741e+03,1.590955104551045451e+03,9.599475955610357687e+02,1.749993700787401622e+03,1.204017760617760587e+03,nan,nan
1.615613887756811209e+03,-1.629115594814410997e+03,-9.840829787768440156e+02,4.182374934837773672e-01,1.633039954980303946e+03,1.431998248686514899e+03,1.558946637744034660e+03,1.190183098591549196e+03,nan,nan,1.747907834101382377e+03,1.045904564315352673e+03
1.814309612197555907e+03,-1.288645229474645021e+03,3.593348798243245596e+02,4.371562583321386142e-01,1.650954488778054838e+03,1.219997349237905837e+03,1.593053351573187456e+03,1.238982797307404553e+03,nan,nan,2.072949846468782198e+03,1.049002427184466114e+03
1.807024783580485291e+03,-1.257613119309071635e+03,2.282524919530591774e+02,4.267165158139958336e-01,1.652979426433915251e+03,1.214985760517799463e+03,1.597008181246066670e+03,1.206045563549160761e+03,nan,nan,2.039874524714828794e+03,1.023018907563025209e+03
1.707991622541297147e+03,-1.271452045473070029e+03,-1.200678399641007672e+03,4.690034768374167773e-01,1.659905389221556788e+03,1.302021419009370902e+03,nan,nan,1.755040084388185733e+03,1.305982313927781888e+03,1.747066353887399373e+03,9.179532246633592649e+02
1.678789015894670683e+03,-1.607514437222830338e+03,-1.144753785123291436e+03,6.023017666912986456e-01,1.660972431077694182e+03,1.424935196950444833e+03,nan,nan,1.757887791107974635e+03,1.415032161555721814e+03,1.744878133704735319e+03,1.023954729183508448e+03
1.866353903483014619e+03,-1.018617607453956680e+03,1.511345467044248210e+02,3.644531618436641085e-01,1.673017156862745196e+03,1.107965931863727519e+03,nan,nan,2.062040800615858188e+03,1.161019267822736083e+03,2.050104319478402431e+03,9.190797373358349205e+02
1.890716320371784377e+03,-1.036668090981292380e+03,3.182899307445987915e+02,8.175047094378693480e-01,1.677951544943820181e+03,1.098980295566502491e+03,1.642036228023441709e+03,1.122863562533838603e+03,2.113987704918032705e+03,1.158014667817083591e+03,nan,nan
1.859417797447734756e+03,-1.406407296045352041e+03,2.272579018441424523e+02,1.140687228714646340e-01,1.684913924050632886e+03,1.284987377279102475e+03,nan,nan,2.091885171790235290e+03,1.318051536174430112e+03,2.056039443155452318e+03,1.079071611253197034e+03
1.917317292728848770e+03,-1.324617422794960703e+03,7.332785334536730204e+01,6.671339950484728165e-01,1.714033834586466128e+03,1.253000000000000000e+03,1.652973700688791496e+03,1.220183053040103459e+03,nan,nan,2.042965863453815246e+03,1.030008908685968890e+03
1.942388575735250470e+03,-7.439341323801036197e+02,-7.626439010139936272e+02,2.510007001509133029e-01,1.717962850182703960e+03,1.074976882430647265e+03,1.704938579654510477e+03,9.049925474254742994e+02,1.889044856921887003e+03,1.120985191637630578e+03,nan,nan
1.977139365662063938e+03,-2.265678755504215189e+02,-2.125161940126546597e+03,1.053886822557232206e+00,1.726979563072586416e+03,1.022005128205128244e+03,1.742954303122619876e+03,6.849675174013921151e+02,1.712975609756097583e+03,1.054065789473684163e+03,nan,nan
1.995957563231438826e+03,-1.134080679451781180e+03,3.069900798089195177e+02,4.603473651642056574e-01,1.736019594121763475e+03,1.141953989935298296e+03,nan,nan,2.155036736135641149e+03,1.203032485110990820e+03,2.133013400335008555e+03,9.749827760891590742e+02
1.930743985153828362e+03,-1.253132546791134246e+03,-8.161427995833262230e+02,4.728658045518009945e-01,1.736976175931582247e+03,1.272028839704895972e+03,nan,nan,1.884942655145325944e+03,1.294042016806722586e+03,1.872081249999999955e+03,9.310389610389610198e+02
2.025723294983444021e+03,-1.071744882709470176e+03,3.832902800584563465e+02,2.093151457668733784e-01,1.744971622455274428e+03,1.102980433263452142e+03,nan,nan,2.184998198198198224e+03,1.174099739809193352e+03,2.165884879725085739e+03,9.550344149459193659e+02
2.034067428552111551e+03,-9.648669552094399933e+02,1.296715635540371352e+02,5.960635870088025756e-01,1.750967514124293757e+03,1.076980910425844286e+03,nan,nan,2.116013673655424100e+03,1.147059548254620040e+03,2.107748127978216417e+03,8.919537521815008176e+02
2.026614182499548633e+03,-1.121760753489967556e+03,2.122588035472873855e+02,2.481537162517587769e-01,1.752992438563327141e+03,1.143030163934426128e+03,nan,nan,2.140941062801932276e+03,1.205029723991507353e+03,2.121068778280543029e+03,9.600021390374331531e+02
2.063710275121117320e+03,-9.038388219768706904e+02,2.700444031252064292e+02,4.722979436317014112e-01,1.757986740331491774e+03,1.033973782771535525e+03,nan,nan,2.161976758409785816e+03,1.113960222752585423e+03,2.156168509741969501e+03,8.751183134046569876e+02
2.069709176917442619e+03,-1.010615465124366892e+03,2.301663563983742335e+02,4.209122241029444322e-01,1.767950102529049900e+03,1.086968980797636732e+03,nan,nan,2.157898788927335772e+03,1.159977249224405341e+03,2.144066733067729274e+03,9.160881104033970814e+02
2.094480166238124639e+03,-1.249160481135542796e+03,-3.394268565830152085e+01,7.857081624218587024e-01,1.797962052002810879e+03,1.219032703488372135e+03,nan,nan,2.107004314477469052e+03,1.269097019286966770e+03,2.082031914893616886e+03,9.859744114636642962e+02
2.117105060446539483e+03,-1.179304775750167664e+03,1.609871565332250611e+02,5.041902184498835426e-01,1.802010230179028213e+03,1.170007570543702741e+03,nan,nan,2.163021883920076107e+03,1.234035823950870054e+03,2.139038381742738693e+03,9.760960893854748974e+02
2.126710483765709341e+03,-1.139074148684006786e+03,9.879631434028262049e+01,5.764782492784523704e-01,1.805029906542056096e+03,1.155994071146245005e+03,nan,nan,2.149015091342335381e+03,1.221930841121495405e+03,2.128030162412992922e+03,9.539380392156863309e+02
2.187945659255780356e+03,-8.646373443786557118e+02,7.999206460767048554e+01,4.526361982339018319e-01,1.818962103634957430e+03,1.029981875492513836e+03,1.798005924950625513e+03,1.031964824120602998e+03,nan,nan,2.153953667953668173e+03,8.439316770186335361e+02
2.224546978838665382e+03,-8.862693616972068185e+02,-2.179156404728960794e+01,4.055283815380199552e-01,1.838982065997130576e+03,1.048961685823754806e+03,1.814051910598413770e+03,1.032922337278106397e+03,nan,nan,2.141060043668122489e+03,8.450591787439612972e+02
2.225485856014995989e+03,-9.011760839662814533e+02,-7.352479742216456771e+02,1.857787681974284733e-01,1.839026462395543149e+03,1.119969208211143723e+03,nan,nan,1.982997732426303855e+03,1.180023008849557527e+03,1.983011570247933832e+03,8.130084889643463839e+02
2.288921237614880283e+03,-7.669140418915168311e+02,8.074200968965629954e+01,6.289818883139637329e-01,1.862019888623707175e+03,9.819915682967960038e+02,nan,nan,2.186982159624413271e+03,1.083004651162790651e+03,2.194040998217468768e+03,8.020453648915187159e+02
2.299793317678433596e+03,-7.311121720220935458e+02,1.468444751450691967e+02,4.381107202249286403e-01,1.865008045052292800e+03,9.570145797598627269e+02,nan,nan,2.207010822510822436e+03,1.065026022304832622e+03,2.216875542299349036e+03,7.908481012658228337e+02
2.286967968871282665e+03,-1.023744457426690360e+03,-8.104843052297658232e+02,4.443465400884356042e-01,1.869953098827470740e+03,1.171034595300261117e+03,1.830896166134185250e+03,1.020925107427869875e+03,nan,nan,1.984992081447963756e+03,8.480273151232511282e+02
2.313284017654370018e+03,-8.314666798136362331e+02,1.350043388725517843e+02,6.043128482154136449e-01,1.877992405063291244e+03,1.001980565371024682e+03,nan,nan,2.212908814589665781e+03,1.105050785973397751e+03,2.214048231511254016e+03,8.310675990675990761e+02
2.279019806184476693e+03,-1.179035023147988340e+03,-3.589977138874489810e+02,9.648339459530143047e-01,1.879000000000000000e+03,1.202945131375579649e+03,1.826004608294930904e+03,1.124987931034482699e+03,nan,nan,2.071939618644067650e+03,9.289118993135011806e+02
2.325558645652469295e+03,-1.012073255372280641e+03,-5.464251455775039403e+02,2.749502197015014082e-01,1.889040776699029038e+03,1.144978932584269614e+03,1.850996598639455669e+03,1.041040264026402610e+03,2.055959798994974790e+03,1.211059925093632955e+03,nan,nan
2.343466793524730292e+03,-9.041849415327062616e+02,-5.406945542119478887e+02,4.215308845063434617e-01,1.891005743458838651e+03,1.100043239533287533e+03,nan,nan,2.060018993352326561e+03,1.174051118210862569e+03,2.058982256020278783e+03,8.210000000000000000e+02
2.363956269004949718e+03,-8.031219826512342479e+02,2.291665289969832315e+02,5.161551945928888330e-01,1.901034860557768980e+03,9.759845995893223289e+02,nan,nan,2.254974924774322972e+03,1.088989037758830591e+03,2.260829938900203615e+03,8.230537513997760470e+02
2.372323216941386363e+03,-9.432741193224610470e+02,1.516301112137734606e+02,4.463889620409579595e-01,1.914018825301204743e+03,1.048934586466165456e+03,nan,nan,2.242054140127388564e+03,1.149060409924487658e+03,2.236902208201892790e+03,8.749727164887307254e+02
2.433497111822639908e+03,-9.839503651368936517e+02,-1.025895141105717585e+03,9.963611773252671888e-01,1.921990514905148984e+03,1.164949025487256449e+03,1.888049881235154317e+03,9.950189328743545047e+02,1.990978430197723128e+03,1.226000000000000000e+03,nan,nan
2.423030153396917740e+03,-9.523493005100361870e+02,-5.525769740486433648e+02,1.683826092944173125e-01,1.927998430141287372e+03,1.116993087557603758e+03,nan,nan,2.083049723756906133e+03,1.194007223942208384e+03,2.080868739205526708e+03,8.350115163147792146e+02
2.454348646704233033e+03,-8.490670940844362349e+02,-4.314214460317947442e+02,1.699620783306703409e-01,1.937986464968152859e+03,1.062974338412189354e+03,nan,nan,2.117041441441441293e+03,1.152991803278688622e+03,2.120993006993006929e+03,8.039139685476410477e+02
2.469602928402463021e+03,-8.018712166360844549e+02,1.727384141540550786e+02,9.234524276842698276e-01,1.952957983193277414e+03,9.769359223300971280e+02,nan,nan,2.275983842010772150e+03,1.097002252252252219e+03,2.283895348837209440e+03,8.160193621867881575e+02
-2.476036426335695523e+03,-1.350952331791072766e+03,2.330429132447288794e+02,3.530013518739656408e-01,1.282015306122448983e+01,1.389072213500784983e+03,1.496496350364963490e+01,1.041133228840125412e+03,nan,nan,1.571663019693654348e+02,1.240947877485222989e+03
-2.362434637033596573e+03,-1.294754793617649966e+03,2.045310370805162279e+02,4.675708471271287081e-01,5.982996742671009827e+01,1.365057471264367905e+03,5.506805807622504290e+01,1.022976923076923072e+03,1.648341248303934776e+02,1.105042776080314297e+03,nan,nan
-2.294276276529245933e+03,-1.205587934792856686e+03,3.536801124132916812e+02,6.404047968445862882e-01,nan,nan,1.996733668341708423e+01,1.005108552631578959e+03,1.881032689450222790e+02,1.047975103734439926e+03,2.218615618661257542e+02,1.182893277893277855e+03
-2.272084455758566946e+03,-1.494734114933097771e+03,2.423182322378335982e+02,5.492956474087982155e-01,6.209121621621621756e+01,1.440972951471758051e+03,7.691560283687942956e+01,1.100191019786910147e+03,1.910136020151133494e+02,1.206007425742574242e+03,nan,nan
-2.276047328416448636e+03,-1.496792955471129517e+03,1.845866595490658142e+02,6.532679076116911787e-01,8.006493506493507084e+01,1.443129662522202580e+03,9.505758157389635699e+01,1.095109014675052322e+03,1.968937074829931930e+02,1.211081984334203753e+03,nan,nan
-2.358755343152882233e+03,-8.766714450180376161e+02,2.157536502441378161e+02,6.851064174694806441e-01,8.216489063376332069e+01,1.208971496437054611e+03,nan,nan,2.019129263913823991e+02,9.029608801955989748e+02,1.820760869565217490e+02,1.012979591836734699e+03
-2.380684904606411237e+03,-8.422815845943706563e+02,1.561163300051813962e+02,2.526863947795876530e-01,nan,nan,4.594648613797549785e+01,8.539196956889264811e+02,2.029366554054054177e+02,8.940494559841740738e+02,1.761541463414634165e+02,9.919232673267326845e+02
-2.365605710392008859e+03,-7.649820601655817427e+02,2.335833842672317076e+02,3.111502928842915794e-01,nan,nan,2.010281469898358253e+01,8.290798146240988444e+02,2.070111940298507420e+02,8.479724208375894250e+02,1.650628140703517488e+02,9.620193986420950978e+02
-2.451826578868897286e+03,-8.859946222515410454e+02,-1.876357528168738895e+02,4.446407265373049644e-01,nan,nan,1.390215449290593881e+02,8.530070721357850516e+02,2.131925925925926038e+02,9.538813291139240391e+02,1.969980709876543301e+02,9.807965953731994659e+02
-2.348422961391638182e+03,-8.714003802640327194e+02,1.427453633187241451e+02,9.399264728480273279e-01,nan,nan,6.200976863753213308e+01,8.659517335146158530e+02,2.181435114503816806e+02,9.100069589422407716e+02,1.979128966914247201e+02,1.003010543390105454e+03
-2.225866555978480392e+03,-1.243140035313206226e+03,3.528748062060746520e+02,5.217251946751982894e-01,5.400983606557377215e+01,1.337879492600422736e+03,4.191666666666666430e+01,1.020967808930425804e+03,nan,nan,2.610054347826086882e+02,1.196976263399693835e+03
-2.278742260332497608e+03,-1.456598185000928652e+03,-4.201467988549288179e+01,1.037476602965760497e+00,1.549085948158253814e+02,1.431933913043478242e+03,1.650292157867760068e+02,1.062798283261802680e+03,2.299033005211349234e+02,1.206029045643153495e+03,nan,nan
-2.393077579262304425e+03,-7.210456688364172351e+02,-1.226199581047266562e+01,7.281573075842816545e-01,1.529146531566640590e+02,1.168007976490344163e+03,nan,nan,2.310281810418445900e+02,8.632289803220036219e+02,1.861068100358423010e+02,9.199798657718121149e+02
-2.257283035347214536e+03,-1.298825235316447333e+03,1.005441895205789820e+02,2.391069734578552541e-01,nan,nan,1.202264918625678121e+02,1.019960072595281304e+03,2.349513778182646320e+02,1.121228806228373742e+03,2.841377393452748379e+02,1.188227710843373416e+03
-2.226824127553808012e+03,-1.365621509586379261e+03,1.400584879349771654e+02,3.372389923408077306e-01,1.171937377690802293e+02,1.390973466003316844e+03,1.190930232558139465e+02,1.047992114695340433e+03,2.400855874041178879e+02,1.151958481012658240e+03,nan,nan
-2.329891656796529787e+03,-7.957485847434511470e+02,7.260667631968934188e+01,8.948531190739285046e-01,1.410608545533016809e+02,1.188135683244809343e+03,8.600491400491399929e+01,8.340971250971250583e+02,2.450805408583186420e+02,8.879789555728760888e+02,nan,nan
-2.207144333623641160e+03,-1.425884892468019871e+03,1.296559945673454877e+02,8.255391588640813572e-01,nan,nan,1.307813462384513912e+02,1.069050233644859873e+03,2.458628652214891588e+02,1.182228631358154189e+03,3.158535534816941777e+02,1.245998947368421113e+03
-2.210999953468339299e+03,-1.390692261991777741e+03,1.294019597119022933e+02,1.068307423437279136e+00,nan,nan,1.279143482338230626e+02,1.056988960441582321e+03,2.489827378562826254e+02,1.165894760820045576e+03,3.089926850258175364e+02,1.230079186730872152e+03
-2.268552057958101614e+03,-8.984606919536182659e+02,1.730492864232298302e+02,3.253724626593947344e-01,1.209743589743589780e+02,1.216940586972083111e+03,7.587298636926890083e+01,8.790008802816901152e+02,2.540109809663250360e+02,9.240089047195012881e+02,nan,nan
-2.395056927688011001e+03,-1.010980608611531011e+03,-3.535009564955626615e+02,1.291090038708949950e-01,2.359184268026220082e+02,1.284981465880370706e+03,2.078658536585365937e+02,8.890308764940239143e+02,nan,nan,2.589218616567036975e+02,1.015974773609314411e+03
-2.340059400080084288e+03,-6.584825010808566503e+02,1.804411359578450913e+01,4.357863841352604406e-01,1.620266971777269305e+02,1.144123669123669060e+03,9.570265914585012013e+01,7.820206677265500730e+02,2.589499258160237218e+02,8.340623955431755121e+02,nan,nan
-2.410522465819052741e+03,-6.247193013363771570e+02,-2.279149286904878124e+02,8.863745778248359741e-01,nan,nan,1.520102102102102037e+02,7.609986928104575554e+02,2.598861031518624713e+02,8.511461769115442166e+02,2.040086730268863846e+02,8.599538878842676013e+02
-2.291042004607900253e+03,-8.894764654365288834e+02,3.793343311390366779e+01,9.999926099276460478e-01,1.570142764438676295e+02,1.222913995308834956e+03,1.141688481675392666e+02,8.689123376623376771e+02,2.610275362318840848e+02,9.349956709956710483e+02,nan,nan
-2.292128673023792999e+03,-7.972970091418249012e+02,7.046558265824062062e+01,3.168242491871809952e-01,nan,nan,9.915242794079459543e+01,8.369112804128778862e+02,2.639017644253695494e+02,8.899132052076874970e+02,2.311203656678517007e+02,9.589834024896265419e+02
-2.314536745139386767e+03,-6.704480567179103900e+02,5.280542248296580965e+01,2.531479753032496727e-01,1.580595174262734588e+02,1.145027534418022469e+03,nan,nan,2.660238505747126396e+02,8.349481737413623250e+02,2.120308270676691791e+02,8.990551782682513249e+02
-2.180559073100700516e+03,-1.313999969875415673e+03,1.208587135081981501e+02,6.265513276592854508e-01,nan,nan,1.361209987195902613e+02,1.029029350104821788e+03,2.710058823529411711e+02,1.130918006430868218e+03,3.211611859838274654e+02,1.194127698951264620e+03
-2.200334715671186132e+03,-7.810560295201076997e+02,3.920185223089580404e+02,5.316857548782766285e-01,nan,nan,1.521044045676998380e+01,8.471702898550724967e+02,2.711625708884687924e+02,8.410745052386496354e+02,2.322142156862745139e+02,9.790870602265950993e+02
-2.341434196809782861e+03,-7.727525382704905041e+02,-1.663533234054925742e+02,9.381874189344127091e-01,nan,nan,1.589129181084198308e+02,8.179752130131680588e+02,2.719849272349272269e+02,9.080237623762376415e+02,2.401076130509444795e+02,9.280107310529846245e+02
-2.239061073957738699e+03,-8.436705424219921952e+02,1.808179963305447870e+02,4.186105853634297103e-01,1.299130088847632862e+02,1.195799793449395111e+03,8.009019402202412152e+01,8.599569209039548241e+02,2.729222412807318392e+02,8.990095307917888476e+02,nan,nan
-2.092715183661543506e+03,-1.345927322219590678e+03,4.353930868180750053e+02,5.091950067948031178e-01,6.019923208191126207e+01,1.371982058047493410e+03,nan,nan,2.771101771239867730e+02,1.121953680727874371e+03,3.281861676930364524e+02,1.251043323442136398e+03
-2.296276372799147794e+03,-1.053338811656324424e+03,-2.158741252462482123e+02,3.622688735398515436e-01,2.221464208242950065e+02,1.290923076923076906e+03,1.969474576271186379e+02,9.130487106017192218e+02,2.781471698113207367e+02,1.037943925233644904e+03,nan,nan
-2.316288345576857864e+03,-7.298981705870237420e+02,-9.098141384877752103e+01,3.974965385652147742e-01,1.973030371203599600e+02,1.175001677289500094e+03,nan,nan,2.788986543313708921e+02,8.809464805119255288e+02,2.371729291204099184e+02,9.149453253143794882e+02
-2.163918229767842604e+03,-1.488490725447442173e+03,-5.736340523761306542e+01,8.129061974740615648e-01,1.920985810306198687e+02,1.440032674118658633e+03,2.021005385996409416e+02,1.076019920318725099e+03,2.880333591931729984e+02,1.229024146544546284e+03,nan,nan
-2.271115986257177610e+03,-7.594425698665220352e+02,-2.523864840192331371e+01,3.150685187527752507e-01,1.890993071593533443e+02,1.178977443609022657e+03,1.341684088269454094e+02,8.196984126984126533e+02,2.899900064474532542e+02,8.880030975735674019e+02,nan,nan
-2.209442100553077580e+03,-6.478801410163727041e+02,2.593401606693839767e+02,4.518859770835693124e-01,1.250158995815899630e+02,1.118155595996360262e+03,5.299120304327151842e+01,7.893882944228274710e+02,2.949791929382093372e+02,7.999460343417824788e+02,nan,nan
-2.427357008894492992e+03,-6.785931531321386956e+02,-6.003842528050897727e+02,5.248958979108965250e-01,nan,nan,2.558643570170287660e+02,7.699433681073024900e+02,2.970963696369636864e+02,9.190230591852421185e+02,2.549714950552646826e+02,8.589176626826028951e+02
-2.427349196715329072e+03,-1.104184710270084679e+03,-8.491241494011824216e+02,9.336146297940510763e-01,3.490307053941908748e+02,1.332962343096234235e+03,nan,nan,2.979513137557959794e+02,1.108956702747710324e+03,3.170765262252794514e+02,1.007000613873542079e+03
-2.175693332333104081e+03,-7.632030930179649886e+02,2.969146661815905759e+02,3.212953059691769364e-01,1.160711430855315740e+02,1.155816812053925560e+03,5.603298774740810728e+01,8.369465648854961728e+02,2.979859437751003952e+02,8.490139906728846881e+02,nan,nan
-2.172449047656197308e+03,-9.406339505634109628e+02,1.896042232077977019e+02,7.866677262160882700e-01,nan,nan,1.009820652173913089e+02,8.989769408147578815e+02,2.989842519685039406e+02,9.469814941740918357e+02,2.859885367498314395e+02,1.033011021307861938e+03
-2.287250043626112074e+03,-8.149681576239594278e+02,-1.982138166653020619e+02,4.169677269903973582e-01,2.318112156043190453e+02,1.208901772151898740e+03,nan,nan,2.999134675896790441e+02,9.329779627815867116e+02,2.728724489795918089e+02,9.429393451422437238e+02
-2.387558728066033382e+03,-7.476443326267722114e+02,-5.329331998307552567e+02,3.558450306504147842e-01,2.970039277297722151e+02,1.207952972493345214e+03,nan,nan,3.011606268364348580e+02,9.400113840623127999e+02,2.680527549824150242e+02,8.909895470383274869e+02
-2.190697481315943151e+03,-1.135021173011879455e+03,-5.712294241441783527e+01,1.198521098070359642e-01,2.021352345906163634e+02,1.310972364380757426e+03,1.820342342342342477e+02,9.539942528735632550e+02,3.029940983606557552e+02,1.063013353115727114e+03,nan,nan
-2.434220651012665257e+03,-8.895401495514547605e+02,-8.031086831175873613e+02,6.002091043451148744e-01,nan,nan,3.110742024965326209e+02,8.300586025544703261e+02,3.040699404761904816e+02,1.022005658852061401e+03,2.949387166546503067e+02,9.290924731182795995e+02
-2.178708614733764534e+03,-8.307394031485482628e+02,1.940792803742255614e+02,6.300327277952176841e-01,nan,nan,9.293944099378882129e+01,8.580566419420094917e+02,3.041091885441527438e+02,8.950586890243902189e+02,2.738939929328622043e+02,9.819672016748080523e+02
-2.298450420136279263e+03,-9.933702266118785928e+02,-3.954155576070372717e+02,1.042990486337526529e-01,nan,nan,2.450740540540540451e+02,8.839459824442943727e+02,3.050011627906976628e+02,1.029928020565552742e+03,3.079579974543911476e+02,1.001105178857447981e+03
-2.370409457933607428e+03,-6.377331041860925325e+02,-4.642561769956060971e+02,8.208069140258761331e-01,nan,nan,2.329771739130434867e+02,7.610548847420417360e+02,3.079497063142437696e+02,8.890151597184624279e+02,2.590057424118129461e+02,8.489374478732277112e+02
-2.223354003435992581e+03,-5.981245069070646423e+02,1.213465076461804699e+02,2.934411075393490442e-01,1.670574018126888234e+02,1.111996587030716682e+03,9.376746203904555443e+01,7.659709429824561084e+02,3.089682068673166668e+02,7.980109465550547156e+02,nan,nan
-2.325898066411501986e+03,-7.816568867539056100e+02,-3.957119988726093425e+02,3.593514325186682457e-01,2.760748829953197969e+02,1.210115823817292039e+03,nan,nan,3.090053705692803305e+02,9.410485664131070962e+02,2.800838165524512533e+02,9.129710691823898969e+02
-2.386095063080053933e+03,-1.110032817421134268e+03,-8.132482983453173802e+02,4.251279173686220436e-01,nan,nan,3.319485172981878236e+02,8.990169769989047381e+02,3.099951593384429316e+02,1.110027411702688369e+03,3.311605951770138745e+02,1.010979047619047606e+03
-2.248931740478276424e+03,-7.729988746918027118e+02,-1.207695572815606511e+02,3.747876496754118381e-01,2.221342894393741858e+02,1.189071069633883781e+03,1.709173902839708887e+02,8.210104814936128150e+02,3.119119769119769217e+02,9.079469320066334603e+02,nan,nan
-2.128771456925423990e+03,-1.088047870306595314e+03,1.449774448056480765e+02,1.838642710307393513e-01,nan,nan,1.350079006772008938e+02,9.519988505747126055e+02,3.138749685534590981e+02,1.023185231539424308e+03,3.261281161249605702e+02,1.093984295415959195e+03
-2.334652478409362629e+03,-1.060741165582924623e+03,-6.779223445784855357e+02,5.366391809222116338e-01,nan,nan,3.110452403393025520e+02,8.909483707151925955e+02,3.189841628959276250e+02,1.082069896743447089e+03,3.331045119705340767e+02,1.002957470621152765e+03
-2.197818498755058499e+03,-9.466272020400580232e+02,-1.094222065525215726e+02,8.951073368889357340e-01,2.250561160151324032e+02,1.247967767608436134e+03,1.889159381304640135e+02,8.850365957446808807e+02,3.211188118811880940e+02,9.829765291607396875e+02,nan,nan
-2.230444296361735269e+03,-6.747836036613387023e+02,-5.917666348980903734e+01,8.161784221885967083e-01,2.141658536585365766e+02,1.150008784773060142e+03,nan,nan,3.211434614028903525e+02,8.590187891440500607e+02,2.711194554238032310e+02,8.889669250645995362e+02
-2.082312624804701954e+03,-8.096785159785479209e+02,4.777935449654708009e+02,4.697392436349104305e-01,nan,nan,2.289329131022062214e+01,8.669742876997914891e+02,3.220043804755944734e+02,8.489589783281734299e+02,2.870718921617573756e+02,9.970188797986154441e+02
-2.351692939553895485e+03,-7.427259346470659693e+02,-5.965705291905491094e+02,4.418546131221247619e-01,nan,nan,2.769765984120351163e+02,7.930428073668491606e+02,3.250108225108224929e+02,9.470945054945054835e+02,2.930341726618705138e+02,8.830622533976326167e+02
-2.370122028612111990e+03,-7.640399642224784884e+02,-6.870492008881003585e+02,2.520782146623736231e-01,3.380264264264264398e+02,1.220043918918918962e+03,2.960831422018348462e+02,7.969927726675426811e+02,nan,nan,2.979022988505747094e+02,8.858952603861907846e+02
-2.431650047689424810e+03,-8.355433703942745751e+02,-9.597095164268915823e+02,3.290071806573195423e-01,nan,nan,3.470924120389995551e+02,8.088823823823823886e+02,3.290431472081218089e+02,1.016144173441734438e+03,3.120442857142857065e+02,8.968915492957746665e+02
-2.095932200199707040e+03,-1.041036316525046686e+03,1.760829347881468152e+02,2.836230721579230951e-01,nan,nan,1.330627413127413092e+02,9.380612870275791693e+02,3.310403337969402173e+02,9.990269023827825094e+02,3.351100840336134183e+02,1.074963133640552996e+03
-2.137396326387814042e+03,-7.744029636476965379e+02,1.784230488452103032e+02,6.438726929731134474e-01,1.650350039777247275e+02,1.167953244274809094e+03,1.081420118343195327e+02,8.369816593886463352e+02,3.311061728395062005e+02,8.730150266602036027e+02,nan,nan
-2.166256182377171172e+03,-7.339655361639700004e+02,6.895936373778731365e+01,4.475176806291509268e-01,1.921111111111111143e+02,1.161007431874483927e+03,nan,nan,3.329542168674698814e+02,8.689940119760478865e+02,2.900055350553505491e+02,9.249683818970861466e+02
-2.303247895753875127e+03,-1.033011442566275718e+03,-6.759069657639444131e+02,4.115092262447365701e-01,nan,nan,3.181187831965233954e+02,8.839414990859231693e+02,3.349630476190476429e+02,1.072004754358161563e+03,3.440027758501041149e+02,9.909846715328467326e+02
-2.158469329775060487e+03,-6.751814348152162211e+02,9.611126420940026094e+01,2.716635770366263025e-01,1.888857142857142719e+02,1.137927049180327913e+03,1.252410841654778864e+02,7.958442622950819896e+02,3.380286458333333144e+02,8.400431115276476248e+02,nan,nan
-2.266699282361463247e+03,-7.319863985899804675e+02,-4.127054634607748653e+02,7.460432417640475156e-02,nan,nan,2.499543808834178265e+02,7.968478437754271226e+02,3.420912529550827230e+02,9.259030732860520629e+02,3.059450207468879626e+02,8.891072400653239356e+02
-2.136398950835595770e+03,-7.493597647750706301e+02,8.863171950749378425e+01,4.412994715426192815e-01,1.931448598130841106e+02,1.163940657578187711e+03,1.379388560157790948e+02,8.239686985172982077e+02,3.438776160145586687e+02,8.749929123711340253e+02,nan,nan
-2.147836136217551484e+03,-7.430504957148725680e+02,3.574081982497494892e+01,4.092051279726088286e-01,2.061624915368991253e+02,1.165973429951690832e+03,1.509486191393705781e+02,8.189641666666666424e+02,3.449323929961089448e+02,8.789437420986093912e+02,nan,nan
-2.458186879277715434e+03,-1.120770118599530178e+03,-1.368671179050595583e+03,3.542230712564392037e-01,4.490171350239890558e+02,1.353959561343385985e+03,4.308987400839944257e+02,8.760337601862630663e+02,nan,nan,3.688684321143337570e+02,9.699670804101457406e+02
-2.078735442489699381e+03,-8.445430377299049951e+02,2.593036816882303128e+02,7.998537243402813468e-01,nan,nan,1.022512972572275771e+02,8.699315714959886918e+02,3.470289645184648748e+02,8.979546599496221688e+02,3.181836363636363672e+02,9.909596727060198873e+02
-2.303229710931520913e+03,-7.238674003226079776e+02,-5.845645331582127255e+02,3.073643369798515490e-01,nan,nan,2.860671140939597308e+02,7.879780893952672614e+02,3.471392020815264345e+02,9.410222841225627235e+02,3.110385894876912971e+02,8.749603174603174693e+02
-2.086642497716714388e+03,-7.280074341760855532e+02,2.868944660877700130e+02,3.850939965594601944e-01,1.481304012345678984e+02,1.140996299722479080e+03,nan,nan,3.479853008727606607e+02,8.389440518256773203e+02,3.030796665122741729e+02,9.380616472966144102e+02
-2.302016700924694760e+03,-6.878325099370516682e+02,-5.679499740587817769e+02,8.139093402330892235e-02,nan,nan,2.809978197674418539e+02,7.769676616915422755e+02,3.480839964633067893e+02,9.249613259668508363e+02,3.071433427762039514e+02,8.609666439754935254e+02
-2.120403449278527205e+03,-1.273093626448996929e+03,-2.459037702269351371e+02,7.890362162153543579e-01,nan,nan,2.620692943420216352e+02,9.910155520995334655e+02,3.500331210191083073e+02,1.144868918918919007e+03,3.898598785614199187e+02,1.126030839895013060e+03
-1.971087585070427167e+03,-1.341675676877787510e+03,3.574100789610708375e+02,4.910928813228572776e-01,nan,nan,1.231377930245854770e+02,1.068020465772759280e+03,3.528868003341687540e+02,1.133057025547445164e+03,4.001002277904328253e+02,1.231125484120836518e+03
-2.354965912790089078e+03,-9.457534114052858740e+02,-9.652915309632360277e+02,3.815422519130833301e-01,nan,nan,3.709353169469599152e+02,8.439837685250529375e+02,3.530860495436766655e+02,1.059916574585635317e+03,3.518811795316565281e+02,9.359819030939871709e+02
-2.369968167415303924e+03,-9.646239275358335590e+02,-1.056547919711470740e+03,8.111169444765199688e-02,nan,nan,3.870910987482614587e+02,8.459708201892744910e+02,3.560872483221476728e+02,1.074011147540983529e+03,3.579854545454545587e+02,9.360022611644997141e+02
-2.310792224783985603e+03,-6.480440041499937252e+02,-6.566827332902445278e+02,8.065953102040501754e-01,nan,nan,3.000068027210884338e+02,7.610588235294117112e+02,3.569671052631579187e+02,9.200343558282208960e+02,3.129220937309798956e+02,8.389829181494661725e+02
-1.971035640969922952e+03,-1.199963072747807018e+03,4.013578751186023510e+02,3.118181355611793215e-01,nan,nan,1.029278267842822743e+02,1.018959024390243940e+03,3.589832094687586164e+02,1.056891137473831122e+03,3.850092592592592382e+02,1.171955056179775283e+03
-2.111646951067812097e+03,-7.117836028467028200e+02,7.459023920979701927e+01,6.167224854601762729e-01,2.070386266094420478e+02,1.151878734622144066e+03,1.479140341791817832e+02,8.100485883125410282e+02,3.609095931692616546e+02,8.610163599182004646e+02,nan,nan
-2.275197358410719062e+03,-7.247937488771677863e+02,-6.060744805463269813e+02,4.934266455520428529e-01,3.450732240437158680e+02,1.200984025559105476e+03,nan,nan,3.609790882475951435e+02,9.449934445768772093e+02,3.270707964601770072e+02,8.729683698296837520e+02
-2.268496579207302148e+03,-4.894996185680377607e+02,-4.318784897282506563e+02,8.139775031265851224e-01,3.131229314420803576e+02,1.117008333333333439e+03,nan,nan,3.610605115408608867e+02,8.319627906976744498e+02,2.911342567927543996e+02,7.838600114744692746e+02
-2.238870815890672020e+03,-7.137618628612871134e+02,-4.632465082835169028e+02,7.225722397625941595e-02,nan,nan,2.709117043121149777e+02,7.898626577579807417e+02,3.619855177407675342e+02,9.259513381995134296e+02,3.239401586157173938e+02,8.769942763695829626e+02
-2.427874082961318891e+03,-8.561930814531831402e+02,-1.256618660911130519e+03,4.081253428045719112e-01,4.419901656314700062e+02,1.272976033553025673e+03,4.119929002484913099e+02,8.059827503593675146e+02,3.629344804765055983e+02,1.049001464128843281e+03,nan,nan
-2.107914734246173794e+03,-6.168711750717087625e+02,1.334970254789067212e+02,6.828134910995661278e-01,1.950479233226837152e+02,1.114104414856341918e+03,1.260616161616161577e+02,7.760308510638298003e+02,3.639101184068891257e+02,8.108873697916666288e+02,nan,nan
-2.249364022887972624e+03,-6.040732814556762378e+02,-4.718757797227569313e+02,4.749422290235567612e-01,nan,nan,2.669118889559445051e+02,7.528918918918918735e+02,3.660868327402135378e+02,8.830172131147540995e+02,3.129262734584450527e+02,8.300474732006125578e+02
-2.344129704962955202e+03,-7.453001076084474334e+02,-9.363548403564760747e+02,4.894152947990957903e-01,nan,nan,3.621577464788732641e+02,7.839250559284116662e+02,3.680304837640821916e+02,9.839475627769571702e+02,3.401581836327345059e+02,8.619545719277809894e+02
-2.055424074558585744e+03,-6.945115315767518496e+02,2.760852971960298987e+02,2.984737771555601715e-01,1.629899635036496477e+02,1.128105405405405463e+03,nan,nan,3.680377358490566166e+02,8.269817030260379624e+02,3.181680185399767993e+02,9.199759162303664652e+02
-2.087775200534412306e+03,-7.836174066923276769e+02,5.633199092402384167e+01,3.278379220312646058e-01,nan,nan,1.639961868446139306e+02,8.369818365287587767e+02,3.690426110607434111e+02,8.969364791288566039e+02,3.351212981744421882e+02,9.439699525566684315e+02
-2.312534529984373421e+03,-8.612843909231672797e+02,-8.982702483165678586e+02,3.594149457569503769e-01,nan,nan,3.640403836446239438e+02,8.221134408602150643e+02,3.691016613924050489e+02,1.024979514824797889e+03,3.559459843638948087e+02,9.069945482866044131e+02
-1.929542891683538528e+03,-1.468068473868106594e+03,3.108245722705682397e+02,2.840181313147214226e-01,1.480588673621460600e+02,1.421147807637906681e+03,1.569104347826086894e+02,1.112923154701718886e+03,3.699819819819819600e+02,1.201998319327730997e+03,nan,nan
-2.023938432607983714e+03,-1.332602985831575324e+03,-4.190417630797612958e+01,9.934063261523622401e-01,nan,nan,2.328873239436619826e+02,1.029101494885916509e+03,3.700205549845837822e+02,1.160137362637362685e+03,4.159056720098643609e+02,1.172994728915662563e+03
-2.106050049607479650e+03,-6.478852509963844568e+02,6.138790455210855157e+01,2.704747090709333501e-01,2.159525731584258210e+02,1.129002277904327912e+03,1.511146304675716578e+02,7.859572052401746305e+02,3.700486153846154025e+02,8.361051930758987965e+02,nan,nan
-2.026776549031925015e+03,-1.175082442448805295e+03,3.613930108230960769e+01,1.036526026756896396e-01,2.200279823269513884e+02,1.317833431430253086e+03,nan,nan,3.710827205882353041e+02,1.079994633273703130e+03,3.959905231235784413e+02,1.114895030709101093e+03
-2.191883611704422037e+03,-8.326366990517647082e+02,-4.351984049411533988e+02,2.050799058581489476e-01,nan,nan,2.798661360347322784e+02,8.319957410562180939e+02,3.711199776785714448e+02,9.728769958604376598e+02,3.499852448021462124e+02,9.270529706513958672e+02
-2.407421231548489686e+03,-1.065098269168665183e+03,-1.416623570559051814e+03,3.858555406258162290e-01,nan,nan,4.509890829694323315e+02,8.599679066374908416e+02,3.739408633944411804e+02,1.132966429954809655e+03,3.899566837447601415e+02,9.461010101010100470e+02
-2.172397766785721160e+03,-1.118872163981431868e+03,-5.856904211318079660e+02,6.778347425787200065e-01,nan,nan,3.331152375750955912e+02,9.190722610722610852e+02,3.760732356857523087e+02,1.103983183856502137e+03,3.952188564937523552e+02,1.028956676860346533e+03
-2.296040922042784132e+03,-1.035308225227713592e+03,-1.011144338188217716e+03,6.168517996900187983e-01,nan,nan,3.979249266862170202e+02,8.700042342978123315e+02,3.761431535269709343e+02,1.099089781746031804e+03,3.869976580796252961e+02,9.639708737864077648e+02
-2.302171416778569437e+03,-9.326682763497938140e+02,-9.709734071438776937e+02,4.683100959173993050e-01,nan,nan,3.849372134038800937e+02,8.410009601536245327e+02,3.769443298969072202e+02,1.058099463966646908e+03,3.728869298581832368e+02,9.289267771245323502e+02
-2.290328684258708108e+03,-9.048895709968153369e+02,-9.111717315621558555e+02,6.078139552923059741e-01,4.050353276353276328e+02,1.270907361963190169e+03,nan,nan,3.769889793962625504e+02,1.042943770672546862e+03,3.689244917715391807e+02,9.229419588875452973e+02
-2.205042597635503625e+03,-6.741987187427461095e+02,-4.347322401895277153e+02,4.476179948629870342e-01,3.230052029136316492e+02,1.173178051511758213e+03,nan,nan,3.769928666963887736e+02,9.089839802834258080e+02,3.328476070528967057e+02,8.610952380952380736e+02
-1.975402240201148743e+03,-1.421155195946266531e+03,2.814650148900936344e+01,3.795824525467664246e-01,2.259620123203285402e+02,1.409991692627206703e+03,2.290596868884540243e+02,1.067924947145877468e+03,3.789394124847001422e+02,1.197875152253349597e+03,nan,nan
-2.088157177467700876e+03,-6.722250075931038964e+02,3.933558192477532600e+01,4.515193580517342098e-01,2.260129870129870255e+02,1.138032798325191834e+03,1.650062252405206493e+02,7.950182926829268126e+02,3.791888790820829627e+02,8.509512624779799808e+02,nan,nan
-2.021380442249080488e+03,-9.177419449755888081e+02,1.661211904580163718e+02,2.576589913157722456e-01,nan,nan,1.539790969899665640e+02,8.939139264990328684e+02,3.800044020542920293e+02,9.469704890387857859e+02,3.650793650793650613e+02,1.014034905082669979e+03
-1.941399300723146780e+03,-1.147917591436127623e+03,3.898743208871680963e+02,4.000335700689216512e-01,nan,nan,1.140132275132275197e+02,9.988139183055975536e+02,3.809544770504138569e+02,1.034108369617803646e+03,3.971523122613491523e+02,1.144888011840157787e+03
-1.948916543915746843e+03,-1.425029087666902797e+03,1.347686367329764039e+02,7.383949206330210346e-01,1.999007832898172410e+02,1.408028239202657915e+03,2.060828840970350484e+02,1.079986677115987504e+03,3.810072150072149952e+02,1.193049766718507044e+03,nan,nan
-2.120716128392281462e+03,-6.533879728236877327e+02,-1.150405848648801452e+02,2.615536412033792613e-01,2.620878938640132674e+02,1.143873619631901875e+03,2.020922953451043327e+02,7.819557603686636185e+02,3.819533826037521180e+02,8.629001358695652470e+02,nan,nan
-2.087843327114994736e+03,-5.880391468596837967e+02,6.981733732588337205e+01,6.432085094312277596e-01,2.221369863013698591e+02,1.106955384615384673e+03,1.510224101479915362e+02,7.640270562770563174e+02,3.828472495088408891e+02,8.100467233009708252e+02,nan,nan
-2.235859929606192964e+03,-6.548105466913534656e+02,-6.103957461253429528e+02,1.026564940544308469e+00,nan,nan,3.089587528418317675e+02,7.660045248868777890e+02,3.829992647058823536e+02,9.200156765676567829e+02,3.410528634361233458e+02,8.429869918699187110e+02
-2.454662880716630298e+03,-1.073474325159378850e+03,-1.677547707468271938e+03,7.692355775970501908e-01,5.050204819277108186e+02,1.349020539152759966e+03,nan,nan,3.838972267536704521e+02,1.149025310630464901e+03,3.979704861111110858e+02,9.319906015037594216e+02
-2.006571583858245504e+03,-8.460214836733864558e+02,2.533426245545209952e+02,3.498314120944165384e-01,nan,nan,1.271543209876543159e+02,8.719293002915452462e+02,3.841107087428866862e+02,9.029660452729693816e+02,3.570330237358101044e+02,9.889410898379970831e+02
-2.141600910406572893e+03,-1.105001935212130320e+03,-5.385718412500348222e+02,8.711878067514765567e-01,nan,nan,3.289829333333333352e+02,9.179222074468085566e+02,3.859783808647654268e+02,1.095980542452830150e+03,4.020128504672896952e+02,1.026960755813953483e+03
-1.950213636908049693e+03,-1.346466560813884143e+03,1.299503531049732317e+02,7.610212854182840658e-01,2.060921985815602966e+02,1.379037992831541260e+03,2.030317152103559977e+02,1.050861335289801900e+03,3.870720919946926415e+02,1.154961434003259001e+03,nan,nan
-1.987253390696804217e+03,-1.282703603470242570e+03,-9.162954433700846835e+00,4.637798980228535761e-01,nan,nan,2.319778516057585875e+02,1.015996411483253610e+03,3.879362307067424922e+02,1.135927169421487633e+03,4.270302760463045502e+02,1.153931593159315980e+03
-2.158875359690588539e+03,-7.505000694038582196e+02,-4.075930810256742802e+02,1.331608945096070251e-01,nan,nan,2.790423197492162899e+02,8.059787234042553337e+02,3.890073782587309665e+02,9.379571788413097693e+02,3.559982046678635470e+02,8.939491525423728717e+02
-1.939438696329525101e+03,-1.333483545743172272e+03,1.439947763182304072e+02,2.962281107857147600e-01,2.051722319859402432e+02,1.371893183415319754e+03,2.020365641323273280e+02,1.048045261669024057e+03,3.920077519379844944e+02,1.148898018366360475e+03,nan,nan
-1.935555624269492455e+03,-9.292309054811554461e+02,4.583649261608096026e+02,7.026743243432097552e-01,nan,nan,8.310823689584751151e+01,9.188811795316565849e+02,3.929705426356588873e+02,9.180183086312118803e+02,3.780212765957446663e+02,1.048010915197313125e+03
-2.012319521889894531e+03,-1.257152567330865395e+03,-1.608776541864071703e+02,4.585160961819932379e-01,2.781436227224008348e+02,1.354969309462915589e+03,2.678538840937114855e+02,9.950558867362145747e+02,3.929761668321747834e+02,1.135050654524758102e+03,nan,nan
-1.983133411459185481e+03,-8.331615315883145740e+02,2.921741063950714192e+02,8.505949585665790735e-01,1.720714285714285836e+02,1.177016191709844634e+03,1.209338001273074497e+02,8.698095238095238528e+02,3.930889227642276182e+02,8.920421760391197950e+02,nan,nan
-2.073797113321021698e+03,-1.162892114045494509e+03,-3.995204010534641270e+02,4.241799264822205817e-01,3.301021180030257369e+02,1.330097211155378545e+03,3.130333575054387438e+02,9.469728070175439143e+02,3.960229658792650866e+02,1.110930375426621140e+03,nan,nan
-1.873553546782457715e+03,-1.343801393553192383e+03,4.502936858454651201e+02,6.701756479229702412e-01,nan,nan,1.230419331911869278e+02,1.081860445912469004e+03,3.970946935041171173e+02,1.129993488876831179e+03,4.398535509483899659e+02,1.241882452193475729e+03
-2.075871855183578191e+03,-7.957947818934104589e+02,-1.609346632240497286e+02,1.876227863780449701e-01,2.810381029590595858e+02,1.193922194513715795e+03,2.341419667590027700e+02,8.329495033112582405e+02,3.971033283656234403e+02,9.309349497338852188e+02,nan,nan
-1.981076177410087439e+03,-9.552425530941064835e+02,1.594553410264462912e+02,1.502980246278159404e-01,nan,nan,1.699905778894472235e+02,9.089825258141381710e+02,3.980325242718446361e+02,9.670815375655212165e+02,3.890114942528735469e+02,1.028959555908009406e+03
-2.067267482952322553e+03,-5.928042478928628043e+02,6.617266121295428682e+00,3.318656412896601737e-01,2.460660818713450340e+02,1.113000000000000000e+03,1.780165853658536719e+02,7.649818181818181984e+02,3.990719512195121865e+02,8.220777626193724927e+02,nan,nan
-2.154220481337146794e+03,-7.535477625205792265e+02,-4.948874329792507751e+02,8.870145468451730020e-01,nan,nan,3.040732578916021680e+02,8.039965776865160478e+02,3.990902679830747388e+02,9.489922118380062557e+02,3.699761171032357652e+02,8.889975649350649292e+02
-1.944814413463904884e+03,-1.295296086336997860e+03,7.739807859772095355e+01,4.450567899823003604e-01,2.261142481943532516e+02,1.359924927113702552e+03,2.189798319327730951e+02,1.028095238095238074e+03,3.991071317346621186e+02,1.136216024340770900e+03,nan,nan
-2.054603771383591265e+03,-5.982499812815750602e+02,5.106484467233563151e+01,5.245747008398754518e-01,2.359934138309550065e+02,1.110977163461538566e+03,1.688463758819756322e+02,7.689971002485501685e+02,3.999865871833084725e+02,8.180457746478873560e+02,nan,nan
-1.890433043747498914e+03,-1.351255520781992345e+03,2.992022689763950325e+02,4.643309648241349952e-01,1.710709768095572656e+02,1.373996805111821004e+03,1.679063150589868201e+02,1.070069456066945577e+03,4.010388548057259754e+02,1.145917975567190297e+03,nan,nan
-2.278764659721339285e+03,-7.205720327315954137e+02,-9.895171275511296471e+02,5.002750855580787581e-01,nan,nan,3.901050920910075774e+02,7.768751418842224439e+02,4.019282296650717967e+02,9.830021691973969382e+02,3.720881147540983420e+02,8.470202020202019639e+02
-2.124903029646542109e+03,-7.665901043434149642e+02,-3.997337837954909787e+02,2.858750841748213811e-01,nan,nan,2.869495444989488533e+02,8.130015325670498214e+02,4.019529494382022676e+02,9.449802839116719042e+02,3.719384719405003352e+02,8.999448373408769157e+02
-1.908192470146936557e+03,-1.020996802339278133e+03,4.078990952298635193e+02,1.068678061878375773e+00,nan,nan,1.132474690663667047e+02,9.529751577287066766e+02,4.049377690802348297e+02,9.709504528502930043e+02,4.051085141903171802e+02,1.084840406455469292e+03
-1.910245939147427634e+03,-1.321531121305539955e+03,1.724769774833335418e+02,2.598891490332324028e-01,2.061497975708502111e+02,1.366018414731785469e+03,nan,nan,4.049656293543892502e+02,1.141986961451247225e+03,4.488812893081761217e+02,1.192021678710394553e+03
-1.877116786709052349e+03,-1.225016740463360520e+03,4.306235282119926069e+02,2.997505596204971812e-01,1.388534482758620641e+02,1.317047402005469394e+03,1.240548561151079099e+02,1.034988029465929912e+03,4.050517722023098486e+02,1.071168573943662068e+03,nan,nan
-2.240621641287352759e+03,-1.272560337395545730e+03,-1.221114256754686494e+03,1.023248097471036955e+00,nan,nan,4.589332579185520444e+02,9.309816607233825607e+02,4.059824465167306471e+02,1.201971232020012621e+03,4.439556860651361490e+02,1.027988778877887853e+03
-2.104275417338062653e+03,-1.010662800440725505e+03,-5.209423139187080096e+02,6.727696818269776058e-01,3.580960556844547682e+02,1.284066457352171710e+03,nan,nan,4.059894867037723998e+02,1.057963335729690925e+03,4.119583095374072172e+02,9.889337792642140812e+02
-2.179359785875703437e+03,-1.068773643707231486e+03,-8.592320534323145012e+02,5.710880926649916089e-01,4.159979253112033462e+02,1.317917621776504348e+03,nan,nan,4.060106022052586923e+02,1.105056613484302716e+03,4.199303691275167694e+02,9.839934924078090717e+02
-1.905353470217128688e+03,-1.340409828457519097e+03,1.633444945379920341e+02,6.022130705933362860e-01,2.091443883984867682e+02,1.372929798356982928e+03,2.070493915533285474e+02,1.053868907563025232e+03,4.069901729559748560e+02,1.152016790123456758e+03,nan,nan
-1.994539624099593311e+03,-1.011518322195287169e+03,-5.843730022552173153e+01,2.964875000630106672e-01,nan,nan,2.350810611643330788e+02,9.170117154811715636e+02,4.089925595238095184e+02,1.017005640612409366e+03,4.108905698436711873e+02,1.030942271880819362e+03
-2.061865506589844699e+03,-6.332556882992250848e+02,-1.196053370706496963e+02,4.098793046445358690e-01,2.809349206349206156e+02,1.136045000000000073e+03,2.198931013051584955e+02,7.759926524614254504e+02,nan,nan,3.590577259475218739e+02,8.600845253576072764e+02
-2.112671453835494503e+03,-9.674027917515774107e+02,-5.864259156127939150e+02,2.326677879229415991e-01,3.739923420548819308e+02,1.273007513661202211e+03,3.449856230031948598e+02,8.719312499999999773e+02,nan,nan,4.120510489510489265e+02,9.670683229813664639e+02
-2.041632092146325931e+03,-7.345029402206575924e+02,-1.048109888389336390e+02,2.276936912287042813e-01,2.780261026102610344e+02,1.168043158861340771e+03,2.252166196046792948e+02,8.139959514170039938e+02,4.120776479457218215e+02,8.998900928792569403e+02,nan,nan
-2.029194618172673017e+03,-6.557548068678246409e+02,4.376682932349800659e+00,3.199213500428459422e-01,2.539401896425966356e+02,1.133002608695652270e+03,1.930784844384303085e+02,7.891133574007220659e+02,4.128731343283582191e+02,8.520455182072829530e+02,nan,nan
-2.061234836940211153e+03,-8.221581051013910155e+02,-2.448782683817669295e+02,4.159883249383493631e-01,3.061706730769230944e+02,1.207031520395550160e+03,2.640811673506611896e+02,8.389417706476530157e+02,nan,nan,3.870422927100723314e+02,9.340372628726287303e+02
-1.972040183002077356e+03,-8.211644164201200056e+02,1.645194284541990726e+02,5.733075779491070278e-01,nan,nan,1.657781488549618416e+02,8.590269761606022030e+02,4.130234670704012387e+02,9.059983766233766573e+02,3.828692838654012007e+02,9.669743732590528680e+02
-2.091060145958329940e+03,-8.990182264300939323e+02,-4.512506109074202527e+02,4.830369202724909411e-02,nan,nan,3.140488006617038650e+02,8.561138411138410902e+02,4.130606568364611348e+02,1.006012183235867496e+03,4.020657894736842195e+02,9.498987951807229138e+02
-1.926724714154200683e+03,-6.903788008355246575e+02,4.822533941229689276e+02,9.788946663422883887e-01,1.360197368421052602e+02,1.105897689768976988e+03,nan,nan,4.139132183908046159e+02,7.999924981245311528e+02,3.629225137278828583e+02,9.310401579986832985e+02
-1.953626498899917578e+03,-1.302161276248303466e+03,-1.202200313068496769e+02,3.735195175331009754e-01,nan,nan,2.749529667149059264e+02,1.015147106109324795e+03,4.139763578274760221e+02,1.154937346437346378e+03,4.561034955448937467e+02,1.146961290322580680e+03
-2.245233326162728190e+03,-1.126640437715322832e+03,-1.233432030245822034e+03,4.332540424105186250e-01,nan,nan,4.569280045351474087e+02,8.890322372662798216e+02,4.139903329752953596e+02,1.149896551724137908e+03,4.360898536092882409e+02,9.758871657754010585e+02
-1.985552154140747461e+03,-1.215828532938814078e+03,-2.201868997447538732e+02,2.964720205720633994e-01,3.039550561797752835e+02,1.340896341463414728e+03,2.911273648648648873e+02,9.777756198347107102e+02,4.149891799544419086e+02,1.123068107400130884e+03,nan,nan
-1.872103812613210266e+03,-1.429172461282206086e+03,1.948735169623545573e+02,3.802293595652348479e-01,nan,nan,2.099821905609973385e+02,1.089985604606525840e+03,4.151458026509573074e+02,1.194025641025641107e+03,4.720048076923076792e+02,1.241024366471734993e+03
-1.850812414590487379e+03,-1.237971203680653844e+03,4.561740852760423195e+02,5.502152028232036862e-01,1.380997818974918232e+02,1.319959141274238164e+03,1.241576655052264755e+02,1.042956656346749241e+03,4.160564912280701719e+02,1.077064402293780404e+03,nan,nan
-1.920009603766720602e+03,-7.829234783522448424e+02,4.222658237346839201e+02,5.769807596989920961e-01,1.522869496855345801e+02,1.146020654044750472e+03,nan,nan,4.170028248587570374e+02,8.540156097560975468e+02,3.791120088138083020e+02,9.709628557645924047e+02
-2.051076662218034926e+03,-5.106185320742419549e+02,-4.126090987363924967e+01,7.974433039195826245e-01,2.679932088285229383e+02,1.087988326848249017e+03,nan,nan,4.170322736030828423e+02,7.950457474226803924e+02,3.469085529854760352e+02,8.090177165354331237e+02
-2.081831325469969215e+03,-7.418076332942173394e+02,-3.354405185501888127e+02,3.917041228039422340e-01,3.281072664359861619e+02,1.185963344051446938e+03,nan,nan,4.170688378978534274e+02,9.300236734693877452e+02,3.820842911877394386e+02,8.928642773207990331e+02
-1.912181172682387114e+03,-1.321383993233571118e+03,2.027167515159556643e+01,4.817676706094944361e-01,2.518744819419775069e+02,1.369900464499004556e+03,nan,nan,4.189818071558520387e+02,1.155055234425176650e+03,4.629878577623590559e+02,1.170996444444444478e+03
-1.983716689846986355e+03,-7.317208647819076077e+02,9.984830066118901470e+01,6.303705781470166913e-01,2.350957746478873105e+02,1.151953150242326274e+03,1.802144670050761306e+02,8.218941109852775071e+02,4.198790741615493403e+02,8.739776500638569132e+02,nan,nan
-2.108444517534677288e+03,-6.830589571211212387e+02,-4.392937083134361274e+02,3.661520455882938951e-01,3.500558015943312853e+02,1.174002827521206427e+03,nan,nan,4.200460081190798292e+02,9.170000000000000000e+02,3.779216904909881691e+02,8.619265498652291626e+02
-2.014604426097939495e+03,-5.633656204886552814e+02,3.401706175324546422e+01,4.544390610336863090e-01,2.539961977186311799e+02,1.098964999999999918e+03,1.850605002908667700e+02,7.560650176678444723e+02,4.239088451139435847e+02,8.080265984654731710e+02,nan,nan
-1.995713484182180764e+03,-6.160282099719630651e+02,8.974733056639490769e+01,8.585136263253495548e-01,2.410307692307692378e+02,1.111958751393533930e+03,1.740143149284253639e+02,7.768019017432646933e+02,4.240095313741064160e+02,8.250070237050043715e+02,nan,nan
-2.064924777069734319e+03,-1.053157125646499026e+03,-5.632718275764358395e+02,1.778559122413161386e-01,3.779747995418098299e+02,1.298947662247034259e+03,nan,nan,4.250091533180777787e+02,1.080036664992466058e+03,4.360510673922142928e+02,1.000981319322825470e+03
-2.053654676111177196e+03,-1.035176260449945403e+03,-5.017595723507325829e+02,5.113415370410073768e-01,3.671735537190082823e+02,1.289894316163410394e+03,3.409454669393319932e+02,8.999823076923076997e+02,4.250757971772085853e+02,1.068072395526780383e+03,nan,nan
-2.213900762893696992e+03,-1.175874233912997170e+03,-1.261383380228735859e+03,3.097890392852258867e-01,4.879653035935563707e+02,1.361984798413747512e+03,nan,nan,4.260589218554115973e+02,1.169978354978354901e+03,4.530396565821749846e+02,9.900225035161744245e+02
-1.984633101236290258e+03,-7.039823623371493113e+02,4.120350261310188245e+01,1.450291945909292501e-01,2.541363415817564260e+02,1.145906002265005554e+03,nan,nan,4.271322160148975513e+02,8.700463733650416316e+02,3.829879154078549846e+02,9.019516129032258505e+02
-1.912468552214232432e+03,-1.147982120978283547e+03,4.612684712507223850e+01,2.172387830894897676e-01,2.529771519659936132e+02,1.303980965329707715e+03,2.329616252821670344e+02,9.749953917050690961e+02,4.290169057377049171e+02,1.071881346263548267e+03,nan,nan
-2.224824482428819465e+03,-8.789411122462228150e+02,-1.153268896042098731e+03,2.481676339954320687e-01,nan,nan,4.420710312366281300e+02,8.210309644670051057e+02,4.299895543175487660e+02,1.056001514004542059e+03,4.208875057630244214e+02,8.939802867383513103e+02
-1.849534693418551569e+03,-1.357464900613060763e+03,2.145955514000947630e+02,4.956614575861886252e-01,2.100786838340486327e+02,1.376995133819951434e+03,2.080443425076452684e+02,1.066024349286313964e+03,4.300727482678983620e+02,1.159050593379138036e+03,nan,nan
-1.936319933393843939e+03,-1.114152079712471277e+03,-6.830738106469095783e+01,5.860666714520333942e-01,2.809337829552421795e+02,1.296920505200594334e+03,2.581243093922652179e+02,9.540191693290735202e+02,4.309887147335423379e+02,1.067077272727272657e+03,nan,nan
-1.881365562374822957e+03,-1.100961512480072770e+03,2.225760816117336560e+02,6.527468138515105656e-01,nan,nan,1.861094674556213135e+02,9.719376923076922594e+02,4.319805957911997893e+02,1.032999158249158199e+03,4.421080357142857338e+02,1.098038759689922472e+03
-2.378365629641582473e+03,-7.299143126119928411e+02,-1.722184359049471141e+03,3.835745423648273533e-01,5.360322580645160997e+02,1.254925110132158579e+03,5.050660621761658149e+02,7.580136239782016219e+02,nan,nan,4.112135389440668973e+02,8.150071301247771771e+02
-2.088431630457127085e+03,-1.049839365454836070e+03,-7.406037396071844796e+02,2.848418888679252747e-01,nan,nan,3.909611267605633884e+02,8.919304812834224094e+02,4.331392956074396352e+02,1.092113501144164729e+03,4.440240349599417300e+02,9.850321100917431068e+02
-2.022760694522605945e+03,-1.062830454514622716e+03,-4.607071034457919723e+02,2.120080279564880710e-01,nan,nan,3.400901960784313474e+02,9.118450413223140458e+02,4.331422434367541996e+02,1.076968392370572246e+03,4.439250457038391460e+02,1.013070034443168765e+03
-2.101437672690759427e+03,-9.438326325321304466e+02,-7.194716483073765403e+02,8.635598036736286121e-01,4.100217391304348098e+02,1.270928275044457678e+03,nan,nan,4.331482843137254690e+02,1.048098842815814805e+03,4.290549211528004321e+02,9.470199004975124808e+02
-1.865082326713612929e+03,-1.276753201874155366e+03,1.353516519890528684e+02,3.888647544362169306e-01,2.340882768361582009e+02,1.347994400000000041e+03,2.250119165839126083e+02,1.030002162162162222e+03,4.349827505827505547e+02,1.126008333333333439e+03,nan,nan
-1.862690126199159749e+03,-1.197764878273389741e+03,2.123530777677885339e+02,1.234291443956889722e-01,2.150224613944782277e+02,1.315062185929648194e+03,1.989394285714285786e+02,1.006987104337631877e+03,4.350594594594594469e+02,1.081024443237371088e+03,nan,nan
-1.933065951407724469e+03,-1.009031601675753791e+03,-1.454831626285680812e+01,3.641863440601280644e-01,2.711357093899931670e+02,1.257003949447077503e+03,2.399808558558558502e+02,9.199938080495355734e+02,4.351251758087200869e+02,1.014013942680092896e+03,nan,nan
-2.437950362758500432e+03,-1.271007048171711176e+03,-2.379419140228063043e+03,9.329743028003125715e-01,6.019832285115303421e+02,1.419970963172804431e+03,nan,nan,4.359623366641045550e+02,1.239989370400654025e+03,4.700712933753943048e+02,9.449904761904762154e+02
-2.046325814305740550e+03,-7.243053257289714111e+02,-3.711002045239492304e+02,4.484762405368561411e-01,nan,nan,3.000611979166666856e+02,8.010171258376768719e+02,4.370726544622425536e+02,9.281508379888267655e+02,4.020432066631962584e+02,8.820905902980713336e+02
-1.976014872830249942e+03,-1.087423992171595273e+03,-3.138481073487808999e+02,3.028745484522074594e-01,3.380374868004224140e+02,1.299001286173633389e+03,3.149684796044499535e+02,9.290058351568197850e+02,4.380362595419847480e+02,1.076017623649800953e+03,nan,nan
-2.091962462766195586e+03,-7.094963625853765734e+02,-5.762727782756021497e+02,1.997799795945412737e-01,nan,nan,3.409013499480789164e+02,7.890453095086152189e+02,4.388573315719947345e+02,9.440696744717304227e+02,4.030754430379747077e+02,8.629865853658536707e+02
-1.932525432801383886e+03,-1.112395722399793158e+03,-1.323346098978776126e+02,1.583977410189169044e-01,3.001412854661262486e+02,1.298997797356828187e+03,2.780692307692307850e+02,9.499883630721488998e+02,4.389450549450549488e+02,1.072003012048192659e+03,nan,nan
-1.923954006788246033e+03,-7.775186889367068943e+02,1.687852475695084138e+02,7.682122389340394486e-01,2.310646879756468763e+02,1.161997413347128713e+03,1.781656399726215056e+02,8.449618644067796822e+02,4.391019332161687316e+02,8.870086642599277411e+02,nan,nan
-1.955072895164475540e+03,-1.168000582371905466e+03,-2.998730430700848046e+02,4.792126479516803372e-01,nan,nan,3.200566202090592469e+02,9.580186640471513329e+02,4.410381436745072961e+02,1.110067073170731646e+03,4.640858717725558336e+02,1.070000858000857988e+03
-1.943993873997477976e+03,-7.287516392136614058e+02,7.420624433707101275e+01,7.430156277751088778e-01,2.559624838292367315e+02,1.152001567398119050e+03,1.990445979899497502e+02,8.210007440476190368e+02,4.421244813278008223e+02,8.780161812297734514e+02,nan,nan
-2.417105333881893785e+03,-1.251494873056248707e+03,-2.382722816056417741e+03,5.977645784094772763e-01,6.070455128205128403e+02,1.414977732793522364e+03,nan,nan,4.459581363943281644e+02,1.234942119944211981e+03,4.740598118279569917e+02,9.389225165562913844e+02
-1.988996214422930962e+03,-5.960103113747601355e+02,-1.025848180275865076e+02,4.299691683638124928e-01,2.989668246445497743e+02,1.118963110667996034e+03,2.350366022099447605e+02,7.651255924170616254e+02,4.469485002829654832e+02,8.439349195241427424e+02,nan,nan
-2.008789756737767220e+03,-9.574194255300975556e+02,-4.627261998831361325e+02,6.378186966599507235e-01,nan,nan,3.419925068119890739e+02,8.780147286821705848e+02,4.470183175033921543e+02,1.033966089466089443e+03,4.431936712569586803e+02,9.699889208042675364e+02
-1.940088631679933997e+03,-5.973134802982211795e+02,1.334772790431316309e+02,4.252031402745513056e-01,2.460887755102040728e+02,1.099984251968503941e+03,1.769075239398084705e+02,7.739275189167661892e+02,4.479552372426141460e+02,8.120018709073900709e+02,nan,nan
-1.997208027327701302e+03,-7.578074128817022483e+02,-2.836964327904970560e+02,3.526365235192295278e-01,3.371403385049365511e+02,1.185978107896794427e+03,2.912110773387369136e+02,8.167607843137254804e+02,4.489289050337312119e+02,9.340101781170483264e+02,nan,nan
-1.931040820849895681e+03,-7.313408678535660101e+02,6.381299601528385779e+01,3.358370442775344134e-01,2.620719086021505291e+02,1.151955112219451394e+03,2.069458515283842814e+02,8.220536028119507819e+02,4.490512939001848167e+02,8.820314579552328951e+02,nan,nan
-1.952309053440392745e+03,-5.919695321019121366e+02,6.274277886734397924e+01,8.509389755925825805e-01,2.630350584307178679e+02,1.103069395017793568e+03,1.952726662189388946e+02,7.689519607843137692e+02,4.490710811821923016e+02,8.209550191991223755e+02,nan,nan
-2.075574569661943769e+03,-7.025995856934755466e+02,-6.277185287748044402e+02,6.256763341129571998e-01,nan,nan,3.580109119251753782e+02,7.860198412698413222e+02,4.509395579612088341e+02,9.479457866823806853e+02,4.159618077657543154e+02,8.559207360226469063e+02
-1.949200705129334438e+03,-1.048593619620917252e+03,-3.030793369602180860e+02,2.274328281055613132e-01,3.440735600277585036e+02,1.283984674329502013e+03,nan,nan,4.520370084811102629e+02,1.060012084592144902e+03,4.599685404847859900e+02,1.020012870012870053e+03
-1.898300417714457353e+03,-1.266929645365715942e+03,-2.333363958684427644e+02,4.897402548705904191e-01,3.310077101002312929e+02,1.357991687448046605e+03,3.209109274563820122e+02,9.970532212885153740e+02,4.539746621621621898e+02,1.150005111821086302e+03,nan,nan
-1.971936406744475562e+03,-1.077418395638344464e+03,-4.354694241442894054e+02,3.516787534621494404e-01,3.710812949640287570e+02,1.300010534236267858e+03,3.479553805774278317e+02,9.189297177642500856e+02,nan,nan,4.649667752442996971e+02,1.019974433893352852e+03
-1.960522749234786716e+03,-8.592002579716029231e+02,-2.392320242687480913e+02,5.987387892388560395e-01,nan,nan,2.921277809469480644e+02,8.550310026385224091e+02,4.550454545454545610e+02,9.730377659574468225e+02,4.349927745664739973e+02,9.469300291545189339e+02
-1.821265881545762113e+03,-1.321389843869259266e+03,7.941753818029407341e+01,5.628991770621886159e-01,2.629709543568464483e+02,1.366011918951132202e+03,2.560250865051903020e+02,1.042966793168880486e+03,4.590434599156118338e+02,1.154024157020634220e+03,nan,nan
-1.959605891342858513e+03,-8.217013546991219073e+02,-2.634693569088429399e+02,3.438071659777683364e-01,nan,nan,2.981550648103696517e+02,8.409268592501537114e+02,4.599572808320950799e+02,9.598776470588235270e+02,4.358813043478260738e+02,9.289914089347079198e+02
-1.813051813050702549e+03,-1.423731230480790600e+03,3.746537229649255352e+01,7.137659013294975763e-01,2.720292887029288522e+02,1.406987206823027691e+03,2.748915555555555557e+02,1.075066863323500456e+03,4.599893048128342343e+02,1.206012658227848078e+03,nan,nan
-1.909256701332556986e+03,-6.983156994534459727e+02,8.507028509058633858e+01,4.814781144743934260e-01,2.640701876302988467e+02,1.137947717842323755e+03,2.059967037494849649e+02,8.119963617463617993e+02,nan,nan,4.150897302904564299e+02,9.000239485981308007e+02
-1.865075566527235878e+03,-8.156001833914253893e+02,1.705636775176344031e+02,6.500151174130909260e-01,2.460419287211740027e+02,1.174006584362139847e+03,1.970779220779220680e+02,8.600913528591353270e+02,4.659560649474689740e+02,9.080679304897314523e+02,nan,nan
-1.913125536426098279e+03,-6.667518521170544545e+02,1.297408701402130937e+01,4.390092850671993285e-01,2.850981132075471578e+02,1.132981958762886507e+03,2.259869494290375087e+02,7.969022245214691793e+02,4.670245573957738543e+02,8.609776847977684611e+02,nan,nan
-1.808731402710788643e+03,-1.122812224778366954e+03,2.188763143499747628e+02,4.170534042838351385e-01,nan,nan,2.109258188824662739e+02,9.818851282051282396e+02,4.670771388499298951e+02,1.047017441860465169e+03,4.810402252614641725e+02,1.104983564013840805e+03
-2.170223747509500754e+03,-9.401984849907638591e+02,-1.367317336319229071e+03,3.642214735519537228e-01,nan,nan,4.979992012779552510e+02,8.329328023892484225e+02,4.671086005830903787e+02,1.095028195488721849e+03,4.660058785107772792e+02,9.000354906054279809e+02
-1.872336555350863819e+03,-1.239663116369394857e+03,-2.333938362604313852e+02,4.235000612445203316e-01,nan,nan,3.279869158878504436e+02,9.888789546079780166e+02,4.680663900414937757e+02,1.139064516129032199e+03,4.999662668665667411e+02,1.103972222222222172e+03
-1.770146828399223978e+03,-1.180937794927006507e+03,3.923769087682828740e+02,3.697157166491361058e-01,1.891027346637102653e+02,1.297871544715447044e+03,1.689569247546346844e+02,1.018908096280087534e+03,4.689564233163554263e+02,1.058896421845574423e+03,nan,nan
-1.774247146623697972e+03,-1.284891908575342768e+03,2.763576479583225023e+02,3.313826891091574134e-01,2.189771833202202913e+02,1.344962641181581148e+03,2.091239852398524022e+02,1.047927753303964664e+03,4.690428921568627629e+02,1.121022762545266460e+03,nan,nan
-1.899635343117574166e+03,-6.166128006949362543e+02,7.694429099398031724e+01,6.076341926989058395e-01,nan,nan,2.081189948263119049e+02,7.799627749576987981e+02,4.710063572790845683e+02,8.318520749665327685e+02,4.160246085011185642e+02,8.609812967581046905e+02
-1.806382323814655820e+03,-1.213491403202255015e+03,1.112645120300274613e+02,4.537860943594207996e-01,2.629325955734406648e+02,1.322961748633879779e+03,nan,nan,4.710935251798561012e+02,1.100994797086368408e+03,4.979562007874015990e+02,1.132088183421516760e+03
-1.877446697303798146e+03,-7.491936347181691644e+02,8.812092208378749092e+01,2.483952988597571687e-01,2.700815961882072429e+02,1.155197164948453519e+03,nan,nan,4.719538138558432365e+02,8.890295055821371761e+02,4.339368378158109181e+02,9.230075231481481524e+02
-1.788973910629499869e+03,-1.199719413100365728e+03,2.188309877480572538e+02,2.843297403203332019e-01,2.361062138728323703e+02,1.313168005843681613e+03,2.200085522296884619e+02,1.011183491686460798e+03,4.721070017953321099e+02,1.084979117228286668e+03,nan,nan
-2.383674979982256900e+03,-9.450703666566053016e+02,-2.439200860228040256e+03,5.130981128470422092e-01,6.230406758448060600e+02,1.336045248868778344e+03,nan,nan,4.729752066115702291e+02,1.148007822685788824e+03,4.749917512690355466e+02,8.479823489477257681e+02
-1.806957193162387512e+03,-1.241312343891407409e+03,5.009448678939472188e+01,3.401024570214881693e-01,nan,nan,2.670570987654321016e+02,1.012840927258193460e+03,4.741028549080954235e+02,1.119006670087224165e+03,5.050155544405419050e+02,1.136068944478340427e+03
-1.776784873872694106e+03,-1.128717315541775633e+03,3.105121996636609083e+02,2.199045935425554266e-01,2.150718799368088412e+02,1.281078588612670501e+03,1.921508588498879817e+02,9.919302112029384944e+02,4.759443872296601512e+02,1.041972205064854961e+03,nan,nan
-2.085134536789340018e+03,-8.915878560977868119e+02,-1.087506449538926063e+03,2.431406156535250440e-01,nan,nan,4.639985621854780788e+02,8.299828101644245635e+02,4.780204819277108186e+02,1.061026955950032971e+03,4.699187437686939006e+02,8.989546809779368459e+02
-1.842012055234072022e+03,-7.338813557262878930e+02,2.161740732319947256e+02,3.090541014948768317e-01,nan,nan,1.868690358670615410e+02,8.319045053868755986e+02,4.790660474716202089e+02,8.660054200542004992e+02,4.379970760233917986e+02,9.260061538461538930e+02
-1.889034289670309363e+03,-6.254028672089140173e+02,4.001130244297539207e+01,3.648379002607511912e-01,2.859520504731861479e+02,1.114991923641703352e+03,2.240356768100734541e+02,7.829707379134860048e+02,4.790718157181571542e+02,8.410481049562682756e+02,nan,nan
-1.894825076746152945e+03,-6.049163886158819423e+02,1.354459227685998890e+01,2.617114305317289613e-01,nan,nan,2.290602107375815422e+02,7.740181488203267008e+02,4.800038064165307219e+02,8.361183723797780658e+02,4.239793133802816669e+02,8.509455252918287442e+02
-2.003021097026402913e+03,-7.188447367286315739e+02,-6.111056984235331129e+02,3.222502046666297360e-01,4.180410256410256693e+02,1.191947157726180876e+03,nan,nan,4.800330167345092605e+02,9.559686774941994827e+02,4.459928492849284680e+02,8.619739847715735550e+02
-1.763422514204843310e+03,-1.206638092397368382e+03,2.730782737243574729e+02,2.173521725902932411e-01,nan,nan,2.110226209048362023e+02,1.019087024087024133e+03,4.800699356913183351e+02,1.083898113207547112e+03,5.041149936467598422e+02,1.147988243938280675e+03
-2.060348637735345164e+03,-7.166537218147088879e+02,-8.876765835672440517e+02,4.715248880921200231e-02,nan,nan,4.240547752808988662e+02,7.829841269841269877e+02,4.810300313760645281e+02,9.809877551020408646e+02,4.500735397607318760e+02,8.458804166666666333e+02
-2.278276548630843990e+03,-1.265558116821215663e+03,-2.291393669421204322e+03,5.562993339052380026e-01,nan,nan,6.090549019607842638e+02,8.800216374269006110e+02,4.829129672897196315e+02,1.239957610789980663e+03,5.139780750650315895e+02,9.459976448422044086e+02
-1.936329298393078716e+03,-6.821039217120902549e+02,-2.982082263952345897e+02,4.913270781980864643e-01,3.610530821917808453e+02,1.160097627118644141e+03,nan,nan,4.829638242894056930e+02,9.079790310918293699e+02,4.419691689008042772e+02,8.649163787145819242e+02
-1.928992099376116812e+03,-8.604019366452298527e+02,-3.970800415049395724e+02,2.152403139036354329e-01,nan,nan,3.440742685671417576e+02,8.499812855980471795e+02,4.830484171322160023e+02,9.920073825503355920e+02,4.661936134453781619e+02,9.329309074159373267e+02
-1.821075867064864951e+03,-9.911608826339818279e+02,8.748935397425235294e+01,2.927380010394907139e-01,2.759123505976095885e+02,1.241038900067069108e+03,2.430627705627705666e+02,9.238293620292082551e+02,nan,nan,4.780000000000000000e+02,1.031033996151379142e+03
-1.889282018358462892e+03,-1.149595575231591738e+03,-4.402543115757517285e+02,3.435159246016863954e-01,nan,nan,3.741328477280610514e+02,9.450068838916934055e+02,4.849332841872466133e+02,1.116915904936014613e+03,5.060694610778443234e+02,1.045033486539724208e+03
-1.888443425404147320e+03,-9.124301368558711829e+02,-2.851562525574206575e+02,4.521573575839029080e-01,nan,nan,3.269638225255972657e+02,8.730138036809815958e+02,4.879952479952480076e+02,1.003970142977291857e+03,4.769378330373001518e+02,9.629506378258457744e+02
-1.844069375165687006e+03,-6.384794816845620744e+02,1.798745329708052907e+02,6.708945044637726340e-01,2.589695845697329446e+02,1.108042480883602366e+03,1.940983847283406760e+02,7.940548926014320159e+02,4.880505836575875378e+02,8.279372453137734738e+02,nan,nan
-1.945238147632310529e+03,-6.117963555011642711e+02,-3.508533951770721728e+02,5.267600871335934576e-01,3.750014272121788963e+02,1.139948223961469012e+03,nan,nan,4.880646067415730158e+02,8.860393081761005760e+02,4.389871858058156704e+02,8.319685131195335543e+02
-1.900492559601471839e+03,-1.075528406543157189e+03,-4.768143783135745934e+02,4.361661168778562803e-01,4.009295345802522661e+02,1.298858416360776118e+03,nan,nan,4.881219390304847821e+02,1.088986127864897526e+03,4.999829931972789154e+02,1.011985387547649339e+03
-2.048495328602925383e+03,-7.014308534998788218e+02,-9.211721808513602809e+02,6.216294237971355940e-01,4.749777936962750573e+02,1.204006235385814534e+03,nan,nan,4.889182624941615813e+02,9.790723542116630824e+02,4.580224719101123583e+02,8.379504132231404583e+02
-1.765873296117760674e+03,-1.247958538407441893e+03,1.116278425385304445e+02,4.521188088520262660e-01,nan,nan,2.611024242424242630e+02,1.021032684283727349e+03,4.889427184466019298e+02,1.119001157407407391e+03,5.199701937406855450e+02,1.145024610748367650e+03
-1.897504902371241542e+03,-9.284228205175476205e+02,-3.921438943643487960e+02,5.348112555929492862e-01,3.860554041780199555e+02,1.246112294288480143e+03,nan,nan,4.920998883928571672e+02,1.020952127659574444e+03,4.842234806629834338e+02,9.599446987032799825e+02
-2.100630728761494083e+03,-1.175039849222724570e+03,-1.532599054991839466e+03,2.344012672199426162e-01,nan,nan,5.469091318038686040e+02,8.939479166666666288e+02,4.929950684931507112e+02,1.187079861111111086e+03,5.180088391278727613e+02,9.649669046073977370e+02
-1.969802732296929207e+03,-6.272145809560620364e+02,-5.475716342379386106e+02,6.288830456125379387e-01,nan,nan,3.648912556053811613e+02,7.639786476868326872e+02,4.939942646456370312e+02,9.150982800982800427e+02,4.490598396051819918e+02,8.279720898570456029e+02
-1.807808339905026060e+03,-9.520410495013449008e+02,3.912653581423733584e+01,4.859523044969427663e-01,nan,nan,2.600268456375839037e+02,9.061194134078211846e+02,4.949568593615185250e+02,9.889025590551181040e+02,4.869958753437213659e+02,1.008151436031331627e+03
-1.870373408319902637e+03,-1.028329643622762660e+03,-3.671729407159922403e+02,3.838383851349221332e-01,nan,nan,3.580332889480692415e+02,9.099844789356984620e+02,4.950167624521072867e+02,1.060128637059724269e+03,5.000409276944065482e+02,1.002953352769679327e+03
-2.065675928873065004e+03,-1.162196612377110114e+03,-1.453590748150993477e+03,2.994205549903577457e-01,nan,nan,5.419095213045765149e+02,8.939975830815709514e+02,4.999657303370786394e+02,1.180062460165710718e+03,5.241010438413361499e+02,9.660010498687663585e+02
-2.270003376870171451e+03,-1.126526149861984550e+03,-2.425485023974678370e+03,9.261747150859015454e-01,nan,nan,6.240608638743455003e+02,8.399644128113878878e+02,5.010009546539379244e+02,1.204024083196497031e+03,5.169731051344742809e+02,8.969692737430167426e+02
-1.873678512142664658e+03,-1.022739302958171493e+03,-4.499084491531131107e+02,2.470633840339918896e-01,4.040874243443174123e+02,1.279110576923076906e+03,nan,nan,5.010244274809160174e+02,1.065916338582677099e+03,5.059532944120099955e+02,9.929167974882260523e+02
-1.870359105907087269e+03,-5.178746366716146667e+02,-2.903046835303753070e+01,6.038565678738123665e-01,3.149937839937840067e+02,1.083111201298701189e+03,2.470121268656716325e+02,7.400849731663685134e+02,5.019228611500701049e+02,8.070487621905476772e+02,nan,nan
-1.842171035764137969e+03,-6.987499853073226177e+02,-4.047807772181257491e+01,2.843922732610275617e-01,3.191339285714285552e+02,1.144974663499604048e+03,2.651521197007481305e+02,8.089370629370629331e+02,5.030117647058823422e+02,8.860145817344589432e+02,nan,nan
-1.854406630159832730e+03,-1.134283985545498581e+03,-4.599390050624044761e+02,2.025093355403398965e-01,4.080637636080870720e+02,1.316978964401294434e+03,nan,nan,5.030399698340874579e+02,1.113060562708631323e+03,5.219076109076108878e+02,1.035943143812708968e+03
-1.696944879043805713e+03,-1.341484064731853096e+03,2.763699394059918859e+02,3.223140932263408587e-01,2.410601213458356256e+02,1.365041168658698552e+03,2.360368289637952444e+02,1.072964171974522287e+03,5.049376367614879655e+02,1.152086404833836923e+03,nan,nan
-1.714650616678925417e+03,-1.383240904903345609e+03,1.218083784667695113e+02,3.991630196760123095e-01,2.798786764705882320e+02,1.386982316534040592e+03,2.790942965779467499e+02,1.072997321428571468e+03,5.049635006221485014e+02,1.183943229166666697e+03,nan,nan
-2.147411310586824129e+03,-8.127453004016045952e+02,-1.642665797964662033e+03,2.482233048353643667e-01,5.779470480827753818e+02,1.269976070528967284e+03,5.490134788189986921e+02,7.879979919678714850e+02,5.050107447202667572e+02,1.071999515269025778e+03,nan,nan
-1.864528448307059534e+03,-9.259581786274743536e+02,-3.727968855054278379e+02,1.219786595214503860e-01,nan,nan,3.579576570218771963e+02,8.749914992272024392e+02,5.050373545621555422e+02,1.019064208518753958e+03,4.969790130459444413e+02,9.599947229551451073e+02
-1.767793481603621331e+03,-8.826133930103228522e+02,1.973378211589014199e+02,2.299391628034824497e-01,nan,nan,2.219787626962142326e+02,8.909676767676767213e+02,5.071376192867905388e+02,9.400296846011132175e+02,4.869306518723994373e+02,9.909491051454139097e+02
-1.816985963441030435e+03,-7.478486767414882479e+02,-1.853289215095624343e+01,8.031884464175994554e-01,3.180111022997621149e+02,1.160945438282647501e+03,2.680416666666666856e+02,8.280844827586206520e+02,5.100180696342000601e+02,9.050422857142857538e+02,nan,nan
-1.723071882059114159e+03,-1.265496973986380226e+03,7.752340478887289521e+01,4.507200162356531092e-01,nan,nan,2.849510779436152461e+02,1.026918483412322303e+03,5.120666666666667197e+02,1.132075787401574871e+03,5.439910501193317032e+02,1.145943021766965330e+03
-1.800939417176296502e+03,-6.169438981309235714e+02,1.557418044315068641e+02,6.725538695805045597e-01,2.799905821917808453e+02,1.099971296296296259e+03,2.140210396039603893e+02,7.850293159609120721e+02,5.130193236714975455e+02,8.260245210727969152e+02,nan,nan
-1.826636502953901072e+03,-6.822009552754559536e+02,-6.335746285339175188e+01,3.754545518130152915e-01,3.309771480804387807e+02,1.140066730219256442e+03,nan,nan,5.131015417331207118e+02,8.829946879150066934e+02,4.699901477832512455e+02,8.789810606060606233e+02
-1.876729656951959441e+03,-9.201578125109831490e+02,-5.361582148975695645e+02,3.848924539820946511e-01,nan,nan,3.961024096385542066e+02,8.650182456140350951e+02,5.139342748506246608e+02,1.031900284900284987e+03,5.060207328833172369e+02,9.449433859553620323e+02
-1.816705693313072516e+03,-7.143839032123548805e+02,-5.964691304322612098e+01,2.406189762234126339e-01,3.311243284727551668e+02,1.150975243147657011e+03,nan,nan,5.158933227973133171e+02,8.969592929833958124e+02,4.760161516853932540e+02,8.930036549707601807e+02
-1.793852466385119897e+03,-9.178995397713308648e+02,-1.098038565643555415e+02,5.331861677750856510e-01,nan,nan,3.068863920099875031e+02,8.870498442367601228e+02,5.169655572755417552e+02,9.910735018726592216e+02,5.039633974659784030e+02,9.779739756367663404e+02
-1.917172002876857277e+03,-7.271930575412536655e+02,-6.286897879099151396e+02,3.694451283152015431e-01,4.450803797468354333e+02,1.193107947019867652e+03,4.020291316526610785e+02,7.968641010222489740e+02,5.170655116404981300e+02,9.650164141414140886e+02,nan,nan
-1.938859977597433726e+03,-6.599531867567853851e+02,-7.115116728558203931e+02,3.576321852878597274e-01,nan,nan,4.149172062904717677e+02,7.719982758620690220e+02,5.190597014925373287e+02,9.469364197530863976e+02,4.801612117933459558e+02,8.309835144248781944e+02
-1.790733609292571145e+03,-1.036069494499084840e+03,-2.993173465187565512e+02,2.425900561222937846e-01,nan,nan,3.630116648992577097e+02,9.179538461538461434e+02,5.249940089865202708e+02,1.060948059360730667e+03,5.300974178403755559e+02,1.009957352005092275e+03
-1.707132763651961341e+03,-1.198374054022594009e+03,7.012343365035499687e+01,1.884282395914839425e-01,nan,nan,2.900575539568345107e+02,1.001986862442040206e+03,5.250349206349205815e+02,1.102100824931255829e+03,5.479558823529412166e+02,1.115976599063962567e+03
-1.760665940139059558e+03,-9.683228573130596715e+02,-6.154369113275234326e+01,4.937227604296647865e-01,nan,nan,3.040989136649513966e+02,9.080480349344977640e+02,5.251007587253413931e+02,1.009998699045966987e+03,5.190899390243902189e+02,1.003088202247191020e+03
-2.091414478171634983e+03,-1.074544232938090317e+03,-1.859739205934522261e+03,2.073854997709018988e-01,nan,nan,5.979491993373826517e+02,8.530398310199154821e+02,5.258744897959184073e+02,1.169931064958020215e+03,5.399950708564387014e+02,9.110215968586387589e+02
-1.833411608003113088e+03,-7.813405586904383426e+02,-3.730353607029660452e+02,1.562420572757716453e-01,4.052156605424322038e+02,1.194028776978417227e+03,3.628901933701657185e+02,8.259874509803921683e+02,nan,nan,5.020153541357107656e+02,8.989587337478801601e+02
-2.010952906590469638e+03,-8.102518155910941005e+02,-1.267747232182920925e+03,3.741370149314955929e-01,5.489584736251403001e+02,1.250982809721399008e+03,5.170735439289239821e+02,8.020288671023964753e+02,5.259680337756333302e+02,1.049024209818426471e+03,nan,nan
-1.748148982253158692e+03,-7.826125574971943024e+02,1.668644985114354711e+02,2.326107569325585323e-01,2.849976671850699859e+02,1.157048899755501225e+03,nan,nan,5.261393097643098145e+02,8.999700166574125433e+02,4.930430314707771231e+02,9.410028129395218457e+02
-1.743909257847363961e+03,-9.177695620188372914e+02,4.435742425905463193e+01,3.484328295848105328e-01,nan,nan,2.771528471528471300e+02,8.960131233595800495e+02,5.279297900262466783e+02,9.760282068502350512e+02,5.150125994694959672e+02,9.909832519190509856e+02
-1.717682400544235861e+03,-1.074072173781486981e+03,7.312141386907161689e+01,2.782813151048849076e-01,3.081046717918391664e+02,1.269997940974605399e+03,2.819945105215004446e+02,9.570175267770204073e+02,5.279903881700554393e+02,1.043994233541566473e+03,nan,nan
-1.876699096147459613e+03,-6.050537888740456083e+02,-4.935604094671420512e+02,8.395286635014835852e-01,4.289866180048661590e+02,1.144933884297520763e+03,nan,nan,5.299418502202643140e+02,9.040235874931431681e+02,4.840000000000000000e+02,8.190117241379310826e+02
-1.672097380248947729e+03,-1.175278569383556942e+03,2.388733212068129603e+02,4.115118856900041311e-01,2.690642722117202084e+02,1.299852941176470495e+03,2.490446891191709824e+02,1.007844460748349206e+03,5.320283286118980186e+02,1.076918103448275815e+03,nan,nan
-1.859525138978807263e+03,-6.953383723272206680e+02,-5.009708898542885436e+02,1.041025099352565902e-01,4.320952986022871869e+02,1.173868495742667847e+03,3.860534831460674354e+02,7.918174087043521467e+02,5.330872298624753967e+02,9.410156168662155096e+02,nan,nan
-1.808585880135436355e+03,-8.310488756223721794e+02,-3.482489241128528192e+02,3.721919313032573950e-01,nan,nan,3.651561135371179034e+02,8.450567419158022631e+02,5.339621591541457519e+02,9.799780426599749035e+02,5.142011138613861476e+02,9.209566305254378449e+02
-1.748547296749539328e+03,-1.047674271014825763e+03,-2.291564484895829423e+02,2.240282027069725734e-01,3.829285393258426780e+02,1.275112646121147691e+03,3.570737991266375388e+02,9.278798511430090912e+02,5.379407383419688813e+02,1.060934181658622265e+03,nan,nan
-1.733958785718794161e+03,-1.133420383096843125e+03,-2.414416429256643539e+02,4.220386113276193285e-01,3.869589523064894365e+02,1.305017409114183238e+03,3.669696024941543442e+02,9.570765472312704105e+02,5.399966150870405954e+02,1.100054901960784264e+03,nan,nan
-1.708529687185068042e+03,-8.195740991623487162e+02,1.956693814942520362e+02,6.587482875585400910e-01,2.871857142857143117e+02,1.168038805970149269e+03,2.390383817427385793e+02,8.689573412698413222e+02,5.408529014844804124e+02,9.141229722658293895e+02,nan,nan
-1.997493185759272592e+03,-1.397460283751702718e+03,-1.850580722177203143e+03,7.678326590170554411e-01,nan,nan,6.220714722052534853e+02,9.419655612244897611e+02,5.420915942028985910e+02,1.276003790271636035e+03,5.840436099333736593e+02,1.008030045721750525e+03
-1.657871040930573372e+03,-8.750449432579998756e+02,4.912389530788209413e+02,5.275555669495476385e-01,nan,nan,1.619811764705882240e+02,9.089980970504282141e+02,5.430416041979010515e+02,9.030256790123456767e+02,5.169374820762833451e+02,1.013965841756709665e+03
-1.753405365080762522e+03,-4.968375884342152631e+02,1.248468497816869700e+02,7.648018187258099898e-01,3.080271186440677980e+02,1.058015927189988588e+03,2.361882898062341951e+02,7.399983012457531686e+02,5.461519287833828002e+02,7.799410511363636260e+02,nan,nan
-1.674401867480595456e+03,-1.086189746788205184e+03,9.613429809897540679e+01,3.331222765274863828e-01,3.140645879732739445e+02,1.271887301587301636e+03,2.889374505146476508e+02,9.639515260323159964e+02,5.469365828092243191e+02,1.049929601846508831e+03,nan,nan
-1.791981282084509303e+03,-9.953502802162695389e+02,-5.514942149515817391e+02,1.965020364089785365e-01,nan,nan,4.251305792972459585e+02,8.919718066743382678e+02,5.469528167000286203e+02,1.066960776384957626e+03,5.480387948823772604e+02,9.700243019648397649e+02
-2.015423268702065343e+03,-1.268852607016676075e+03,-1.930263107695472854e+03,3.581894029316534112e-01,nan,nan,6.269827798277982538e+02,9.030280130293159573e+02,5.470230917254650649e+02,1.237035762483130839e+03,5.780735294117647527e+02,9.640273189326557031e+02
-1.796595212454846660e+03,-5.016425191276144915e+02,-1.621048434102897318e+02,7.163919481829182923e-01,3.730866141732283268e+02,1.084061463414634090e+03,3.080286760219645998e+02,7.339740259740259489e+02,5.470304259634888240e+02,8.240532871972318389e+02,nan,nan
-1.727312396094934229e+03,-7.856750117952367418e+02,3.762060103270382871e+00,1.633711610421228755e-01,nan,nan,2.898991257565568276e+02,8.459967132292522365e+02,5.479967170059094315e+02,9.239887482419128446e+02,5.180345047923323136e+02,9.269939919893190563e+02
-1.741661909972593321e+03,-1.103803022012515157e+03,-3.778280522372450605e+02,3.267734318189780551e-01,4.209895749799518967e+02,1.300972039473684163e+03,nan,nan,5.488710263396911841e+02,1.097987336244541439e+03,5.620396096440872498e+02,1.027982937233394296e+03
-1.781048073055734903e+03,-4.285588595639040363e+02,-2.083031704483742885e+01,4.775169822328402258e-01,3.429618874773139510e+02,1.048928015564202269e+03,2.691201550387596626e+02,7.089286649214659519e+02,5.489828282828283363e+02,7.730280842527582763e+02,nan,nan
-1.921827779854291975e+03,-1.339407869897529963e+03,-1.530038483906931106e+03,7.235588696253182350e-01,6.060278260869565656e+02,1.411071268237934873e+03,nan,nan,5.499245283018867667e+02,1.248887573964497051e+03,5.879131799163179721e+02,1.012949250288350640e+03
-1.761789189369224459e+03,-5.989057131471292905e+02,-7.221717405565078707e+01,5.864057703473016803e-01,3.559479452054794706e+02,1.109018939393939490e+03,nan,nan,5.500465116279069662e+02,8.529870892018778932e+02,4.961457600625244027e+02,8.389671897289586013e+02
-1.660314646228776155e+03,-1.290655762870165745e+03,-5.643193882322988486e+01,6.100063458017974671e-01,3.520018668326073339e+02,1.355022774327122079e+03,3.439503342884431731e+02,1.026946078431372598e+03,5.511050884955752736e+02,1.157058971141781740e+03,nan,nan
-1.681188846353798681e+03,-9.037914547413813580e+02,1.524321697139599223e+02,2.829045654101403628e-01,nan,nan,2.639166666666666856e+02,8.990268041237113721e+02,5.520484773151025593e+02,9.600424684804246453e+02,5.349896115627823292e+02,9.929094240837696361e+02
-1.783712931127737875e+03,-5.644403621607079913e+02,-2.280908485645392147e+02,7.241306033954217902e-01,nan,nan,3.321125415282392055e+02,7.549416835699796593e+02,5.529631578947368098e+02,8.589181058495821617e+02,4.990682205798749465e+02,8.139687882496940574e+02
-1.708557231079931853e+03,-1.021354442979346118e+03,-1.730415108113474787e+02,1.893609067353414499e-01,nan,nan,3.530603799185888647e+02,9.229984089101034215e+02,5.539284970496355527e+02,1.046023743016759681e+03,5.558746040126716252e+02,1.012987367563162138e+03
-2.076781058782671153e+03,-1.280622806721848519e+03,-2.416059579187321560e+03,4.251123169239695021e-01,nan,nan,6.689858517260894359e+02,8.840163551401868745e+02,5.540722543352601406e+02,1.254020676691729250e+03,5.821881118881118482e+02,9.370105844454670887e+02
-1.677686751285259106e+03,-1.021053074488194738e+03,1.030413031351579889e+01,6.661716712263555662e-01,nan,nan,3.109929506545821027e+02,9.340599999999999454e+02,5.561679296756592521e+02,1.028968789540278294e+03,5.550195545898967566e+02,1.030989519112207063e+03
-1.771120195142638522e+03,-6.606079686417018593e+02,-3.077644145755796217e+02,7.679191051754258313e-01,4.101712681328965573e+02,1.147983101991550939e+03,3.611215218625781063e+02,7.879750164365549381e+02,nan,nan,5.169992927864215062e+02,8.499489185457891836e+02
-1.780425616641024362e+03,-6.717526964608354092e+02,-3.409325876503908717e+02,4.478810903434718438e-01,4.159450457951706994e+02,1.154008093525179902e+03,nan,nan,5.570959532749269556e+02,9.169906077348066447e+02,5.160410107705054088e+02,8.529900419287212117e+02
-1.979288245558399012e+03,-1.087312926571797789e+03,-1.767813924417534054e+03,2.093336755597916266e-01,nan,nan,6.120066305003014122e+02,8.630187499999999545e+02,5.580037902716361486e+02,1.172967501692620090e+03,5.720607689127738240e+02,9.179524723955832997e+02
-1.878839101418117252e+03,-6.112854251789218551e+02,-8.670599726176997137e+02,5.642548760170482680e-01,nan,nan,4.659616384915474896e+02,7.540137457044673965e+02,5.580049999999999955e+02,9.480022156573116945e+02,5.169813374805598869e+02,8.019875444839857437e+02
-1.703042668035198858e+03,-5.717228307142113408e+02,2.269186619784450443e+02,9.154303135605639241e-01,2.909915433403805309e+02,1.074005688282138863e+03,2.228583905177791564e+02,7.740944444444444343e+02,5.580384153661464097e+02,7.989490022172949466e+02,nan,nan
-1.753914647648198297e+03,-1.223875623825899766e+03,-6.768577271171941447e+02,6.173259112203219878e-01,nan,nan,4.700532150776053300e+02,9.600230524642289538e+02,5.590684002261164096e+02,1.169027336300063553e+03,5.859044444444444935e+02,1.044873190503763681e+03
-1.721975457997293461e+03,-1.072215421909192855e+03,-3.869403740305000952e+02,3.504562081746852020e-01,nan,nan,4.061206203331418578e+02,9.279567213114754622e+02,5.600234879624192672e+02,1.087014678899082583e+03,5.700019986675549717e+02,1.013030598052851133e+03
-1.648183156805700264e+03,-7.944052253325866104e+02,3.832082650132362573e+02,7.396733372298948117e-01,2.510733558178752105e+02,1.142861949956859462e+03,1.981044444444444537e+02,8.709820788530465734e+02,5.600482315112540164e+02,8.799184060721062224e+02,nan,nan
-1.577825542859903408e+03,-1.226939825292881324e+03,4.902358748677290237e+02,5.209684677158824551e-01,2.191418502202643310e+02,1.306068052930056638e+03,2.021317280453257865e+02,1.053887417218543078e+03,5.609335711101203970e+02,1.081111662531017373e+03,nan,nan
-1.726979809352919347e+03,-8.499830412218584570e+02,-2.517630615417002105e+02,4.287020359306810136e-01,nan,nan,3.639911280101393913e+02,8.580159914712153295e+02,5.619314397649363855e+02,9.809627906976744498e+02,5.439946808510637766e+02,9.340024645717807061e+02
-1.815031380139427029e+03,-6.905869304758306271e+02,-6.266325447131828241e+02,3.265060990681525332e-01,4.729807383627608601e+02,1.179020210185933820e+03,nan,nan,5.619816971713810290e+02,9.549094269870610105e+02,5.270641613198899904e+02,8.439761646803900703e+02
-1.607158037464767403e+03,-1.308134855294761792e+03,1.146282301219260091e+02,5.918461545875296492e-01,3.199903424056189465e+02,1.354028207461328520e+03,3.119824442943956910e+02,1.050012214983713420e+03,5.639879032258064626e+02,1.153997885835095076e+03,nan,nan
-1.726878215557243266e+03,-7.809816796193197206e+02,-2.365853072314529015e+02,1.957248360846489676e-01,nan,nan,3.578740808823529278e+02,8.339537080774681499e+02,5.660179104477612100e+02,9.510149558123725910e+02,5.380749692748873940e+02,9.059524301964839879e+02
-1.676600678343552772e+03,-1.156784199095400027e+03,-2.879630208011921582e+02,1.485715445604040286e-01,4.150631634819532678e+02,1.314115115653577277e+03,nan,nan,5.681035128805621071e+02,1.115990196078431381e+03,5.870618634477555133e+02,1.055973222979552020e+03
-1.755265224466990503e+03,-7.176464244151326284e+02,-3.826681438905293930e+02,2.046341186068738605e-01,4.320992584141471866e+02,1.171013333333333321e+03,3.861568080357142776e+02,8.058824249846907151e+02,nan,nan,5.339025854108956537e+02,8.690387978142076690e+02
-1.741561698996492623e+03,-9.302593868434446449e+02,-5.153733012121941783e+02,2.400627046538698350e-01,nan,nan,4.289821173104434706e+02,8.729766917293233064e+02,5.700342661336379706e+02,1.039981048641819370e+03,5.629795918367346985e+02,9.459861802100607520e+02
-1.570248311925598728e+03,-1.214629584388067315e+03,3.565510428047047071e+02,1.500785815237270782e-01,nan,nan,2.471758793969849251e+02,1.036944707740916328e+03,5.740062597809076124e+02,1.088941721132897555e+03,5.940128022759602118e+02,1.154076839237057129e+03
-1.573759822925480421e+03,-1.229121051295466259e+03,3.059530135689299186e+02,4.872010922720345083e-01,2.780155541153596914e+02,1.314871496924128451e+03,2.620646672914714372e+02,1.038027190332326199e+03,5.741150530503979326e+02,1.101082252836304633e+03,nan,nan
-1.588458975857690575e+03,-1.268619731795988400e+03,1.155135973983719708e+02,4.037625204134248635e-02,nan,nan,3.159751295336787393e+02,1.036001037344398355e+03,5.759512750455373862e+02,1.135888405797101541e+03,6.050087145969498579e+02,1.147050058207217717e+03
-1.692588173384271386e+03,-6.303687350512781222e+02,-3.882554054655750519e+01,6.572686695786119637e-01,3.659934148635936140e+02,1.115133218982275594e+03,nan,nan,5.769397489539749131e+02,8.650111607142856656e+02,5.291467661691542617e+02,8.530006024096385318e+02
-1.657593062905821625e+03,-1.095561061172961672e+03,-2.364144212359440758e+02,2.402268430337308747e-01,4.099444710387745090e+02,1.289978396816372879e+03,3.870159958720330451e+02,9.469726810673442969e+02,5.770819220165419665e+02,1.085949575871818979e+03,nan,nan
-1.842332675598503556e+03,-1.109121727365192328e+03,-1.371521992437725885e+03,6.078421571670918899e-01,nan,nan,5.830440038684719184e+02,8.890084745762711691e+02,5.789466666666667152e+02,1.163984276729559724e+03,5.960044667783361092e+02,9.480175757575757416e+02
-1.901168566895338699e+03,-1.116678784119015745e+03,-1.701557148711266336e+03,6.167650698205126014e-01,6.430012570710244972e+02,1.350003893575600159e+03,nan,nan,5.790287499999999454e+02,1.182048458149779663e+03,5.960318840579710695e+02,9.300122549019607732e+02
-2.040549770456125998e+03,-7.508570369782235048e+02,-2.254015315142478812e+03,3.621797141424784594e-01,nan,nan,6.590156794425087128e+02,7.540288850375505945e+02,5.799083179297597326e+02,1.093991332116788271e+03,5.650917266187050245e+02,7.920000000000000000e+02
-1.667351773075625033e+03,-9.436662218034661009e+02,-1.992945471920573084e+02,2.563547740274476072e-01,nan,nan,3.698850364963503807e+02,8.949768907563025095e+02,5.799888097660224275e+02,1.017962446351931362e+03,5.720126903553299371e+02,9.760507343124165800e+02
-1.665498976259698338e+03,-7.482604523612803860e+02,-3.730600358644098691e+01,3.869057892667581711e-01,nan,nan,3.200261295590636905e+02,8.319800483675936675e+02,5.819213184476342349e+02,9.159577205882352473e+02,5.491032388663967367e+02,9.049976553341149383e+02
-2.132157801711256525e+03,-3.030180079289583972e+01,-2.345825525673330048e+03,6.298079023251915709e-01,6.740069885641677274e+02,1.095996617050067698e+03,nan,nan,5.819876832844574892e+02,8.959771941948860103e+02,5.100024630541872170e+02,5.699839255499153978e+02
-1.623523958897299735e+03,-1.190944862497624854e+03,-1.838464502410893431e+02,4.807925206078736413e-01,4.029243967828418249e+02,1.321146635997699832e+03,3.859334565619223554e+02,9.849921733895243960e+02,5.830949554896142217e+02,1.123967213114754031e+03,nan,nan
-1.700209797588105403e+03,-5.367173095436864969e+02,-1.110101959509446772e+02,2.361823261334193569e-01,3.860079652425778249e+02,1.089132867132867204e+03,3.240593350383631446e+02,7.499302493675460255e+02,5.850935633709356125e+02,8.359720332577475119e+02,nan,nan
-1.703974753239694564e+03,-6.742130804114325429e+02,-3.111965001301398956e+02,3.984264545588824258e-01,4.301466121495327002e+02,1.150000678426051536e+03,3.819054763690922982e+02,7.939724540901502223e+02,5.881339233038347629e+02,9.179706210487170210e+02,nan,nan
-1.638349176526382053e+03,-5.456882093692078115e+02,2.708821438367635892e+02,4.781470015766404735e-01,2.989554612937433831e+02,1.057988623435722502e+03,2.290924895688456218e+02,7.660135236664161766e+02,5.889477351916376620e+02,7.850929054054054177e+02,nan,nan
-1.671312940490678102e+03,-7.351367052508295501e+02,-1.905920458412690550e+02,6.409592854524681638e-01,4.069965014577259694e+02,1.161969465648855021e+03,nan,nan,5.910334174022698335e+02,9.299919624916276462e+02,5.572486260141324692e+02,8.869596261682243039e+02
-1.593340107110900362e+03,-1.159922924436098356e+03,-4.647572576656317267e+01,3.855459791280158033e-01,nan,nan,3.571932048681541687e+02,9.839993694829760216e+02,5.910538358008075193e+02,1.100033317001469868e+03,6.069402484055052582e+02,1.080995435874030136e+03
-1.706159154089292542e+03,-8.042244517846019107e+02,-4.898096473071684613e+02,1.306673200355754905e-01,nan,nan,4.299263836646964023e+02,8.329847908745247196e+02,5.910997220291869780e+02,9.889943688409197193e+02,5.690572289156626766e+02,8.960313757039421034e+02
-1.595305484677111053e+03,-7.798076338034021546e+02,3.157655124404563480e+02,1.011928993626173945e+00,2.878556097560975786e+02,1.140038410596026552e+03,2.380340975896531575e+02,8.629659468438537715e+02,5.920218499635833496e+02,8.860174772036474451e+02,nan,nan
-1.726332477472398068e+03,-5.389326691945327639e+02,-4.289850910774895851e+02,6.464238471462203650e-01,4.570690943043884431e+02,1.114955922865013690e+03,nan,nan,5.940045180722891018e+02,8.779768715763846103e+02,5.410236220472440891e+02,7.900505471599791463e+02
-1.608790808901323544e+03,-8.060379924257489392e+02,1.403728601588400409e+02,5.811547290560814538e-01,nan,nan,2.870457856399583534e+02,8.630896346644010464e+02,5.941315600287563257e+02,9.219492537313433331e+02,5.660958083832335888e+02,9.439826989619376718e+02
-1.726607989394564811e+03,-5.062116012740159476e+02,-4.094194761994801866e+02,5.235255776848051212e-01,nan,nan,3.960134680134680139e+02,7.320042408821034314e+02,5.949076923076922867e+02,8.629408244680851112e+02,5.370077907623817737e+02,7.769841176470588380e+02
-1.665057799445749652e+03,-5.108727196314931120e+02,9.586135329394393167e+00,4.299216119291373595e-01,3.659899799599198218e+02,1.069970195272353521e+03,2.989003831417624610e+02,7.440083263946711440e+02,5.951347184986594812e+02,8.089600870827285917e+02,nan,nan
-1.772130837357047540e+03,-6.426172711545011680e+02,-8.405527863605693710e+02,4.150918525324942543e-01,nan,nan,4.890334656834940574e+02,7.669376558603490821e+02,5.970883179446005897e+02,9.619990014977533974e+02,5.600558086560364472e+02,8.120067775723967998e+02
-1.550681948642796897e+03,-1.170806451869661714e+03,1.003428528217957449e+02,3.936442258937860594e-01,nan,nan,3.289410138248848057e+02,9.999169082125604291e+02,6.019721800708143746e+02,1.093982558139534831e+03,6.179395033860045032e+02,1.100974287311347098e+03
-1.567613850585366436e+03,-1.003819323342755865e+03,1.093213726030302979e+02,3.401330641791231457e-01,nan,nan,3.159992101105844995e+02,9.380244519392917937e+02,6.030911587040087625e+02,1.015869343891402764e+03,6.000484160191273304e+02,1.029008894536213575e+03
-1.673854788472859809e+03,-5.527666918526017525e+02,-2.373884567914352601e+02,6.377097544960198539e-01,4.251293057763646175e+02,1.102905096660808340e+03,3.681197960917587011e+02,7.539419218585005638e+02,6.038795929903900515e+02,8.609931787175988802e+02,nan,nan
-1.626413520846006122e+03,-1.140387124025024150e+03,-4.732074642399228992e+02,5.078941777725890505e-01,nan,nan,4.561548821548821593e+02,9.488793900184842869e+02,6.039329341317364879e+02,1.126073611111111177e+03,6.209399280575539706e+02,1.027998190863862419e+03
-1.622636198413510556e+03,-7.276144649335755048e+02,-8.594235824415220293e+01,5.080713798194514963e-01,3.951479508196721326e+02,1.150971801566579643e+03,3.460456810631229132e+02,8.230136635354398322e+02,6.070193905817174027e+02,9.160174418604651692e+02,nan,nan
-1.703673721216745889e+03,-1.117277728337226563e+03,-1.018893550575058157e+03,5.109142036652393193e-01,5.740376044568245106e+02,1.326947517730496429e+03,nan,nan,6.079677952105697614e+02,1.151025406504065131e+03,6.250012427506213726e+02,9.740471281296023562e+02
-1.737035207488675496e+03,-1.083307821538525332e+03,-1.185525209187262135e+03,2.289724842990289166e-01,nan,nan,5.760977107761027582e+02,8.919527950310558708e+02,6.079867004433185684e+02,1.148050558108995347e+03,6.209531013615733173e+02,9.499818607372732231e+02
-1.545413742252648262e+03,-1.335578027512102835e+03,-1.871607812713633621e+02,2.192708492382287877e-01,nan,nan,4.140335151987529230e+02,1.037032815198618209e+03,6.110000000000000000e+02,1.191001363326516639e+03,6.479630331753554628e+02,1.134946635730858361e+03
-1.571624389163638853e+03,-8.468121468550616555e+02,7.857280709457378975e+01,2.990316116378756717e-01,nan,nan,3.190506607929515326e+02,8.770066833751044442e+02,6.129558603491271924e+02,9.489773171685568514e+02,5.908748363445928362e+02,9.559546343371138164e+02
-1.555315590384253028e+03,-8.864349187337257945e+02,1.744393496830909953e+02,1.692095772311401625e-01,nan,nan,2.969526397515527947e+02,8.980663967611335465e+02,6.131964232488822972e+02,9.560355411954765259e+02,5.941374453618261668e+02,9.819977827050997803e+02
-1.856762381033928023e+03,-8.653520932386418281e+02,-1.829994817211184909e+03,1.948244088645715577e-01,nan,nan,6.490283732660782334e+02,8.029902343750000000e+02,6.139029945170814244e+02,1.109959821428571331e+03,6.070117196303808669e+02,8.420368037135278882e+02
-1.645239733792556535e+03,-7.540764469072737484e+02,-3.875628764296511122e+02,2.540354004193971504e-01,nan,nan,4.208731182795698942e+02,8.209581699346405230e+02,6.139582560296845486e+02,9.610239390642002490e+02,5.848899543378995531e+02,8.809562084257206607e+02
-1.527372871655938980e+03,-1.059814490607651351e+03,1.660056787007643777e+02,3.298013789287941866e-01,3.421481156879929699e+02,1.253800189843379258e+03,3.140021074815595625e+02,9.649732905982906459e+02,6.161271008403360838e+02,1.037003103662321564e+03,nan,nan
-1.584820201949745069e+03,-6.878292362468522469e+02,8.314126457500435663e+01,4.651704339411671385e-01,3.629425242718446611e+02,1.122918737060041394e+03,3.079846359385437609e+02,8.159384965831435466e+02,6.170023999999999660e+02,8.789867659222497878e+02,nan,nan
-1.550510348386316537e+03,-1.165260449718133032e+03,-1.610162478100045007e+02,3.886148626205754852e-01,4.200557815223706939e+02,1.309046182266009964e+03,4.010985626283367651e+02,9.799992331288343621e+02,6.171050549450549170e+02,1.113956661316211921e+03,nan,nan
-1.632889223030013682e+03,-1.105334946003814593e+03,-7.271712224621695668e+02,2.698140534311537775e-01,nan,nan,5.120154888673765754e+02,9.229442160892542688e+02,6.189938612645795502e+02,1.129989116517285538e+03,6.331591113779645639e+02,9.919748508098891762e+02
-1.514787347271686485e+03,-1.030648288310343332e+03,2.462304870093067279e+02,4.761450744926409850e-01,nan,nan,2.929527272727272589e+02,9.590202117420597006e+02,6.199217245709502322e+02,1.015934881373043936e+03,6.180684980378166529e+02,1.053984722222222217e+03
-1.551541632957201728e+03,-6.872265772217504036e+02,2.740476799363009377e+02,8.732786355489258190e-01,3.200377733598409691e+02,1.106964856230031955e+03,2.611517632241813658e+02,8.259163609684519542e+02,6.219759124087590862e+02,8.520053763440860166e+02,nan,nan
-1.572633916256663269e+03,-1.259874129184202047e+03,-5.071323530125667958e+02,7.401865180542159806e-01,4.960535714285714448e+02,1.355003328894806828e+03,nan,nan,6.230422234099412435e+02,1.178980571428571466e+03,6.509456727732153922e+02,1.069987039563437975e+03
-1.463194486021637431e+03,-1.406346425185631688e+03,1.810097891974974402e+02,3.602898326166529830e-01,nan,nan,3.410645756457564630e+02,1.098017875920084180e+03,6.259907759088442845e+02,1.201011289364230606e+03,6.680247175141242906e+02,1.209875598086124455e+03
-1.540516464616184749e+03,-1.283627429739864738e+03,-3.830863059801849886e+02,2.115524791974190411e-01,nan,nan,4.630217222653219551e+02,1.005036154478225171e+03,6.279205328433624800e+02,1.181932981530343113e+03,6.589266709928617729e+02,1.090994482758620734e+03
-1.575546162284623961e+03,-6.723079776644851790e+02,-2.011096469656409624e+01,2.759469942185180380e-01,3.940055197792088393e+02,1.124974484789008784e+03,3.411391614629794731e+02,8.069917355371900385e+02,6.279718157181571314e+02,8.859148170365926944e+02,nan,nan
-1.564668961789467403e+03,-1.004344675546336703e+03,-3.052161504447452103e+02,1.147236515863027523e-01,nan,nan,4.298954521693675019e+02,9.139747843397478846e+02,6.289049999999999727e+02,1.057971983990851868e+03,6.289229850746269221e+02,9.879751176866172955e+02
-1.509952601373473726e+03,-1.037250289135629373e+03,9.432190427306510117e+01,1.961681792840262173e-01,nan,nan,3.399917582417582480e+02,9.519952741020794065e+02,6.300320823244552457e+02,1.034989670755325960e+03,6.299645625692137401e+02,1.040037223974763492e+03
-1.612981526313420545e+03,-1.119610726083124973e+03,-7.836686375897496646e+02,3.249972577914020389e-01,nan,nan,5.300439164866810415e+02,9.249669172932331094e+02,6.300961227786752943e+02,1.140032289628180024e+03,6.450034057045551208e+02,9.919973432518597747e+02
-1.537459850518538815e+03,-6.518791536511597542e+02,2.488507834413697424e+02,5.270394536405199615e-01,3.320222222222222399e+02,1.094942662779397551e+03,2.729320568252007320e+02,8.099330935251798564e+02,6.329055706521738784e+02,8.420177909562638661e+02,nan,nan
-1.560943539338399660e+03,-1.159358374098904505e+03,-5.315472225066162082e+02,6.489299378141968333e-01,5.080409683426443053e+02,1.321974375821287822e+03,4.889250614250614149e+02,9.529650249821555690e+02,6.349590413943354861e+02,1.139990821009688943e+03,nan,nan
-1.519749427041950867e+03,-1.267773651328150436e+03,-3.316837180868562882e+02,4.529604882091305407e-01,4.690417495029820998e+02,1.351947028423772508e+03,nan,nan,6.350582072176949850e+02,1.172068056407112181e+03,6.640042598509052141e+02,1.089970815961882181e+03
-1.510597656644088602e+03,-1.204275453959008928e+03,-2.053963186464407329e+02,4.715377766474525001e-01,nan,nan,4.259952426260704215e+02,9.919370764762826411e+02,6.359404347826086905e+02,1.135968914646996836e+03,6.570133422281520552e+02,1.078015818431912066e+03
-1.476089671651115850e+03,-1.059960525399298149e+03,2.822901341628499949e+02,1.855099203211147685e-01,3.249845397048488849e+02,1.246049999999999955e+03,2.959392194497760897e+02,9.750742424242424704e+02,nan,nan,6.361188375713544474e+02,1.070019300361881733e+03
-1.529960375728596546e+03,-6.247759053669600462e+02,2.664653071847487240e+02,3.739623516307443718e-01,3.311165741475019786e+02,1.082986767485822384e+03,2.691229145386448636e+02,8.009767865270823677e+02,6.369723346828609465e+02,8.269933920704845605e+02,nan,nan
-1.584899691756655102e+03,-8.206816049387330168e+02,-3.952750103525721102e+02,3.560205081674712169e-01,4.799346590909090651e+02,1.201000000000000000e+03,4.419914346895075141e+02,8.450099693251534063e+02,nan,nan,6.159940262843488199e+02,9.059632020658489182e+02
-1.525300924866774494e+03,-1.007817817637310213e+03,-1.745302752730968905e+02,7.152427338804040469e-01,4.371833648393194949e+02,1.251003899721448533e+03,nan,nan,6.389655352480417605e+02,1.049004708652148338e+03,6.379993455497382229e+02,1.000995789473684226e+03
-1.595433802911313251e+03,-1.062594703275150778e+03,-7.952547987438512109e+02,1.528821476368827093e-01,nan,nan,5.360250160359204301e+02,9.069770034843205622e+02,6.410080726538849376e+02,1.119974157303370703e+03,6.499531548757170185e+02,9.690513236088601161e+02
-1.712042338194082731e+03,-1.114757593304974080e+03,-1.652557241002254614e+03,5.824710225628343396e-01,nan,nan,6.600037429819088857e+02,8.809863098942128090e+02,6.420361923648983975e+02,1.185009009009009105e+03,6.579903498190591336e+02,9.270285714285714675e+02
-1.526021625735953194e+03,-7.886664625297669318e+02,1.635616453373939239e-01,3.062463243023376691e-01,nan,nan,3.540867541261108613e+02,8.529726834493840215e+02,6.430180722891566347e+02,9.359707792207792636e+02,6.140630755064456707e+02,9.209949974987493988e+02
-1.570813922602976163e+03,-1.004124759892675570e+03,-6.162405597067011058e+02,3.184687218643273421e-01,5.289406332453826280e+02,1.271976454293628876e+03,nan,nan,6.440869356388088818e+02,1.084977171492204889e+03,6.459550711743772808e+02,9.609263315082130248e+02
-1.508393084550711819e+03,-8.374020786417735280e+02,2.909133353364612518e+01,4.155485294260484186e-01,nan,nan,3.531591083781706288e+02,8.729613313754282444e+02,6.459575774490650701e+02,9.539391472868217079e+02,6.240125858123569742e+02,9.450036231884057543e+02
-1.538080908470201621e+03,-6.362508896680475345e+02,1.321093111397218500e+01,3.994647970193501152e-01,3.979704610951008590e+02,1.108052589641434224e+03,3.419450549450549488e+02,7.949036295369211302e+02,6.459726598702502542e+02,8.689946996466430846e+02,nan,nan
-1.578867254536753990e+03,-6.647117645404933910e+02,-3.711244161541857238e+02,2.226724578082730499e-01,4.808504301786896349e+02,1.147096688741721891e+03,4.341620130989314248e+02,7.918050541516245175e+02,6.468782544011901336e+02,9.270426540284360044e+02,nan,nan
-1.586902296668445615e+03,-1.020991561195236955e+03,-8.119705815483198421e+02,2.598944693076516987e-01,5.659930595720069277e+02,1.286060334528076510e+03,nan,nan,6.478605453917846262e+02,1.105963905599259533e+03,6.519757336343114957e+02,9.520086366440468737e+02
-1.468005102491081288e+03,-1.021275862151344882e+03,1.596055848201339984e+02,1.694981029386834204e-01,nan,nan,3.339537695590327075e+02,9.519671564390665708e+02,6.480546318289785859e+02,1.022968443960827017e+03,6.451155414589941302e+02,1.038088607594936775e+03
-1.572835119991585771e+03,-7.147192162291553359e+02,-3.898893332777947762e+02,4.190312387812575867e-01,4.850636059301769478e+02,1.164883696229421048e+03,4.421132728058798307e+02,8.088889457523030160e+02,nan,nan,6.151256223669092833e+02,8.618721461187215027e+02
-1.470769854947024214e+03,-1.262330932714063238e+03,-1.701210546594258233e+02,2.425323280679474169e-01,4.429588948787061895e+02,1.343022206303724943e+03,nan,nan,6.489315573770492165e+02,1.160943148688046676e+03,6.760040404040404383e+02,1.103985868102288123e+03
-1.523888367108689863e+03,-5.292701065825615387e+02,1.194838951693627820e+02,6.120571354821118248e-01,3.779917849141149873e+02,1.061026666666666642e+03,3.120717557251908261e+02,7.569101123595505669e+02,6.539080059671805429e+02,8.090669975186103784e+02,nan,nan
-1.554773967487043137e+03,-7.148342281575766037e+02,-3.813650301773207616e+02,2.131317729597050903e-01,nan,nan,4.450076860841423922e+02,8.099471794871794827e+02,6.550495002379818743e+02,9.490498927038626107e+02,6.220136518771331566e+02,8.620781620085267605e+02
-1.574899211792851247e+03,-5.279610956780439892e+02,-4.115674524035819104e+02,6.351893907315894205e-01,nan,nan,4.419718614718614731e+02,7.429494869771112917e+02,6.579996042738424649e+02,8.789866392600205245e+02,6.061034126163391420e+02,7.819812426729191657e+02
-1.487342046943381320e+03,-1.169909933810544999e+03,-3.852358992197817429e+02,4.041954537580856321e-01,nan,nan,4.760219081272084622e+02,9.679175946547884450e+02,6.580172972972973184e+02,1.137002823263692790e+03,6.759666189794945694e+02,1.044001079330814946e+03
-1.506872095447021366e+03,-5.906351769865868846e+02,4.929051112565642967e+01,5.734711986758171953e-01,4.000434096290450157e+02,1.087018382352941217e+03,nan,nan,6.609688715953307110e+02,8.460140734949178523e+02,6.089884933477165987e+02,8.349741054613936058e+02
-1.517947071663804081e+03,-6.582792051245492075e+02,-1.522061903479597049e+02,4.410108587007584013e-01,4.460405529953916925e+02,1.127998129092609815e+03,nan,nan,6.619450790861160385e+02,8.999983012457531686e+02,6.210195512820513386e+02,8.519930327868852373e+02
-1.436423764762540031e+03,-9.515857549452773583e+02,2.780050552940079456e+02,2.178092690930495678e-01,nan,nan,3.071086572438162534e+02,9.339963866305329248e+02,6.620199267995119499e+02,9.789554204660587402e+02,6.499962335216572455e+02,1.017997224149895942e+03
-1.508446501654526855e+03,-7.890754180340202311e+02,-2.164350217536814114e+02,4.388385465860040191e-01,nan,nan,4.189892638036809558e+02,8.440154798761609527e+02,6.621075184016824551e+02,9.619515765765765991e+02,6.360230024213075239e+02,9.039748549323016960e+02
-1.514941737109923679e+03,-1.002679486375737952e+03,-5.141487828442216141e+02,2.620782639498422384e-01,nan,nan,4.949573529411764525e+02,9.039166190748144345e+02,6.621400550584996836e+02,1.078033927794693454e+03,6.630685344827586505e+02,9.668779915532613813e+02
-1.497253384000184951e+03,-9.902023821989442922e+02,-4.045622010726941085e+02,1.352163803427258726e-01,nan,nan,4.740670050761421521e+02,9.059584295612008873e+02,6.649959257582617056e+02,1.064035488575595537e+03,6.631717131474104008e+02,9.709756944444444571e+02
-1.618312863144281209e+03,-7.978232058233668340e+02,-1.133240595109350352e+03,2.665876494868197333e-01,nan,nan,5.930169160702668023e+02,8.109958762886598151e+02,6.651407291258329906e+02,1.049055937193326827e+03,6.479751785107106343e+02,8.499676007005253950e+02
-1.530625058360787762e+03,-8.096734123838778032e+02,-4.997274485223910574e+02,2.510998221556121068e-01,nan,nan,4.829584191025113000e+02,8.389237668161434840e+02,6.660737078651685579e+02,1.000102862688015534e+03,6.451475471698113324e+02,8.919797169811321282e+02
-1.527849723319028044e+03,-4.615627047528817002e+02,-9.551374072788412661e+01,4.775411529472122218e-01,4.360255417956656174e+02,1.056066938775510152e+03,nan,nan,6.661534910559722675e+02,8.117530601383714384e+02,6.018670085470085951e+02,7.680373001776198407e+02
-1.460155368023718893e+03,-7.476370562539095772e+02,1.196717856398160507e+02,7.031574360327191853e-01,3.882360732372418965e+02,1.136993660855784356e+03,3.409247808029533644e+02,8.450147239263803840e+02,6.700992865636147826e+02,9.060046542553191102e+02,nan,nan
-1.481072136613501925e+03,-1.094669157833967347e+03,-5.136271573969352175e+02,4.078055483605441123e-01,5.289732620320855858e+02,1.295919975565057939e+03,nan,nan,6.710035282258064626e+02,1.115983577712609986e+03,6.820197230381871805e+02,1.001972505091649737e+03
-1.671086222134433001e+03,-9.817615411158258212e+02,-1.851209766943481554e+03,2.078761353642605003e-01,nan,nan,6.979921020656136079e+02,8.379751275510203641e+02,6.710427687113111688e+02,1.153079621380846220e+03,6.749786163522012430e+02,8.729606741573034014e+02
-1.543904794486113587e+03,-6.403134775581222584e+02,-5.615590005022309015e+02,2.138571466396271548e-01,5.351170678336980018e+02,1.150007073954983980e+03,4.900930232558139323e+02,7.789584450402144284e+02,6.729452124935995698e+02,9.409982153480071929e+02,nan,nan
-1.517548899394505725e+03,-7.034512235735039667e+02,-4.315728234279339972e+02,2.540326628970372425e-01,nan,nan,4.680745735819119204e+02,8.049750244857982580e+02,6.741206395348837077e+02,9.520616500453309072e+02,6.410064407728928018e+02,8.530282012195121979e+02
-1.508140822504116159e+03,-4.896763467780135670e+02,-1.121507358104563821e+02,9.266224927287872726e-01,4.440151153540174960e+02,1.065991942703670475e+03,3.829228142076502763e+02,7.359302501895375599e+02,6.749805615550756102e+02,8.280045317220543666e+02,nan,nan
-1.512473025521685713e+03,-6.595339967773337548e+02,-3.588555797054252139e+02,4.712315044514608364e-01,4.969358437935843540e+02,1.142065248226950416e+03,4.510470788428814330e+02,7.919435582822086417e+02,6.750244510978044445e+02,9.269377475947934499e+02,nan,nan
-1.432164875087508563e+03,-6.610541384170011270e+02,3.750825985061554206e+02,1.318022058360285298e-01,nan,nan,2.690447470817120461e+02,8.229213483146066892e+02,6.779545154911008922e+02,8.330164403145104188e+02,6.298712584486643209e+02,8.890255863539446182e+02
-1.483985631094893279e+03,-7.149713728175985352e+02,-2.339217708751705516e+02,3.488546993803837704e-01,4.739526907155529329e+02,1.151974600870827317e+03,4.290728609625668355e+02,8.170570206699928804e+02,6.780360602798708669e+02,9.350119949494949196e+02,nan,nan
-1.400238207996075516e+03,-9.382928085152998392e+02,2.777397784283241435e+02,3.157571283617823799e-01,3.559900727994705676e+02,1.195965309200603315e+03,3.191220472440944604e+02,9.300054694621695717e+02,6.809351166761525747e+02,9.749844913151364381e+02,nan,nan
-1.476213250360545999e+03,-3.725787177349702688e+02,2.240218226572942513e+02,4.901073470946248345e-01,3.700493697478991635e+02,9.930090395480225425e+02,2.920145127850725544e+02,6.980089213300892652e+02,6.809946062567421450e+02,7.280080552359033845e+02,nan,nan
-1.506794753346102880e+03,-6.426330257691505494e+02,-4.071130416143657271e+02,2.306680109361290698e-01,nan,nan,4.639777695442756453e+02,7.848689344672336574e+02,6.809994678020223091e+02,9.259916527545909730e+02,6.408376477208778397e+02,8.289717536288740121e+02
-1.529470896222444935e+03,-5.264962008081619160e+02,-5.062343982498993000e+02,6.487015662009893990e-01,5.299521212121212557e+02,1.108943141435678854e+03,nan,nan,6.830087336244541802e+02,8.930154071900219606e+02,6.310293997550020322e+02,7.759797395079594935e+02
-1.374078565109400643e+03,-1.356042077919738176e+03,-1.041379569736800050e+02,4.674001989267040358e-01,4.530535825545171065e+02,1.373984466019417368e+03,4.450607613469985608e+02,1.058006694560669530e+03,6.849349744542498684e+02,1.200967316816025232e+03,nan,nan
-1.475068624977357786e+03,-7.503610781660385101e+02,-3.981004818525788664e+02,3.833161757496170163e-01,5.140860502405131456e+02,1.174022946859903413e+03,4.740969051243023955e+02,8.239312109152928087e+02,nan,nan,6.601018478727976344e+02,8.730015267175572262e+02
-1.435079783672452322e+03,-6.907167472887761051e+02,2.587826348573925372e+01,5.230614086006678543e-01,4.240960415314730767e+02,1.123009999999999991e+03,nan,nan,6.889601620526671013e+02,8.950245269796776029e+02,6.509884432358938966e+02,8.759856262833675373e+02
-1.512611872510586409e+03,-6.606290606421904386e+02,-6.450992983983522890e+02,1.103668092503589798e-01,5.610027008777852870e+02,1.161000000000000000e+03,5.189568167797656315e+02,7.839585034013605309e+02,nan,nan,6.540546511627907194e+02,8.229821318545903068e+02
-1.487376881197572175e+03,-4.038919334374103300e+02,-1.564129859671186580e+02,6.992172843787826109e-01,4.650534793814433101e+02,1.039956101190476147e+03,nan,nan,6.900369978858351487e+02,8.000000000000000000e+02,6.220371229698375828e+02,7.379455184534270984e+02
-1.424864480899986347e+03,-7.984512126594768233e+02,-6.653561652801394644e+01,2.974423451500772253e-01,nan,nan,4.049759876065065782e+02,8.560411171450737129e+02,6.920566265060241449e+02,9.529676601141408128e+02,6.660877805486284160e+02,9.169487738419618381e+02
-1.451712846323098574e+03,-1.075258104113581339e+03,-6.616076725330192403e+02,5.832508569823439126e-01,nan,nan,5.480467117393976650e+02,9.229882920110193254e+02,6.920617414248021078e+02,1.119980599647266217e+03,7.000936170212766001e+02,9.800157251019219302e+02
-1.439863122859914938e+03,-8.378235590460204776e+02,-2.933760890429213077e+02,3.526685375933418798e-01,4.979955481357818599e+02,1.196008397932816479e+03,4.599938233477455469e+02,8.599469895287958252e+02,6.930329087048831980e+02,9.940096618357488296e+02,nan,nan
-1.577440223386913658e+03,-1.115336885932607174e+03,-1.828077437070308633e+03,6.214097415658624834e-01,nan,nan,7.190265633646928336e+02,8.780105571847507235e+02,6.949241837299391591e+02,1.195974087161366242e+03,7.100338891877353262e+02,9.129947946790051674e+02
-1.506384346629933361e+03,-9.431738460239592996e+02,-1.038571714485189204e+03,3.901963853168199936e-01,nan,nan,6.069687100893997922e+02,8.610045454545454504e+02,6.949896670493685633e+02,1.096981389578163771e+03,6.921131078224101429e+02,9.049656760150691071e+02
-1.527446453816357689e+03,-1.244800752983550638e+03,-1.580896089365560329e+03,3.573018197961321252e-01,7.159793564055859179e+02,1.376982634730538848e+03,nan,nan,6.970035335689045723e+02,1.230021505376344066e+03,7.219525916561315171e+02,9.679706070287539887e+02
-1.477097617225024806e+03,-4.905946139903240351e+02,-3.193743591203278243e+02,5.001638938612423813e-01,5.039721283783783861e+02,1.081995527728085790e+03,4.469874411302982935e+02,7.329804241435563199e+02,6.979920232052211304e+02,8.580178432893716263e+02,nan,nan
-1.492583880213418979e+03,-6.440938048038059378e+02,-6.968489105787305107e+02,3.351571850377372819e-01,5.779930313588849913e+02,1.158011931394481735e+03,5.359722222222221717e+02,7.779757188498402911e+02,6.999384236453201993e+02,9.589848693259972379e+02,nan,nan
-1.455996873554950980e+03,-5.532236635287665649e+02,-2.627060520041600284e+02,4.124088099592391754e-01,4.950008340283569623e+02,1.098021240441801183e+03,nan,nan,7.008672566371681114e+02,8.750402802101575617e+02,6.500110375275937713e+02,7.979981916817359888e+02
-1.498450385395557532e+03,-6.445512254924533408e+02,-7.682842306825846208e+02,3.577956803422675525e-01,5.910900900900901433e+02,1.163007560137456949e+03,nan,nan,7.010364741641337787e+02,9.659883945841393142e+02,6.661009409751924295e+02,8.100034670629024731e+02
-1.369860240180617893e+03,-9.993500852851135505e+02,-1.936186477849272114e+00,2.943503022358595067e-01,nan,nan,4.100344104070499611e+02,9.359818084537185996e+02,7.030720000000000027e+02,1.035074486301369916e+03,6.989816803537586338e+02,1.008017296604740523e+03
-1.327411197119967483e+03,-1.192330591086332333e+03,2.539101440469495969e+02,3.779485340917828062e-01,nan,nan,3.579662921348314626e+02,1.029979147778785091e+03,7.030863804981452176e+02,1.098963953488371999e+03,7.170589519650654893e+02,1.120009685230024161e+03
-1.392498106436745502e+03,-1.109658225858234118e+03,-4.000824440331000460e+02,4.811252776377871743e-01,nan,nan,5.061309589041096046e+02,9.499890393294648447e+02,7.031044138585666587e+02,1.116938252223966401e+03,7.140812055253244353e+02,1.014998529411764707e+03
-1.435816509169631217e+03,-8.427238816799552978e+02,-5.021380435863977141e+02,2.343716211391316806e-01,nan,nan,5.120162815126050191e+02,8.529141069397041974e+02,7.040114832535884943e+02,1.017122268712226855e+03,6.871013535820402467e+02,9.019934980494148249e+02
-1.320032830623881864e+03,-1.576453125210685357e+03,-2.865093039434740376e+02,4.527528180046725415e-01,nan,nan,5.109833005893909785e+02,1.118949031600407807e+03,7.049553626782393394e+02,1.311004458598726160e+03,7.630809889173060583e+02,1.207066071428571377e+03
-1.518730086197172795e+03,-2.411340483698890012e+02,-6.039901796169331192e+02,1.079098468696388480e+00,5.610091324200913050e+02,1.028010938924339143e+03,4.990504261363636260e+02,6.389335714285714403e+02,7.079150943396226694e+02,8.019228791773779221e+02,nan,nan
-1.449447663724333552e+03,-9.009304053192146284e+02,-7.865464792283631823e+02,1.420999357217251902e-01,nan,nan,5.719356687898089149e+02,8.599567375886524587e+02,7.079318316538233375e+02,1.063988764044943764e+03,6.990614316239316395e+02,9.049710556186151962e+02
-1.519054205494297094e+03,-9.053996992609746712e+02,-1.425894710206486707e+03,7.601566128984272863e-01,nan,nan,6.719791282995703341e+02,8.359377267230955795e+02,7.080882816605360404e+02,1.109037631433314800e+03,7.050391752577319266e+02,8.679927219796215923e+02
-1.443281084912747929e+03,-4.059456806066008312e+02,-1.277139259541730922e+02,5.496541407901135434e-01,4.700288692862870903e+02,1.036892798690671043e+03,4.060867952522254996e+02,7.060911111111111040e+02,7.090498338870431780e+02,7.989243098842385962e+02,nan,nan
-1.382818182200684532e+03,-6.286386164525073355e+02,2.317517760060410978e+02,8.750494729059551391e-01,3.869383846794337956e+02,1.082023276633840624e+03,3.290551366635249906e+02,8.040000000000000000e+02,7.100337078651685943e+02,8.430155763239874886e+02,nan,nan
-1.444043196570645478e+03,-3.127274388564541141e+02,-4.901792838039954603e+01,3.157050813927109734e-01,4.540129310344827331e+02,9.979944700460829381e+02,3.809990059642146889e+02,6.709864583333333030e+02,7.109437984496123590e+02,7.500265848670757123e+02,nan,nan
-1.500494544816845973e+03,-1.155725253966627633e+03,-1.677774122659081740e+03,1.251679237144117107e-01,nan,nan,7.170853242320819163e+02,8.969844042420461392e+02,7.139664367816092181e+02,1.205099492385786789e+03,7.309696292987940751e+02,9.329035608308605561e+02
-1.436748307134242168e+03,-8.137730469696087994e+02,-7.680064899223426664e+02,3.494098293316517112e-01,6.039723723723723197e+02,1.213967233774417082e+03,5.700601552393272868e+02,8.330087131367291704e+02,nan,nan,6.990223564954683297e+02,8.730337794773740825e+02
-1.321528203200816279e+03,-1.028293887055117011e+03,2.737617834514279593e+02,3.119250443387386329e-01,nan,nan,3.489984779299848014e+02,9.679680207433016221e+02,7.150771195097038344e+02,1.020983730389308562e+03,7.100253779697624168e+02,1.048007224563516047e+03
-1.435064820256157645e+03,-5.944355006461875064e+02,-4.612930235193744011e+02,1.216756038753900454e-01,5.450828796128251952e+02,1.125046174142480140e+03,nan,nan,7.158709981167608021e+02,9.169965075669382486e+02,6.728709283387622690e+02,8.039964539007091844e+02
-1.468595670780066030e+03,-1.950055363560316209e+03,-2.377154319603801923e+03,6.592249816659586648e-01,nan,nan,8.100451535219747257e+02,1.069942138364779794e+03,7.159843851659076108e+02,1.468990697674418698e+03,7.819761755485893673e+02,1.107991233562930574e+03
-1.260057086565789859e+03,-1.672176507957776039e+03,6.164011755553221450e-01,1.131619181939028218e+00,4.509902222222222008e+02,1.493964252978918466e+03,nan,nan,7.170171253822629751e+02,1.345999378881987468e+03,7.840077464788732868e+02,1.284037599421547384e+03
-1.246512037871821576e+03,-1.865450145722351635e+03,-1.462572285346445540e+02,7.371825951292100276e-01,nan,nan,5.059777942264988724e+02,1.233861478599221755e+03,7.199833127317675689e+02,1.441017023959646849e+03,8.019962406015038141e+02,1.334988170347003233e+03
-1.296770528376787070e+03,-1.303786824594198379e+03,-9.384743424565894543e+01,4.702636027506169047e-01,nan,nan,4.649745958429561483e+02,1.042984455958549233e+03,7.230209958008398416e+02,1.180054354178842686e+03,7.520028818443804539e+02,1.123015693659761382e+03
-1.405898158516968806e+03,-4.036536416828658957e+02,-5.445216082469339369e+01,3.258901492736709371e-01,4.640027726432532518e+02,1.028011439466158208e+03,nan,nan,7.230635838150288919e+02,7.890289855072463752e+02,6.530450656018253994e+02,7.399987819732034495e+02
-1.348830525293935580e+03,-6.560699371122111643e+02,1.291740042705148994e+02,2.577212461413521116e-01,4.250984455958549120e+02,1.098982488479262656e+03,nan,nan,7.279541491766225363e+02,8.709599818099136428e+02,6.839624933967247671e+02,8.649373549883990790e+02
-1.322111898748468775e+03,-9.032246780439880922e+02,8.168686608948858918e+01,1.793009447976632031e-01,nan,nan,4.000653935185185333e+02,9.069721878862793574e+02,7.279562575941677096e+02,9.860055796652201252e+02,7.119702203692673947e+02,9.719875389408099409e+02
-1.372383991631767913e+03,-9.219524262085602686e+02,-5.496917141774796391e+02,2.021627381569226500e-01,nan,nan,5.429376640419947080e+02,8.790035663338088625e+02,7.280023571007660621e+02,1.055029886431560044e+03,7.199917269906928823e+02,9.280154373927958886e+02
-1.374751139286339594e+03,-8.562158179933758220e+02,-4.796873745793617445e+02,4.098064442378181460e-01,nan,nan,5.249345758843667227e+02,8.600032497678737400e+02,7.280826570483919795e+02,1.023033412887828149e+03,7.122119064493267615e+02,9.070656424581005695e+02
-1.480558584480280842e+03,-1.076625752376834271e+03,-1.838721313166576465e+03,6.959311033536698110e-01,7.680311948204825967e+02,1.335033775633293089e+03,nan,nan,7.289712683952348016e+02,1.186926618705035935e+03,7.400222222222222399e+02,8.990081300813008056e+02
-1.358683300357097323e+03,-8.208975232014543053e+02,-3.065692319125811878e+02,3.020165459378242878e-01,nan,nan,4.880260631001371507e+02,8.559962490622655196e+02,7.299847133757962183e+02,9.919915748541801577e+02,7.091133056133056698e+02,9.050840921264059489e+02
-1.405768080362209048e+03,-4.707086626578257551e+02,-3.347204753267804449e+02,7.372236448936666520e-01,5.290540315876974091e+02,1.074020654044750472e+03,4.719694209499024282e+02,7.269800853485063499e+02,7.300099573257467682e+02,8.560105580693815455e+02,nan,nan
-1.406612389087564452e+03,-3.583452906368807476e+02,-2.215771973621940560e+02,9.338311157865931689e-01,5.059560761346998561e+02,1.027072398190045305e+03,nan,nan,7.301570469798657541e+02,7.960148026315789593e+02,6.609639889196675995e+02,7.129571938168846827e+02
-1.413464335005582598e+03,-5.861974753515305565e+02,-6.096579926938223934e+02,3.478778504046485254e-01,5.829558823529412166e+02,1.131998562185478022e+03,nan,nan,7.310398773006135116e+02,9.320607361963189987e+02,6.899073100812231587e+02,7.919994388327721708e+02
-1.351145574541041697e+03,-6.563288846670466228e+02,-1.551529970827793363e+02,3.040575441371995979e-01,4.971270791749833506e+02,1.121082212257100082e+03,4.480097887686759464e+02,8.018826237054084913e+02,nan,nan,6.971166522116218403e+02,8.459577669902912476e+02
-1.390506859162957880e+03,-6.219652634670100042e+02,-5.467521370746152343e+02,5.375870206289815600e-01,5.750343347639485501e+02,1.138094730238394050e+03,5.320500284252416350e+02,7.768809106830123028e+02,7.359440361786320182e+02,9.390410287813839432e+02,nan,nan
-1.330859077074104562e+03,-5.383434944729605149e+02,3.471770485292337867e+02,5.961617802296979157e-02,3.759898562975486129e+02,1.034938520653218120e+03,3.089929411764705947e+02,7.740885906040268765e+02,7.359910485933503423e+02,7.880236822001527344e+02,nan,nan
-1.313897561202177940e+03,-1.006160043714412723e+03,-1.989024042172829070e+02,6.288004750002326171e-01,nan,nan,4.789778287461773516e+02,9.279826446280991377e+02,7.360198609731876331e+02,1.059952327537857627e+03,7.330098265895953773e+02,9.899863098942128090e+02
-1.277617913966303377e+03,-1.221191530859138993e+03,-1.073097315543568868e+02,8.249652409947035858e-01,nan,nan,4.719755911517925142e+02,1.012043512658227883e+03,7.368944866920152208e+02,1.145995179432244186e+03,7.570537859007832822e+02,1.087031482541499827e+03
-1.341559879745051603e+03,-9.244763855388814591e+02,-4.445303753826132152e+02,3.444392211459142428e-01,nan,nan,5.280388076490438607e+02,8.859840357598977789e+02,7.369773755656108278e+02,1.047957901159243420e+03,7.279451804476930192e+02,9.359841688654353220e+02
-1.361679385195448276e+03,-7.817784505204676861e+02,-4.983315399361908931e+02,1.967920085493244098e-01,nan,nan,5.319657836644591953e+02,8.339619937694703822e+02,7.379873490511788532e+02,9.960686977299880027e+02,7.150041088854648024e+02,8.759663625997719691e+02
-1.359705177040647186e+03,-6.861280555828672050e+02,-3.426020847426213436e+02,3.412940236170100561e-01,5.370189086980010416e+02,1.145098475967174636e+03,4.940141155712395289e+02,8.060105097214923262e+02,7.379952221691352179e+02,9.421421152030217172e+02,nan,nan
-1.363845276394909433e+03,-7.543630468688151041e+02,-5.400218128833218998e+02,2.842912713799610192e-01,nan,nan,5.400281375614113131e+02,8.229283874291602388e+02,7.400341090213579491e+02,9.900114285714286098e+02,7.149305242843357746e+02,8.619858037578287622e+02
-1.299572439315424845e+03,-7.995192735997886757e+02,1.837588870308561297e+02,2.573743774412760033e-01,nan,nan,3.759967502321262600e+02,8.728964577656676056e+02,7.409640239840106233e+02,9.289645535105657927e+02,7.130212992545260704e+02,9.339965792474343971e+02
-1.456913354167789748e+03,-4.940471306907187454e+02,-1.216846807782483666e+03,1.345913165168280690e-01,6.869722921914357130e+02,1.143058103975535232e+03,6.479361826697892184e+02,7.189591331269349439e+02,7.420782173715325598e+02,9.600844510680576604e+02,nan,nan
-1.325789694703551959e+03,-1.128131959632535199e+03,-7.376572354035720309e+02,5.417698613783671346e-01,nan,nan,5.999948776323278707e+02,9.389556270096462640e+02,7.439460465116278556e+02,1.150995158687466301e+03,7.559994337485843516e+02,9.889032435404068337e+02
-1.314627755784147439e+03,-4.953769712771900231e+02,4.315563061407584087e+02,4.743543076452160778e-01,nan,nan,2.869850917431192556e+02,7.600962861072902115e+02,7.439657534246575779e+02,7.559806910569105867e+02,6.781592505854800947e+02,8.069637305699482113e+02
-1.363236186330766714e+03,-4.114605712533034989e+02,-1.922896074831041631e+02,1.878709731436880581e-01,5.100285714285714107e+02,1.041000000000000000e+03,4.480286821705426519e+02,7.089432907348242452e+02,7.460212569316081499e+02,8.149891089108911046e+02,nan,nan
-1.370101705977818938e+03,-1.267166140425938920e+03,-1.448765163357046731e+03,2.353420244389531069e-01,7.359683362118595369e+02,1.378005392450569161e+03,7.169474648747709580e+02,9.419846050870147565e+02,7.460384615384615472e+02,1.236015358361774815e+03,nan,nan
-1.352861029726600464e+03,-6.118037495832089689e+02,-3.985023532306523180e+02,2.730691558748929992e-01,5.540832879695154816e+02,1.123981326464906715e+03,nan,nan,7.470139410187667863e+02,9.201069489685124836e+02,7.058982779335202622e+02,8.119610453648915609e+02
-1.353273934051648894e+03,-9.049152498715217234e+02,-9.718551133162874294e+02,5.090742371565529778e-01,nan,nan,6.359970414201183075e+02,8.569609475032010550e+02,7.519192307692308077e+02,1.083063715953307337e+03,7.450639318060734695e+02,8.910017341040462497e+02
-1.293338006345867825e+03,-7.813906940965196100e+02,-1.855738860696820609e+02,4.718540476955250251e-01,nan,nan,4.770482490272373752e+02,8.479905734485466837e+02,7.560258215962441000e+02,9.659993777224642599e+02,7.310935839803840963e+02,8.959040606871932368e+02
-1.292367911681271835e+03,-6.137718865407975954e+02,1.071068061771802036e+02,1.621662619239339076e-01,nan,nan,3.950738636363636260e+02,7.970144346431435451e+02,7.570681362725450754e+02,8.589950980392156907e+02,7.100902506963788028e+02,8.419894932014833557e+02
-1.344585231567277788e+03,-5.975748609978656987e+02,-5.908740072823835590e+02,3.314712670984594212e-01,5.979593541202672213e+02,1.132128073184676850e+03,5.549347599164926805e+02,7.679293224299065059e+02,nan,nan,7.179707339036469875e+02,7.960122824974411060e+02
-1.291850692150025907e+03,-9.187386959443504111e+02,-4.358967515455556168e+02,5.820079194406934109e-01,5.720418317921620428e+02,1.228141132776230279e+03,nan,nan,7.580152224824355471e+02,1.046057524694944732e+03,7.480386151797603134e+02,9.330350535540409282e+02
-1.248678242163768118e+03,-2.001690986355248924e+03,-1.546037442227252768e+03,6.043268343703115386e-01,7.739946686976389856e+02,1.604977777777777874e+03,7.669810526315789048e+02,1.141965079365079418e+03,7.609986868023637498e+02,1.496994842037395301e+03,nan,nan
-1.270752236681107433e+03,-7.042951852913444100e+02,6.492006884226924512e+01,6.708266654778941573e-01,4.651309904153354751e+02,1.118904569892473091e+03,nan,nan,7.639471057884231868e+02,9.040139372822300174e+02,7.260142397795131046e+02,8.799055501460564983e+02
-1.257249317117742066e+03,-1.184166410304916326e+03,-6.037244271990244897e+02,3.528693214258955130e-02,nan,nan,5.929698055271238673e+02,9.669530878859857239e+02,7.640136226034309175e+02,1.166004388370817423e+03,7.809975475168607773e+02,1.019947525342874201e+03
-1.218895049474584312e+03,-1.002253162479045386e+03,4.057235764641720834e+02,4.048623717630747687e-01,nan,nan,3.441205225453012986e+02,9.709367021276596006e+02,7.640252143217347793e+02,9.989812258420762419e+02,7.540563075257173296e+02,1.046984553775743734e+03
-1.265519319684851780e+03,-6.411698978605434149e+02,1.672058263160183458e+02,2.358958916583082654e-01,4.419698492462311492e+02,1.087022157996146461e+03,3.880638109305760963e+02,8.109048566878981319e+02,nan,nan,7.219818681318681683e+02,8.579781483611270687e+02
-1.269619387844500807e+03,-4.678697214101884470e+02,3.879917256921999069e+02,4.795734006706163233e-01,3.870369989722507853e+02,1.001991726990692882e+03,3.158310502283105166e+02,7.470153374233128716e+02,7.689609218436874016e+02,7.540177339901478035e+02,nan,nan
-1.378906517423043397e+03,-5.296505261097051971e+02,-1.319362693752812220e+03,3.709938757127423936e-01,7.230179566563467688e+02,1.157023779724655924e+03,nan,nan,7.710123390557939729e+02,9.840301449275361847e+02,7.340496205487448833e+02,7.410160891089109327e+02
-1.167000701847249957e+03,-1.376238466829471690e+03,2.085882048279332537e+02,5.634383169279014725e-01,4.360261168384879511e+02,1.368005661712668143e+03,4.290089942763696058e+02,1.101943217665615066e+03,nan,nan,8.040730106644790567e+02,1.187000901713255189e+03
-1.256849566039564479e+03,-9.894396860734549364e+02,-6.009568820183536673e+02,4.619329371123891970e-01,nan,nan,5.890605311920938902e+02,9.029763729246487856e+02,7.740167664670658496e+02,1.090073920756948610e+03,7.720617009449694024e+02,9.459970674486803546e+02
-1.262495321835478080e+03,-6.455202078881660555e+02,-1.152747676836500688e+02,2.126471007610476749e-01,nan,nan,4.661230604601391292e+02,8.019450884685784331e+02,7.749482178883658889e+02,9.029678341672623674e+02,7.349650969529085387e+02,8.409982238010657056e+02
-1.273792233710940309e+03,-6.852221610369376776e+02,-3.634665150746019435e+02,3.700306315533984924e-01,nan,nan,5.251169102296451001e+02,8.069239001189060900e+02,7.750557724484104938e+02,9.479932844932844773e+02,7.420118434603501782e+02,8.430121748754842201e+02
-1.265948181947730973e+03,-7.631048657616837545e+02,-4.014649408888433300e+02,4.295324362033854926e-01,nan,nan,5.379738154613465895e+02,8.339364461738002774e+02,7.759097669806643580e+02,9.829892897406989505e+02,7.500744532340623891e+02,8.719722513089004678e+02
-1.162354303464275290e+03,-1.421327584863894117e+03,6.132746406014958751e+01,9.117167184990510043e-01,4.769630086313193829e+02,1.388965794768611659e+03,4.700088183421516987e+02,1.104990740740740648e+03,7.759960139511708803e+02,1.229110190151145844e+03,nan,nan
-1.292983515476276580e+03,-5.712286604974292459e+02,-4.710790521950862626e+02,1.639197289754658893e-01,nan,nan,5.420514138817480898e+02,7.629744272775706122e+02,7.761298910851149913e+02,9.159754016064257485e+02,7.329840733590733635e+02,7.898707449432658905e+02
-1.190147186339534301e+03,-1.460637343038280051e+03,-5.403913488490875352e+02,6.662200714104334898e-01,nan,nan,6.030633549316054314e+02,1.063999246987951892e+03,7.769553571428571104e+02,1.276997553516819607e+03,8.179195046439627959e+02,1.125984385165907725e+03
-1.375252492813411664e+03,-5.042656224384766688e+02,-1.521570455700290267e+03,2.917298998730933346e-01,7.549859154929577016e+02,1.160951409718056311e+03,7.210500873616773561e+02,7.179234122042340687e+02,7.790282340862422643e+02,9.929148483235763933e+02,nan,nan
-1.276462983891509111e+03,-6.072284971934850546e+02,-4.938429391672739825e+02,5.109772630715314623e-01,5.970189255189254709e+02,1.126941596365996020e+03,5.530507025045815226e+02,7.750539682539682644e+02,nan,nan,7.429943714821763479e+02,8.029604415823366708e+02
-1.304496424510684392e+03,-8.375125369687655166e+02,-1.324757299368460508e+03,2.462965437185191675e-01,nan,nan,7.110043997485857972e+02,8.239903536977492422e+02,7.839559496567505903e+02,1.087000000000000000e+03,7.729796464916979630e+02,8.459774725274725142e+02
-1.191753882369383064e+03,-1.054409013549089650e+03,-3.443158387729637866e+02,3.866888669230714726e-01,nan,nan,5.530485232067510424e+02,9.409564660691421523e+02,7.909322709163346872e+02,1.097010078387457952e+03,7.930901001112347330e+02,9.920060024009603694e+02
-1.295696953603796146e+03,-6.878877362914817013e+02,-1.225348830356132794e+03,6.741362714224047314e-01,7.270520134228188454e+02,1.195965577596266030e+03,nan,nan,7.910325875486381619e+02,1.030988191089640395e+03,7.671156626506024168e+02,7.979902544667027087e+02
-1.222286225619413244e+03,-9.039106586732451660e+02,-6.301081884334416827e+02,4.552967033271766439e-01,nan,nan,6.040143093010457278e+02,8.739592312172393349e+02,7.930128468653648497e+02,1.061036697247706343e+03,7.831300132216836118e+02,9.099911596463858814e+02
-1.146235522315324715e+03,-1.146109023995063808e+03,1.682537013238696773e+02,5.401994799566991468e-01,4.638707446808510895e+02,1.275981687377370918e+03,4.399533275713051239e+02,1.012022072936660265e+03,7.960052023121387492e+02,1.093976701410177839e+03,nan,nan
-1.184033106517370015e+03,-1.189091665494489007e+03,-6.901609366618047261e+02,3.267413995551388117e-01,6.509619823489476858e+02,1.328012022630834508e+03,nan,nan,7.960336898395721619e+02,1.175886472148541088e+03,8.129003131524008268e+02,1.010956929872998330e+03
-1.257169207716030996e+03,-3.099487297558286514e+02,-2.374036799676931935e+02,3.781975134121893789e-01,5.549669117647058556e+02,1.007003906250000000e+03,4.909896907216494810e+02,6.720007794232268452e+02,7.979966694421315196e+02,7.879589160839160513e+02,nan,nan
-1.153657715176980901e+03,-1.083780143773315558e+03,-1.090327402031064423e+02,2.993237657848289990e-01,nan,nan,5.090045819014891322e+02,9.679506493506493143e+02,8.010377987770983736e+02,1.091007172743574529e+03,8.039852805887765044e+02,1.025010546500479450e+03
-1.229689658253872039e+03,-1.298604609380209922e+03,-2.337189568745962788e+03,5.808795381826613591e-01,nan,nan,8.640161849710982551e+02,9.119732498577120623e+02,8.099725776965265140e+02,1.277983668341708608e+03,8.329652271452607692e+02,9.289897466827502512e+02
-1.127326402686243000e+03,-9.914712455934698028e+02,4.353591276653866089e+02,3.522748331853977066e-01,nan,nan,3.671278280542986181e+02,9.730848484848485214e+02,8.099893138357705311e+02,9.950215366705471070e+02,7.980144675925926094e+02,1.041001220256253873e+03
-1.241221643510305057e+03,-4.433100802199561485e+02,-8.154989485783738701e+02,5.140810715870657299e-01,nan,nan,6.300373944511459285e+02,7.129602373887240674e+02,8.110876346082435475e+02,9.110083140877597998e+02,7.630043668122270901e+02,7.230148741418764757e+02
-1.191750597945650043e+03,-7.080186009991056153e+02,-5.120387808454539709e+02,5.652843544842275358e-01,6.229347420758234648e+02,1.157957241379310290e+03,nan,nan,8.120115958034235746e+02,9.769811778992107065e+02,7.830367346938775199e+02,8.400135693215339643e+02
-1.199354450407648073e+03,-5.110541275109699768e+02,-3.117187545468194685e+02,3.487430349498369941e-01,5.829672131147541450e+02,1.078002525252525174e+03,nan,nan,8.140554123711340253e+02,8.779774834437085929e+02,7.639918319719953388e+02,7.699921164342025577e+02
-1.126724958968693272e+03,-1.186950905314163947e+03,-6.006677677808627323e+02,6.773363887189849386e-01,6.499917144678139493e+02,1.322944374209860825e+03,nan,nan,8.179525350593311259e+02,1.171027654867256615e+03,8.320617860851505156e+02,1.017022844089091905e+03
-1.161003290944070613e+03,-8.713202095458799477e+02,-6.415892592765235349e+02,3.671837442305008192e-01,6.550224171539961162e+02,1.218981837606837644e+03,6.240372899159664257e+02,8.639382647385984910e+02,nan,nan,8.071268334771355057e+02,8.949136385087305143e+02
-1.201534118592049253e+03,-3.052275939604567725e+02,-3.238665319486677276e+02,4.388693539727501203e-01,5.899946284691136498e+02,1.011023408239700416e+03,5.310465949820788865e+02,6.710047318611987066e+02,8.230303797468354787e+02,8.010329368709972186e+02,nan,nan
-1.160261209114144094e+03,-6.646194230939345289e+02,-3.113722346854892749e+02,7.986390300274810450e-01,nan,nan,5.470000000000000000e+02,8.049562700964630722e+02,8.230583554376657958e+02,9.400005875440657519e+02,7.879762329174093338e+02,8.330177200236266799e+02
-1.099804666050637934e+03,-1.151489428868113919e+03,-6.068360964741802945e+02,1.872941131514892499e-01,nan,nan,6.389897218863361559e+02,9.610146683673469852e+02,8.300576519916143070e+02,1.159027605633802750e+03,8.420000000000000000e+02,1.001990022172949011e+03
-1.118111498958662878e+03,-9.062197227804316526e+02,-5.496958615900525729e+02,2.410123562862517277e-01,nan,nan,6.179782739891370511e+02,8.809796547472255952e+02,8.329476380193511886e+02,1.058988310929281170e+03,8.230325325325325139e+02,9.139540112416964348e+02
-1.091189011084807589e+03,-9.524063076081029067e+02,-1.737941341501036874e+01,3.292969545818969501e-01,nan,nan,5.030402402402402231e+02,9.270086724482988529e+02,8.339368191721132462e+02,1.028991783470275550e+03,8.240271167681239604e+02,9.759988331388565257e+02
-1.108385006799353505e+03,-9.822569690516975243e+02,-1.162717134630212286e+03,3.613228027516378060e-01,nan,nan,7.380236039147956717e+02,8.779910447761194519e+02,8.439773706896551175e+02,1.132001118568232641e+03,8.439737808075511794e+02,8.999825802939575397e+02
-1.119615745930983621e+03,-6.395654346728908877e+02,-5.144761790598283824e+02,2.041255013268198082e-01,nan,nan,6.059685990338164174e+02,7.900450563204004766e+02,8.440698689956332146e+02,9.539853479853479712e+02,8.101087654887562621e+02,8.109789419619928594e+02
-1.057861329261059609e+03,-9.438421378096526269e+02,3.310177091314442919e+02,3.341148252463568280e-01,nan,nan,4.210281350482314906e+02,9.489526842584167525e+02,8.469522852837769733e+02,9.879619450317125029e+02,8.320121546961325976e+02,1.005006155567991073e+03
-9.813362155736723480e+02,-1.983602694167374011e+03,-9.390336971471070910e+02,2.562010418108358611e-01,nan,nan,7.440899763220205614e+02,1.198014843749999955e+03,8.470397350993378041e+02,1.501032238442822290e+03,9.229917043740573490e+02,1.248988653555219344e+03
-1.108781384113572130e+03,-1.089620961322218591e+03,-1.690068194875498648e+03,4.859992089268570514e-01,nan,nan,8.180322384428224041e+02,8.879785759294265972e+02,8.470749506903352994e+02,1.194976614699331776e+03,8.570129198966408239e+02,9.019816849816850208e+02
-1.153493907007992220e+03,-3.022095386193770992e+02,-7.079435657630427841e+02,3.909102502849687855e-01,nan,nan,6.319664556962025017e+02,6.670247461928934172e+02,8.489961013645224739e+02,8.530414402173912549e+02,7.880643997939206429e+02,6.689689174705251844e+02
-1.072599340783523076e+03,-8.901201293914790540e+02,-5.000184357977008176e+02,1.969603328734047254e-01,nan,nan,6.209540100953448700e+02,8.790535714285714448e+02,8.510250875145857208e+02,1.050062167906482500e+03,8.399900990099009732e+02,9.100460901087519687e+02
-1.066051795211338458e+03,-1.182549387425088753e+03,-1.351819268153017447e+03,2.803764861575737677e-01,nan,nan,7.809834289356277850e+02,9.309933288859239155e+02,8.540397893504973581e+02,1.211993753903810102e+03,8.690197966827180380e+02,9.519804796430563556e+02
-1.097458278857366849e+03,-3.492370887540787976e+02,-7.493717370405543079e+02,5.357027415558736072e-01,7.040170940170939957e+02,1.057937083641746767e+03,6.580247395833333712e+02,6.840468140442133063e+02,nan,nan,8.139535010940918482e+02,6.850763736263736519e+02
-9.922477661591302649e+02,-1.183057972819500264e+03,-2.160197272808320577e+02,8.277107825574754330e-01,nan,nan,5.879851451721809781e+02,1.002979487179487137e+03,8.690011235955056463e+02,1.147990246701089973e+03,8.800246842709528892e+02,1.047979695431472010e+03
-1.049010670164571820e+03,-5.427382493922294771e+02,2.783981199371778814e+01,8.495253687298914835e-01,5.489810996563574008e+02,1.053992907801418369e+03,4.981011296395911927e+02,7.729256148770246000e+02,8.720164447924823889e+02,8.530008453085375777e+02,nan,nan
-1.027355281991889115e+03,-1.078513666794612163e+03,-1.767104363893040500e+03,5.225238269044426564e-01,nan,nan,8.490550405561992875e+02,8.839653437674678571e+02,8.750231660231660271e+02,1.197043165467625840e+03,8.830207280080890087e+02,8.920086912065439719e+02
-1.030051564173977567e+03,-6.813930155830884132e+02,-3.066800639170605223e+02,3.209781965113399083e-01,nan,nan,5.880207657365347131e+02,8.149620505992011203e+02,8.759506172839505780e+02,9.509987460815046916e+02,8.449718066743382678e+02,8.370005995203837301e+02
-9.359596705711187496e+02,-1.632934084502753649e+03,-1.310286277171609299e+03,3.133001435722706507e-01,nan,nan,8.119932721712538068e+02,1.066975269499048864e+03,8.820148261758690751e+02,1.370986897274633066e+03,9.279317678334072070e+02,1.095066006600660103e+03
-1.058586283721344671e+03,-4.051794734806881024e+02,-1.087822581104062465e+03,1.725244319059697495e-01,nan,nan,7.339597024178549418e+02,6.999793814432989620e+02,8.839265695067264232e+02,9.339542211652794776e+02,8.390751840168244371e+02,6.969833055091819460e+02
-1.107759439215485827e+03,-4.187705050963850795e+01,-1.701477482382735616e+03,2.150048659384092842e-01,nan,nan,8.160430555555556111e+02,5.829300134589501567e+02,8.839440789473684390e+02,8.808786906290115439e+02,8.220092409240924098e+02,5.619516231699554965e+02
-9.383876776723742523e+02,-1.433939633359881782e+03,-7.935806531162812689e+02,6.150038648326576762e-01,nan,nan,7.250525291828794252e+02,1.044998678122934507e+03,8.850036344755970958e+02,1.283964799999999968e+03,9.169696811291165659e+02,1.079949311294765948e+03
-1.013424611678804013e+03,-6.748433578142356737e+02,-1.048169735969456951e+03,3.240881788397793062e-01,nan,nan,7.420329994107247558e+02,7.889827904118008064e+02,8.889797592997812217e+02,1.022021727322107495e+03,8.649977142857143235e+02,7.950534188034188219e+02
-9.587154526142717259e+02,-1.070715376324957106e+03,2.378737800052041678e+02,7.241391103487154757e-01,5.110872365339578209e+02,1.236911016949152554e+03,nan,nan,8.890071783545002972e+02,1.060991354466858866e+03,8.859559716599189869e+02,1.048051886792452933e+03
-9.854837484155187894e+02,-6.709586029530967153e+02,-6.235705828225572986e+02,6.306313548072107755e-01,7.070474722564734975e+02,1.146966186599874845e+03,nan,nan,8.970908677873693478e+02,9.819941860465115724e+02,8.680592823712948984e+02,8.139488250652741499e+02
-9.416772943218121554e+02,-9.967950871266556305e+02,-3.739433464321377869e+02,2.483399888052943982e-01,nan,nan,6.359786194257789020e+02,9.270045132172791682e+02,8.990471281296023562e+02,1.086018041237113493e+03,8.959185110663984233e+02,9.579831430125068437e+02
-9.517726150925876709e+02,-1.026821377039638264e+03,-1.421729632144835932e+03,9.864301185950271611e-01,nan,nan,8.209935408103347072e+02,8.850028985507246944e+02,9.010141689373297140e+02,1.167000544069640910e+03,9.019995124329594773e+02,8.939627329192546767e+02
-1.011379324568871198e+03,-3.435841975294612212e+02,-9.112467633660398860e+02,1.737792648047521704e-01,7.570206185567010380e+02,1.064982973149967165e+03,nan,nan,9.019396135265700423e+02,8.970632111251579772e+02,8.510558912386707107e+02,6.769926354550236738e+02
-9.599108836304199031e+02,-6.961080194507753731e+02,4.287402058791582817e+02,9.012502226099479152e-01,nan,nan,4.219669046073977938e+02,8.569677852348993383e+02,9.060082236842105203e+02,8.670318690783807369e+02,8.680288562434417372e+02,8.929448698315467254e+02
-9.853951700112311300e+02,-3.670732703040973774e+02,-4.975302455904453041e+02,6.537121592248993363e-01,6.890835117773019647e+02,1.037916249105225461e+03,6.389951278928136844e+02,6.959647661755285526e+02,9.090116550116549661e+02,8.579959250203748979e+02,nan,nan
-9.611599171713928627e+02,-5.881337756994768142e+02,-3.332525597985908234e+02,3.973351219831227632e-01,6.570904290429042476e+02,1.097002162941600545e+03,6.150150060024009235e+02,7.810169184290029989e+02,nan,nan,8.710536912751678074e+02,7.950220661985957804e+02
-8.462031526525612435e+02,-1.590003591187879692e+03,-4.456115013403047556e+02,2.739803623101599306e-01,nan,nan,6.880861865407320010e+02,1.128000000000000000e+03,9.149975500204164973e+02,1.337138769110152907e+03,9.568492739108662590e+02,1.171852307692307704e+03
-9.040644284318518658e+02,-1.049726223431487369e+03,2.372177985407850258e+02,7.912103268964615355e-01,nan,nan,5.030468870099923038e+02,9.889795570698466918e+02,9.150095073465860196e+02,1.053941682600382364e+03,9.110281407035175789e+02,1.037989984185556068e+03
-8.217589616345699142e+02,-1.811534936535270845e+03,-5.969940839250325553e+02,7.693682742408127773e-01,nan,nan,7.270343796711509867e+02,1.186029455081001515e+03,9.169706300331596367e+02,1.434027898027898118e+03,9.730902425267908029e+02,1.229914500288850377e+03
-9.467055965755887428e+02,-5.460548635997270139e+02,-2.953717366620892335e+02,1.991443901401427352e-01,6.550029368575624176e+02,1.078955927051671779e+03,6.100521582733813375e+02,7.669810486418193705e+02,nan,nan,8.749877425944841889e+02,7.789728601252609224e+02
-8.656234701719296254e+02,-1.238327002614707453e+03,-5.766925225373574904e+02,5.283362569963840905e-01,nan,nan,7.040179142674344348e+02,9.999831497083603153e+02,9.209671189979122801e+02,1.199031113537118017e+03,9.359972801450588804e+02,1.028991125642223324e+03
-9.279943631675079132e+02,-5.738769742152107938e+02,-7.589226718261220412e+02,8.091096658975115430e-01,7.509848684210526244e+02,1.121969346049046408e+03,nan,nan,9.220079590676521093e+02,9.629854651162791015e+02,8.899793365959760649e+02,7.690185690879301319e+02
-8.578827721958199390e+02,-1.330854473049714898e+03,1.563680121800416600e+02,5.750941078265244810e-01,5.600330073349633722e+02,1.342022457067371306e+03,5.450088652482269254e+02,1.094019120458890939e+03,9.239834930777423097e+02,1.191942644715878941e+03,nan,nan
-8.753649607005202142e+02,-1.106172504980113217e+03,5.009137572106202185e+01,4.765428462159921885e-01,nan,nan,5.610007309941520361e+02,9.979876447876447401e+02,9.250156165858911663e+02,1.098979066022544202e+03,9.259994694960212200e+02,1.040026150627615152e+03
-8.490138189226956911e+02,-1.279185621027194429e+03,-7.947433896704308154e+02,5.882571789910677751e-01,nan,nan,7.500026350461132552e+02,9.989848783694937993e+02,9.259742376445846048e+02,1.226997857525441987e+03,9.440164369034994252e+02,1.022945198329853838e+03
-8.541737716545287640e+02,-1.149014037193543800e+03,-1.162544579505373804e+03,8.510156055321479451e-01,8.330035335689045723e+02,1.321967741935483900e+03,nan,nan,9.280112903225806349e+02,1.196996789727126725e+03,9.389927130044843580e+02,9.499568427030096700e+02
-9.288093411128196522e+02,-4.973932388273527749e+02,4.371979591601295283e+02,1.263490780590560414e+00,nan,nan,4.249747656813266303e+02,7.709884526558890911e+02,9.300497614178595995e+02,7.800106913756236509e+02,8.760044052863436264e+02,7.960294608115619894e+02
-7.675641266707389150e+02,-1.958774963644621266e+03,-3.087723646733899159e+02,3.939970196496645483e-01,nan,nan,6.889879062736205242e+02,1.267976537216828547e+03,9.359560378408458519e+02,1.497984438040345822e+03,1.002048669695003241e+03,1.321003441156228519e+03
-8.194700641137278581e+02,-1.244128911567554951e+03,-2.424656092964682159e+02,4.413931405455235879e-01,nan,nan,6.499347198151357361e+02,1.027954716981132151e+03,9.410167257982767524e+02,1.182026202953787561e+03,9.550498519249753144e+02,1.063983797468354396e+03
-7.364527170164991503e+02,-1.927035423432995913e+03,-1.388985451996965139e+03,7.008136590007328914e-01,nan,nan,8.770058139534884276e+02,1.152005962521294805e+03,9.430295081967212809e+02,1.481035637149028162e+03,1.001027058146229137e+03,1.169097669256381778e+03
-8.010761833401336389e+02,-1.300571085267557237e+03,-4.640305004791277383e+02,2.876992219270493312e-01,nan,nan,7.019894932014833557e+02,1.031002636783124672e+03,9.449413773477518816e+02,1.219966835300730736e+03,9.639522573949143407e+02,1.061036663124335746e+03
-7.331915480745509512e+02,-1.950888677075350415e+03,-1.040796678887911412e+03,5.150089261801726881e-01,8.390012961762799932e+02,1.589043339706819552e+03,8.280070175438596607e+02,1.187961729270021351e+03,9.449729729729730252e+02,1.492004301075268813e+03,nan,nan
-7.791019155468002282e+02,-1.449389661363762798e+03,-3.945146029391700608e+02,3.133871817825221173e-01,nan,nan,6.969716363636363212e+02,1.088000762776506463e+03,9.490269740068661122e+02,1.278009090909090901e+03,9.780272277227722952e+02,1.124005671077504758e+03
-8.257925669990917186e+02,-7.133427973575228407e+02,-1.152164775448042974e+03,2.915017636024220815e-01,nan,nan,8.130102719033233143e+02,8.019951397326852884e+02,9.539832197168327639e+02,1.049981082501313722e+03,9.350368421052631902e+02,7.999701726844583618e+02
-8.836663991688900524e+02,-1.733653406830541428e+02,-7.373068805477412297e+02,6.297163933875399300e-01,7.650026064291920420e+02,9.939889705882352473e+02,7.189455909943715142e+02,6.270059563203176367e+02,9.549448757763975664e+02,8.249862681744749580e+02,nan,nan
-8.523980370815808101e+02,-5.834018972261736735e+02,1.327711890057275355e+02,3.850824540080530212e-01,nan,nan,5.389702002931118159e+02,7.989961046188091132e+02,9.579751166407464780e+02,8.650185758513931660e+02,9.159489633173843686e+02,8.159702151130722996e+02
-7.831162667183577923e+02,-6.747467120445314777e+02,-2.105783417319162254e+03,7.523537102004063115e-01,9.769815668202764982e+02,1.218985499462943153e+03,nan,nan,9.610245989304812610e+02,1.100991179713340671e+03,9.470173961840628181e+02,7.519826370048833724e+02
-8.310427468347266995e+02,-6.249090046738573392e+02,-4.884086558904392916e+01,9.483600903938113058e-01,6.369702577660277711e+02,1.081045614035087738e+03,nan,nan,9.630295591182364205e+02,9.070005324813631660e+02,9.270134366925065024e+02,8.239937597503900406e+02
-7.955430822064809036e+02,-5.818730233938290439e+02,-1.644562730188223895e+03,1.118614073140206805e-01,nan,nan,8.930128730251609568e+02,7.500137378362908294e+02,9.649386409736308678e+02,1.045002131060202373e+03,9.420213068181818699e+02,7.369985479186834709e+02
-8.303412802019273613e+02,-3.193677049140446798e+02,-9.471946554590591631e+02,5.930232385953376761e-01,nan,nan,7.749863370201691168e+02,6.769895424836601023e+02,9.669980916030534672e+02,8.999987105093488253e+02,9.199674471730439791e+02,6.640005824111823358e+02
-7.639387435366443242e+02,-7.259721691436018318e+02,-1.477123196878804492e+03,1.630523737767926584e-01,nan,nan,8.789949494949495374e+02,7.979988808058197947e+02,9.719573361082206020e+02,1.078989812332439669e+03,9.569226694915254257e+02,7.889702315325248492e+02
-6.787925117130095032e+02,-1.478018830632328900e+03,-1.951851919966129117e+03,7.836461378103508624e-01,nan,nan,9.589751750477403220e+02,9.920039893617021107e+02,9.729352112676056095e+02,1.336956268221574419e+03,1.000022527472527486e+03,9.890303200449185397e+02
-7.774635934930777239e+02,-4.867806551194739768e+02,-1.708499977325008558e+03,1.218957029618169124e-01,nan,nan,9.060063145809414209e+02,7.210178983833718576e+02,9.729610894941633887e+02,1.021981163434903010e+03,9.450174142480210548e+02,7.040016068559185669e+02
-7.634886682798457969e+02,-7.968127760672537079e+02,-7.999062372303835673e+02,3.787464816288286795e-01,nan,nan,7.720208483105678852e+02,8.429858314690529824e+02,9.759733959311423632e+02,1.052989191971178570e+03,9.600545262043409593e+02,8.459942528735632550e+02
-6.761545561903061525e+02,-1.761908974685911062e+03,-5.776666313350328892e+02,5.511009483885539462e-01,nan,nan,7.659751280175566990e+02,1.176980967486122154e+03,9.779385875127942427e+02,1.416957446808510667e+03,1.027009603841536546e+03,1.210007125890736233e+03
-7.893898138172902463e+02,-4.474279651957200485e+02,-7.422657179000107135e+02,2.254820888950598567e-01,nan,nan,7.510202147820593837e+02,7.250066093853271241e+02,9.790693277310924714e+02,9.229864099660248939e+02,9.390109832635982912e+02,7.170250533049040769e+02
-7.100679304602819002e+02,-8.946538886968259021e+02,-1.845930270249214573e+03,5.414186833316311231e-01,nan,nan,9.409931289640592240e+02,8.360227995758218640e+02,9.800324324324324152e+02,1.153016228315612807e+03,9.770016313213702688e+02,8.260209944751380817e+02
-6.725558086236892450e+02,-7.437263460441918141e+02,-2.411316184542877636e+03,1.053104343551749311e+00,nan,nan,1.009998907103825104e+03,7.758903098868667030e+02,9.869562236286919870e+02,1.139005461496449925e+03,9.780060572687224294e+02,7.599879452054794911e+02
-7.142032999301899281e+02,-4.015333261608298585e+02,-2.068190085994337096e+03,6.491325808492761640e-01,nan,nan,9.660375939849624274e+02,6.919973219068023127e+02,9.890358030830432199e+02,1.023967661691542276e+03,9.609349168646081125e+02,6.680393313667649409e+02
-6.470309407975810245e+02,-1.471508875264868720e+03,-8.872515246338541601e+02,3.815744099586604321e-01,nan,nan,8.259884593190997748e+02,1.059984097859327221e+03,9.950665610142631294e+02,1.309027188689505238e+03,1.022949494949494920e+03,1.073983358547655143e+03
-6.651815848202471670e+02,-6.787997863381514208e+02,-1.970341036325664163e+03,3.735318363888547322e-01,nan,nan,9.670377969762419070e+02,7.730032679738561683e+02,9.979798622151563450e+02,1.097955509570615732e+03,9.839557956777996424e+02,7.540174389636273418e+02
-6.565610231724143659e+02,-1.568195193158807797e+03,1.490327809606386609e+02,8.095264864930517001e-01,6.269976019184651932e+02,1.436060355029585708e+03,nan,nan,1.010004966887417254e+03,1.312001641137855586e+03,1.041011508176862435e+03,1.236047058823529369e+03
-7.509044271008964415e+02,-3.088879668255658544e+02,4.497707684444692688e+01,4.662620572700762467e-01,6.490081549439347555e+02,9.560232804232804256e+02,5.920403846153845961e+02,6.869980000000000473e+02,1.011988020176544751e+03,7.709922128487994542e+02,nan,nan
-6.301698240195663629e+02,-1.719644299780991332e+03,3.939995144710577790e+01,8.148313445320138904e-01,nan,nan,6.560382555470542911e+02,1.233996087636932771e+03,1.012972573839662459e+03,1.386957035445757356e+03,1.056039999999999964e+03,1.279968395945140173e+03
-6.497618931353046037e+02,-1.365894382719032592e+03,3.684650345639816749e+01,9.570881508123006975e-01,nan,nan,6.449496047430830004e+02,1.104892822966507083e+03,1.015987921489682890e+03,1.224024254674077838e+03,1.034977701543739386e+03,1.137000855431993159e+03
-6.217214011535955933e+02,-1.140744724178215392e+03,-7.408793914886733774e+02,5.218588856383812313e-01,nan,nan,8.069883313885648022e+02,9.649648058252427063e+02,1.018041518987341760e+03,1.178994370522006193e+03,1.024050454086780974e+03,9.710005136106831287e+02
-6.923635725594639325e+02,-3.521521418065964326e+02,-6.446167121865263425e+02,1.866502535584810829e-01,nan,nan,7.620000000000000000e+02,6.949488139825218695e+02,1.019966622162883823e+03,8.830208044382801518e+02,9.740260638297872902e+02,6.800586734693877133e+02
-7.108853214740322528e+02,-2.105660626371133333e+02,-4.385880692852588254e+02,3.466437515878660336e-01,nan,nan,7.139798657718121149e+02,6.440274409700064098e+02,1.022057803468208135e+03,8.059908835904628859e+02,9.630600508905852166e+02,6.269744258872651699e+02
-5.420263377656498278e+02,-1.453244873708013301e+03,-1.405100044724788859e+03,5.264268670794898242e-01,nan,nan,9.310166944908180540e+02,1.021963705308775729e+03,1.025010741138560661e+03,1.319013626834381512e+03,1.049024597918637710e+03,1.019001002004008001e+03
-4.944859721920375364e+02,-1.645217806570755783e+03,-1.397890461704925201e+03,5.047902417576070055e-01,nan,nan,9.430179738562090961e+02,1.078975541967759909e+03,1.036003395585738645e+03,1.386011031439602903e+03,1.069051183269124977e+03,1.076971072036301848e+03
-4.540358949489180986e+02,-2.123563934512977085e+03,-1.420771560379369703e+03,6.349952695880457521e-01,9.809605009633911550e+02,1.639947321428571513e+03,9.559993662864385442e+02,1.213007657945118126e+03,1.036008088235294053e+03,1.556010744985673455e+03,nan,nan
-5.510044601093771917e+02,-1.949965184364795732e+03,-2.509227948226178384e+01,6.216740564014117121e-01,nan,nan,6.989853715623171411e+02,1.311881834215167601e+03,1.039961029133560260e+03,1.499029748283752951e+03,1.095009767441860504e+03,1.353897121283624301e+03
-5.603767209459988408e+02,-1.159566724287982197e+03,-3.791595845108923868e+02,1.780497691733908538e-01,nan,nan,7.599936507936507724e+02,9.969882888744307365e+02,1.049998904109589148e+03,1.165972008781558770e+03,1.055002092050209285e+03,1.007968718466195810e+03
-5.756456773432962564e+02,-8.189003756446414855e+02,-5.597210682476700185e+02,3.555895342506416590e-01,nan,nan,7.869377853881278497e+02,8.660011435105774353e+02,1.050009592326139000e+03,1.047001467710371799e+03,1.035010827197921117e+03,8.639908925318761703e+02
-5.797219651874667079e+02,-2.268810269793567045e+02,-9.578585431170744187e+02,5.988561065914631554e-01,nan,nan,8.519910873440285286e+02,6.499705882352941444e+02,1.056999242997728970e+03,8.809502598366740358e+02,1.010965587044534459e+03,6.239814432989691113e+02
-5.189245647752742343e+02,-1.056546464729937952e+03,-7.841496117713895728e+02,7.880593483637600150e-01,nan,nan,8.450140679953107110e+02,9.369792935444579598e+02,1.059040641711229910e+03,1.153990257879656156e+03,1.057966681674921119e+03,9.349981490050902266e+02
-5.276857020234403990e+02,-6.237640829271452958e+02,-8.644058495934186794e+02,3.671485568331340765e-01,nan,nan,8.539848484848484986e+02,7.890127427184465887e+02,1.066016384489350003e+03,1.005973928157589853e+03,1.042008036162732196e+03,7.729340712223291803e+02
-5.574847011584587335e+02,-3.259970396897682576e+02,-7.341495465580227346e+02,1.711985137055156425e-01,nan,nan,8.209993796526055121e+02,6.869806491885143487e+02,1.067938091769847006e+03,8.899634601043997009e+02,1.025002199010445338e+03,6.650410602910602620e+02
-5.753627507222023496e+02,5.171635923855794204e+01,-6.070289089259947559e+02,6.972356890692362752e-01,nan,nan,7.900100864553313613e+02,5.479692982456140271e+02,1.077023306627822194e+03,7.450108069164265316e+02,1.009042617046818691e+03,5.139912772585669245e+02
-3.408764427886306976e+02,-1.635245803780666392e+03,-1.740475128929603898e+03,3.220645435658048283e-01,nan,nan,1.024042641705668302e+03,1.057006379585326840e+03,1.078037037037036953e+03,1.390004815409309685e+03,1.107926108374384285e+03,1.041024169184290031e+03
-5.493931046425626619e+02,-1.126984066193800118e+03,3.400114222007718467e+02,3.438183312073775366e-01,nan,nan,6.050698659139026176e+02,1.043984174830444545e+03,1.082966800804829063e+03,1.096020134228187999e+03,1.079046146293568881e+03,1.068927112349118033e+03
-5.247842797941831350e+02,-1.059722505790616879e+03,5.694870839312805799e+01,5.262909681375153026e-01,nan,nan,6.800122422680412910e+02,9.949594506213211389e+02,1.083049731838127855e+03,1.092005711318795420e+03,1.078978260869565247e+03,1.007990022675737009e+03
-3.514415276836890598e+02,-1.918322253935521985e+03,-1.184175331387955566e+03,8.769019056124962574e-01,nan,nan,9.549643691588785259e+02,1.180923391812865475e+03,1.083960753532182025e+03,1.485978196233895005e+03,1.126950056753689069e+03,1.176012582384661528e+03
-4.972546558545694211e+02,-4.589021938141178794e+02,-6.850548171742232171e+02,2.971759813084470792e-01,nan,nan,8.320379672897196315e+02,7.360011968880909308e+02,1.086989349112425998e+03,9.329848484848484986e+02,1.052968903436988512e+03,7.169848229342327386e+02
-4.408174860359883951e+02,-9.093540185489704299e+02,-8.117249241865838485e+02,1.101859904293669007e-01,nan,nan,8.729516977522716843e+02,8.889792079207920779e+02,1.090092285156250000e+03,1.104947026486756613e+03,1.082969536423840964e+03,8.779547872340425556e+02
-3.364867395894337960e+02,-2.056061537158420833e+03,-9.245006713670831004e+02,1.124371781993505293e+00,nan,nan,9.239919431279620312e+02,1.247950000000000045e+03,1.094828030303030346e+03,1.541770986745213577e+03,1.143944126704795508e+03,1.248952684258416639e+03
-4.513487397555034022e+02,-1.394629802541859590e+03,-1.862690932340308905e+02,9.621967370239801198e-01,nan,nan,7.599518768046198147e+02,1.100983034872761436e+03,1.095935261707988957e+03,1.255995062836624811e+03,1.110056704980842824e+03,1.114943932411674268e+03
-3.277937646333259636e+02,-1.846116192093167456e+03,-1.096782994834371948e+03,5.661874495892237347e-01,nan,nan,9.500548741123304808e+02,1.168002645502645464e+03,1.096986768447837221e+03,1.459975062344139587e+03,1.135974715549936718e+03,1.162960202147820610e+03
-3.993129520439676980e+02,-1.267566929236541682e+03,-7.372746149512996681e+02,3.143444312153556575e-01,nan,nan,8.749785177228786779e+02,1.014000552791597556e+03,1.098046866771985151e+03,1.233010354223433296e+03,1.109043915827996443e+03,1.009950804597701108e+03
-3.023075734326264410e+02,-7.274341729796166192e+02,-2.084870996678679148e+03,3.827097919439829687e-01,nan,nan,1.073984607218683550e+03,7.909646996838777113e+02,1.100021574973031193e+03,1.127986710963455153e+03,1.090987614431879365e+03,7.579962304792676377e+02
-5.231921110908014043e+02,-8.723953636157256142e+02,4.327448171012544549e+02,6.736534919044211422e-01,nan,nan,5.869819703799098534e+02,9.469985984583041727e+02,1.108049878934624758e+03,9.710050761421319976e+02,1.087020009760859011e+03,9.609945786101527574e+02
-3.675329865807028682e+02,-1.486575840015067342e+03,-5.397098248221747099e+02,4.668689975424673011e-01,nan,nan,8.529798951048951494e+02,1.103973413379073691e+03,1.111970212765957513e+03,1.311026881720430083e+03,1.132985407066052176e+03,1.105907970419063304e+03
-4.094852252069060228e+02,-1.725912252758843977e+02,-1.089682369280342527e+03,8.577220363565833949e-01,nan,nan,9.250024213075060970e+02,6.339843750000000000e+02,1.111975386779184191e+03,8.840176056338028729e+02,1.068975108225108215e+03,5.999994632313472493e+02
-3.860930046027331741e+02,-4.315004248574877010e+02,-1.121481115409228096e+03,5.519669575535902650e-01,nan,nan,9.360602782071097181e+02,7.209942797711908042e+02,1.111979070954568670e+03,9.710111169931180939e+02,1.082998346196251305e+03,6.920070575461454609e+02
-3.917309045539470276e+02,-1.932219856121591874e+03,2.965607253553469658e+00,6.891506332049074368e-01,nan,nan,7.459464166108506333e+02,1.317964054636951914e+03,1.114956262425447221e+03,1.494948679621325255e+03,1.159939058171745046e+03,1.344060690423162669e+03
-2.849595924134002871e+02,-2.118913564228465475e+03,-8.617094665949124419e+02,9.581929333033185614e-01,9.510592318371124065e+02,1.649000851426138752e+03,9.290298130368872762e+02,1.275943797468354433e+03,nan,nan,1.165930221593587930e+03,1.274905132905591245e+03
-4.609023966962557211e+02,-6.201156922092700370e+02,-1.014275820547785116e+02,1.125987769462006627e+00,nan,nan,7.319579524680073064e+02,8.159974715549936946e+02,1.119139042995839191e+03,9.296382194499574325e+02,1.086980878552971490e+03,8.060010330578512594e+02
-4.794843829660016468e+02,-9.632540351711456879e+02,4.437637162012760541e+02,3.106650523504490002e-01,6.360107095046854511e+02,1.160059516023544802e+03,nan,nan,1.126022055137844518e+03,1.012961384152457413e+03,1.111090152063721916e+03,1.002941331327566786e+03
-2.812097403645755662e+02,-1.673447137149980108e+03,-7.580430268025787655e+02,5.648223781552810796e-02,nan,nan,9.150108695652173765e+02,1.147917555081734236e+03,1.130983743842364447e+03,1.392924501424501386e+03,1.160934994582881927e+03,1.143078224101479918e+03
-4.028872209584335451e+02,-3.420208319029479185e+02,-5.203371775515175841e+02,4.251354501332039182e-01,nan,nan,8.330119873817034204e+02,6.989784810126582215e+02,1.131013571428571368e+03,8.769874999999999545e+02,1.091028616024974099e+03,6.730109034267912875e+02
-3.061208116339849425e+02,-1.494836904808543750e+03,-6.293443989347725847e+02,4.833365588179832084e-01,nan,nan,8.870571761960326285e+02,1.101146929824561312e+03,1.132004329004329065e+03,1.319002162162162222e+03,1.152144104803493519e+03,1.096888684452621874e+03
-4.015670776932410604e+02,-1.148436081665404572e+03,7.126273909113676552e+01,7.021326098254974113e-01,nan,nan,7.210013271400132453e+02,1.034976728268309444e+03,1.135010187667560331e+03,1.135002701242571675e+03,1.135988888888888823e+03,1.042002016129032199e+03
-7.556940306439494748e+01,-1.844172860748428548e+03,-2.322338783769595466e+03,6.401579941934465445e-01,nan,nan,1.145938555347092006e+03,1.082984561752988157e+03,1.136050359712230147e+03,1.462966542750929420e+03,1.166012200632625309e+03,1.049994039431453530e+03
-4.046820760034315754e+02,-1.293825258259249949e+03,2.678426359457418471e+02,3.350246757585657043e-01,nan,nan,6.779741935483871202e+02,1.110929978118161898e+03,1.140955756661639043e+03,1.184938969484742302e+03,1.147161326587970734e+03,1.126939317319848215e+03
-1.833693206842935410e+02,-1.936146291903492966e+03,-1.085609131084431283e+03,2.568611821953646901e-01,1.017054637281910004e+03,1.576030581039755361e+03,9.899720534629404938e+02,1.200962772785622519e+03,1.146851506151888088e+03,1.496946898895497043e+03,nan,nan
-4.170684434332297883e+02,-2.592381641069360967e+02,-6.410379716374959003e+01,4.257939681240829888e-01,7.819943548387096826e+02,9.350155482815057439e+02,7.370093209054593899e+02,6.720013774104683080e+02,1.148992582602832044e+03,7.860127260549229504e+02,nan,nan
-3.587614131471907797e+01,-1.622953513865125387e+03,-2.276975722472438974e+03,5.957534800952808407e-01,nan,nan,1.153976339285714175e+03,1.029973135710977203e+03,1.151935821574874808e+03,1.397989065606361919e+03,1.176023751817741186e+03,9.930463892874222438e+02
-3.401486363428833215e+02,-1.942278646352203623e+03,3.325432559749245343e+02,7.809457381174361723e-01,6.959166190748144345e+02,1.598856903297931694e+03,nan,nan,1.159062403300670439e+03,1.498953213367609351e+03,1.198883743842364538e+03,1.401989433237271896e+03
-3.638135283474570656e+02,-1.462789047900079368e+03,3.703713093503911864e+02,4.676695657091392566e-01,nan,nan,6.710016286644951151e+02,1.191997530864197643e+03,1.161963667820069304e+03,1.259994833255049343e+03,1.175898971000935489e+03,1.211077072224915128e+03
-2.657910304960021222e+02,-8.025353659645024891e+02,-6.460738305968376380e+02,2.033783939360168380e-01,nan,nan,9.010134336378291664e+02,8.650023041474654519e+02,1.163970795568982794e+03,1.059991919191919123e+03,1.150009905894007034e+03,8.439747023809524080e+02
-2.843838647940506803e+02,-7.396515281308205658e+02,-4.930686868981581483e+02,1.813801038068391103e-01,nan,nan,8.690131995776134772e+02,8.490010851871948034e+02,1.165941501103752671e+03,1.022999453253143770e+03,1.147952306894764206e+03,8.290047821466524738e+02
-3.737121550700728676e+02,-1.441270861928538125e+03,4.877562614223521109e+02,5.952788687578652871e-01,nan,nan,6.390240963855421796e+02,1.196997404844290713e+03,1.166020751542344442e+03,1.241948294829482847e+03,1.177089490592014727e+03,1.219894615738610128e+03
-6.558962105487798055e+01,-1.731905350445812473e+03,-1.619676920761044585e+03,1.281437855364883915e-01,nan,nan,1.085017751479289927e+03,1.100950581395348763e+03,1.167965248962655551e+03,1.425967430025445310e+03,1.194971375807940831e+03,1.070863986313088162e+03
-3.369629173294721340e+02,-1.306403966661889626e+03,2.319330531718429711e+02,7.761115962611627728e-01,nan,nan,7.109745762711864927e+02,1.114984126984126988e+03,1.169024828314844171e+03,1.196010354223433296e+03,1.176207616066770925e+03,1.125108643457382868e+03
-3.510731455531845313e+02,-1.371072006526721907e+03,3.680406837256271615e+02,5.608717991624327937e-01,nan,nan,6.749872881355931895e+02,1.156002127659574398e+03,1.170972406181015458e+03,1.217040641711229910e+03,1.178071264367816184e+03,1.170010804321728756e+03
-2.488556559135688815e+02,-9.787956715864548869e+02,-4.924408513001437768e+02,9.734571145446949680e-01,nan,nan,8.820123387549074323e+02,9.369994145199062814e+02,1.172991480298189572e+03,1.112978401727861865e+03,1.167004617752693775e+03,9.199734867433717227e+02
-2.274409023721045742e+02,-1.698735020646006888e+03,-3.042773912911158618e+02,6.597060954332206739e-02,nan,nan,8.580054570259209186e+02,1.206022312373225077e+03,1.175021739130434753e+03,1.396991961414790921e+03,1.201928180158247187e+03,1.205001910828025530e+03
-1.801284034521974888e+02,-1.867046393424758890e+03,-4.388491694233294425e+02,6.277025634745176941e-01,nan,nan,8.970127226463104080e+02,1.250005750798722147e+03,1.183020523345305264e+03,1.471031392405063343e+03,1.216018354430379759e+03,1.244915100060642771e+03
-2.098550382627337285e+01,-8.685824720617789581e+02,-1.882180458666604181e+03,3.123654756996725457e-01,nan,nan,1.128962406015037686e+03,8.430026581605528690e+02,1.186034518289541438e+03,1.165994279771190804e+03,1.182973840078973353e+03,8.019887812340642768e+02
-3.309208213469507882e+02,-1.290155547108620340e+03,4.711238427726858617e+02,6.075683595220106037e-01,nan,nan,6.570080402010049738e+02,1.135016614745586821e+03,1.190010650887574002e+03,1.171974895397489490e+03,1.191061398176291732e+03,1.147946802151823022e+03
-2.896504516400107718e+02,-1.312326368850926883e+03,3.368461866759904524e+02,9.775633969961070591e-01,7.270428488708743089e+02,1.309016326530612332e+03,nan,nan,1.197946980854197363e+03,1.194007739938080476e+03,1.202984421809466767e+03,1.138932686822589858e+03
-2.860590098418895195e+02,-1.154935133155369613e+03,2.481191196736623397e+02,8.663003648459106643e-01,7.500182481751825208e+02,1.248011779293242398e+03,nan,nan,1.197994182971972577e+03,1.127984433709071482e+03,1.195055987558320339e+03,1.058897907095456958e+03
1.197401998282639113e+02,-1.288319631753793146e+03,-2.251693361183203251e+03,2.617106392283619631e-01,nan,nan,1.195056294779938526e+03,9.469852320675105375e+02,1.202946083418107946e+03,1.303975860297894087e+03,1.213930232558139551e+03,9.009934442763490097e+02
-1.893218211920352871e+02,-1.522050001003513898e+03,7.050431870759880093e-01,1.056613377432433776e+00,8.339748352306770585e+02,1.409956756756756704e+03,nan,nan,1.213904905335628200e+03,1.310940997830802644e+03,1.231037567084078773e+03,1.177005424954792034e+03
-1.649130029544865295e+02,-4.969631096187176240e+02,-4.534345889312887721e+02,3.158834019000391624e-01,nan,nan,9.020456647398843870e+02,7.639655373831775478e+02,1.218974592833876159e+03,9.349697377269670824e+02,1.191010531354715113e+03,7.319951195705222062e+02
-7.216789568225026130e+01,-1.474197765255611102e+03,-5.516036420872596864e+02,6.668613906364692090e-01,nan,nan,9.490300429184549103e+02,1.110961709706144347e+03,1.226985219164118234e+03,1.314980322906155379e+03,1.240042168674698814e+03,1.089021090909090844e+03
-1.266046138486147186e+02,-1.741857068323694875e+03,-8.181942843641482455e+01,2.883819356218826346e-01,nan,nan,8.519951219512195166e+02,1.252972337482710827e+03,1.231991127348642976e+03,1.414930102040816337e+03,1.254991091314031110e+03,1.247034666666666681e+03
2.347073178414099459e+02,-1.992211096083375992e+02,-2.484960646623024786e+03,9.306687924272054602e-01,nan,nan,1.255013903743315495e+03,6.450063025210083651e+02,1.239032563025210038e+03,1.023019241341396423e+03,1.219028357410379840e+03,5.890043525571272767e+02
2.218427786013382104e+02,-1.196846281323837957e+03,-2.025420567900376000e+03,3.048011025029322973e-01,nan,nan,1.204986947791164766e+03,9.359392265193370122e+02,1.244019447287615094e+03,1.273029288702928852e+03,1.251010126582278417e+03,8.850150225338006749e+02
2.535269458118992514e+00,-1.571415649333365536e+03,-5.356944174227372741e+02,4.369411950534311528e-01,nan,nan,9.709978662873400026e+02,1.147978213507625242e+03,1.254946775844421609e+03,1.355023157894736869e+03,1.269922307239552765e+03,1.122980793060718725e+03
6.039053221193844223e+01,-1.416222939537957927e+03,-8.396918044406361332e+02,2.747963818938886082e-01,1.062090019569471679e+03,1.382932965634280890e+03,1.032132059447983011e+03,1.070978509373571114e+03,nan,nan,1.268929974064468297e+03,1.036987237546315328e+03
2.860020249107503787e+02,-1.393121766281709597e+03,-1.962558390615967028e+03,3.464910057954505018e-01,nan,nan,1.215071017274472069e+03,9.949911067193676217e+02,1.263007168458781280e+03,1.331069595261599261e+03,1.274930856067732748e+03,9.419940446650124386e+02
-3.453324436541986842e+01,-4.756843449647464013e+02,-3.809287667096800192e+02,1.990126049987812618e-01,nan,nan,9.349756592292088726e+02,7.609599121361889047e+02,1.272934353091140792e+03,9.250020876826722542e+02,1.246023291139240428e+03,7.229574574574575081e+02
-8.360312673736081024e+01,-2.132786776278626348e+03,2.842257539417806242e+02,7.273714262293030641e-01,8.100530523255813478e+02,1.686105263157894797e+03,nan,nan,1.275978118161925522e+03,1.601060398078242997e+03,1.307948101265822743e+03,1.456014725568942367e+03
3.194945102164046347e+01,-2.043255991167495495e+03,-1.328232457619324123e+02,5.776203945829507802e-01,nan,nan,9.160046349942062989e+02,1.360994776552524627e+03,1.291879200000000083e+03,1.556123921568627338e+03,1.318976918947933427e+03,1.342990476190476102e+03
4.401470867755994618e+02,-1.814575317940217474e+03,-1.915101034180651368e+03,4.639857308334067731e-01,nan,nan,1.249037664783427545e+03,1.118155141310883891e+03,1.305930776892430231e+03,1.461937821171634141e+03,1.324968384074941468e+03,1.057967179487179465e+03
3.158663096718911323e+00,4.327617593271330776e+01,-2.656892281825619762e+02,1.978759380315473493e-01,9.600133432171978711e+02,8.349537878787879208e+02,nan,nan,1.305985557083906542e+03,7.269879275653923969e+02,1.261012552301255255e+03,5.050355329949238694e+02
3.144719967774142333e+02,-1.747520070586856491e+03,-1.326293584731624151e+03,3.383455385452135977e-01,nan,nan,1.162969827586206975e+03,1.142081866870696331e+03,1.306964062499999955e+03,1.436997255762898021e+03,1.324007177033492781e+03,1.089961246200608002e+03
5.626591929974037498e+01,-2.031887513200370904e+03,-8.275005532025099342e+01,4.458339410800466474e-01,nan,nan,9.160106439595529082e+02,1.365955874241588617e+03,1.306971584038694118e+03,1.551891418563923025e+03,1.331993274702535018e+03,1.345916417910447763e+03
-1.791612823244720332e+01,-1.818020788215484117e+03,2.631682745057266857e+02,7.518455092484556124e-01,8.439352585002328624e+02,1.533996596985901760e+03,nan,nan,1.309087962962963047e+03,1.447922095070422529e+03,1.326956253850893518e+03,1.323949397590361514e+03
-4.534552009713915766e+01,-1.641607566217483281e+03,4.092869185280729312e+02,8.306006257783559166e-01,nan,nan,7.840650773195876582e+02,1.285965258855585944e+03,1.313034791776489101e+03,1.357015474919957342e+03,1.324047953216374253e+03,1.277931831653823338e+03
2.451720521910379205e+02,-1.726643430815741795e+03,-8.780681306206482759e+02,5.092197801480957686e-01,nan,nan,1.093022831050228206e+03,1.174005988023952114e+03,1.317032082653616044e+03,1.426976000000000113e+03,1.332978036175710486e+03,1.129023529411764684e+03
1.681279157171423719e+02,-1.219762355511973965e+03,-4.233708562948332883e+02,7.418577849172235394e-01,nan,nan,1.010990324141267592e+03,1.042049999999999955e+03,1.332873842592592609e+03,1.216060771328398914e+03,1.331993788819875817e+03,1.002998980632008170e+03
6.184774016001420023e+02,-1.913062789661707939e+03,-2.026255784605453982e+03,4.592945694595116368e-01,nan,nan,1.304001534919416827e+03,1.142003834355828303e+03,1.349997057092407204e+03,1.496001769911504425e+03,1.367977186311787136e+03,1.071263586956521749e+03
2.310156715484202721e+02,-8.393303295552966574e+02,-4.423167878369040977e+02,1.677033361606826700e-01,nan,nan,1.037003053435114452e+03,9.040036045314109288e+02,1.360011027568922373e+03,1.075005089058524163e+03,1.349013919821826221e+03,8.560347222222221717e+02
3.707521965278024823e+02,-5.286674328504495861e+02,-9.078618343100548600e+02,1.007439223017869478e+00,nan,nan,1.146986111111111086e+03,7.759764453961456638e+02,1.372972792892837333e+03,1.010916932907348269e+03,1.357927088607594897e+03,7.159812433011790063e+02
2.853849671545223146e+02,-1.657929599977780754e+03,-3.684089683445430410e+02,4.453334233056906455e-01,nan,nan,1.041026888604353417e+03,1.208953517587939587e+03,1.377987447698744745e+03,1.394042348955392526e+03,1.386006447453255987e+03,1.161992253066494413e+03
2.309456071162819626e+02,-1.474745432515419679e+03,-1.504357266441000434e+02,1.926120706885448841e-01,nan,nan,9.900399201596806051e+02,1.164979870129870051e+03,1.379983268265476909e+03,1.310050402144772079e+03,1.382979883192731904e+03,1.123020248203788469e+03
3.989145373532943495e+02,-3.241290229858754515e+02,-9.132628176401640303e+02,3.445960800978178362e-01,nan,nan,1.159991277578245217e+03,7.029782383419689040e+02,1.384014471780028998e+03,9.449548104956268162e+02,1.365026128266033311e+03,6.429512735326688926e+02
1.104845740227665090e+02,-1.319995289155467617e+03,3.850519674041086660e+02,1.167142538911821958e+00,nan,nan,8.479603590127150028e+02,1.159981762917933111e+03,1.387927043335161898e+03,1.211012188044109052e+03,1.382972222222222172e+03,1.130015718562874326e+03
2.624015892855017000e+02,-1.892677491916009785e+03,-1.092802166798361014e+02,4.879202454992526694e-01,nan,nan,9.930337922403003859e+02,1.324039806996381230e+03,1.393996519721577670e+03,1.493036446469248403e+03,1.405015455065827155e+03,1.282034482758620697e+03
5.162957359416770942e+02,-1.666698750166004402e+03,-1.053259506218505749e+03,5.086611513861745149e-01,nan,nan,1.197939835338822149e+03,1.150071065989847739e+03,1.396949253731343333e+03,1.410999400119975917e+03,1.404790361445783219e+03,1.083964613368283153e+03
1.464036383473315084e+02,-1.252301103970214172e+03,3.769154760174927219e+02,3.135355373621505071e-01,nan,nan,8.649160239931447904e+02,1.132960387323943678e+03,1.403982900943396317e+03,1.180003008423586152e+03,1.395960479887085285e+03,1.099741770715096436e+03
6.909500812459560848e+02,-5.458097110715140161e+02,-1.650872166676088909e+03,3.158695666978162397e-01,nan,nan,1.317993128964059224e+03,7.689565450643776785e+02,1.410013129102844687e+03,1.079009599096555576e+03,1.401990820424555295e+03,6.979988338192420088e+02
2.343632611680471882e+02,-1.647940747975982731e+03,1.311211630404823154e+02,5.164758703505346604e-01,nan,nan,9.439460297766748909e+02,1.264940112289457375e+03,1.410947805456702326e+03,1.378045454545454504e+03,1.413983924983255292e+03,1.226068125000000009e+03
3.754554312741619242e+02,-1.084537519146141221e+03,-4.093925039977346501e+02,3.458732432357962128e-01,nan,nan,1.081981385729058957e+03,1.001980350504514035e+03,1.413957189901207357e+03,1.169998304126625271e+03,1.408018637157833382e+03,9.469612794612794460e+02
4.350818621447610326e+02,-1.436100845562704990e+03,-5.263304146153437841e+02,4.053827877266640844e-01,nan,nan,1.115007006369426790e+03,1.120972819216181961e+03,1.421016428192898729e+03,1.312981012658227883e+03,1.422096610169491441e+03,1.061044362292051801e+03
3.295467786122441112e+02,-6.868995952336686059e+02,-1.653572678714303095e+02,3.340679827451529249e-01,nan,nan,1.032060988433228204e+03,8.629957401490947859e+02,1.425978003384094791e+03,9.969834945930563208e+02,1.410906022845275174e+03,8.089949776785714448e+02
4.589028240351958061e+02,-1.625614812706392286e+03,-3.962558626510872273e+02,3.899153054570640431e-01,nan,nan,1.105003117206982552e+03,1.202026477832512228e+03,1.442962582981291462e+03,1.385956083086053468e+03,1.445072565245066926e+03,1.140993784530386847e+03
4.012741021424185988e+02,-1.015967144320636407e+03,-1.545647773746919427e+02,6.789362848870901246e-01,nan,nan,1.055029317697228180e+03,9.969951033732318137e+02,1.451953292065278447e+03,1.127985680190930680e+03,1.442983273596176787e+03,9.389916267942584227e+02
4.073592120164371408e+02,-1.099155903071322882e+03,1.591929332363320952e+02,3.267031549419667225e-01,nan,nan,1.008000525762355437e+03,1.057981142241379303e+03,1.491959516616314204e+03,1.138986146095717913e+03,1.480983302411873865e+03,1.001056969696969645e+03
4.046993039855358347e+02,-1.750359802767121437e+03,2.589882648623172940e+02,5.548160846092389242e-01,nan,nan,9.869451985922573840e+02,1.334082048731974055e+03,1.501982738095238119e+03,1.427981028151774808e+03,1.497983129726585275e+03,1.276997014925373151e+03
5.165410571818533754e+02,-1.714665188498987163e+03,-8.484513492349874397e+00,7.268244176963228886e-01,nan,nan,1.071985230769230839e+03,1.287042449969678501e+03,1.514021059349074676e+03,1.419027163613392304e+03,1.508983588002263787e+03,1.219900351699882776e+03
1.255021693551265571e+03,-1.424892632368316072e+03,-2.160068256679960086e+03,3.601182680504717015e-01,nan,nan,1.496977391304347748e+03,1.020032890940565494e+03,1.519981203007518843e+03,1.363952926208651434e+03,1.522965916007303804e+03,9.189975293390982642e+02
3.982140304743736010e+02,-1.451314188218509798e+03,4.199194728700746850e+02,8.204136064258632510e-01,nan,nan,9.580175233644860100e+02,1.235937535171637592e+03,1.520936182669789332e+03,1.280064516129032199e+03,1.513045454545454504e+03,1.178997181113460101e+03
6.141974184905983520e+02,-1.327858652817179291e+03,-2.087406120970769337e+02,2.704374440274425750e-01,nan,nan,1.139958052434456931e+03,1.121067546583851026e+03,1.525993746091307003e+03,1.263029596977329902e+03,1.519930374904361088e+03,1.047897520661156932e+03
6.671448467572789696e+02,-1.618793166424354240e+03,-2.155035362762313014e+02,2.645722061582143070e-01,nan,nan,1.157006265664160310e+03,1.231940611877624406e+03,1.545967782691092907e+03,1.384992177314211176e+03,1.539945292620865075e+03,1.151956078930617423e+03
7.652808027338520560e+02,-1.696930391348021203e+03,-4.192957938895423808e+02,8.378641742914444412e-01,nan,nan,1.215004468718967246e+03,1.238905632411067245e+03,1.555037162162162076e+03,1.422946453407510489e+03,1.551990984222389216e+03,1.151996251874062864e+03
7.032675278230209415e+02,-4.567123617812788439e+02,-1.106975724152588612e+02,3.993095374818352306e-01,nan,nan,1.172011518324607323e+03,7.820185873605947791e+02,1.575015484922575297e+03,9.199964973730297970e+02,1.564036160420775786e+03,7.069953114534494034e+02
8.305057156822580282e+02,-1.832374907133311581e+03,-4.023520385308597156e+02,2.956599072030872688e-01,nan,nan,1.234968421052631584e+03,1.292938040345821264e+03,1.583022808267997107e+03,1.478984094052558703e+03,1.575997250859106543e+03,1.197977821265492594e+03
1.123475583215716824e+03,-8.072433971024756829e+02,-1.049661420048966875e+03,5.076512153890341272e-01,nan,nan,1.411002201430930199e+03,8.870328507795099995e+02,1.596015498652291171e+03,1.134996498599439747e+03,1.591975065616797792e+03,7.919932341001352825e+02
8.800016742295715630e+02,-9.755571542645459431e+02,-4.252641245940132535e+02,2.537980775989038817e-01,nan,nan,1.269063523573200882e+03,9.789598191863385637e+02,1.596054499366286336e+03,1.146990070921985762e+03,1.588046511627906966e+03,8.900177717019822694e+02
1.101907479440177440e+03,-3.776359141218234754e+02,-9.556352475391383905e+02,5.229033365029809310e-01,nan,nan,1.407014810426540180e+03,7.369338277239019135e+02,1.601013642564802240e+03,9.909940209267563205e+02,1.596962450592885489e+03,6.479802721088435646e+02
1.024043185762222720e+03,-1.355383921868990228e+03,-6.195661046592604180e+02,2.703099689390471849e-01,nan,nan,1.333023535564853546e+03,1.107959236326109476e+03,1.620031864406779732e+03,1.301012500000000045e+03,1.612917680744452355e+03,1.006001526717557226e+03
7.237206453969637323e+02,-2.093533552461426098e+03,1.190664281863095368e+02,8.185425926823937104e-01,1.187073643410852810e+03,1.651096969696969609e+03,1.128968456375838969e+03,1.463994055482166459e+03,1.620875373134328356e+03,1.598061996779387982e+03,nan,nan
1.391608555158388981e+03,-1.810654682725629300e+03,-1.451957870221621533e+03,4.463407189328179037e-01,nan,nan,1.497985623003194860e+03,1.190107255520504623e+03,1.631008817046289550e+03,1.477967125382263021e+03,1.626013250883392175e+03,1.066825206991720279e+03
1.009587212198987118e+03,-1.102489322090193355e+03,-4.959593859557319320e+02,1.542141783170168645e-01,nan,nan,1.321991963837267804e+03,1.025988136431042903e+03,1.631986220472440891e+03,1.202009688581314776e+03,1.623997366688611010e+03,9.279972733469666082e+02
1.271575067123957751e+03,-9.368102559142892005e+01,-1.103548597804391875e+03,5.816652372778311486e-01,nan,nan,1.484022811344019829e+03,6.339993773349938238e+02,1.634006591337099735e+03,9.230136319376825895e+02,1.633989922480620180e+03,5.450166288737717650e+02
1.709666818145140269e+03,-1.567229608774511007e+03,-1.926857994695133584e+03,6.060240198216048091e-01,nan,nan,1.618990820073439409e+03,1.090073846153846262e+03,1.666043927648578801e+03,1.409986666666666679e+03,1.662018300653594679e+03,9.599287634408601662e+02
1.359232597172385113e+03,-1.995567779371644747e+03,-1.082605249587897788e+03,5.933605840951804433e-01,nan,nan,1.465980497646267622e+03,1.285936058009228645e+03,1.670978342749529247e+03,1.543997180451127861e+03,1.659016431924882681e+03,1.154911160058737096e+03
1.317533184860161100e+03,-1.931908334978738139e+03,-9.451038506498913421e+02,4.282412849650458764e-01,1.528013181545835778e+03,1.555978761061946898e+03,1.446040862656072704e+03,1.280955710955710856e+03,1.676967278531524244e+03,1.522985294117647072e+03,nan,nan
1.088145431171943528e+03,-1.297973234942563067e+03,-3.872193207202420240e+02,1.370503847759320104e-01,nan,nan,1.337976730987514202e+03,1.112984553775743734e+03,1.677038567493112851e+03,1.272973875181422272e+03,1.666009209516500277e+03,1.003957271980279415e+03
1.124557363794279127e+03,-2.107906534804901185e+03,-5.039194826343280056e+02,7.745440165241411767e-01,nan,nan,1.345007763975155285e+03,1.389960804538421826e+03,1.679028340080971702e+03,1.596068755439512643e+03,1.662004044489383205e+03,1.265046042421107131e+03
1.537911901963788068e+03,-1.485156171482442915e+03,-1.346002484250974703e+03,3.319876491248463513e-01,1.611002503128911030e+03,1.386986899563318730e+03,nan,nan,1.685988555078683930e+03,1.374015053763440847e+03,1.679065653075328328e+03,9.769700598802395461e+02
2.019795869346146446e+03,-1.799370924169445061e+03,-2.293466328039590735e+03,5.369871862309794075e-01,nan,nan,1.712088082901554344e+03,1.136895500725689317e+03,1.711000842459983232e+03,1.487024179620034602e+03,1.709914956011730283e+03,9.940534351145038272e+02
1.135808820510291980e+03,-1.651520692473789495e+03,-2.515434797688237722e+02,2.605034359225555929e-01,nan,nan,1.336957746478873332e+03,1.263969827586206975e+03,1.720008709422011179e+03,1.411011838989739545e+03,1.701983501374885464e+03,1.142000986193293784e+03
1.756995940713929031e+03,-1.652001226067833841e+03,-1.587656773188747593e+03,2.196496543034223148e-01,1.699990803188228028e+03,1.445976346911957990e+03,1.623088302752293657e+03,1.144006896551724139e+03,nan,nan,1.710988019732205885e+03,1.002994483845547620e+03
1.666317704385236539e+03,-1.879438212176711204e+03,-1.360289560558746189e+03,5.529297630338348979e-01,nan,nan,1.580907079646017792e+03,1.231875000000000000e+03,1.725919289749798281e+03,1.505975841242450315e+03,1.712890873015873012e+03,1.086060109289617458e+03
9.947279295151307679e+02,-9.176242036222295155e+02,2.249989709129159223e+02,4.346431481279831588e-01,nan,nan,1.243965213130818256e+03,1.013994373401534517e+03,1.740988390092879172e+03,1.079967293540474202e+03,1.729949592290585542e+03,9.110085937500000455e+02
1.012059548753750960e+03,-8.608628971311080704e+02,2.195710909241414868e+02,2.052778609404738164e-01,nan,nan,1.252978345604157539e+03,9.889615212527963877e+02,1.746981937602627340e+03,1.057975903614457820e+03,1.735978867286559534e+03,8.860215331610680778e+02
1.188783477127323749e+03,-6.862731357842582156e+02,-4.807186536984092484e+00,3.294843678653797681e-01,nan,nan,1.357040553435114589e+03,9.029521717911176211e+02,1.772005940594059439e+03,1.016005964214711753e+03,1.768019818331957140e+03,7.940401673640167246e+02
1.576310979813445101e+03,-2.105173879622540426e+03,-7.349383593175587066e+02,6.029393677234432536e-01,1.627992252351964680e+03,1.628049456521739103e+03,1.520914675767918197e+03,1.380061699650756736e+03,1.800092322643343095e+03,1.596007858546169018e+03,nan,nan
1.162766267437093802e+03,-1.023365295574167362e+03,2.172343903371099714e+02,5.036683285321545966e-01,nan,nan,1.315961868446139079e+03,1.067960344003822229e+03,1.807987169206094677e+03,1.131004432624113406e+03,1.794025706940873988e+03,9.489933586337760971e+02
1.555033576702358914e+03,-1.401024638152948683e+03,-5.402820034391569379e+02,6.021548433312798876e-01,nan,nan,1.524022131147540904e+03,1.155943412162162076e+03,1.815013254786450716e+03,1.329977709454266005e+03,1.798936389148737135e+03,1.012030571992110481e+03
1.667278770781246749e+03,-1.367589543843006368e+03,-6.803629461715081561e+02,4.364490848693883263e-01,nan,nan,1.574075000000000045e+03,1.133948524365133835e+03,1.826987804878048792e+03,1.324016406890894132e+03,1.811955895589558850e+03,9.859659090909091219e+02
1.419921362401902798e+03,-2.047100652327500256e+03,-2.135115503581515952e+02,6.565979541825853749e-01,nan,nan,1.434920494699646724e+03,1.432990297149787693e+03,1.841001853568118577e+03,1.583139017608897120e+03,1.804135288966725057e+03,1.273037094281298323e+03
2.062961355070828631e+03,-1.339325764530904962e+03,-1.320838142989635571e+03,3.471899472353260907e-01,1.795005161290322576e+03,1.321985294117647072e+03,nan,nan,1.841102212855637617e+03,1.337916976456009934e+03,1.831046728971962693e+03,9.229337410805301261e+02
1.666266224463111712e+03,-1.630278245037757415e+03,-4.180763795891418226e+02,2.548220527730317708e-01,nan,nan,1.555034580498866262e+03,1.261915053091817526e+03,1.880867716535433146e+03,1.416997172478793573e+03,1.853115354637568089e+03,1.097953893442622984e+03
1.454778961653045599e+03,-1.991385777166115986e+03,-8.362337122224754449e-01,5.830114651566283834e-01,nan,nan,1.434976135040745021e+03,1.451967536231883969e+03,1.898019128586609895e+03,1.564036263736263663e+03,1.853912594631796310e+03,1.282032306536438682e+03
2.372869181826912154e+03,-1.167362966694065108e+03,-1.444215996622933972e+03,5.252344478277041206e-01,1.899948815889992375e+03,1.257983023443815682e+03,nan,nan,1.907020903010033408e+03,1.294978260869565247e+03,1.900033992094861560e+03,8.589582608695652652e+02
1.836916288601289352e+03,-1.580708965196261261e+03,-5.048709823460338839e+02,7.405906492310112554e-01,nan,nan,1.627096189881324108e+03,1.240952883263009880e+03,1.920108251324754065e+03,1.402989954337899462e+03,1.894043778801843246e+03,1.067151739452257516e+03
2.088543372926856136e+03,-1.224733104673452317e+03,-8.363577592613572733e+02,3.933147174093943321e-01,nan,nan,1.744025694444444525e+03,1.084979166666666742e+03,1.928990138067061253e+03,1.289010288065843724e+03,1.916999094202898505e+03,9.169574235807859850e+02
2.100051997067480443e+03,-1.360831289741176988e+03,-5.917505790539211148e+02,2.469451420725884694e-01,1.811033052495139373e+03,1.298978332239001929e+03,1.741966335540838827e+03,1.160961911357340796e+03,nan,nan,1.962941035856573762e+03,9.789425837320574146e+02
2.177312352917512726e+03,-1.451897271595995335e+03,-6.762892985718680166e+02,7.609747548008973794e-01,1.849024390243902417e+03,1.337963838664812329e+03,nan,nan,1.993054794520548057e+03,1.365978303747534483e+03,1.969906148867313959e+03,9.999670987038883823e+02
2.005360048609997193e+03,-1.197402334577239344e+03,-3.720751777012177968e+02,2.787514959712140139e-01,nan,nan,1.707033062645011569e+03,1.117928479381443367e+03,1.995897999999999911e+03,1.260976869699306008e+03,1.978950595238095275e+03,9.419918633034988034e+02
2.161150174082912599e+03,-1.166901204235451587e+03,-5.052673456268123573e+02,2.466746074998802107e-01,nan,nan,1.775025067750677408e+03,1.099104423495286483e+03,2.017007228915662608e+03,1.259051546391752481e+03,2.002919431279620767e+03,9.180213178294574163e+02
2.126363920515160316e+03,-1.049114019916508369e+03,-4.107279793745851748e+02,2.232322422471733070e-01,nan,nan,1.765030778515389329e+03,1.060102432778489174e+03,2.022923537234042442e+03,1.211900000000000091e+03,2.013894223555889084e+03,8.840574488802336646e+02
1.795274063679803930e+03,-1.128972435662836233e+03,7.979234865714012415e+01,4.960494039347811968e-01,nan,nan,1.604016574585635453e+03,1.130071740486587714e+03,2.022968448729184956e+03,1.207036312849161959e+03,2.003938917975567165e+03,9.589545454545454959e+02
2.378903201874067690e+03,-1.241069619196367967e+03,-7.436888838170382314e+02,1.600138171092247985e-01,1.922046911649726326e+03,1.248874483897605387e+03,nan,nan,2.037016727272727167e+03,1.298978964401294434e+03,2.020984579799537414e+03,9.208878177037686328e+02
2.073381823002785950e+03,-9.902523673249216927e+02,-2.501507093969546247e+02,3.383041514104738190e-01,nan,nan,1.742971371504660510e+03,1.048977353149327655e+03,2.039942366026289164e+03,1.180996648044692847e+03,2.031943150046598248e+03,8.740375494071146250e+02
2.193138100284389566e+03,-8.520050413375415701e+02,-3.615744438047486256e+02,8.975924288233741999e-01,1.823950131233595812e+03,1.068954031650339175e+03,nan,nan,2.050969472710453374e+03,1.140987654320987758e+03,2.049921115537848436e+03,8.150495575221239051e+02
2.411746984531037469e+03,-1.313123955198375825e+03,-7.250334265985171669e+02,8.646505068273414862e-02,1.941013831258644586e+03,1.275943560057887225e+03,nan,nan,2.053039714058777008e+03,1.323921654929577471e+03,2.032969309462915589e+03,9.449112595419846912e+02
2.325696861811121380e+03,-1.178818891019972625e+03,-5.648728226138370019e+02,2.888271504690462788e-01,nan,nan,1.843015672396360060e+03,1.105000000000000000e+03,2.057026195153896424e+03,1.269986312399355938e+03,2.041967340590979802e+03,9.139008849557521899e+02
2.495755388311881688e+03,-1.129305447563873031e+03,-7.890493084902342389e+02,3.839270771416504746e-01,nan,nan,1.910875602700096351e+03,1.071017543859649095e+03,2.060064204545454686e+03,1.266013610315186270e+03,2.049112162162162349e+03,8.790944272445819934e+02
2.434822990500891592e+03,-9.369988812144038093e+02,-6.336712465709375692e+02,8.701192133887915015e-01,nan,nan,1.899040516735173242e+03,1.008029392553886396e+03,2.069953846153846371e+03,1.192983916745506122e+03,2.066122901276024095e+03,8.250269438029253024e+02
1.704478137820550273e+03,-1.084070531792705651e+03,4.360018660571727764e+02,8.189348367084704483e-01,1.583019692307692367e+03,1.119993037974683602e+03,nan,nan,2.075004012841091480e+03,1.162992999999999938e+03,2.053106346483704783e+03,9.751857018308630813e+02
2.195390621579906565e+03,-1.169111567894995915e+03,-2.934135406558092996e+02,7.007952137824083882e-01,nan,nan,1.789005943536404175e+03,1.123948453608247519e+03,2.075045813586098120e+03,1.252974405850091443e+03,2.060120199146515006e+03,9.331040688575899367e+02
2.034155891563247678e+03,-1.096479752939574610e+03,-3.103926500493873064e+01,4.643076852152620559e-01,1.761031480241125337e+03,1.152014840989399318e+03,nan,nan,2.080974035608308441e+03,1.208037545787545696e+03,2.065975505857295047e+03,9.299581395348836850e+02
2.409152124172736876e+03,-9.860474318381918692e+02,-5.492961853313489655e+02,2.891699769009328791e-01,1.924021542738012613e+03,1.131021433850702124e+03,nan,nan,2.081040374909877301e+03,1.204957685664939618e+03,2.075855038759689705e+03,8.469822429906541856e+02
2.474068863814547058e+03,-1.013561894100115069e+03,-6.292417498237475684e+02,2.023696531384207853e-01,1.952007279947054940e+03,1.146076812634601538e+03,1.911969426751592437e+03,1.040063715627095917e+03,2.084062541145490286e+03,1.219995801847187295e+03,nan,nan
1.931768827061586080e+03,-1.367657077030859227e+03,1.009330990087687070e+02,5.624909574685104108e-01,nan,nan,1.655971103327495712e+03,1.244006950477845294e+03,2.086043784206411146e+03,1.308050862068965444e+03,2.053033081285444041e+03,1.047907002188183696e+03
2.415159620640329194e+03,-1.191735042870193183e+03,-5.587063953203609117e+02,1.836380026401570886e-01,nan,nan,1.880050377833753146e+03,1.114890066225165583e+03,2.087018617021276441e+03,1.277023859649122869e+03,2.070841421736158736e+03,9.159959083469722145e+02
1.951818253841623800e+03,-1.006910758656179837e+03,1.243799156894932310e+02,9.062765953341247460e-01,1.714016415868672993e+03,1.100947067238912723e+03,nan,nan,2.087985804416403880e+03,1.160941293532338250e+03,2.073718176126878006e+03,9.100316168414461799e+02
2.498839321634188764e+03,-1.270332928050890132e+03,-6.650900433728404550e+02,3.999899670961011289e-01,1.977951916829109905e+03,1.252092862092862106e+03,nan,nan,2.091058252427184470e+03,1.309915652173913031e+03,2.072807302231237372e+03,9.330611246943765309e+02
2.224612512903612242e+03,-1.050239638340570536e+03,-2.437500177447523981e+02,4.934417455932126884e-01,nan,nan,1.807012561060711732e+03,1.080917098445595911e+03,2.093901749663526061e+03,1.208013648771610633e+03,2.083021093750000091e+03,8.929608778625954528e+02
1.897428123224209230e+03,-1.032920631586500122e+03,2.645631181381805277e+02,8.753157513803806467e-01,1.683953002610965996e+03,1.102000000000000000e+03,nan,nan,2.104028606965174276e+03,1.160924296675191727e+03,2.086996915484268811e+03,9.329196757553427233e+02
1.967916114913401998e+03,-1.109072611839526644e+03,1.647117004181673678e+02,3.317202595646287500e-01,nan,nan,1.680989316239316167e+03,1.140934126984127033e+03,2.106118245390972788e+03,1.199995636363636322e+03,2.087938428874734655e+03,9.530495767835550396e+02
1.936200104771264023e+03,-1.202298486189081586e+03,1.969366055537425382e+02,8.625842572744991665e-01,nan,nan,1.660996146435452829e+03,1.183983824928639478e+03,2.107060430463576267e+03,1.236023767605633793e+03,2.080876760563380230e+03,9.939942244224422438e+02
1.794617959590507780e+03,-6.629462717711093092e+02,4.920189737965253016e+02,5.542587583962476083e-01,nan,nan,1.599010508849557482e+03,9.569982537834691811e+02,2.109928327645051013e+03,9.840364077669902372e+02,2.115768635941849880e+03,7.939950232249502733e+02
2.060097760471440779e+03,-1.104138076315270155e+03,4.947251000156781942e+01,4.840419042827596718e-01,nan,nan,1.727023383768913391e+03,1.129055636896046963e+03,2.111042965204236225e+03,1.207983893077450375e+03,2.093138121546961429e+03,9.389377431906614220e+02
2.107017357936965709e+03,-1.065367987682510829e+03,2.274753269298833303e+01,5.280367130198511116e-01,1.793028662420382261e+03,1.128964214711729710e+03,nan,nan,2.118981018981019133e+03,1.196021739130434753e+03,2.104723677452490847e+03,9.209637540453074962e+02
1.877327534162940537e+03,-1.181790574498817705e+03,3.963643485597705762e+02,7.624450882836665278e-01,nan,nan,1.625012995896032862e+03,1.198030564263322958e+03,2.134920521945432938e+03,1.214996156802459609e+03,2.109949354518371365e+03,1.007048565121412821e+03
2.087566928492691204e+03,-6.678610152827237698e+02,1.658013906381545155e+02,3.945252337046152857e-01,nan,nan,1.756959343794579127e+03,9.440128205128205536e+02,2.134990778688524642e+03,1.029969036697247702e+03,2.144929219600725901e+03,7.719652351738241123e+02
2.117552233692437767e+03,-1.064040829087321526e+03,8.418329740298231911e+01,3.485943246708808618e-01,nan,nan,1.754941914191419073e+03,1.119021167883211774e+03,2.138117647058823422e+03,1.191989458552946871e+03,2.124008884501480679e+03,9.241175858480748957e+02
1.883200163297986592e+03,-1.021719649657324339e+03,4.199616148547546004e+02,7.817147124341633502e-01,nan,nan,1.633055825242718356e+03,1.126939695162359158e+03,2.138976210705182893e+03,1.144937500000000000e+03,2.121054125998225572e+03,9.419408033826638302e+02
1.932840698244033774e+03,-1.158246037650157632e+03,3.518833524625232485e+02,2.195291200078300642e-01,nan,nan,1.655056618819776759e+03,1.184897435897435798e+03,2.144015023474178179e+03,1.209000000000000000e+03,2.119911708253358938e+03,9.909645714285713893e+02
2.258037903047709278e+03,-1.272596125468390255e+03,-1.088557498729013417e+02,2.331333187375739524e-01,nan,nan,1.812001014198782968e+03,1.192986761710794326e+03,2.145956477732793701e+03,1.286971783295711020e+03,2.119922474549725848e+03,9.829387387387387207e+02
2.054952005940131130e+03,-1.254394961285771842e+03,2.024947288753090220e+02,3.385901797666260316e-01,nan,nan,1.714697688203912321e+03,1.215291640477686997e+03,2.153997828447339998e+03,1.260992027334851855e+03,2.125013526570048271e+03,1.011067813765182223e+03
2.125829688470136261e+03,-9.558413739687620136e+02,1.680525746361136612e+02,6.322595330347637876e-01,nan,nan,1.761981105668299506e+03,1.078992918961447685e+03,2.159909690177983066e+03,1.144907849829351562e+03,2.150923619271445205e+03,8.879580573951434417e+02
1.985426211315878163e+03,-1.287449729197837542e+03,3.460708477816044137e+02,6.361817876934297011e-01,nan,nan,1.675150000000000091e+03,1.245956140350877149e+03,2.168000904159132006e+03,1.267007070707070625e+03,2.134996632996632798e+03,1.040958333333333258e+03
1.996696865651907046e+03,-9.688372222121458890e+02,3.782330662786549738e+02,6.078286511775209400e-01,nan,nan,1.693020761245674748e+03,1.102927461139896423e+03,2.169070823710546392e+03,1.130004012036108406e+03,2.156086012163336363e+03,9.130464886251236294e+02
2.014628309698253133e+03,-1.062410878965541315e+03,3.678282000742321998e+02,2.826899834366969899e-01,nan,nan,1.698055039313795533e+03,1.147052473763118542e+03,2.176186372745491099e+03,1.170947077772664443e+03,2.158055507372072952e+03,9.499711637487126836e+02
2.123981324872528148e+03,-1.182615506102779136e+03,2.340495664828226268e+02,6.542967080740803576e-01,1.803984105960264969e+03,1.165948717948718013e+03,nan,nan,2.185950772200772008e+03,1.231997948717948702e+03,2.160035611164581496e+03,9.829445048966267677e+02
2.286573347349677533e+03,-1.201910355315740162e+03,1.287963557991030541e+02,3.394414619994305937e-01,nan,nan,1.828049467275494635e+03,1.194981395348837168e+03,2.216951758793969930e+03,1.251009911894273046e+03,2.191064638783269857e+03,9.760204081632653015e+02
2.155308000607657505e+03,-9.974883236601889394e+02,4.173958632352205314e+02,4.166854416002612749e-01,nan,nan,1.769975272727272795e+03,1.131057515337423411e+03,2.241028072033898297e+03,1.145091216216216253e+03,2.227036307692307673e+03,9.228460490463215820e+02
2.176144976868754384e+03,-8.726493186924384418e+02,4.219691623948107235e+02,2.106896793693700809e-01,nan,nan,1.786128523111612139e+03,1.071924192485168078e+03,2.244975479744136464e+03,1.094032374100719380e+03,2.240848458149779617e+03,8.699408866995073595e+02
2.419821501011780128e+03,-1.020665453391498204e+03,3.768202087036239618e+02,7.949356922854136087e-01,nan,nan,1.903964733542319664e+03,1.151917657822506953e+03,2.330050115651503347e+03,1.167946910356831950e+03,2.313949579831932624e+03,9.209113149847095201e+02
